chave_funcional_programatica,ano,uo_cod,funcao_cod,funcao_desc,subfuncao_cod,subfuncao_desc,programa_cod,programa_desc,acao_cod,acao_desc
2026|1011|4239,2026,1011,1,LEGISLATIVA,31,ACAO LEGISLATIVA,729,PROCESSO LEGISLATIVO,4239,ELABORACAO LEGISLATIVA E ACOMPANHAMENTO DAS POLITICAS PUBLICAS
2026|1011|7006,2026,1011,9,PREVIDENCIA SOCIAL,272,PREVIDENCIA DO REGIME ESTATUTARIO,705,APOIO AS POLITICAS PUBLICAS,7006,PROVENTOS DE INATIVOS CIVIS E PENSIONISTAS
2026|1011|7004,2026,1011,28,ENCARGOS ESPECIAIS,846,OUTROS ENCARGOS ESPECIAIS,705,APOIO AS POLITICAS PUBLICAS,7004,PRECATORIOS E SENTENCAS JUDICIARIAS
"2026|1021|2157,2026,1021,1,LEGISLATIVA,32,CONTROLE EXTERNO,705,APOIO AS POLITICAS PUBLICAS,2157,""AUXILIOS ALIMENTACAO, CRECHE, MORADIA, SAUDE E OUTROS AUXILIOS"""
2026|1021|4445,2026,1021,1,LEGISLATIVA,32,CONTROLE EXTERNO,746,CONTROLE EXTERNO DA GESTAO DOS RECURSOS PUBLICOS,4445,FISCALIZACAO DA GESTAO DE RECURSOS PUBLICOS E OPERACIONALIZACAO DAS ATRIBUICOES INSTITUCIONAIS
2026|1021|2009,2026,1021,1,LEGISLATIVA,122,ADMINISTRACAO GERAL,746,CONTROLE EXTERNO DA GESTAO DOS RECURSOS PUBLICOS,2009,DIRECAO ADMINISTRATIVA
"2026|1021|2145,2026,1021,1,LEGISLATIVA,128,FORMACAO DE RECURSOS HUMANOS,760,CAPACITACAO E ORIENTACAO PARA MELHORAR A GESTAO DOS RECURSOS PUBLICOS,2145,""CAPACITACAO DE SERVIDORES E MEMBROS DO TCEMG, GESTORES E SERVIDORES PUBLICOS DAS ENTIDADES JURISDICI"""
2026|1021|7006,2026,1021,9,PREVIDENCIA SOCIAL,272,PREVIDENCIA DO REGIME ESTATUTARIO,705,APOIO AS POLITICAS PUBLICAS,7006,PROVENTOS DE INATIVOS CIVIS E PENSIONISTAS
2026|1021|7004,2026,1021,28,ENCARGOS ESPECIAIS,846,OUTROS ENCARGOS ESPECIAIS,705,APOIO AS POLITICAS PUBLICAS,7004,PRECATORIOS E SENTENCAS JUDICIARIAS
2026|1031|2053,2026,1031,2,JUDICIARIA,122,ADMINISTRACAO GERAL,706,PRESTACAO JURISDICIONAL,2053,REMUNERACAO DE MAGISTRADOS DA ATIVA E ENCARGOS SOCIAIS
2026|1031|2054,2026,1031,2,JUDICIARIA,122,ADMINISTRACAO GERAL,706,PRESTACAO JURISDICIONAL,2054,REMUNERACAO DE SERVIDORES DA ATIVA E ENCARGOS SOCIAIS
2026|1031|7006,2026,1031,9,PREVIDENCIA SOCIAL,272,PREVIDENCIA DO REGIME ESTATUTARIO,705,APOIO AS POLITICAS PUBLICAS,7006,PROVENTOS DE INATIVOS CIVIS E PENSIONISTAS
2026|1031|7004,2026,1031,28,ENCARGOS ESPECIAIS,846,OUTROS ENCARGOS ESPECIAIS,705,APOIO AS POLITICAS PUBLICAS,7004,PRECATORIOS E SENTENCAS JUDICIARIAS
2026|1051|1019,2026,1051,2,JUDICIARIA,61,ACAO JUDICIARIA,734,PRESTACAO JURISDICIONAL MILITAR,1019,APRIMORAMENTO DE SISTEMA ELETRONICO
2026|1051|2047,2026,1051,2,JUDICIARIA,61,ACAO JUDICIARIA,734,PRESTACAO JURISDICIONAL MILITAR,2047,AUXILIOS CONCEDIDOS A MAGISTRADOS E SERVIDORES
"2026|1051|4003,2026,1051,2,JUDICIARIA,61,ACAO JUDICIARIA,734,PRESTACAO JURISDICIONAL MILITAR,4003,""FORMACAO, APERFEICOAMENTO E DESENVOLVIMENTO CONTINUO DE PESSOAS"""
"2026|1051|4355,2026,1051,2,JUDICIARIA,61,ACAO JUDICIARIA,734,PRESTACAO JURISDICIONAL MILITAR,4355,""PROCESSAMENTO JUDICIARIO MILITAR, ACOES DE COMUNICACAO INSTITUCIONAL E PRIORIZACAO DO 1O GRAU"""
2026|1051|2077,2026,1051,2,JUDICIARIA,122,ADMINISTRACAO GERAL,734,PRESTACAO JURISDICIONAL MILITAR,2077,REMUNERACAO DE MAGISTRADOS DA ATIVA E ENCARGOS SOCIAIS
2026|1051|2078,2026,1051,2,JUDICIARIA,122,ADMINISTRACAO GERAL,734,PRESTACAO JURISDICIONAL MILITAR,2078,REMUNERACAO DE SERVIDORES DA ATIVA E ENCARGOS SOCIAIS
2026|1051|7006,2026,1051,9,PREVIDENCIA SOCIAL,272,PREVIDENCIA DO REGIME ESTATUTARIO,705,APOIO AS POLITICAS PUBLICAS,7006,PROVENTOS DE INATIVOS CIVIS E PENSIONISTAS
2026|1051|7007,2026,1051,9,PREVIDENCIA SOCIAL,272,PREVIDENCIA DO REGIME ESTATUTARIO,705,APOIO AS POLITICAS PUBLICAS,7007,PROVENTOS DE INATIVOS MILITARES
2026|1051|7004,2026,1051,28,ENCARGOS ESPECIAIS,846,OUTROS ENCARGOS ESPECIAIS,705,APOIO AS POLITICAS PUBLICAS,7004,PRECATORIOS E SENTENCAS JUDICIARIAS
"2026|1071|4354,2026,1071,4,ADMINISTRACAO,122,ADMINISTRACAO GERAL,49,ADMINISTRACAO DOS PREDIOS GOVERNAMENTAIS,4354,""GESTAO DE BENS,SERVICOS E LOGISTICA DOS PREDIOS GOVERNAMENTAIS"""
2026|1071|2417,2026,1071,6,SEGURANCA PUBLICA,122,ADMINISTRACAO GERAL,705,APOIO AS POLITICAS PUBLICAS,2417,REMUNERACAO DE PESSOAL ATIVO E ENCARGOS SOCIAIS
2026|1071|2500,2026,1071,6,SEGURANCA PUBLICA,122,ADMINISTRACAO GERAL,705,APOIO AS POLITICAS PUBLICAS,2500,ASSESSORAMENTO E GERENCIAMENTO DE POLITICAS PUBLICAS
2026|1071|4381,2026,1071,6,SEGURANCA PUBLICA,182,DEFESA CIVIL,47,SUPORTE AS ACOES DE COMBATE E RESPOSTA AOS DANOS CAUSADOS PELAS CHUVAS,4381,GESTAO DE DESASTRE CAUSADOS PELA CHUVA
"2026|1071|4155,2026,1071,6,SEGURANCA PUBLICA,182,DEFESA CIVIL,48,PROTECAO E DEFESA CIVIL,4155,""MODERNIZACAO, ESTRUTURACAO, CAPACITACAO EM DEFESA CIVIL"""
2026|1071|4356,2026,1071,6,SEGURANCA PUBLICA,182,DEFESA CIVIL,48,PROTECAO E DEFESA CIVIL,4356,GESTAO DE DESASTRE
2026|1071|4390,2026,1071,6,SEGURANCA PUBLICA,182,DEFESA CIVIL,48,PROTECAO E DEFESA CIVIL,4390,GESTAO DO RISCO DE DESASTRES
2026|1071|1008,2026,1071,6,SEGURANCA PUBLICA,182,DEFESA CIVIL,101,PROGRAMA ENCONTRO DAS AGUAS,1008,PROJETO CONVIVENCIA COM A SECA E ESTIAGEM
2026|1071|4099,2026,1071,6,SEGURANCA PUBLICA,182,DEFESA CIVIL,101,PROGRAMA ENCONTRO DAS AGUAS,4099,OPERACAO CAMINHAO PIPA
2026|1071|4335,2026,1071,6,SEGURANCA PUBLICA,183,INFORMACAO E INTELIGENCIA,50,SEGURANCA E INTELIGENCIA GOVERNAMENTAL,4335,SERVICO ESPECIAL DE SEGURANCA GOVERNAMENTAL
2026|1071|4426,2026,1071,6,SEGURANCA PUBLICA,781,TRANSPORTE AEREO,46,SUPORTE AEREO AOS SERVICOS PUBLICOS ESTADUAIS,4426,GESTAO DA AVIACAO DO GABINETE MILITAR DO GOVERNADOR
2026|1071|4341,2026,1071,6,SEGURANCA PUBLICA,782,TRANSPORTE RODOVIARIO,34,SUPORTE AS ACOES DE TRANSPORTE RODOVIARIO,4341,GESTAO DO TRANSPORTE RODOVIARIO
2026|1081|1010,2026,1081,3,ESSENCIAL A JUSTICA,92,REPRESENTACAO JUDICIAL E EXTRAJUDICIAL,43,DESJUDICIALIZA MINAS,1010,FOMENTO A UTILIZACAO DE METODOS ALTERNATIVOS DE SOLUCAO DE CONFLITOS
2026|1081|2030,2026,1081,3,ESSENCIAL A JUSTICA,92,REPRESENTACAO JUDICIAL E EXTRAJUDICIAL,43,DESJUDICIALIZA MINAS,2030,CUMPRIMENTO ADMINISTRATIVO DE DETERMINACOES JUDICIAIS DECORRENTES DO ACESSO GRATUITO A JUSTICA
2026|1081|1012,2026,1081,3,ESSENCIAL A JUSTICA,92,REPRESENTACAO JUDICIAL E EXTRAJUDICIAL,44,REPRESENTACAO JURIDICA DO ESTADO E ENTIDADES,1012,APERFEICOAMENTO DA GESTAO DA AGE
"2026|1081|1013,2026,1081,3,ESSENCIAL A JUSTICA,92,REPRESENTACAO JUDICIAL E EXTRAJUDICIAL,44,REPRESENTACAO JURIDICA DO ESTADO E ENTIDADES,1013,""REPRESENTACAO JUDICIAL, COBRANCA DA DIVIDA ATIVA E ASSESSORAMENTO JURIDICO AO ESTADO E ENTIDADES"""
"2026|1081|1014,2026,1081,3,ESSENCIAL A JUSTICA,92,REPRESENTACAO JUDICIAL E EXTRAJUDICIAL,44,REPRESENTACAO JURIDICA DO ESTADO E ENTIDADES,1014,""REESTRUTURACAO LOGISTICA, TECNOLOGICA E DE COBRANCA DA DIVIDA ATIVA DA AGE"""
2026|1081|2417,2026,1081,3,ESSENCIAL A JUSTICA,122,ADMINISTRACAO GERAL,705,APOIO AS POLITICAS PUBLICAS,2417,REMUNERACAO DE PESSOAL ATIVO E ENCARGOS SOCIAIS
2026|1081|2500,2026,1081,3,ESSENCIAL A JUSTICA,122,ADMINISTRACAO GERAL,705,APOIO AS POLITICAS PUBLICAS,2500,ASSESSORAMENTO E GERENCIAMENTO DE POLITICAS PUBLICAS
2026|1081|7803,2026,1081,28,ENCARGOS ESPECIAIS,846,OUTROS ENCARGOS ESPECIAIS,705,APOIO AS POLITICAS PUBLICAS,7803,PRECATORIOS E SENTENCAS JUDICIARIAS DA ADMINISTRACAO DIRETA DO PODER EXECUTIVO
2026|1091|4493,2026,1091,3,ESSENCIAL A JUSTICA,62,DEFESA DO INTERESSE PUBLICO NO PROCESSO JUDICIARIO,703,PROCESSO JUDICIARIO,4493,OPERACIONALIZACAO DAS ATRIBUICOES INSTITUCIONAIS DO MINISTERIO PUBLICO - PROCURADORIA E PROMOTORIA D
"2026|1091|1064,2026,1091,3,ESSENCIAL A JUSTICA,62,DEFESA DO INTERESSE PUBLICO NO PROCESSO JUDICIARIO,714,""AQUISICAO, CONSTRUCAO, REPAROS DE BENS IMOVEIS"",1064,""CONSTRUCAO, AMPLIACAO E REFORMA DE SEDES PROPRIAS"""
2026|1091|2009,2026,1091,3,ESSENCIAL A JUSTICA,122,ADMINISTRACAO GERAL,703,PROCESSO JUDICIARIO,2009,DIRECAO ADMINISTRATIVA
2026|1091|2028,2026,1091,3,ESSENCIAL A JUSTICA,122,ADMINISTRACAO GERAL,703,PROCESSO JUDICIARIO,2028,DIRECAO DA POLITICA INSTITUCIONAL
2026|1091|7006,2026,1091,9,PREVIDENCIA SOCIAL,272,PREVIDENCIA DO REGIME ESTATUTARIO,705,APOIO AS POLITICAS PUBLICAS,7006,PROVENTOS DE INATIVOS CIVIS E PENSIONISTAS
2026|1091|7004,2026,1091,28,ENCARGOS ESPECIAIS,846,OUTROS ENCARGOS ESPECIAIS,705,APOIO AS POLITICAS PUBLICAS,7004,PRECATORIOS E SENTENCAS JUDICIARIAS
2026|1101|4104,2026,1101,14,DIREITOS DA CIDADANIA,122,ADMINISTRACAO GERAL,54,GOVERNANCA PARA INTEGRIDADE E MELHORES RESULTADOS EM SERVICOS PUBLICOS,4104,APRESENTACAO DE RELATORIOS DE GESTAO
2026|1101|2417,2026,1101,14,DIREITOS DA CIDADANIA,122,ADMINISTRACAO GERAL,705,APOIO AS POLITICAS PUBLICAS,2417,REMUNERACAO DE PESSOAL ATIVO E ENCARGOS SOCIAIS
2026|1101|4012,2026,1101,14,DIREITOS DA CIDADANIA,124,CONTROLE INTERNO,55,CONTROLE SOCIAL ATRAVES DA DEFESA DOS USUARIOS DE SERVICOS PUBLICOS,4012,PREVENCAO E COMBATE AO ASSEDIO MORAL E SEXUAL
2026|1101|2020,2026,1101,14,DIREITOS DA CIDADANIA,128,FORMACAO DE RECURSOS HUMANOS,54,GOVERNANCA PARA INTEGRIDADE E MELHORES RESULTADOS EM SERVICOS PUBLICOS,2020,FORMACAO EM OUVIDORIA - CAPACITAR PARA MELHOR ATENDER O CIDADAO
2026|1101|4102,2026,1101,14,DIREITOS DA CIDADANIA,131,COMUNICACAO SOCIAL,55,CONTROLE SOCIAL ATRAVES DA DEFESA DOS USUARIOS DE SERVICOS PUBLICOS,4102,DIVULGACAO DOS CANAIS E ACOES DA OUVIDORIA
"2026|1101|4101,2026,1101,14,DIREITOS DA CIDADANIA,422,""DIREITOS INDIVIDUAIS, COLETIVOS E DIFUSOS"",55,CONTROLE SOCIAL ATRAVES DA DEFESA DOS USUARIOS DE SERVICOS PUBLICOS,4101,OUVIDORIA MOVEL"
"2026|1101|4109,2026,1101,14,DIREITOS DA CIDADANIA,422,""DIREITOS INDIVIDUAIS, COLETIVOS E DIFUSOS"",55,CONTROLE SOCIAL ATRAVES DA DEFESA DOS USUARIOS DE SERVICOS PUBLICOS,4109,FOMENTO A PARTICIPACAO SOCIAL NO ESTADO DE MINAS GERAIS"
"2026|1101|4110,2026,1101,14,DIREITOS DA CIDADANIA,422,""DIREITOS INDIVIDUAIS, COLETIVOS E DIFUSOS"",55,CONTROLE SOCIAL ATRAVES DA DEFESA DOS USUARIOS DE SERVICOS PUBLICOS,4110,""RECEBIMENTO, ANALISE E TRATAMENTO DE MANIFESTACOES"""
"2026|1101|2500,2026,1101,14,DIREITOS DA CIDADANIA,422,""DIREITOS INDIVIDUAIS, COLETIVOS E DIFUSOS"",705,APOIO AS POLITICAS PUBLICAS,2500,ASSESSORAMENTO E GERENCIAMENTO DE POLITICAS PUBLICAS"
2026|1191|2016,2026,1191,4,ADMINISTRACAO,122,ADMINISTRACAO GERAL,38,TESOURO RESPONSAVEL E TRANSPARENTE,2016,MODERNIZACAO DA GESTAO E INOVACAO DO TESOURO ESTADUAL
2026|1191|2019,2026,1191,4,ADMINISTRACAO,122,ADMINISTRACAO GERAL,38,TESOURO RESPONSAVEL E TRANSPARENTE,2019,GERENCIAMENTO E SUPORTE AS ATIVIDADES LIGADAS A CONTADORIA GERAL DO ESTADO DE MINAS GERAIS
"2026|1191|2032,2026,1191,4,ADMINISTRACAO,122,ADMINISTRACAO GERAL,38,TESOURO RESPONSAVEL E TRANSPARENTE,2032,""GERENCIAMENTO E SUPORTE AS ATIVIDADES LIGADAS A GOVERNANCA DE ATIVOS, RISCOS FISCAIS E DA DIVIDA PUB"""
2026|1191|2417,2026,1191,4,ADMINISTRACAO,122,ADMINISTRACAO GERAL,705,APOIO AS POLITICAS PUBLICAS,2417,REMUNERACAO DE PESSOAL ATIVO E ENCARGOS SOCIAIS
2026|1191|2500,2026,1191,4,ADMINISTRACAO,122,ADMINISTRACAO GERAL,705,APOIO AS POLITICAS PUBLICAS,2500,ASSESSORAMENTO E GERENCIAMENTO DE POLITICAS PUBLICAS
2026|1191|4095,2026,1191,4,ADMINISTRACAO,123,ADMINISTRACAO FINANCEIRA,38,TESOURO RESPONSAVEL E TRANSPARENTE,4095,CONTROLE E OPERACOES FINANCEIRAS DOS RECURSOS ESTADUAIS.
2026|1191|4096,2026,1191,4,ADMINISTRACAO,123,ADMINISTRACAO FINANCEIRA,38,TESOURO RESPONSAVEL E TRANSPARENTE,4096,GESTAO ESTRATEGICA E PLANEJAMENTO FINANCEIRO
2026|1191|4097,2026,1191,4,ADMINISTRACAO,123,ADMINISTRACAO FINANCEIRA,38,TESOURO RESPONSAVEL E TRANSPARENTE,4097,CONTADORIA TRANSPARENTE
2026|1191|4098,2026,1191,4,ADMINISTRACAO,123,ADMINISTRACAO FINANCEIRA,38,TESOURO RESPONSAVEL E TRANSPARENTE,4098,CONTADORIA LEGAL
"2026|1191|4103,2026,1191,4,ADMINISTRACAO,123,ADMINISTRACAO FINANCEIRA,38,TESOURO RESPONSAVEL E TRANSPARENTE,4103,""GOVERNANCA DO SISTEMA INTEGRADO UTILIZADO PARA A EXECUCAO ORCAMENTARIA, FINANCEIRA, PATRIMONIAL E CO"""
2026|1191|4105,2026,1191,4,ADMINISTRACAO,123,ADMINISTRACAO FINANCEIRA,38,TESOURO RESPONSAVEL E TRANSPARENTE,4105,GESTAO DE ATIVOS E HAVERES
2026|1191|4106,2026,1191,4,ADMINISTRACAO,123,ADMINISTRACAO FINANCEIRA,38,TESOURO RESPONSAVEL E TRANSPARENTE,4106,ENDIVIDAMENTO SUSTENTAVEL
2026|1191|4107,2026,1191,4,ADMINISTRACAO,123,ADMINISTRACAO FINANCEIRA,38,TESOURO RESPONSAVEL E TRANSPARENTE,4107,GERENCIAMENTO DE RISCOS FISCAIS
2026|1191|1002,2026,1191,4,ADMINISTRACAO,126,TECNOLOGIA DA INFORMACAO,33,GESTAO DA INFORMACAO COM USO DE TECNOLOGIA E COMUNICACAO,1002,DIVISA TRIBUTARIA SEGURA
2026|1191|2004,2026,1191,4,ADMINISTRACAO,126,TECNOLOGIA DA INFORMACAO,33,GESTAO DA INFORMACAO COM USO DE TECNOLOGIA E COMUNICACAO,2004,MODERNIZACAO DE SISTEMAS FAZENDARIOS LEGADOS
2026|1191|2005,2026,1191,4,ADMINISTRACAO,126,TECNOLOGIA DA INFORMACAO,33,GESTAO DA INFORMACAO COM USO DE TECNOLOGIA E COMUNICACAO,2005,TRANSFORMACAO DIGITAL
"2026|1191|2006,2026,1191,4,ADMINISTRACAO,126,TECNOLOGIA DA INFORMACAO,33,GESTAO DA INFORMACAO COM USO DE TECNOLOGIA E COMUNICACAO,2006,""PROPOSICAO, AMPLIACAO E SUSTENTACAO DE SOLUCOES E ATENDIMENTO AOS USUARIOS DE TIC"""
2026|1191|2007,2026,1191,4,ADMINISTRACAO,126,TECNOLOGIA DA INFORMACAO,33,GESTAO DA INFORMACAO COM USO DE TECNOLOGIA E COMUNICACAO,2007,SUSTENTACAO DO DATA CENTER
"2026|1191|1015,2026,1191,4,ADMINISTRACAO,129,ADMINISTRACAO DE RECEITAS,45,""RECEITA ESTADUAL DIGITAL, EFICIENTE, MODERNIZADA E MAIS JUSTA"",1015,REVITALIZACAO DAS UNIDADES FAZENDARIAS"
"2026|1191|4079,2026,1191,4,ADMINISTRACAO,129,ADMINISTRACAO DE RECEITAS,45,""RECEITA ESTADUAL DIGITAL, EFICIENTE, MODERNIZADA E MAIS JUSTA"",4079,GESTAO EFICENTE E TRANSPARENCIA DO CONTENCIOSO ADMINISTRATIVO TRIBUTARIO"
"2026|1191|4081,2026,1191,4,ADMINISTRACAO,129,ADMINISTRACAO DE RECEITAS,45,""RECEITA ESTADUAL DIGITAL, EFICIENTE, MODERNIZADA E MAIS JUSTA"",4081,RECEITA ESTADUAL MAIS JUSTA"
"2026|1191|4082,2026,1191,4,ADMINISTRACAO,129,ADMINISTRACAO DE RECEITAS,45,""RECEITA ESTADUAL DIGITAL, EFICIENTE, MODERNIZADA E MAIS JUSTA"",4082,RECEITA ESTADUAL EFICIENTE"
"2026|1191|4083,2026,1191,4,ADMINISTRACAO,129,ADMINISTRACAO DE RECEITAS,45,""RECEITA ESTADUAL DIGITAL, EFICIENTE, MODERNIZADA E MAIS JUSTA"",4083,RECEITA ESTADUAL DIGITAL"
"2026|1191|4085,2026,1191,4,ADMINISTRACAO,129,ADMINISTRACAO DE RECEITAS,45,""RECEITA ESTADUAL DIGITAL, EFICIENTE, MODERNIZADA E MAIS JUSTA"",4085,RECEITA ESTADUAL MODERNIZADA"
2026|1221|1090,2026,1221,4,ADMINISTRACAO,122,ADMINISTRACAO GERAL,133,MINAS GERACAO DE VALOR,1090,IMPLEMENTACAO DA POLITICA DE DESESTATIZACAO
2026|1221|4482,2026,1221,4,ADMINISTRACAO,123,ADMINISTRACAO FINANCEIRA,125,POLITICA DE REGULARIZACAO FUNDIARIA E DE GESTAO DE IMOVEIS,4482,GESTAO DE ATIVOS IMOBILIARIOS ALIENAVEIS - SEDE
2026|1221|4499,2026,1221,4,ADMINISTRACAO,123,ADMINISTRACAO FINANCEIRA,133,MINAS GERACAO DE VALOR,4499,GOVERNANCA DAS EMPRESAS ESTATAIS
2026|1221|1071,2026,1221,4,ADMINISTRACAO,125,NORMATIZACAO E FISCALIZACAO,132,MINAS EMPREENDEDORA: ESTADO MAIS SIMPLES E LIVRE PARA SE EMPREENDER,1071,MINAS LIVRE PARA CRESCER
2026|1221|1082,2026,1221,4,ADMINISTRACAO,127,ORDENAMENTO TERRITORIAL,125,POLITICA DE REGULARIZACAO FUNDIARIA E DE GESTAO DE IMOVEIS,1082,MINAS REURB SEDE
2026|1221|4544,2026,1221,4,ADMINISTRACAO,127,ORDENAMENTO TERRITORIAL,125,POLITICA DE REGULARIZACAO FUNDIARIA E DE GESTAO DE IMOVEIS,4544,REGULARIZACAO FUNDIARIA DE TERRITORIOS COLETIVOS
2026|1221|1083,2026,1221,4,ADMINISTRACAO,129,ADMINISTRACAO DE RECEITAS,125,POLITICA DE REGULARIZACAO FUNDIARIA E DE GESTAO DE IMOVEIS,1083,DISCRIMINACAO E ARRECADACAO DE TERRAS E GESTAO DOS ARRENDAMENTOS
2026|1221|1100,2026,1221,17,SANEAMENTO,511,SANEAMENTO BASICO RURAL,56,DESENVOLVIMENTO DA INFRAESTRUTURA DO NORTE E NORDESTE DE MINAS GERAIS,1100,PROMOCAO DO DESENVOLVIMENTO SOCIOECONOMICO E ACESSO A INFRAESTRUTURA DO NORTE E NORDESTE DE MINAS GE
2026|1221|1049,2026,1221,17,SANEAMENTO,544,RECURSOS HIDRICOS,40,RECUPERACAO AMBIENTAL E GESTAO DE BARRAGENS,1049,SEGURANCA HIDRICA NA RMBH
"2026|1221|4472,2026,1221,19,CIENCIA E TECNOLOGIA,571,DESENVOLVIMENTO CIENTIFICO,143,""MG TECH - POLITICAS DE CIENCIA, TECNOLOGIA E INOVACAO"",4472,APOIO A GESTAO DE PROJETOS DE PESQUISA E TECNOLOGIA"
"2026|1221|4449,2026,1221,19,CIENCIA E TECNOLOGIA,573,DIFUSAO DO CONHECIMENTO CIENTIFICO E TECNOLOGICO,143,""MG TECH - POLITICAS DE CIENCIA, TECNOLOGIA E INOVACAO"",4449,APOIO A GESTAO DE PROJETOS DE INOVACAO TECNOLOGICA"
2026|1221|1072,2026,1221,22,INDUSTRIA,661,PROMOCAO INDUSTRIAL,132,MINAS EMPREENDEDORA: ESTADO MAIS SIMPLES E LIVRE PARA SE EMPREENDER,1072,DESENVOLVIMENTO DOS ARRANJOS PRODUTIVOS LOCAIS
2026|1221|1081,2026,1221,22,INDUSTRIA,661,PROMOCAO INDUSTRIAL,133,MINAS GERACAO DE VALOR,1081,INVISTA EM MINAS - PROMOCAO DE INVESTIMENTOS
2026|1221|1055,2026,1221,22,INDUSTRIA,663,MINERACAO,133,MINAS GERACAO DE VALOR,1055,VALE DO LITIO
2026|1221|1077,2026,1221,22,INDUSTRIA,663,MINERACAO,133,MINAS GERACAO DE VALOR,1077,GESTAO DA POLITICA MINERARIA
2026|1221|2417,2026,1221,23,COMERCIO E SERVICOS,122,ADMINISTRACAO GERAL,705,APOIO AS POLITICAS PUBLICAS,2417,REMUNERACAO DE PESSOAL ATIVO E ENCARGOS SOCIAIS
2026|1221|2500,2026,1221,23,COMERCIO E SERVICOS,122,ADMINISTRACAO GERAL,705,APOIO AS POLITICAS PUBLICAS,2500,ASSESSORAMENTO E GERENCIAMENTO DE POLITICAS PUBLICAS
2026|1221|1057,2026,1221,23,COMERCIO E SERVICOS,334,FOMENTO AO TRABALHO,132,MINAS EMPREENDEDORA: ESTADO MAIS SIMPLES E LIVRE PARA SE EMPREENDER,1057,CREDITO A EMPRESAS DA BACIA DO RIO DOCE
2026|1221|1059,2026,1221,23,COMERCIO E SERVICOS,334,FOMENTO AO TRABALHO,132,MINAS EMPREENDEDORA: ESTADO MAIS SIMPLES E LIVRE PARA SE EMPREENDER,1059,GARANTIA DE CREDITOS A EMPRESAS DA BACIA DO RIO DOCE
"2026|1221|1056,2026,1221,23,COMERCIO E SERVICOS,691,PROMOCAO COMERCIAL,132,MINAS EMPREENDEDORA: ESTADO MAIS SIMPLES E LIVRE PARA SE EMPREENDER,1056,""FOMENTO  AO COOPERATIVISMO, ASSOCIATIVISMO E AS MICRO E PEQUENAS EMPRESAS DA BACIA DO RIO DOCE (COOP"""
2026|1221|1073,2026,1221,23,COMERCIO E SERVICOS,691,PROMOCAO COMERCIAL,132,MINAS EMPREENDEDORA: ESTADO MAIS SIMPLES E LIVRE PARA SE EMPREENDER,1073,FOMENTO AOS PEQUENOS NEGOCIOS
2026|1221|4474,2026,1221,23,COMERCIO E SERVICOS,691,PROMOCAO COMERCIAL,132,MINAS EMPREENDEDORA: ESTADO MAIS SIMPLES E LIVRE PARA SE EMPREENDER,4474,ARTESANATO EMPREENDEDOR
2026|1221|1078,2026,1221,23,COMERCIO E SERVICOS,691,PROMOCAO COMERCIAL,133,MINAS GERACAO DE VALOR,1078,LOGISTICA E MOBILIDADE DO FUTURO
2026|1221|1091,2026,1221,23,COMERCIO E SERVICOS,691,PROMOCAO COMERCIAL,133,MINAS GERACAO DE VALOR,1091,INTEGRACAO DAS CADEIAS PRODUTIVAS
2026|1221|1079,2026,1221,23,COMERCIO E SERVICOS,693,COMERCIO EXTERIOR,133,MINAS GERACAO DE VALOR,1079,PROMOCAO DO COMERCIO EXTERIOR MINEIRO
2026|1221|1076,2026,1221,25,ENERGIA,753,COMBUSTIVEIS MINERAIS,133,MINAS GERACAO DE VALOR,1076,REGULACAO DO GAS NATURAL E DERIVADOS
2026|1221|1075,2026,1221,25,ENERGIA,754,BIOCOMBUSTIVEIS,133,MINAS GERACAO DE VALOR,1075,FONTES RENOVAVEIS DE ENERGIA
2026|1231|2417,2026,1231,20,AGRICULTURA,122,ADMINISTRACAO GERAL,705,APOIO AS POLITICAS PUBLICAS,2417,REMUNERACAO DE PESSOAL ATIVO E ENCARGOS SOCIAIS
2026|1231|2500,2026,1231,20,AGRICULTURA,122,ADMINISTRACAO GERAL,705,APOIO AS POLITICAS PUBLICAS,2500,ASSESSORAMENTO E GERENCIAMENTO DE POLITICAS PUBLICAS
2026|1231|4419,2026,1231,20,AGRICULTURA,127,ORDENAMENTO TERRITORIAL,114,INFRAESTRUTURA RURAL E AGRICULTURA SUSTENTAVEL,4419,ESTRADAS E INFRAESTRUTURA RURAL
2026|1231|4394,2026,1231,20,AGRICULTURA,544,RECURSOS HIDRICOS,114,INFRAESTRUTURA RURAL E AGRICULTURA SUSTENTAVEL,4394,PROJETO JAIBA
2026|1231|4398,2026,1231,20,AGRICULTURA,607,IRRIGACAO,114,INFRAESTRUTURA RURAL E AGRICULTURA SUSTENTAVEL,4398,IRRIGA MINAS - AGRICULTURA IRRIGADA SUSTENTAVEL
2026|1231|4358,2026,1231,20,AGRICULTURA,608,PROMOCAO DA PRODUCAO AGROPECUARIA,108,ACESSO A MERCADOS,4358,CIRCUITOS DE COMERCIALIZACAO E MERCADOS INSTITUCIONAIS
2026|1231|1053,2026,1231,20,AGRICULTURA,608,PROMOCAO DA PRODUCAO AGROPECUARIA,111,DESENVOLVIMENTO DAS CADEIAS PRODUTIVAS DA AGROPECUARIA,1053,AGROEXTRATIVISMO
2026|1231|4383,2026,1231,20,AGRICULTURA,608,PROMOCAO DA PRODUCAO AGROPECUARIA,111,DESENVOLVIMENTO DAS CADEIAS PRODUTIVAS DA AGROPECUARIA,4383,DESENVOLVIMENTO RURAL SUSTENTAVEL E AGRICULTURA FAMILIAR
2026|1231|4420,2026,1231,20,AGRICULTURA,608,PROMOCAO DA PRODUCAO AGROPECUARIA,111,DESENVOLVIMENTO DAS CADEIAS PRODUTIVAS DA AGROPECUARIA,4420,MECANIZACAO NO CAMPO
2026|1231|4403,2026,1231,20,AGRICULTURA,608,PROMOCAO DA PRODUCAO AGROPECUARIA,112,CERTIFICACOES E HABILITACOES DE PRODUTOS AGROPECUARIOS E AGROINDUSTRIAIS,4403,MINAS AGROINDUSTRIA
2026|1231|4399,2026,1231,20,AGRICULTURA,608,PROMOCAO DA PRODUCAO AGROPECUARIA,113,GARANTIA DE CONTINUIDADE DA PRODUCAO AGROPECUARIA,4399,GARANTIA SAFRA
2026|1231|4386,2026,1231,20,AGRICULTURA,608,PROMOCAO DA PRODUCAO AGROPECUARIA,116,INOVA AGRO GERAIS,4386,INOVACAO E ECONOMIA AGROPECUARIA
2026|1231|4363,2026,1231,21,ORGANIZACAO AGRARIA,605,ABASTECIMENTO,110,REGULARIZACAO FUNDIARIA - AMPLIACAO DA SEGURANCA JURIDICA NO CAMPO,4363,REGULARIZACAO FUNDIARIA DE IMOVEIS RURAIS
2026|1251|2500,2026,1251,6,SEGURANCA PUBLICA,122,ADMINISTRACAO GERAL,705,APOIO AS POLITICAS PUBLICAS,2500,ASSESSORAMENTO E GERENCIAMENTO DE POLITICAS PUBLICAS
2026|1251|7010,2026,1251,6,SEGURANCA PUBLICA,122,ADMINISTRACAO GERAL,705,APOIO AS POLITICAS PUBLICAS,7010,BENEFICIOS ASSISTENCIAIS
2026|1251|4372,2026,1251,6,SEGURANCA PUBLICA,181,POLICIAMENTO,46,SUPORTE AEREO AOS SERVICOS PUBLICOS ESTADUAIS,4372,SUPORTE AEREO AOS SERVICOS DE SEGURANCA PUBLICA
2026|1251|2057,2026,1251,6,SEGURANCA PUBLICA,181,POLICIAMENTO,135,PROTECAO SOCIAL DOS MILITARES,2057,DEMAIS ASSISTENCIAS
2026|1251|2061,2026,1251,6,SEGURANCA PUBLICA,181,POLICIAMENTO,137,POLICIA OSTENSIVA,2061,EDUCACAO PROFISSIONAL DE SEGURANCA PUBLICA
2026|1251|2063,2026,1251,6,SEGURANCA PUBLICA,181,POLICIAMENTO,137,POLICIA OSTENSIVA,2063,COMUNICACOES OPERACIONAIS
2026|1251|4365,2026,1251,6,SEGURANCA PUBLICA,181,POLICIAMENTO,137,POLICIA OSTENSIVA,4365,POLICIAMENTO OSTENSIVO GERAL
2026|1251|4366,2026,1251,6,SEGURANCA PUBLICA,181,POLICIAMENTO,137,POLICIA OSTENSIVA,4366,ESTRUTURACAO E MODERNIZACAO
2026|1251|4373,2026,1251,6,SEGURANCA PUBLICA,181,POLICIAMENTO,137,POLICIA OSTENSIVA,4373,POLICIAMENTO DE PROXIMIDADE
2026|1251|4374,2026,1251,6,SEGURANCA PUBLICA,181,POLICIAMENTO,137,POLICIA OSTENSIVA,4374,POLICIAMENTO ESPECIALIZADO
2026|1251|2065,2026,1251,6,SEGURANCA PUBLICA,182,DEFESA CIVIL,48,PROTECAO E DEFESA CIVIL,2065,CAPACITACAO E TREINAMENTO POLICIAL-MILITAR PARA PROTECAO E DEFESA CIVIL
2026|1251|7007,2026,1251,6,SEGURANCA PUBLICA,272,PREVIDENCIA DO REGIME ESTATUTARIO,705,APOIO AS POLITICAS PUBLICAS,7007,PROVENTOS DE INATIVOS MILITARES
2026|1251|2060,2026,1251,10,SAUDE,302,ASSISTENCIA HOSPITALAR E AMBULATORIAL,135,PROTECAO SOCIAL DOS MILITARES,2060,ASSISTENCIA A SAUDE
2026|1251|2058,2026,1251,12,EDUCACAO,361,ENSINO FUNDAMENTAL,136,EDUCACAO ESCOLAR,2058,ENSINO FUNDAMENTAL DOS COLEGIOS TIRADENTES DA POLICIA MILITAR
2026|1251|2059,2026,1251,12,EDUCACAO,362,ENSINO MEDIO,136,EDUCACAO ESCOLAR,2059,ENSINO MEDIO DOS COLEGIOS TIRADENTES DA POLICIA MILITAR
2026|1251|2106,2026,1251,12,EDUCACAO,368,EDUCACAO BASICA,127,ESCOLA SEGURA,2106,FORTALECIMENTO DO PROGRAMA ESCOLA SEGURA POR MEIO DE MILITARES DA PMMG
2026|1261|2101,2026,1261,12,EDUCACAO,306,ALIMENTACAO E NUTRICAO,163,ALIMENTACAO ESCOLAR,2101,PROGRAMA ESTADUAL DE ALIMENTACAO ESCOLAR - PEAE
2026|1261|2102,2026,1261,12,EDUCACAO,306,ALIMENTACAO E NUTRICAO,163,ALIMENTACAO ESCOLAR,2102,PROGRAMA NACIONAL DE ALIMENTACAO ESCOLAR - PNAE
2026|1261|2080,2026,1261,12,EDUCACAO,361,ENSINO FUNDAMENTAL,162,PROGRAMA DE DESENVOLVIMENTO E GESTAO DE PESSOAS DA REDE ESTADUAL DE ENSINO,2080,EDUCACAO INTEGRAL - ENSINO FUNDAMENTAL
2026|1261|2081,2026,1261,12,EDUCACAO,361,ENSINO FUNDAMENTAL,162,PROGRAMA DE DESENVOLVIMENTO E GESTAO DE PESSOAS DA REDE ESTADUAL DE ENSINO,2081,ENSINO FUNDAMENTAL - APOIO ADMINISTRATIVO
2026|1261|2085,2026,1261,12,EDUCACAO,361,ENSINO FUNDAMENTAL,162,PROGRAMA DE DESENVOLVIMENTO E GESTAO DE PESSOAS DA REDE ESTADUAL DE ENSINO,2085,ENSINO FUNDAMENTAL - PROFISSIONAIS DO MAGISTERIO
2026|1261|2122,2026,1261,12,EDUCACAO,361,ENSINO FUNDAMENTAL,167,PROGRAMA ESTADUAL DE DESENVOLVIMENTO DA EDUCACAO BASICA,2122,DESENVOLVIMENTO DO ENSINO FUNDAMENTAL
2026|1261|4543,2026,1261,12,EDUCACAO,361,ENSINO FUNDAMENTAL,172,PROGRAMA ESTADUAL DE COOPERACAO ESTADO-MUNICIPIO NA AREA EDUCACIONAL,4543,PROGRAMA MAOS DADAS
2026|1261|4545,2026,1261,12,EDUCACAO,361,ENSINO FUNDAMENTAL,172,PROGRAMA ESTADUAL DE COOPERACAO ESTADO-MUNICIPIO NA AREA EDUCACIONAL,4545,PROGRAMA DE FORTALECIMENTO DAS ESCOLAS MUNICIPAIS
2026|1261|2086,2026,1261,12,EDUCACAO,362,ENSINO MEDIO,162,PROGRAMA DE DESENVOLVIMENTO E GESTAO DE PESSOAS DA REDE ESTADUAL DE ENSINO,2086,ENSINO MEDIO - APOIO ADMINISTRATIVO
2026|1261|2090,2026,1261,12,EDUCACAO,362,ENSINO MEDIO,162,PROGRAMA DE DESENVOLVIMENTO E GESTAO DE PESSOAS DA REDE ESTADUAL DE ENSINO,2090,ENSINO MEDIO - PROFISSIONAIS DO MAGISTERIO
2026|1261|2093,2026,1261,12,EDUCACAO,362,ENSINO MEDIO,162,PROGRAMA DE DESENVOLVIMENTO E GESTAO DE PESSOAS DA REDE ESTADUAL DE ENSINO,2093,EDUCACAO INTEGRAL - ENSINO MEDIO
2026|1261|4511,2026,1261,12,EDUCACAO,362,ENSINO MEDIO,167,PROGRAMA ESTADUAL DE DESENVOLVIMENTO DA EDUCACAO BASICA,4511,DESENVOLVIMENTO DO ENSINO MEDIO
2026|1261|2094,2026,1261,12,EDUCACAO,363,ENSINO PROFISSIONAL,162,PROGRAMA DE DESENVOLVIMENTO E GESTAO DE PESSOAS DA REDE ESTADUAL DE ENSINO,2094,EDUCACAO PROFISSIONAL
2026|1261|2118,2026,1261,12,EDUCACAO,363,ENSINO PROFISSIONAL,167,PROGRAMA ESTADUAL DE DESENVOLVIMENTO DA EDUCACAO BASICA,2118,TRILHAS DE FUTURO - ESTUDANTES
2026|1261|4512,2026,1261,12,EDUCACAO,363,ENSINO PROFISSIONAL,167,PROGRAMA ESTADUAL DE DESENVOLVIMENTO DA EDUCACAO BASICA,4512,DESENVOLVIMENTO DA EDUCACAO PROFISSIONAL
2026|1261|4525,2026,1261,12,EDUCACAO,364,ENSINO SUPERIOR,168,GESTAO DA REDE FISICA ESTADUAL DE ENSINO,4525,ATENDIMENTO AS INSTITUICOES PUBLICAS DE ENSINO SUPERIOR
2026|1261|2092,2026,1261,12,EDUCACAO,365,EDUCACAO INFANTIL,162,PROGRAMA DE DESENVOLVIMENTO E GESTAO DE PESSOAS DA REDE ESTADUAL DE ENSINO,2092,EDUCACAO INFANTIL
2026|1261|2082,2026,1261,12,EDUCACAO,366,EDUCACAO DE JOVENS E ADULTOS,162,PROGRAMA DE DESENVOLVIMENTO E GESTAO DE PESSOAS DA REDE ESTADUAL DE ENSINO,2082,ENSINO FUNDAMENTAL - EDUCACAO DE JOVENS E ADULTOS - EJA
2026|1261|2088,2026,1261,12,EDUCACAO,366,EDUCACAO DE JOVENS E ADULTOS,162,PROGRAMA DE DESENVOLVIMENTO E GESTAO DE PESSOAS DA REDE ESTADUAL DE ENSINO,2088,ENSINO MEDIO - EDUCACAO DE JOVENS E ADULTOS - EJA
2026|1261|2119,2026,1261,12,EDUCACAO,366,EDUCACAO DE JOVENS E ADULTOS,167,PROGRAMA ESTADUAL DE DESENVOLVIMENTO DA EDUCACAO BASICA,2119,DESENVOLVIMENTO DA EDUCACAO DE JOVENS E ADULTOS - EJA
"2026|1261|2067,2026,1261,12,EDUCACAO,367,EDUCACAO ESPECIAL,5,""PROGRAMA MINEIRO DE ACESSIBILIDADE, INCLUSAO E SAUDE (PROMAIS)"",2067,DESENVOLVIMENTO DA EDUCACAO ESPECIAL"
2026|1261|2084,2026,1261,12,EDUCACAO,367,EDUCACAO ESPECIAL,162,PROGRAMA DE DESENVOLVIMENTO E GESTAO DE PESSOAS DA REDE ESTADUAL DE ENSINO,2084,EDUCACAO ESPECIAL - PROFISSIONAIS TECNICO-ADMINISTRATIVOS
2026|1261|2100,2026,1261,12,EDUCACAO,367,EDUCACAO ESPECIAL,162,PROGRAMA DE DESENVOLVIMENTO E GESTAO DE PESSOAS DA REDE ESTADUAL DE ENSINO,2100,EDUCACAO ESPECIAL - PROFISSIONAIS DO MAGISTERIO
2026|1261|4108,2026,1261,12,EDUCACAO,368,EDUCACAO BASICA,101,PROGRAMA ENCONTRO DAS AGUAS,4108,PROJETO GOTA DAGUA
2026|1261|4418,2026,1261,12,EDUCACAO,368,EDUCACAO BASICA,127,ESCOLA SEGURA,4418,ESCOLA SEGURA
2026|1261|2038,2026,1261,12,EDUCACAO,368,EDUCACAO BASICA,162,PROGRAMA DE DESENVOLVIMENTO E GESTAO DE PESSOAS DA REDE ESTADUAL DE ENSINO,2038,SUPORTE FUNCIONAL PARA AREA EDUCACIONAL
2026|1261|2040,2026,1261,12,EDUCACAO,368,EDUCACAO BASICA,162,PROGRAMA DE DESENVOLVIMENTO E GESTAO DE PESSOAS DA REDE ESTADUAL DE ENSINO,2040,RECRUTAMENTO E SELECAO DE PESSOAL
2026|1261|2095,2026,1261,12,EDUCACAO,368,EDUCACAO BASICA,162,PROGRAMA DE DESENVOLVIMENTO E GESTAO DE PESSOAS DA REDE ESTADUAL DE ENSINO,2095,DESENVOLVIMENTO E CAPACITACAO DE PESSOAL
2026|1261|2096,2026,1261,12,EDUCACAO,368,EDUCACAO BASICA,162,PROGRAMA DE DESENVOLVIMENTO E GESTAO DE PESSOAS DA REDE ESTADUAL DE ENSINO,2096,PROFISSIONAIS DO ORGAO CENTRAL
2026|1261|2097,2026,1261,12,EDUCACAO,368,EDUCACAO BASICA,162,PROGRAMA DE DESENVOLVIMENTO E GESTAO DE PESSOAS DA REDE ESTADUAL DE ENSINO,2097,PROFISSIONAIS DAS SUPERINTENDENCIAS REGIONAIS DE ENSINO - SRE
2026|1261|2098,2026,1261,12,EDUCACAO,368,EDUCACAO BASICA,162,PROGRAMA DE DESENVOLVIMENTO E GESTAO DE PESSOAS DA REDE ESTADUAL DE ENSINO,2098,PROFISSIONAIS DO CONSELHO ESTADUAL DE EDUCACAO
2026|1261|2099,2026,1261,12,EDUCACAO,368,EDUCACAO BASICA,162,PROGRAMA DE DESENVOLVIMENTO E GESTAO DE PESSOAS DA REDE ESTADUAL DE ENSINO,2099,TRILHAS DE FUTURO - EDUCADORES
2026|1261|2034,2026,1261,12,EDUCACAO,368,EDUCACAO BASICA,163,ALIMENTACAO ESCOLAR,2034,APOIO AOS PROGRAMAS DE ALIMENTACAO ESCOLAR
"2026|1261|1060,2026,1261,12,EDUCACAO,368,EDUCACAO BASICA,165,""ORGANIZACAO, AVALIACAO E GESTAO ESCOLAR"",1060,PROJETO ESCOLAS CIVICO-MILITARES"
"2026|1261|1094,2026,1261,12,EDUCACAO,368,EDUCACAO BASICA,165,""ORGANIZACAO, AVALIACAO E GESTAO ESCOLAR"",1094,GESTAO PELA APRENDIZAGEM"
"2026|1261|2105,2026,1261,12,EDUCACAO,368,EDUCACAO BASICA,165,""ORGANIZACAO, AVALIACAO E GESTAO ESCOLAR"",2105,PROJETO SOMAR"
"2026|1261|2107,2026,1261,12,EDUCACAO,368,EDUCACAO BASICA,165,""ORGANIZACAO, AVALIACAO E GESTAO ESCOLAR"",2107,AVALIACOES EDUCACIONAIS"
"2026|1261|2127,2026,1261,12,EDUCACAO,368,EDUCACAO BASICA,165,""ORGANIZACAO, AVALIACAO E GESTAO ESCOLAR"",2127,ORGANIZACAO E FUNCIONAMENTO ESCOLAR"
2026|1261|1033,2026,1261,12,EDUCACAO,368,EDUCACAO BASICA,167,PROGRAMA ESTADUAL DE DESENVOLVIMENTO DA EDUCACAO BASICA,1033,MODALIDADES E TEMATICAS ESPECIAIS
2026|1261|1092,2026,1261,12,EDUCACAO,368,EDUCACAO BASICA,167,PROGRAMA ESTADUAL DE DESENVOLVIMENTO DA EDUCACAO BASICA,1092,DESENVOLVIMENTO DO ESPORTE ESCOLAR
2026|1261|1093,2026,1261,12,EDUCACAO,368,EDUCACAO BASICA,167,PROGRAMA ESTADUAL DE DESENVOLVIMENTO DA EDUCACAO BASICA,1093,PROGRAMA DE RECOMPOSICAO DAS APRENDIZAGENS - PRA
2026|1261|2123,2026,1261,12,EDUCACAO,368,EDUCACAO BASICA,167,PROGRAMA ESTADUAL DE DESENVOLVIMENTO DA EDUCACAO BASICA,2123,ESCOLA DE FORMACAO PROFISSIONAL
2026|1261|4505,2026,1261,12,EDUCACAO,368,EDUCACAO BASICA,167,PROGRAMA ESTADUAL DE DESENVOLVIMENTO DA EDUCACAO BASICA,4505,DESENVOLVIMENTO DA EDUCACAO QUILOMBOLA
2026|1261|4506,2026,1261,12,EDUCACAO,368,EDUCACAO BASICA,167,PROGRAMA ESTADUAL DE DESENVOLVIMENTO DA EDUCACAO BASICA,4506,DESENVOLVIMENTO DA EDUCACAO INDIGENA
2026|1261|4507,2026,1261,12,EDUCACAO,368,EDUCACAO BASICA,167,PROGRAMA ESTADUAL DE DESENVOLVIMENTO DA EDUCACAO BASICA,4507,DESENVOLVIMENTO DA EDUCACAO DO CAMPO
2026|1261|4508,2026,1261,12,EDUCACAO,368,EDUCACAO BASICA,167,PROGRAMA ESTADUAL DE DESENVOLVIMENTO DA EDUCACAO BASICA,4508,DESENVOLVIMENTO DA EDUCACAO INTEGRAL
2026|1261|4509,2026,1261,12,EDUCACAO,368,EDUCACAO BASICA,167,PROGRAMA ESTADUAL DE DESENVOLVIMENTO DA EDUCACAO BASICA,4509,DESENVOLVIMENTO DA EDUCACAO PRISIONAL E SOCIOEDUCATIVA
2026|1261|2126,2026,1261,12,EDUCACAO,368,EDUCACAO BASICA,168,GESTAO DA REDE FISICA ESTADUAL DE ENSINO,2126,RENOVACAO DE MOBILIARIO E/OU EQUIPAMENTO
2026|1261|4510,2026,1261,12,EDUCACAO,368,EDUCACAO BASICA,168,GESTAO DA REDE FISICA ESTADUAL DE ENSINO,4510,ATENDIMENTO AS ESCOLAS FAMILIA AGRICOLA
2026|1261|4519,2026,1261,12,EDUCACAO,368,EDUCACAO BASICA,168,GESTAO DA REDE FISICA ESTADUAL DE ENSINO,4519,MAOS A OBRA
2026|1261|4527,2026,1261,12,EDUCACAO,368,EDUCACAO BASICA,168,GESTAO DA REDE FISICA ESTADUAL DE ENSINO,4527,CUSTEIO DAS UNIDADES ESCOLARES
2026|1261|2064,2026,1261,12,EDUCACAO,368,EDUCACAO BASICA,169,GESTAO DO SISTEMA ESTADUAL DE EDUCACAO,2064,GESTAO DAS SUPERINTENDENCIAS REGIONAIS DE ENSINO
2026|1261|2128,2026,1261,12,EDUCACAO,368,EDUCACAO BASICA,169,GESTAO DO SISTEMA ESTADUAL DE EDUCACAO,2128,GESTAO DO ORGAO CENTRAL
2026|1261|2129,2026,1261,12,EDUCACAO,368,EDUCACAO BASICA,169,GESTAO DO SISTEMA ESTADUAL DE EDUCACAO,2129,OPERACIONALIZACAO DAS ACOES DOS CONSELHOS
2026|1261|4547,2026,1261,12,EDUCACAO,782,TRANSPORTE RODOVIARIO,172,PROGRAMA ESTADUAL DE COOPERACAO ESTADO-MUNICIPIO NA AREA EDUCACIONAL,4547,PROGRAMA ESTADUAL DO TRANSPORTE ESCOLAR - PTE/MG
2026|1271|2417,2026,1271,13,CULTURA,122,ADMINISTRACAO GERAL,705,APOIO AS POLITICAS PUBLICAS,2417,REMUNERACAO DE PESSOAL ATIVO E ENCARGOS SOCIAIS
2026|1271|2500,2026,1271,13,CULTURA,122,ADMINISTRACAO GERAL,705,APOIO AS POLITICAS PUBLICAS,2500,ASSESSORAMENTO E GERENCIAMENTO DE POLITICAS PUBLICAS
"2026|1271|4338,2026,1271,13,CULTURA,391,""PATRIMONIO HISTORICO, ARTISTICO E ARQUEOLOGICO"",106,PROTECAO E SALVAGUARDA DE ACERVOS E BENS CULTURAIS,4338,""CONSERVACAO PREVENTIVA E CURATIVA, RESTAURACAO, AQUISICAO E GESTAO TECNICA DE ACERVOS"""
"2026|1271|4339,2026,1271,13,CULTURA,391,""PATRIMONIO HISTORICO, ARTISTICO E ARQUEOLOGICO"",106,PROTECAO E SALVAGUARDA DE ACERVOS E BENS CULTURAIS,4339,""ORGANIZACAO, DESCRICAO E PRESERVACAO DE ACERVOS ARQUIVISTICOS"""
"2026|1271|4342,2026,1271,13,CULTURA,391,""PATRIMONIO HISTORICO, ARTISTICO E ARQUEOLOGICO"",106,PROTECAO E SALVAGUARDA DE ACERVOS E BENS CULTURAIS,4342,""ASSESSORIAS TECNICAS EM GESTAO DE DOCUMENTOS, CRIACAO E MANUTENCAO DE ARQUIVOS PUBLICOS"""
2026|1271|4331,2026,1271,13,CULTURA,392,DIFUSAO CULTURAL,102,FOMENTO A ECONOMIA DA CRIATIVIDADE,4331,PROMOCAO DE ATIVIDADES ARTISTICO-CULTURAIS
2026|1271|4332,2026,1271,13,CULTURA,392,DIFUSAO CULTURAL,102,FOMENTO A ECONOMIA DA CRIATIVIDADE,4332,APOIO A PROJETOS CULTURAIS E TURISTICOS REALIZADOS POR INTERMEDIO DE PARCERIAS
2026|1271|4343,2026,1271,13,CULTURA,392,DIFUSAO CULTURAL,102,FOMENTO A ECONOMIA DA CRIATIVIDADE,4343,GESTAO DO FOMENTO E MUNICIPALIZACAO DA CULTURA
"2026|1271|4322,2026,1271,13,CULTURA,392,DIFUSAO CULTURAL,103,""ESPACOS CULTURAIS, CORPOS ARTISTICOS E ORGAOS COLEGIADOS"",4322,""GESTAO, MANUTENCAO E MODERNIZACAO DE EQUIPAMENTOS CULTURAIS PARA ATENDIMENTO AO PUBLICO"""
"2026|1271|4326,2026,1271,13,CULTURA,392,DIFUSAO CULTURAL,103,""ESPACOS CULTURAIS, CORPOS ARTISTICOS E ORGAOS COLEGIADOS"",4326,GESTAO DE ORGAOS COLEGIADOS"
"2026|1271|4329,2026,1271,13,CULTURA,392,DIFUSAO CULTURAL,103,""ESPACOS CULTURAIS, CORPOS ARTISTICOS E ORGAOS COLEGIADOS"",4329,ORQUESTRA FILARMONICA DE MINAS GERAIS"
2026|1271|4336,2026,1271,13,CULTURA,392,DIFUSAO CULTURAL,105,FORMACAO E CAPACITACAO TECNICO-CULTURAL,4336,ASSESSORIAS TECNICAS PARA GESTAO DE BIBLIOTECAS E MUSEUS
2026|1271|4337,2026,1271,13,CULTURA,392,DIFUSAO CULTURAL,105,FORMACAO E CAPACITACAO TECNICO-CULTURAL,4337,CAPACITACOES TECNICO-CULTURAIS
2026|1271|4324,2026,1271,23,COMERCIO E SERVICOS,695,TURISMO,100,MAIS TURISTAS,4324,DIVULGACAO TURISTICA DE MINAS GERAIS
2026|1271|4327,2026,1271,23,COMERCIO E SERVICOS,695,TURISMO,100,MAIS TURISTAS,4327,CAPACITACOES TECNICAS PARA O TURISMO
2026|1271|4328,2026,1271,23,COMERCIO E SERVICOS,695,TURISMO,100,MAIS TURISTAS,4328,ESTRUTURACAO DE PRODUTOS TURISTICOS
2026|1271|4330,2026,1271,23,COMERCIO E SERVICOS,695,TURISMO,100,MAIS TURISTAS,4330,PLANEJAMENTO E MONITORAMENTO DO SETOR TURISTICO DO ESTADO DE MINAS GERAIS
2026|1271|4479,2026,1271,23,COMERCIO E SERVICOS,695,TURISMO,100,MAIS TURISTAS,4479,DESENVOLVIMENTO DA POLITICA DE REGIONALIZACAO DO TURISMO
2026|1301|4156,2026,1301,4,ADMINISTRACAO,130,ADMINISTRACAO DE CONCESSOES,85,PROMOCAO DE CONCESSOES E PARCERIAS,4156,GESTAO DOS PROJETOS ESTRUTURANTES DE MOBILIDADE
"2026|1301|4205,2026,1301,4,ADMINISTRACAO,130,ADMINISTRACAO DE CONCESSOES,85,PROMOCAO DE CONCESSOES E PARCERIAS,4205,""ESTRUTURACAO, MODELAGEM E GESTAO DE CONCESSOES E PARCERIAS"""
2026|1301|4253,2026,1301,4,ADMINISTRACAO,130,ADMINISTRACAO DE CONCESSOES,85,PROMOCAO DE CONCESSOES E PARCERIAS,4253,GESTAO DE CONCESSOES E PARCERIAS DE EQUIPAMENTOS PUBLICOS
2026|1301|4345,2026,1301,4,ADMINISTRACAO,130,ADMINISTRACAO DE CONCESSOES,85,PROMOCAO DE CONCESSOES E PARCERIAS,4345,GESTAO DO RODOANEL METROPOLITANO
2026|1301|4346,2026,1301,4,ADMINISTRACAO,130,ADMINISTRACAO DE CONCESSOES,85,PROMOCAO DE CONCESSOES E PARCERIAS,4346,METRO DA RMBH
2026|1301|4503,2026,1301,4,ADMINISTRACAO,130,ADMINISTRACAO DE CONCESSOES,85,PROMOCAO DE CONCESSOES E PARCERIAS,4503,GESTAO DE CONCESSOES DO TRANSPORTE COLETIVO E TERMINAIS
2026|1301|4266,2026,1301,8,ASSISTENCIA SOCIAL,182,DEFESA CIVIL,47,SUPORTE AS ACOES DE COMBATE E RESPOSTA AOS DANOS CAUSADOS PELAS CHUVAS,4266,ASSISTENCIA EMERGENCIAL A MUNICIPIOS ATINGIDOS PELAS CHUVAS
2026|1301|2500,2026,1301,15,URBANISMO,122,ADMINISTRACAO GERAL,705,APOIO AS POLITICAS PUBLICAS,2500,ASSESSORAMENTO E GERENCIAMENTO DE POLITICAS PUBLICAS
"2026|1301|1037,2026,1301,15,URBANISMO,451,INFRA-ESTRUTURA URBANA,81,DESENVOLVIMENTO SUSTENTAVEL DA INFRAESTRUTURA RODOVIARIA,1037,""INTERVENCOES NA INFRAESTRUTURA RODOVIARIA ESTADUAL, MUNICIPAL E REGIONAL"""
"2026|1301|1035,2026,1301,15,URBANISMO,451,INFRA-ESTRUTURA URBANA,99,""DESENVOLVIMENTO DA INFRAESTRUTURA ESTADUAL, MUNICIPAL E REGIONAL"",1035,REQUALIFICACAO URBANA E AMBIENTAL DO RIBEIRAO ARRUDAS -  PAC ARRUDAS COMPLEMENTO"
"2026|1301|1036,2026,1301,15,URBANISMO,451,INFRA-ESTRUTURA URBANA,99,""DESENVOLVIMENTO DA INFRAESTRUTURA ESTADUAL, MUNICIPAL E REGIONAL"",1036,CONTENCAO DE ENCOSTAS EM AREAS DE RISCO - PAC ENCOSTAS"
"2026|1301|1038,2026,1301,15,URBANISMO,451,INFRA-ESTRUTURA URBANA,99,""DESENVOLVIMENTO DA INFRAESTRUTURA ESTADUAL, MUNICIPAL E REGIONAL"",1038,REQUALIFICACAO URBANA E AMBIENTAL DO RIBEIRAO ARRUDAS -  PAC FNHIS"
"2026|1301|1039,2026,1301,15,URBANISMO,451,INFRA-ESTRUTURA URBANA,99,""DESENVOLVIMENTO DA INFRAESTRUTURA ESTADUAL, MUNICIPAL E REGIONAL"",1039,REQUALIFICACAO URBANA E AMBIENTAL E CONTROLE DE CHEIAS DO CORREGO FERRUGEM - PAC FERRUGEM"
"2026|1301|1040,2026,1301,15,URBANISMO,451,INFRA-ESTRUTURA URBANA,99,""DESENVOLVIMENTO DA INFRAESTRUTURA ESTADUAL, MUNICIPAL E REGIONAL"",1040,REQUALIFICACAO URBANA E AMBIENTAL E CONTROLE DE CHEIAS DO CORREGO FERRUGEM - PAC FERRUGEM (VALE)"
"2026|1301|1041,2026,1301,15,URBANISMO,451,INFRA-ESTRUTURA URBANA,99,""DESENVOLVIMENTO DA INFRAESTRUTURA ESTADUAL, MUNICIPAL E REGIONAL"",1041,REQUALIFICACAO URBANA E AMBIENTAL E DE CONTROLE DE CHEIAS DO CORREGO RIACHO DAS PEDRAS - PAC RIACHO"
"2026|1301|1042,2026,1301,15,URBANISMO,451,INFRA-ESTRUTURA URBANA,99,""DESENVOLVIMENTO DA INFRAESTRUTURA ESTADUAL, MUNICIPAL E REGIONAL"",1042,REQUALIFICACAO URBANA E AMBIENTAL E DE CONTROLE DE CHEIAS DO CORREGO RIACHO DAS PEDRAS (VALE)"
"2026|1301|4261,2026,1301,15,URBANISMO,451,INFRA-ESTRUTURA URBANA,99,""DESENVOLVIMENTO DA INFRAESTRUTURA ESTADUAL, MUNICIPAL E REGIONAL"",4261,DESENVOLVIMENTO DA INFRAESTRUTURA PUBLICA NO ESTADO DE MINAS GERAIS"
"2026|1301|4262,2026,1301,15,URBANISMO,451,INFRA-ESTRUTURA URBANA,99,""DESENVOLVIMENTO DA INFRAESTRUTURA ESTADUAL, MUNICIPAL E REGIONAL"",4262,FOMENTO A INFRAESTRUTURA PUBLICA MUNICIPAL"
"2026|1301|4265,2026,1301,15,URBANISMO,451,INFRA-ESTRUTURA URBANA,99,""DESENVOLVIMENTO DA INFRAESTRUTURA ESTADUAL, MUNICIPAL E REGIONAL"",4265,DESENVOLVIMENTO DA INFRAESTRUTURA GOVERNAMENTAL"
2026|1301|2417,2026,1301,15,URBANISMO,451,INFRA-ESTRUTURA URBANA,705,APOIO AS POLITICAS PUBLICAS,2417,REMUNERACAO DE PESSOAL ATIVO E ENCARGOS SOCIAIS
"2026|1301|4290,2026,1301,26,TRANSPORTE,453,TRANSPORTES COLETIVOS URBANOS,117,""MOBILIDADE, TRANSPORTES E LOGISTICA"",4290,MELHORIA DA MOBILIDADE E INFRAESTRUTURA DE TRANSPORTES EM MINAS GERAIS"
"2026|1301|4292,2026,1301,26,TRANSPORTE,781,TRANSPORTE AEREO,117,""MOBILIDADE, TRANSPORTES E LOGISTICA"",4292,GESTAO DE AEROPORTOS REGIONAIS EM MINAS GERAIS"
"2026|1301|4501,2026,1301,26,TRANSPORTE,783,TRANSPORTE FERROVIARIO,117,""MOBILIDADE, TRANSPORTES E LOGISTICA"",4501,TRANSPORTE FERROVIARIO"
2026|1371|4118,2026,1371,17,SANEAMENTO,511,SANEAMENTO BASICO RURAL,101,PROGRAMA ENCONTRO DAS AGUAS,4118,PROMOCAO DAS POLITICAS PUBLICAS DE ABASTECIMENTO DE AGUA - PROGRAMA AGUA DOCE.
"2026|1371|4028,2026,1371,17,SANEAMENTO,512,SANEAMENTO BASICO URBANO,21,SANEAMENTO E RESIDUOS ESPECIAIS,4028,""PROMOCAO DAS POLITICAS PUBLICAS DE ABASTECIMENTO DE AGUA, ESGOTAMENTO SANITARIO E DRENAGEM DE AGUAS"""
2026|1371|4037,2026,1371,17,SANEAMENTO,512,SANEAMENTO BASICO URBANO,21,SANEAMENTO E RESIDUOS ESPECIAIS,4037,GESTAO DE RESIDUOS E CENTRO MINEIRO DE REFERENCIA EM RESIDUOS
2026|1371|4044,2026,1371,17,SANEAMENTO,512,SANEAMENTO BASICO URBANO,21,SANEAMENTO E RESIDUOS ESPECIAIS,4044,BOLSA RECICLAGEM
2026|1371|2417,2026,1371,18,GESTAO AMBIENTAL,122,ADMINISTRACAO GERAL,705,APOIO AS POLITICAS PUBLICAS,2417,REMUNERACAO DE PESSOAL ATIVO E ENCARGOS SOCIAIS
2026|1371|2500,2026,1371,18,GESTAO AMBIENTAL,122,ADMINISTRACAO GERAL,705,APOIO AS POLITICAS PUBLICAS,2500,ASSESSORAMENTO E GERENCIAMENTO DE POLITICAS PUBLICAS
2026|1371|4045,2026,1371,18,GESTAO AMBIENTAL,541,PRESERVACAO E CONSERVACAO AMBIENTAL,27,GESTAO AMBIENTAL.,4045,GESTAO E PLANEJAMENTO AMBIENTAL
2026|1371|4046,2026,1371,18,GESTAO AMBIENTAL,541,PRESERVACAO E CONSERVACAO AMBIENTAL,27,GESTAO AMBIENTAL.,4046,MUDANCAS CLIMATICAS E QUALIDADE AMBIENTAL
2026|1371|4047,2026,1371,18,GESTAO AMBIENTAL,541,PRESERVACAO E CONSERVACAO AMBIENTAL,27,GESTAO AMBIENTAL.,4047,PROMOCAO DAS POLITICAS PUBLICAS DE PROTECAO A FAUNA DOMESTICA
2026|1371|4124,2026,1371,18,GESTAO AMBIENTAL,541,PRESERVACAO E CONSERVACAO AMBIENTAL,27,GESTAO AMBIENTAL.,4124,IMPLEMENTACAO DE PROJETOS AMBIENTAIS POR MEIO DO PROGRAMA ESTADUAL DE CONVERSAO DE MULTAS AMBIENTAIS
"2026|1371|4038,2026,1371,18,GESTAO AMBIENTAL,542,CONTROLE AMBIENTAL,25,""MONITORAMENTO, CONTROLE E FISCALIZACAO AMBIENTAL"",4038,FISCALIZACAO AMBIENTAL"
"2026|1371|4039,2026,1371,18,GESTAO AMBIENTAL,542,CONTROLE AMBIENTAL,25,""MONITORAMENTO, CONTROLE E FISCALIZACAO AMBIENTAL"",4039,ATENDIMENTO DE DENUNCIAS E DE REQUISICOES"
"2026|1371|4053,2026,1371,18,GESTAO AMBIENTAL,542,CONTROLE AMBIENTAL,25,""MONITORAMENTO, CONTROLE E FISCALIZACAO AMBIENTAL"",4053,PREVENCAO E ATENDIMENTO A ACIDENTES E EMERGENCIAS AMBIENTAIS"
2026|1371|1074,2026,1371,18,GESTAO AMBIENTAL,542,CONTROLE AMBIENTAL,705,APOIO AS POLITICAS PUBLICAS,1074,TRANSFORMACAO DIGITAL DO SISEMA
2026|1401|2500,2026,1401,6,SEGURANCA PUBLICA,122,ADMINISTRACAO GERAL,705,APOIO AS POLITICAS PUBLICAS,2500,ASSESSORAMENTO E GERENCIAMENTO DE POLITICAS PUBLICAS
2026|1401|7010,2026,1401,6,SEGURANCA PUBLICA,122,ADMINISTRACAO GERAL,705,APOIO AS POLITICAS PUBLICAS,7010,BENEFICIOS ASSISTENCIAIS
"2026|1401|4119,2026,1401,6,SEGURANCA PUBLICA,128,FORMACAO DE RECURSOS HUMANOS,52,PROMOCAO DE DEFESA CIVIL,4119,""RECRUTAMENTO, TREINAMENTO E FORMACAO DE BOMBEIROS"""
2026|1401|4142,2026,1401,6,SEGURANCA PUBLICA,182,DEFESA CIVIL,47,SUPORTE AS ACOES DE COMBATE E RESPOSTA AOS DANOS CAUSADOS PELAS CHUVAS,4142,GESTAO DO ATENDIMENTO AO PERIODO CHUVOSO
2026|1401|1098,2026,1401,6,SEGURANCA PUBLICA,182,DEFESA CIVIL,52,PROMOCAO DE DEFESA CIVIL,1098,POTENCIALIZACAO DO SERVICO DE PREVENCAO E RESPOSTA CONTRA INCENDIO E PANICO
2026|1401|4113,2026,1401,6,SEGURANCA PUBLICA,182,DEFESA CIVIL,52,PROMOCAO DE DEFESA CIVIL,4113,MANUTENCAO E AMPLIACAO DA INFRAESTRUTURA E SISTEMA DE TECNOLOGIA DA INFORMACAO E COMUNICACAO
"2026|1401|4114,2026,1401,6,SEGURANCA PUBLICA,182,DEFESA CIVIL,52,PROMOCAO DE DEFESA CIVIL,4114,""GESTAO DA PREVENCAO, MITIGACAO E PREPARACAO DE DESASTRE"""
2026|1401|4115,2026,1401,6,SEGURANCA PUBLICA,182,DEFESA CIVIL,52,PROMOCAO DE DEFESA CIVIL,4115,GESTAO DA RESPOSTA A DESASTRES
2026|1401|4117,2026,1401,6,SEGURANCA PUBLICA,182,DEFESA CIVIL,52,PROMOCAO DE DEFESA CIVIL,4117,BOMBEIRO NAS ESCOLAS
2026|1401|4120,2026,1401,6,SEGURANCA PUBLICA,182,DEFESA CIVIL,52,PROMOCAO DE DEFESA CIVIL,4120, MODERNIZACAO E ESTRUTURACAO DO CORPO DE BOMBEIROS MILITAR DE MINAS GERAIS
2026|1401|4140,2026,1401,6,SEGURANCA PUBLICA,182,DEFESA CIVIL,52,PROMOCAO DE DEFESA CIVIL,4140,MODERNIZACAO E ESTRUTURACAO DO CORPO DE BOMBEIROS MILITAR DE MINAS GERAIS - REPARACAO BRUMADINHO
2026|1401|4141,2026,1401,6,SEGURANCA PUBLICA,182,DEFESA CIVIL,52,PROMOCAO DE DEFESA CIVIL,4141,MANUTENCAO E AMPLIACAO DO SISTEMA DE TIC PARA POTENCIALIZACAO DO SERVICO DE SEGURANCA CONTRA INCENDI
2026|1401|4556,2026,1401,6,SEGURANCA PUBLICA,182,DEFESA CIVIL,705,APOIO AS POLITICAS PUBLICAS,4556,AMPLIACAO DE POSTOS DE ABASTECIMENTO PROPRIOS DO ESTADO - CBMMG
2026|1401|7007,2026,1401,6,SEGURANCA PUBLICA,272,PREVIDENCIA DO REGIME ESTATUTARIO,705,APOIO AS POLITICAS PUBLICAS,7007,PROVENTOS DE INATIVOS MILITARES
"2026|1401|2021,2026,1401,10,SAUDE,302,ASSISTENCIA HOSPITALAR E AMBULATORIAL,52,PROMOCAO DE DEFESA CIVIL,2021,""ASSISTENCIA MEDICA, ODONTOLOGICA, PSICOLOGICA E FISIOTERAPICA AOS BOMBEIROS MILITARES E SEUS DEPENDE"""
2026|1401|4094,2026,1401,10,SAUDE,302,ASSISTENCIA HOSPITALAR E AMBULATORIAL,53,ATENDIMENTO PRE-HOSPITALAR,4094,SUPORTE BASICO E AVANCADO DE VIDA
2026|1401|4116,2026,1401,12,EDUCACAO,363,ENSINO PROFISSIONAL,52,PROMOCAO DE DEFESA CIVIL,4116,FORMACAO E CAPACITACAO TECNICO PROFISSIONAL PARA CIVIS
2026|1401|2104,2026,1401,12,EDUCACAO,368,EDUCACAO BASICA,127,ESCOLA SEGURA,2104,FORTALECIMENTO DO PROGRAMA ESCOLA SEGURA POR MEIO DE MILITARES DO CBMMG
"2026|1401|2103,2026,1401,12,EDUCACAO,368,EDUCACAO BASICA,165,""ORGANIZACAO, AVALIACAO E GESTAO ESCOLAR"",2103,FORTALECIMENTO DO CORPO TECNICO DAS ESCOLAS CIVICO-MILITARES POR MEIO DE MILITARES DA RESERVA DO CBM"
"2026|1401|4138,2026,1401,18,GESTAO AMBIENTAL,182,DEFESA CIVIL,52,PROMOCAO DE DEFESA CIVIL,4138,""SUPORTE AS ACOES DE PREVENCAO, MITIGACAO, PREPARACAO E RESPOSTA AOS INCENDIOS EM VEGETACAO"""
2026|1441|1050,2026,1441,3,ESSENCIAL A JUSTICA,92,REPRESENTACAO JUDICIAL E EXTRAJUDICIAL,726,ACESSO A JUSTICA,1050,EXPANSAO DA DEFENSORIA PUBLICA NO ESTADO
2026|1441|1099,2026,1441,3,ESSENCIAL A JUSTICA,92,REPRESENTACAO JUDICIAL E EXTRAJUDICIAL,726,ACESSO A JUSTICA,1099,IMPLANTACAO E ESTRUTURACAO DE DEFENSORIAS ESPECIALIZADAS E NUCLEOS DA DEFENSORIA PUBLICA
2026|1441|4033,2026,1441,3,ESSENCIAL A JUSTICA,92,REPRESENTACAO JUDICIAL E EXTRAJUDICIAL,726,ACESSO A JUSTICA,4033,CONSTRUCAO E REFORMA DE UNIDADES DA DEFENSORIA PUBLICA
2026|1441|4150,2026,1441,3,ESSENCIAL A JUSTICA,92,REPRESENTACAO JUDICIAL E EXTRAJUDICIAL,726,ACESSO A JUSTICA,4150,OPERACIONALIZACAO DAS ATRIBUICOES DA DEFENSORIA PUBLICA E DIRECAO ADMIINISTRATIVA
2026|1441|4193,2026,1441,3,ESSENCIAL A JUSTICA,92,REPRESENTACAO JUDICIAL E EXTRAJUDICIAL,726,ACESSO A JUSTICA,4193,REMUNERACAO DE PESSOAL ATIVO E ENCARGOS SOCIAIS
"2026|1441|2068,2026,1441,3,ESSENCIAL A JUSTICA,128,FORMACAO DE RECURSOS HUMANOS,726,ACESSO A JUSTICA,2068,""CAPACITACAO DE MEMBROS, SERVIDORES E CIDADAOS  POR MEIO DA ESCOLA SUPERIOR DA DEFENSORIA PUBLICA"""
2026|1441|7006,2026,1441,9,PREVIDENCIA SOCIAL,272,PREVIDENCIA DO REGIME ESTATUTARIO,705,APOIO AS POLITICAS PUBLICAS,7006,PROVENTOS DE INATIVOS CIVIS E PENSIONISTAS
2026|1441|7004,2026,1441,28,ENCARGOS ESPECIAIS,846,OUTROS ENCARGOS ESPECIAIS,705,APOIO AS POLITICAS PUBLICAS,7004,PRECATORIOS E SENTENCAS JUDICIARIAS
2026|1451|2417,2026,1451,6,SEGURANCA PUBLICA,122,ADMINISTRACAO GERAL,705,APOIO AS POLITICAS PUBLICAS,2417,REMUNERACAO DE PESSOAL ATIVO E ENCARGOS SOCIAIS
2026|1451|2500,2026,1451,6,SEGURANCA PUBLICA,122,ADMINISTRACAO GERAL,705,APOIO AS POLITICAS PUBLICAS,2500,ASSESSORAMENTO E GERENCIAMENTO DE POLITICAS PUBLICAS
2026|1451|4376,2026,1451,6,SEGURANCA PUBLICA,181,POLICIAMENTO,134,GESTAO INTEGRADA DE SEGURANCA PUBLICA,4376,INTEGRACAO OPERACIONAL E ACOES DE COMANDO E CONTROLE NO ATENDIMENTO DE DENUNCIAS E CHAMADAS DE EMERG
2026|1451|4378,2026,1451,6,SEGURANCA PUBLICA,181,POLICIAMENTO,134,GESTAO INTEGRADA DE SEGURANCA PUBLICA,4378,OPERACIONALIZACAO DA POLITICA DE INTEGRACAO DA SEGURANCA PUBLICA DE MINAS GERAIS
2026|1451|1054,2026,1451,6,SEGURANCA PUBLICA,183,INFORMACAO E INTELIGENCIA,134,GESTAO INTEGRADA DE SEGURANCA PUBLICA,1054,PRODUCAO DE INFORMACOES E CONHECIMENTOS DE JUSTICA E SEGURANCA PUBLICA
2026|1451|4375,2026,1451,6,SEGURANCA PUBLICA,183,INFORMACAO E INTELIGENCIA,134,GESTAO INTEGRADA DE SEGURANCA PUBLICA,4375,ESTRUTURACAO E MANUTENCAO DE UM SISTEMA ESTADUAL DE INTELIGENCIA DE SEGURANCA PUBLICA EM MINAS GERAI
"2026|1451|4441,2026,1451,6,SEGURANCA PUBLICA,243,ASSISTENCIA A CRIANCA E AO ADOLESCENTE,146,PROMOCAO DA POLITICA SOCIOEDUCATIVA PARA ATENDIMENTO AOS ADOLESCENTES EM CONFLITO COM A LEI,4441,""ADEQUACAO, MANUTENCAO E DESENVOLVIMENTO DO ATENDIMENTO SOCIOEDUCATIVO"""
2026|1451|4377,2026,1451,6,SEGURANCA PUBLICA,331,PROTECAO E BENEFICIOS AO TRABALHADOR,134,GESTAO INTEGRADA DE SEGURANCA PUBLICA,4377,MANUTENCAO DE MORADIAS FUNCIONAIS PARA SERVIDORES EM SITUACAO DE RISCO
"2026|1451|4379,2026,1451,6,SEGURANCA PUBLICA,363,ENSINO PROFISSIONAL,134,GESTAO INTEGRADA DE SEGURANCA PUBLICA,4379,""RECRUTAMENTO, SELECAO, FORMACAO, CAPACITACAO E TREINAMENTO DOS PROFISSIONAIS DO SISTEMA DE JUSTICA E"""
2026|1451|4344,2026,1451,6,SEGURANCA PUBLICA,421,CUSTODIA E REINTEGRACAO SOCIAL,129,PREVENCAO A CRIMINALIDADE,4344,PREVENCAO SOCIAL AS VIOLENCIAS E CRIMINALIDADES
2026|1451|4347,2026,1451,6,SEGURANCA PUBLICA,421,CUSTODIA E REINTEGRACAO SOCIAL,129,PREVENCAO A CRIMINALIDADE,4347,IMPLANTACAO DE UNIDADES DE PREVENCAO A CRIMINALIDADE
2026|1451|1047,2026,1451,6,SEGURANCA PUBLICA,421,CUSTODIA E REINTEGRACAO SOCIAL,130,INFRAESTRUTURA DO SISTEMA PRISIONAL,1047,MODERNIZACAO E EXPANSAO DO SISTEMA PRISIONAL - REPARACAO BRUMADINHO
2026|1451|1048,2026,1451,6,SEGURANCA PUBLICA,421,CUSTODIA E REINTEGRACAO SOCIAL,130,INFRAESTRUTURA DO SISTEMA PRISIONAL,1048,MODERNIZACAO E EXPANSAO DO SISTEMA PRISIONAL
2026|1451|4348,2026,1451,6,SEGURANCA PUBLICA,421,CUSTODIA E REINTEGRACAO SOCIAL,130,INFRAESTRUTURA DO SISTEMA PRISIONAL,4348,CUSTODIA E RESSOCIALIZACAO DE PRESOS
2026|1451|4350,2026,1451,6,SEGURANCA PUBLICA,421,CUSTODIA E REINTEGRACAO SOCIAL,130,INFRAESTRUTURA DO SISTEMA PRISIONAL,4350,MANUTENCAO E AMPLIACAO DO MONITORAMENTO ELETRONICO
2026|1451|4351,2026,1451,6,SEGURANCA PUBLICA,421,CUSTODIA E REINTEGRACAO SOCIAL,130,INFRAESTRUTURA DO SISTEMA PRISIONAL,4351,MANUTENCAO E IMPLANTACAO DE METODOLOGIA DE CUSTODIAS ALTERNATIVAS
"2026|1451|4438,2026,1451,6,SEGURANCA PUBLICA,422,""DIREITOS INDIVIDUAIS, COLETIVOS E DIFUSOS"",141,POLITICAS SOBRE DROGAS,4438,DESCENTRALIZACAO DA POLITICA SOBRE DROGAS"
2026|1451|4443,2026,1451,10,SAUDE,243,ASSISTENCIA A CRIANCA E AO ADOLESCENTE,146,PROMOCAO DA POLITICA SOCIOEDUCATIVA PARA ATENDIMENTO AOS ADOLESCENTES EM CONFLITO COM A LEI,4443,ATENDIMENTO A SAUDE DO ADOLESCENTE EM CONFLITO COM A LEI
2026|1451|4353,2026,1451,10,SAUDE,421,CUSTODIA E REINTEGRACAO SOCIAL,130,INFRAESTRUTURA DO SISTEMA PRISIONAL,4353,UNIDADES DE SAUDE DO SISTEMA PRISIONAL
"2026|1451|4437,2026,1451,10,SAUDE,422,""DIREITOS INDIVIDUAIS, COLETIVOS E DIFUSOS"",141,POLITICAS SOBRE DROGAS,4437,APOIO A REDE COMPLEMENTAR DE SUPORTE SOCIAL NA ATENCAO AO DEPENDENTE QUIMICO"
2026|1451|4442,2026,1451,12,EDUCACAO,243,ASSISTENCIA A CRIANCA E AO ADOLESCENTE,146,PROMOCAO DA POLITICA SOCIOEDUCATIVA PARA ATENDIMENTO AOS ADOLESCENTES EM CONFLITO COM A LEI,4442,FORMACAO EDUCACIONAL E PROFISSIONAL DO ADOLESCENTE EM CUMPRIMENTO DE MEDIDA SOCIOEDUCATIVA
2026|1481|2035,2026,1481,4,ADMINISTRACAO,122,ADMINISTRACAO GERAL,83,POLITICAS DE PROMOCAO AO DESENVOLVIMENTO SOCIAL NO CONTEXTO RURAL - PERCURSOS GERAIS: TRAJETORIA PARA AUTONOMIA,2035,APOIO E COORDENACAO DE POLITICAS INTERSETORIAIS DE DESENVOLVIMENTO SOCIAL NO CONTEXTO DO PROGRAMA PE
"2026|1481|2036,2026,1481,4,ADMINISTRACAO,122,ADMINISTRACAO GERAL,84,""POLITICAS DE INTEGRACAO, REGIONALIZACAO E INOVACAO"",2036,""DESENVOLVIMENTO DE ESTUDOS, PESQUISAS, FERRAMENTAS DE MONITORAMENTO E AVALIACAO EM DESENVOLVIMENTO S"""
"2026|1481|2037,2026,1481,4,ADMINISTRACAO,122,ADMINISTRACAO GERAL,84,""POLITICAS DE INTEGRACAO, REGIONALIZACAO E INOVACAO"",2037,FOMENTO A INOVACAO E APRIMORAMENTO DE PROJETOS DE DESENVOLVIMENTO SOCIAL"
2026|1481|2076,2026,1481,4,ADMINISTRACAO,122,ADMINISTRACAO GERAL,148,APOIO AS POLITICAS DE DESENVOLVIMENTO SOCIAL,2076,GESTAO E MONITORAMENTO DE CONVENIOS E PARCERIAS
2026|1481|2079,2026,1481,4,ADMINISTRACAO,122,ADMINISTRACAO GERAL,148,APOIO AS POLITICAS DE DESENVOLVIMENTO SOCIAL,2079,APOIO FINANCEIRO E MATERIAL AS INSTITUICOES NA PROMOCAO DO DESENVOLVIMENTO SOCIAL
"2026|1481|4204,2026,1481,4,ADMINISTRACAO,128,FORMACAO DE RECURSOS HUMANOS,84,""POLITICAS DE INTEGRACAO, REGIONALIZACAO E INOVACAO"",4204,APOIO TECNICO AOS MUNICIPIOS PARA PROMOCAO DO DESENVOLVIMENTO SOCIAL REGIONALIZADO"
2026|1481|4153,2026,1481,11,TRABALHO,334,FOMENTO AO TRABALHO,66,POLITICAS DE TRABALHO E EMPREGO,4153,ASSESSORAMENTO DAS UNIDADES DE ATENDIMENTO AO TRABALHADOR
2026|1481|4154,2026,1481,11,TRABALHO,334,FOMENTO AO TRABALHO,66,POLITICAS DE TRABALHO E EMPREGO,4154,FOMENTO PARA ECONOMIA POPULAR SOLIDARIA E PROMOCAO DA INCLUSAO PRODUTIVA
2026|1481|4157,2026,1481,11,TRABALHO,334,FOMENTO AO TRABALHO,66,POLITICAS DE TRABALHO E EMPREGO,4157,FOMENTO A INCLUSAO PRODUTIVA DE MULHERES
2026|1481|4412,2026,1481,11,TRABALHO,334,FOMENTO AO TRABALHO,83,POLITICAS DE PROMOCAO AO DESENVOLVIMENTO SOCIAL NO CONTEXTO RURAL - PERCURSOS GERAIS: TRAJETORIA PARA AUTONOMIA,4412,ACESSO AO TRABALHO E A RENDA
2026|1481|4158,2026,1481,11,TRABALHO,363,ENSINO PROFISSIONAL,67,REDE DE DESENVOLVIMENTO DA EDUCACAO PROFISSIONAL,4158,QUALIFICACAO PROFISSIONAL
2026|1481|2417,2026,1481,14,DIREITOS DA CIDADANIA,122,ADMINISTRACAO GERAL,705,APOIO AS POLITICAS PUBLICAS,2417,REMUNERACAO DE PESSOAL ATIVO E ENCARGOS SOCIAIS
2026|1481|2500,2026,1481,14,DIREITOS DA CIDADANIA,122,ADMINISTRACAO GERAL,705,APOIO AS POLITICAS PUBLICAS,2500,ASSESSORAMENTO E GERENCIAMENTO DE POLITICAS PUBLICAS
2026|1481|4186,2026,1481,14,DIREITOS DA CIDADANIA,243,ASSISTENCIA A CRIANCA E AO ADOLESCENTE,23,POLITICAS PARA CRIANCAS E ADOLESCENTES,4186,PROGRAMA DE PROTECAO A CRIANCAS E ADOLESCENTES AMEACADOS DE MORTE - PPCAAM
2026|1481|4270,2026,1481,14,DIREITOS DA CIDADANIA,243,ASSISTENCIA A CRIANCA E AO ADOLESCENTE,23,POLITICAS PARA CRIANCAS E ADOLESCENTES,4270,FORMACAO E CAPACITACAO DO SISTEMA DE GARANTIA DE DIREITOS
2026|1481|4301,2026,1481,14,DIREITOS DA CIDADANIA,243,ASSISTENCIA A CRIANCA E AO ADOLESCENTE,23,POLITICAS PARA CRIANCAS E ADOLESCENTES,4301,APOIO AOS ORGAOS COLEGIADOS DE CRIANCAS E ADOLESCENTES
2026|1481|4321,2026,1481,14,DIREITOS DA CIDADANIA,243,ASSISTENCIA A CRIANCA E AO ADOLESCENTE,23,POLITICAS PARA CRIANCAS E ADOLESCENTES,4321,ARTICULACAO INSTITUCIONAL E APOIO A SISTEMA DE GARANTIA DE DIREITOS
"2026|1481|4352,2026,1481,14,DIREITOS DA CIDADANIA,243,ASSISTENCIA A CRIANCA E AO ADOLESCENTE,23,POLITICAS PARA CRIANCAS E ADOLESCENTES,4352,""PREVENCAO, MONITORAMENTO E ENFRENTAMENTO DAS VIOLENCIAS E VIOLACOES CONTRA CRIANCAS E ADOLESCENTES."""
2026|1481|4364,2026,1481,14,DIREITOS DA CIDADANIA,243,ASSISTENCIA A CRIANCA E AO ADOLESCENTE,68,PRIMEIRA INFANCIA MINAS,4364,ALIMENTACAO COMPLEMENTAR NA PRIMEIRA INFANCIA
2026|1481|4367,2026,1481,14,DIREITOS DA CIDADANIA,243,ASSISTENCIA A CRIANCA E AO ADOLESCENTE,68,PRIMEIRA INFANCIA MINAS,4367,CAPACITA MINAS PRIMEIRA INFANCIA
2026|1481|4368,2026,1481,14,DIREITOS DA CIDADANIA,243,ASSISTENCIA A CRIANCA E AO ADOLESCENTE,68,PRIMEIRA INFANCIA MINAS,4368,POLITICA ESTADUAL PARA REGISTRO CIVIL DE NASCIMENTO
2026|1481|2033,2026,1481,14,DIREITOS DA CIDADANIA,306,ALIMENTACAO E NUTRICAO,74,SEGURANCA ALIMENTAR E NUTRICIONAL SUSTENTAVEL PARA TODOS OS POVOS DO TERRITORIO MINEIRO,2033,DESENVOLVIMENTO DO SISTEMA DE SEGURANCA ALIMENTAR E NUTRICIONAL EM MINAS GERAIS (SISAN MG)
"2026|1481|4196,2026,1481,14,DIREITOS DA CIDADANIA,306,ALIMENTACAO E NUTRICAO,74,SEGURANCA ALIMENTAR E NUTRICIONAL SUSTENTAVEL PARA TODOS OS POVOS DO TERRITORIO MINEIRO,4196,""APOIO, FOMENTO E ARTICULACAO DE ACOES, PROJETOS E PROGRAMAS RELATIVOS A TEMATICA DE SEGURANCA ALIMEN"""
2026|1481|4197,2026,1481,14,DIREITOS DA CIDADANIA,306,ALIMENTACAO E NUTRICAO,74,SEGURANCA ALIMENTAR E NUTRICIONAL SUSTENTAVEL PARA TODOS OS POVOS DO TERRITORIO MINEIRO,4197,APOIO AS ACOES DESENVOLVIDAS PELO CONSELHO DE SEGURANCA ALIMENTAR E NUTRICIONAL SUSTENTAVEL DE MINAS
2026|1481|4416,2026,1481,14,DIREITOS DA CIDADANIA,306,ALIMENTACAO E NUTRICAO,83,POLITICAS DE PROMOCAO AO DESENVOLVIMENTO SOCIAL NO CONTEXTO RURAL - PERCURSOS GERAIS: TRAJETORIA PARA AUTONOMIA,4416,RAIZES DE MINAS
"2026|1481|4480,2026,1481,14,DIREITOS DA CIDADANIA,422,""DIREITOS INDIVIDUAIS, COLETIVOS E DIFUSOS"",5,""PROGRAMA MINEIRO DE ACESSIBILIDADE, INCLUSAO E SAUDE (PROMAIS)"",4480,""FOMENTO A INCLUSAO SOCIAL, ACESSIBILIDADE E GARANTIA DE DIREITOS PARA PESSOAS COM DEFICIENCIA - PROM"""
"2026|1481|4171,2026,1481,14,DIREITOS DA CIDADANIA,422,""DIREITOS INDIVIDUAIS, COLETIVOS E DIFUSOS"",70,POLITICAS DE DIREITOS HUMANOS,4171,IMPLEMENTACAO E MANUTENCAO DOS CENTROS DE REFERENCIA EM DIREITOS HUMANOS"
"2026|1481|4173,2026,1481,14,DIREITOS DA CIDADANIA,422,""DIREITOS INDIVIDUAIS, COLETIVOS E DIFUSOS"",70,POLITICAS DE DIREITOS HUMANOS,4173,PROGRAMA DE PROTECAO A VITIMAS E TESTEMUNHAS AMEACADAS - PROVITA"
"2026|1481|4174,2026,1481,14,DIREITOS DA CIDADANIA,422,""DIREITOS INDIVIDUAIS, COLETIVOS E DIFUSOS"",70,POLITICAS DE DIREITOS HUMANOS,4174,""PROMOCAO, PROTECAO E REPARACAO DE DIREITOS HUMANOS"""
"2026|1481|4176,2026,1481,14,DIREITOS DA CIDADANIA,422,""DIREITOS INDIVIDUAIS, COLETIVOS E DIFUSOS"",70,POLITICAS DE DIREITOS HUMANOS,4176,PROGRAMA DE PROTECAO AOS DEFENSORES DE DIREITOS HUMANOS - PPDDH"
"2026|1481|4178,2026,1481,14,DIREITOS DA CIDADANIA,422,""DIREITOS INDIVIDUAIS, COLETIVOS E DIFUSOS"",70,POLITICAS DE DIREITOS HUMANOS,4178,MANUTENCAO E APOIO AOS ORGAOS COLEGIADOS DE DIREITOS HUMANOS"
"2026|1481|4181,2026,1481,14,DIREITOS DA CIDADANIA,422,""DIREITOS INDIVIDUAIS, COLETIVOS E DIFUSOS"",70,POLITICAS DE DIREITOS HUMANOS,4181,OPERACIONALIZACAO DOS SERVICOS DE TRADUCAO E INTERPRETACAO DE LIBRAS"
"2026|1481|4182,2026,1481,14,DIREITOS DA CIDADANIA,422,""DIREITOS INDIVIDUAIS, COLETIVOS E DIFUSOS"",70,POLITICAS DE DIREITOS HUMANOS,4182,""ARTICULACAO INSTITUCIONAL, MANUTENCAO DE EQUIPAMENTOS E POLITICAS DE DIREITOS HUMANOS"""
"2026|1481|4183,2026,1481,14,DIREITOS DA CIDADANIA,422,""DIREITOS INDIVIDUAIS, COLETIVOS E DIFUSOS"",70,POLITICAS DE DIREITOS HUMANOS,4183,""FOMENTO A INCLUSAO SOCIAL, ACESSIBILIDADE E GARANTIA DE DIREITOS PARA PESSOAS COM DEFICIENCIA"""
"2026|1481|4414,2026,1481,14,DIREITOS DA CIDADANIA,422,""DIREITOS INDIVIDUAIS, COLETIVOS E DIFUSOS"",86,POLITICA DOS DIREITOS DAS MULHERES,4414,ENFRENTAMENTO A VIOLENCIA DOMESTICA E INTRAFAMILIAR CONTRA AS MULHERES"
"2026|1481|4415,2026,1481,14,DIREITOS DA CIDADANIA,422,""DIREITOS INDIVIDUAIS, COLETIVOS E DIFUSOS"",86,POLITICA DOS DIREITOS DAS MULHERES,4415,""PROMOCAO, DEFESA E GARANTIA DOS DIREITOS DAS MULHERES"""
2026|1481|4184,2026,1481,16,HABITACAO,122,ADMINISTRACAO GERAL,73,MORADAS GERAIS,4184,APOIO AOS MUNICIPIOS NA IMPLEMENTACAO DA POLITICA HABITACIONAL E NA ELABORACAO E REVISAO DE PLANOS L
2026|1481|4185,2026,1481,16,HABITACAO,244,ASSISTENCIA COMUNITARIA,73,MORADAS GERAIS,4185,APOIO A PRODUCAO E A AQUISICAO DE UNIDADES HABITACIONAIS
2026|1481|4388,2026,1481,16,HABITACAO,244,ASSISTENCIA COMUNITARIA,73,MORADAS GERAIS,4388,REFORMA E MELHORIAS DE UNIDADES HABITACIONAIS
"2026|1481|4168,2026,1481,27,DESPORTO E LAZER,366,EDUCACAO DE JOVENS E ADULTOS,69,""FOMENTO AO ESPORTE, A ATIVIDADE FISICA E AO LAZER"",4168,PROMOCAO DOS JOGOS ESCOLARES DE MINAS GERAIS"
"2026|1481|4169,2026,1481,27,DESPORTO E LAZER,811,DESPORTO DE RENDIMENTO,69,""FOMENTO AO ESPORTE, A ATIVIDADE FISICA E AO LAZER"",4169,BOLSA ATLETA E BOLSA TECNICO"
"2026|1481|4163,2026,1481,27,DESPORTO E LAZER,812,DESPORTO COMUNITARIO,69,""FOMENTO AO ESPORTE, A ATIVIDADE FISICA E AO LAZER"",4163,PROMOCAO DOS JOGOS DO INTERIOR DE MINAS"
"2026|1481|4166,2026,1481,27,DESPORTO E LAZER,812,DESPORTO COMUNITARIO,69,""FOMENTO AO ESPORTE, A ATIVIDADE FISICA E AO LAZER"",4166,PROMOCAO DO ESPORTE EDUCACIONAL COMO INSTRUMENTO DE DESENVOLVIMENTO SOCIAL"
"2026|1481|4167,2026,1481,27,DESPORTO E LAZER,812,DESPORTO COMUNITARIO,69,""FOMENTO AO ESPORTE, A ATIVIDADE FISICA E AO LAZER"",4167,APOIO A GESTAO ESPORTIVA"
"2026|1481|4170,2026,1481,27,DESPORTO E LAZER,812,DESPORTO COMUNITARIO,69,""FOMENTO AO ESPORTE, A ATIVIDADE FISICA E AO LAZER"",4170,APOIO A REALIZACAO DE ACOES ESPORTIVAS"
"2026|1481|4514,2026,1481,27,DESPORTO E LAZER,812,DESPORTO COMUNITARIO,69,""FOMENTO AO ESPORTE, A ATIVIDADE FISICA E AO LAZER"",4514,PROMOCAO DO ESPORTE DE PARTICIPACAO E RENDIMENTO COMO INSTRUMENTO DE DESENVOLVIMENTO SOCIAL"
"2026|1481|4164,2026,1481,27,DESPORTO E LAZER,813,LAZER,69,""FOMENTO AO ESPORTE, A ATIVIDADE FISICA E AO LAZER"",4164,PROJETOS VIABILIZADOS PELA LEI ESTADUAL DE INCENTIVO AO ESPORTE"
"2026|1481|4165,2026,1481,27,DESPORTO E LAZER,813,LAZER,69,""FOMENTO AO ESPORTE, A ATIVIDADE FISICA E AO LAZER"",4165,GESTAO DO ICMS ESPORTIVO"
2026|1491|2042,2026,1491,4,ADMINISTRACAO,122,ADMINISTRACAO GERAL,115,GESTAO DO PROCESSO LEGISLATIVO ESTADUAL SOB A RESPONSABILIDADE DO PODER EXECUTIVO,2042,ACOMPANHAMENTO DO PROCESSO LEGISLATIVO
2026|1491|2043,2026,1491,4,ADMINISTRACAO,122,ADMINISTRACAO GERAL,119,APOIO AO DESENVOLVIMENTO MUNICIPAL E A COORDENACAO DAS TRANSFERENCIAS ESTADUAIS DE RECURSOS FINANCEIROS,2043,FISCALIZACAO DOS INSTRUMENTOS DE REPASSES DE RECURSOS NO AMBITO DO PROGRAMA DE APOIO AO DESENVOLVIME
2026|1491|2045,2026,1491,4,ADMINISTRACAO,122,ADMINISTRACAO GERAL,119,APOIO AO DESENVOLVIMENTO MUNICIPAL E A COORDENACAO DAS TRANSFERENCIAS ESTADUAIS DE RECURSOS FINANCEIROS,2045,EXECUCAO DO PROGRAMA DE APOIO AO DESENVOLVIMENTO MUNICIPAL - PADEM
2026|1491|2046,2026,1491,4,ADMINISTRACAO,122,ADMINISTRACAO GERAL,119,APOIO AO DESENVOLVIMENTO MUNICIPAL E A COORDENACAO DAS TRANSFERENCIAS ESTADUAIS DE RECURSOS FINANCEIROS,2046,ATENDIMENTO AS DEMANDAS DA PARTICIPACAO CIDADA
2026|1491|2048,2026,1491,4,ADMINISTRACAO,122,ADMINISTRACAO GERAL,119,APOIO AO DESENVOLVIMENTO MUNICIPAL E A COORDENACAO DAS TRANSFERENCIAS ESTADUAIS DE RECURSOS FINANCEIROS,2048,TRANSFERENCIAS ESPECIAIS
"2026|1491|2044,2026,1491,4,ADMINISTRACAO,122,ADMINISTRACAO GERAL,120,PRODUCAO E VEICULACAO DO DIARIO OFICIAL ELETRONICO MINAS GERAIS,2044,""PRODUCAO, MODERNIZACAO E AMPLIACAO DO ACESSO AO ACERVO DO DOMG-E"""
"2026|1491|2050,2026,1491,4,ADMINISTRACAO,122,ADMINISTRACAO GERAL,122,FORTALECIMENTO DA GESTAO DAS TRANSFERENCIAS ESTADUAIS,2050,""GESTAO, OTIMIZACAO E MANUTENCAO DOS REGULAMENTOS E SISTEMAS DE COORDENACAO E OPERACIONALIZACAO DAS T"""
2026|1491|2051,2026,1491,4,ADMINISTRACAO,122,ADMINISTRACAO GERAL,122,FORTALECIMENTO DA GESTAO DAS TRANSFERENCIAS ESTADUAIS,2051,GESTAO E OPERACIONALIZACAO DE EMENDAS PARLAMENTARES ESTADUAIS
2026|1491|2138,2026,1491,4,ADMINISTRACAO,122,ADMINISTRACAO GERAL,122,FORTALECIMENTO DA GESTAO DAS TRANSFERENCIAS ESTADUAIS,2138,RESERVA PARA ATENDIMENTO DAS EMENDAS PARLAMENTARES INDIVIDUAIS E DE BLOCOS E BANCADAS
2026|1491|2417,2026,1491,4,ADMINISTRACAO,122,ADMINISTRACAO GERAL,705,APOIO AS POLITICAS PUBLICAS,2417,REMUNERACAO DE PESSOAL ATIVO E ENCARGOS SOCIAIS
2026|1491|2500,2026,1491,4,ADMINISTRACAO,122,ADMINISTRACAO GERAL,705,APOIO AS POLITICAS PUBLICAS,2500,ASSESSORAMENTO E GERENCIAMENTO DE POLITICAS PUBLICAS
2026|1491|2041,2026,1491,4,ADMINISTRACAO,131,COMUNICACAO SOCIAL,109,GESTAO DE CERIMONIAL E EVENTOS,2041,CERIMONIAL E EVENTOS
2026|1501|4464,2026,1501,4,ADMINISTRACAO,121,PLANEJAMENTO E ORCAMENTO,157,GESTAO DO PLANEJAMENTO ORCAMENTARIO GOVERNAMENTAL,4464,GESTAO DO PROCESSO DE ELABORACAO E ACOMPANHAMENTO DO PLANEJAMENTO E ORCAMENTO ESTADUAL  
2026|1501|4468,2026,1501,4,ADMINISTRACAO,122,ADMINISTRACAO GERAL,147,GESTAO DE PESSOAS,4468,PROVISAO DE CARGOS POR CONCURSO PUBLICO
2026|1501|4475,2026,1501,4,ADMINISTRACAO,122,ADMINISTRACAO GERAL,147,GESTAO DE PESSOAS,4475,ADMINISTRACAO DE PESSOAL
2026|1501|4476,2026,1501,4,ADMINISTRACAO,122,ADMINISTRACAO GERAL,147,GESTAO DE PESSOAS,4476,SAUDE DO SERVIDOR
"2026|1501|4477,2026,1501,4,ADMINISTRACAO,122,ADMINISTRACAO GERAL,147,GESTAO DE PESSOAS,4477,""DESEMPENHO, DESENVOLVIMENTO E VALORIZACAO DOS SERVIDORES PUBLICOS"""
2026|1501|4478,2026,1501,4,ADMINISTRACAO,122,ADMINISTRACAO GERAL,147,GESTAO DE PESSOAS,4478,TRANSFORMA MINAS
2026|1501|4452,2026,1501,4,ADMINISTRACAO,122,ADMINISTRACAO GERAL,149,TRANSFORMACAO DIGITAL E ATENDIMENTO AO CIDADAO,4452,GESTAO DAS UNIDADES DE ATENDIMENTO INTEGRADO - UAI
2026|1501|4483,2026,1501,4,ADMINISTRACAO,122,ADMINISTRACAO GERAL,149,TRANSFORMACAO DIGITAL E ATENDIMENTO AO CIDADAO,4483,APRIMORAMENTO DA GOVERNANCA DE TECNOLOGIA DA INFORMACAO E COMUNICACAO
2026|1501|4380,2026,1501,4,ADMINISTRACAO,122,ADMINISTRACAO GERAL,151,PROMOCAO DA INOVACAO E DA GESTAO ESTRATEGICA,4380,AUTOMATIZA.MG
2026|1501|4453,2026,1501,4,ADMINISTRACAO,122,ADMINISTRACAO GERAL,151,PROMOCAO DA INOVACAO E DA GESTAO ESTRATEGICA,4453,PROMOCAO DA INOVACAO NA GESTAO PUBLICA
2026|1501|4454,2026,1501,4,ADMINISTRACAO,122,ADMINISTRACAO GERAL,151,PROMOCAO DA INOVACAO E DA GESTAO ESTRATEGICA,4454,GESTAO DOS PROJETOS ESTRATEGICOS
2026|1501|4461,2026,1501,4,ADMINISTRACAO,122,ADMINISTRACAO GERAL,155,REPARACAO DOS DANOS DOS ROMPIMENTOS EM BRUMADINHO E MARIANA,4461,RECUPERACAO E COMPENSACAO DOS DANOS EM FUNCAO DO DESASTRE MINERARIO DA SAMARCO EM MARIANA
2026|1501|4462,2026,1501,4,ADMINISTRACAO,122,ADMINISTRACAO GERAL,155,REPARACAO DOS DANOS DOS ROMPIMENTOS EM BRUMADINHO E MARIANA,4462,RECUPERACAO E COMPENSACAO DOS DANOS EM FUNCAO DO DESASTRE MINERARIO DA VALE S.A EM BRUMADINHO
2026|1501|1085,2026,1501,4,ADMINISTRACAO,122,ADMINISTRACAO GERAL,156,GESTAO DA CIDADE ADMINISTRATIVA,1085,ABRIGOS E CAMINHOS NA CA
2026|1501|4465,2026,1501,4,ADMINISTRACAO,122,ADMINISTRACAO GERAL,156,GESTAO DA CIDADE ADMINISTRATIVA,4465,GESTAO DA INFRAESTRUTURA DA CIDADE ADMINISTRATIVA
2026|1501|4466,2026,1501,4,ADMINISTRACAO,122,ADMINISTRACAO GERAL,156,GESTAO DA CIDADE ADMINISTRATIVA,4466,GESTAO DE TECNOLOGIA DA INFORMACAO E COMUNICACAO (TIC) DA CIDADE ADMINISTRATIVA
2026|1501|4467,2026,1501,4,ADMINISTRACAO,122,ADMINISTRACAO GERAL,156,GESTAO DA CIDADE ADMINISTRATIVA,4467,GESTAO DOS SERVICOS OPERACIONAIS E LOGISTICOS DA CIDADE ADMINISTRATIVA
2026|1501|4112,2026,1501,4,ADMINISTRACAO,122,ADMINISTRACAO GERAL,159,CENTRALIZACAO DO PROCESSAMENTO DE COMPRAS PUBLICAS,4112,AMPLIACAO DA CENTRALIZACAO DAS COMPRAS E CONTRATACOES
2026|1501|4473,2026,1501,4,ADMINISTRACAO,122,ADMINISTRACAO GERAL,159,CENTRALIZACAO DO PROCESSAMENTO DE COMPRAS PUBLICAS,4473,MODERNIZACAO EM GESTAO DE COMPRAS
2026|1501|1084,2026,1501,4,ADMINISTRACAO,122,ADMINISTRACAO GERAL,160,MELHORIA DA GESTAO LOGISTICA E PATRIMONIAL,1084,MODERNIZACAO DA GESTAO DOS IMOVEIS DO ESTADO DE MINAS GERAIS
2026|1501|4485,2026,1501,4,ADMINISTRACAO,122,ADMINISTRACAO GERAL,160,MELHORIA DA GESTAO LOGISTICA E PATRIMONIAL,4485,GESTAO DOS PROCESSOS DE LOGISTICA CORPORATIVA
2026|1501|4486,2026,1501,4,ADMINISTRACAO,122,ADMINISTRACAO GERAL,160,MELHORIA DA GESTAO LOGISTICA E PATRIMONIAL,4486,GESTAO DA DESTINACAO DE IMOVEIS
2026|1501|4487,2026,1501,4,ADMINISTRACAO,122,ADMINISTRACAO GERAL,160,MELHORIA DA GESTAO LOGISTICA E PATRIMONIAL,4487,GESTAO E DISPONIBILIZACAO DOS SISTEMAS CORPORATIVOS DE GESTAO LOGISTICA E PATRIMONIAL
2026|1501|4494,2026,1501,4,ADMINISTRACAO,122,ADMINISTRACAO GERAL,161,GESTAO DE TRANSITO,4494,REGISTRO DE CONDUTORES
2026|1501|4495,2026,1501,4,ADMINISTRACAO,122,ADMINISTRACAO GERAL,161,GESTAO DE TRANSITO,4495,REGISTRO DE VEICULOS
2026|1501|4496,2026,1501,4,ADMINISTRACAO,122,ADMINISTRACAO GERAL,161,GESTAO DE TRANSITO,4496,ATENDIMENTO E TRANSFORMACAO DE SERVICOS DE TRANSITO
2026|1501|2417,2026,1501,4,ADMINISTRACAO,122,ADMINISTRACAO GERAL,705,APOIO AS POLITICAS PUBLICAS,2417,REMUNERACAO DE PESSOAL ATIVO E ENCARGOS SOCIAIS
2026|1501|2500,2026,1501,4,ADMINISTRACAO,122,ADMINISTRACAO GERAL,705,APOIO AS POLITICAS PUBLICAS,2500,ASSESSORAMENTO E GERENCIAMENTO DE POLITICAS PUBLICAS
2026|1501|4491,2026,1501,4,ADMINISTRACAO,125,NORMATIZACAO E FISCALIZACAO,161,GESTAO DE TRANSITO,4491,APREENSAO E LIBERACAO DE VEICULOS
"2026|1501|4492,2026,1501,4,ADMINISTRACAO,125,NORMATIZACAO E FISCALIZACAO,161,GESTAO DE TRANSITO,4492,""FISCALIZACAO, PREVENCAO E CONTROLE DE INFRACOES DE TRANSITO"""
2026|1501|4160,2026,1501,4,ADMINISTRACAO,126,TECNOLOGIA DA INFORMACAO,149,TRANSFORMACAO DIGITAL E ATENDIMENTO AO CIDADAO,4160,GESTAO DA EQUIPE DE ATENDIMENTO AOS USUARIOS DE SISTEMAS CORPORATIVOS
2026|1501|4450,2026,1501,4,ADMINISTRACAO,126,TECNOLOGIA DA INFORMACAO,149,TRANSFORMACAO DIGITAL E ATENDIMENTO AO CIDADAO,4450,DISPONIBILIZACAO DE PROCESSOS E DOCUMENTOS DIGITAIS NO ESTADO
2026|1501|4451,2026,1501,4,ADMINISTRACAO,126,TECNOLOGIA DA INFORMACAO,149,TRANSFORMACAO DIGITAL E ATENDIMENTO AO CIDADAO,4451,GESTAO DOS CANAIS DIGITAIS DE ATENDIMENTO AO CIDADAO
2026|1511|2417,2026,1511,6,SEGURANCA PUBLICA,122,ADMINISTRACAO GERAL,705,APOIO AS POLITICAS PUBLICAS,2417,REMUNERACAO DE PESSOAL ATIVO E ENCARGOS SOCIAIS
2026|1511|2500,2026,1511,6,SEGURANCA PUBLICA,122,ADMINISTRACAO GERAL,705,APOIO AS POLITICAS PUBLICAS,2500,ASSESSORAMENTO E GERENCIAMENTO DE POLITICAS PUBLICAS
2026|1511|7010,2026,1511,6,SEGURANCA PUBLICA,122,ADMINISTRACAO GERAL,705,APOIO AS POLITICAS PUBLICAS,7010,BENEFICIOS ASSISTENCIAIS
2026|1511|4066,2026,1511,6,SEGURANCA PUBLICA,128,FORMACAO DE RECURSOS HUMANOS,37,VALORIZACAO E SAUDE DO SERVIDOR,4066,FORMACAO E CAPACITACAO
2026|1511|1003,2026,1511,6,SEGURANCA PUBLICA,181,POLICIAMENTO,32,INVESTIGACAO,1003,PROCEDIMENTO DE POLICIA JUDICIARIA ELETRONICO - PPJ-E
2026|1511|1005,2026,1511,6,SEGURANCA PUBLICA,181,POLICIAMENTO,32,INVESTIGACAO,1005,PROJETO DELEGACIA RURAL
2026|1511|1006,2026,1511,6,SEGURANCA PUBLICA,181,POLICIAMENTO,32,INVESTIGACAO,1006,ENFRENTAMENTO A VIOLENCIA CONTRA A MULHER
2026|1511|1007,2026,1511,6,SEGURANCA PUBLICA,181,POLICIAMENTO,32,INVESTIGACAO,1007,MODERNIZACAO DA POLICIA JUDICIARIA
2026|1511|1051,2026,1511,6,SEGURANCA PUBLICA,181,POLICIAMENTO,32,INVESTIGACAO,1051,IMPLEMENTACAO DA CADEIA DE CUSTODIA DA PROVA EM MINAS GERAIS
2026|1511|1052,2026,1511,6,SEGURANCA PUBLICA,181,POLICIAMENTO,32,INVESTIGACAO,1052,APRIMORAMENTO DA INVESTIGACAO DE HOMICIDIOS
2026|1511|4060,2026,1511,6,SEGURANCA PUBLICA,181,POLICIAMENTO,32,INVESTIGACAO,4060,GESTAO DAS UNIDADES POLICIAIS
2026|1511|4061,2026,1511,6,SEGURANCA PUBLICA,181,POLICIAMENTO,32,INVESTIGACAO,4061,PERICIAS TECNICO-CIENTIFICAS
2026|1511|4062,2026,1511,6,SEGURANCA PUBLICA,181,POLICIAMENTO,32,INVESTIGACAO,4062,MODERNIZACAO E AMPLIACAO DO BANCO DE PERFIS GENETICOS
2026|1511|4063,2026,1511,6,SEGURANCA PUBLICA,181,POLICIAMENTO,32,INVESTIGACAO,4063,CONSTRUCAO NUCLEO INTEGRADO DE PERICIAS
2026|1511|4067,2026,1511,6,SEGURANCA PUBLICA,181,POLICIAMENTO,32,INVESTIGACAO,4067,IMPLANTACAO DO PLANTAO DIGITAL
2026|1511|1004,2026,1511,6,SEGURANCA PUBLICA,183,INFORMACAO E INTELIGENCIA,36,IDENTIFICACAO CIVIL E CRIMINAL,1004,MODERNIZACAO DA IDENTIFICACAO CIVIL E CRIMINAL
"2026|1511|4065,2026,1511,6,SEGURANCA PUBLICA,422,""DIREITOS INDIVIDUAIS, COLETIVOS E DIFUSOS"",36,IDENTIFICACAO CIVIL E CRIMINAL,4065,IDENTIFICACAO CIVIL E CRIMINAL"
2026|1511|2008,2026,1511,10,SAUDE,302,ASSISTENCIA HOSPITALAR E AMBULATORIAL,37,VALORIZACAO E SAUDE DO SERVIDOR,2008,SAUDE DO SERVIDOR
2026|1511|2011,2026,1511,12,EDUCACAO,368,EDUCACAO BASICA,37,VALORIZACAO E SAUDE DO SERVIDOR,2011,COLEGIO ORDEM E PROGRESSO
2026|1521|2417,2026,1521,4,ADMINISTRACAO,122,ADMINISTRACAO GERAL,705,APOIO AS POLITICAS PUBLICAS,2417,REMUNERACAO DE PESSOAL ATIVO E ENCARGOS SOCIAIS
2026|1521|2500,2026,1521,4,ADMINISTRACAO,122,ADMINISTRACAO GERAL,705,APOIO AS POLITICAS PUBLICAS,2500,ASSESSORAMENTO E GERENCIAMENTO DE POLITICAS PUBLICAS
2026|1521|4304,2026,1521,4,ADMINISTRACAO,124,CONTROLE INTERNO,1,MINAS INTEGRA E TRANSPARENTE,4304,PROMOCAO DO ACESSO A INFORMACAO E DA TRANSPARENCIA
2026|1521|4305,2026,1521,4,ADMINISTRACAO,124,CONTROLE INTERNO,1,MINAS INTEGRA E TRANSPARENTE,4305,FORTALECIMENTO DA INTEGRIDADE PUBLICA E PRIVADA
2026|1521|4307,2026,1521,4,ADMINISTRACAO,124,CONTROLE INTERNO,2,AUDITORIA INTERNA PARA O FUTURO,4307,FORTALECIMENTO DE SERVICOS DE AUDITORIA INTERNA PARA AGREGAR VALOR A GESTAO PUBLICA ESTADUAL
2026|1521|4309,2026,1521,4,ADMINISTRACAO,124,CONTROLE INTERNO,2,AUDITORIA INTERNA PARA O FUTURO,4309,ESTRUTURACAO TECNOLOGICA E INSTITUCIONALIZACAO DA AUDITORIA CONTINUA
2026|1521|4303,2026,1521,4,ADMINISTRACAO,124,CONTROLE INTERNO,3,ENFRENTAMENTO DA CORRUPCAO E RECUPERACAO DE ATIVOS,4303,EXECUCAO DE ACOES INVESTIGATIVAS E RECUPERACAO DE ATIVOS
2026|1521|4310,2026,1521,4,ADMINISTRACAO,124,CONTROLE INTERNO,3,ENFRENTAMENTO DA CORRUPCAO E RECUPERACAO DE ATIVOS,4310,FORTALECIMENTO DA PREVENCAO A ILICITOS ADMINISTRATIVOS
2026|1521|4311,2026,1521,4,ADMINISTRACAO,124,CONTROLE INTERNO,3,ENFRENTAMENTO DA CORRUPCAO E RECUPERACAO DE ATIVOS,4311,APURACAO DE RESPONSABILIDADE DE AGENTES PUBLICOS E PESSOAS JURIDICAS
2026|1521|4312,2026,1521,4,ADMINISTRACAO,124,CONTROLE INTERNO,4,CGE INTEGRADA E EFICIENTE,4312,FORTALECIMENTO DO CONTROLE INTERNO E DAS REDES DE CONTROLE
2026|1521|4313,2026,1521,4,ADMINISTRACAO,124,CONTROLE INTERNO,4,CGE INTEGRADA E EFICIENTE,4313,COORDENACAO DAS UNIDADES DESCENTRALIZADAS DA CGE
2026|1521|4314,2026,1521,4,ADMINISTRACAO,126,TECNOLOGIA DA INFORMACAO,4,CGE INTEGRADA E EFICIENTE,4314,GOVERNANCA TIC PARA O CONTROLE INTERNO
"2026|1521|4306,2026,1521,14,DIREITOS DA CIDADANIA,422,""DIREITOS INDIVIDUAIS, COLETIVOS E DIFUSOS"",1,MINAS INTEGRA E TRANSPARENTE,4306,FOMENTO AO CONTROLE SOCIAL"
2026|1541|2417,2026,1541,10,SAUDE,122,ADMINISTRACAO GERAL,705,APOIO AS POLITICAS PUBLICAS,2417,REMUNERACAO DE PESSOAL ATIVO E ENCARGOS SOCIAIS
2026|1541|2500,2026,1541,10,SAUDE,122,ADMINISTRACAO GERAL,705,APOIO AS POLITICAS PUBLICAS,2500,ASSESSORAMENTO E GERENCIAMENTO DE POLITICAS PUBLICAS
2026|1541|4049,2026,1541,10,SAUDE,128,FORMACAO DE RECURSOS HUMANOS,28,DESENVOLVIMENTO DE ACOES DE EDUCACAO E PESQUISA PARA O SISTEMA UNICO DE SAUDE,4049,ACOES EDUCACIONAIS NA AREA DA SAUDE
2026|1541|4050,2026,1541,10,SAUDE,128,FORMACAO DE RECURSOS HUMANOS,28,DESENVOLVIMENTO DE ACOES DE EDUCACAO E PESQUISA PARA O SISTEMA UNICO DE SAUDE,4050,PRODUCAO CIENTIFICA NO CAMPO DA SAUDE
"2026|1631|4007,2026,1631,4,ADMINISTRACAO,122,ADMINISTRACAO GERAL,11,ASSESSORAMENTO TECNICO E ADMINISTRATIVO AO GOVERNADOR E VICE-GOVERNADOR,4007,""INFORMACAO, COORDENACAO E SUPORTE A GOVERNADORIA E VICE-GOVERNADORIA"""
2026|1631|2417,2026,1631,4,ADMINISTRACAO,122,ADMINISTRACAO GERAL,705,APOIO AS POLITICAS PUBLICAS,2417,REMUNERACAO DE PESSOAL ATIVO E ENCARGOS SOCIAIS
2026|1631|2500,2026,1631,4,ADMINISTRACAO,122,ADMINISTRACAO GERAL,705,APOIO AS POLITICAS PUBLICAS,2500,ASSESSORAMENTO E GERENCIAMENTO DE POLITICAS PUBLICAS
2026|1711|2417,2026,1711,4,ADMINISTRACAO,122,ADMINISTRACAO GERAL,705,APOIO AS POLITICAS PUBLICAS,2417,REMUNERACAO DE PESSOAL ATIVO E ENCARGOS SOCIAIS
2026|1711|2500,2026,1711,4,ADMINISTRACAO,122,ADMINISTRACAO GERAL,705,APOIO AS POLITICAS PUBLICAS,2500,ASSESSORAMENTO E GERENCIAMENTO DE POLITICAS PUBLICAS
2026|1711|2001,2026,1711,4,ADMINISTRACAO,131,COMUNICACAO SOCIAL,18,COMUNICACAO INSTITUCIONAL E DE UTILIDADE PUBLICA,2001,ASSESSORIA DE PUBLICIDADE
2026|1711|2002,2026,1711,4,ADMINISTRACAO,131,COMUNICACAO SOCIAL,18,COMUNICACAO INSTITUCIONAL E DE UTILIDADE PUBLICA,2002,ASSESSORIA DE IMPRENSA
2026|1711|2003,2026,1711,4,ADMINISTRACAO,131,COMUNICACAO SOCIAL,18,COMUNICACAO INSTITUCIONAL E DE UTILIDADE PUBLICA,2003,ASSESSORIA DE COMUNICACAO DIGITAL
"2026|1721|2070,2026,1721,4,ADMINISTRACAO,121,PLANEJAMENTO E ORCAMENTO,131,""ARTICULACAO INTERFEDERATIVA,  ATRACAO DE INVESTIMENTOS, CAPTACAO E TRANSFERENCIA DE RECURSOS E PARCERIAS"",2070,""COORDENACAO DO PROCESSO DE CAPTACAO DE RECURSOS E PARCERIAS, MONITORAMENTO DE CONVENIOS DE ENTRADA,"""
"2026|1721|4111,2026,1721,4,ADMINISTRACAO,122,ADMINISTRACAO GERAL,5,""PROGRAMA MINEIRO DE ACESSIBILIDADE, INCLUSAO E SAUDE (PROMAIS)"",4111,""COORDENACAO, GOVERNANCA E COMUNICACAO DO PROMAIS"""
"2026|1721|2062,2026,1721,4,ADMINISTRACAO,122,ADMINISTRACAO GERAL,131,""ARTICULACAO INTERFEDERATIVA,  ATRACAO DE INVESTIMENTOS, CAPTACAO E TRANSFERENCIA DE RECURSOS E PARCERIAS"",2062,REPRESENTACAO E DEFESA DOS INTERESSES DO ESTADO DE MINAS GERAIS EM BRASILIA"
2026|1721|2417,2026,1721,4,ADMINISTRACAO,122,ADMINISTRACAO GERAL,705,APOIO AS POLITICAS PUBLICAS,2417,REMUNERACAO DE PESSOAL ATIVO E ENCARGOS SOCIAIS
2026|1721|2500,2026,1721,4,ADMINISTRACAO,122,ADMINISTRACAO GERAL,705,APOIO AS POLITICAS PUBLICAS,2500,ASSESSORAMENTO E GERENCIAMENTO DE POLITICAS PUBLICAS
"2026|1721|2066,2026,1721,7,RELACOES EXTERIORES,212,COOPERACAO INTERNACIONAL,131,""ARTICULACAO INTERFEDERATIVA,  ATRACAO DE INVESTIMENTOS, CAPTACAO E TRANSFERENCIA DE RECURSOS E PARCERIAS"",2066,MINAS INTERNACIONAL"
2026|1911|2049,2026,1911,4,ADMINISTRACAO,123,ADMINISTRACAO FINANCEIRA,705,APOIO AS POLITICAS PUBLICAS,2049,ENCARGOS DA ADMINISTRACAO FINANCEIRA CENTRAL
2026|1911|7663,2026,1911,28,ENCARGOS ESPECIAIS,846,OUTROS ENCARGOS ESPECIAIS,705,APOIO AS POLITICAS PUBLICAS,7663,CAPTACAO DE RECURSOS PARA FORMACAO DO PROGRAMA DE FORMACAO DO PATRIMONIO DO SERVIDOR PUBLICO - PASEP
2026|1915|7707,2026,1915,4,ADMINISTRACAO,122,ADMINISTRACAO GERAL,705,APOIO AS POLITICAS PUBLICAS,7707,PROGRAMACAO A CARGO DO ESTADO PARA A MINAS GERAIS ADMINISTRACAO E SERVICOS (MGS)
2026|1915|7700,2026,1915,4,ADMINISTRACAO,123,ADMINISTRACAO FINANCEIRA,705,APOIO AS POLITICAS PUBLICAS,7700,PROGRAMACAO A CARGO DO ESTADO PARA A MINAS GERAIS PARTICIPACOES (MGI)
2026|1915|7723,2026,1915,4,ADMINISTRACAO,126,TECNOLOGIA DA INFORMACAO,705,APOIO AS POLITICAS PUBLICAS,7723,PROGRAMACAO A CARGO DO ESTADO PARA A COMPANHIA DE TECNOLOGIA DA INFORMACAO DO ESTADO DE MINAS GERAIS
2026|1915|7734,2026,1915,16,HABITACAO,482,HABITACAO URBANA,705,APOIO AS POLITICAS PUBLICAS,7734,PROGRAMACAO A CARGO DO ESTADO PARA COMPANHIA DE HABITACAO DO ESTADO DE MINAS GERAIS (COHAB)
2026|1915|7737,2026,1915,17,SANEAMENTO,512,SANEAMENTO BASICO URBANO,705,APOIO AS POLITICAS PUBLICAS,7737,PROGRAMACAO A CARGO DO ESTADO PARA A COMPANHIA DE SANEAMENTO DE MINAS GERAIS (COPASA)
2026|1915|7054,2026,1915,22,INDUSTRIA,662,PRODUCAO INDUSTRIAL,705,APOIO AS POLITICAS PUBLICAS,7054,PROGRAMACAO A CARGO DO ESTADO PARA A COMPANHIA DE DESENVOLVIMENTO DE MINAS GERAIS (CODEMGE)
2026|1915|7541,2026,1915,22,INDUSTRIA,662,PRODUCAO INDUSTRIAL,705,APOIO AS POLITICAS PUBLICAS,7541,PROGRAMACAO A CARGO DO ESTADO PARA A COMPANHIA DE DESENVOLVIMENTO DO ESTADO DE MINAS GERAIS (CODEMIG
2026|1915|7752,2026,1915,23,COMERCIO E SERVICOS,694,SERVICOS FINANCEIROS,705,APOIO AS POLITICAS PUBLICAS,7752,PROGRAMACAO A CARGO DO ESTADO PARA O BANCO DE DESENVOLVIMENTO DE MINAS GERAIS (BDMG)
2026|1915|7758,2026,1915,25,ENERGIA,752,ENERGIA ELETRICA,705,APOIO AS POLITICAS PUBLICAS,7758,PROGRAMACAO A CARGO DO ESTADO PARA A COMPANHIA ENEGETICA DE MINAS GERAIS (CEMIG)
2026|1915|7759,2026,1915,26,TRANSPORTE,783,TRANSPORTE FERROVIARIO,705,APOIO AS POLITICAS PUBLICAS,7759,PROGRAMACAO A CARGO DO ESTADO PARA TREM METROPOLITANO DE BELO HORIZONTE (METROMINAS)
2026|1916|7886,2026,1916,28,ENCARGOS ESPECIAIS,843,SERVICO DA DIVIDA INTERNA,705,APOIO AS POLITICAS PUBLICAS,7886,GESTAO DA DIVIDA FUNDADA CONTRATUAL INTERNA
2026|1916|7896,2026,1916,28,ENCARGOS ESPECIAIS,844,SERVICO DA DIVIDA EXTERNA,705,APOIO AS POLITICAS PUBLICAS,7896,GESTAO DA DIVIDA FUNDADA CONTRATUAL EXTERNA
2026|1916|7003,2026,1916,28,ENCARGOS ESPECIAIS,846,OUTROS ENCARGOS ESPECIAIS,705,APOIO AS POLITICAS PUBLICAS,7003,RESTITUICAO AO TJMG DOS DEPOSITOS JUDICIAIS
2026|1916|7013,2026,1916,28,ENCARGOS ESPECIAIS,846,OUTROS ENCARGOS ESPECIAIS,705,APOIO AS POLITICAS PUBLICAS,7013,GESTAO DE GARANTIA E/OU CONTRAGARANTIA EM OPERACOES DE TERCEIROS
2026|1916|7019,2026,1916,28,ENCARGOS ESPECIAIS,846,OUTROS ENCARGOS ESPECIAIS,705,APOIO AS POLITICAS PUBLICAS,7019,FUNDO DE EQUALIZACAO FEDERATIVA
2026|1916|7030,2026,1916,28,ENCARGOS ESPECIAIS,846,OUTROS ENCARGOS ESPECIAIS,705,APOIO AS POLITICAS PUBLICAS,7030,ENCARGOS DEVIDOS POR FINANCIAMENTO JUNTO AO INSTITUTO NACIONAL DA SEGURIDADE SOCIAL - INSS
2026|1916|7043,2026,1916,28,ENCARGOS ESPECIAIS,846,OUTROS ENCARGOS ESPECIAIS,705,APOIO AS POLITICAS PUBLICAS,7043,ENCARGOS DEVIDOS POR FINANCIAMENTO JUNTO AO PROGRAMA DE FORMACAO DO PATRIMONIO DO SERVIDOR PUBLICO -
2026|1916|7658,2026,1916,28,ENCARGOS ESPECIAIS,846,OUTROS ENCARGOS ESPECIAIS,705,APOIO AS POLITICAS PUBLICAS,7658,ENCARGOS DEVIDOS POR FINANCIAMENTO JUNTO AOS INSTITUTOS DE PREVIDENCIA DOS SERVIDORES MILITARES DO E
2026|1941|4488,2026,1941,4,ADMINISTRACAO,122,ADMINISTRACAO GERAL,160,MELHORIA DA GESTAO LOGISTICA E PATRIMONIAL,4488,IMPLANTACAO E OPERACAO DO ALMOXARIFADO VIRTUAL
2026|1941|4489,2026,1941,4,ADMINISTRACAO,122,ADMINISTRACAO GERAL,160,MELHORIA DA GESTAO LOGISTICA E PATRIMONIAL,4489,APRIMORAMENTO DA REDE DE POSTOS PROPRIOS QUE ATENDE A FROTA ESTADUAL
2026|1941|7024,2026,1941,4,ADMINISTRACAO,274,PREVIDENCIA ESPECIAL,705,APOIO AS POLITICAS PUBLICAS,7024,PAGAMENTOS MENSAIS DE PROVENTOS  AOS ASSISTIDOS E PENSIONISTAS DO PLANO DE PREVIDENCIA COMPLEMENTAR
2026|1941|7441,2026,1941,4,ADMINISTRACAO,274,PREVIDENCIA ESPECIAL,705,APOIO AS POLITICAS PUBLICAS,7441,PENSOES ESPECIAIS DE RESPONSABILIDADE DO PODER EXECUTIVO ESTADUAL
2026|1951|2132,2026,1951,4,ADMINISTRACAO,122,ADMINISTRACAO GERAL,705,APOIO AS POLITICAS PUBLICAS,2132,RECURSOS PARA CONTRAPARTIDA A CONVENIOS E CONGENERES
2026|1991|9999,2026,1991,99,RESERVA DE CONTINGENCIA,999,RESERVA DE CONTINGENCIA,999,RESERVA DE CONTINGENCIA,9999,RESERVA DE CONTINGENCIA
"2026|2011|2014,2026,2011,4,ADMINISTRACAO,122,ADMINISTRACAO GERAL,705,APOIO AS POLITICAS PUBLICAS,2014,ASSESSORAMENTO E GESTAO PREVIDENCIARIA 				"
"2026|2011|4409,2026,2011,8,ASSISTENCIA SOCIAL,244,ASSISTENCIA COMUNITARIA,138,""CONCESSAO DE AUXILIO FINANCEIRO, SEGURO E PECULIO"",4409,AUXILIO FINANCEIRO AO SEGURADO             				"
2026|2011|2012,2026,2011,10,SAUDE,122,ADMINISTRACAO GERAL,39,GESTAO DA ASSISTENCIA A SAUDE,2012,ASSESSORAMENTO E GESTAO DA ASSISTENCIA A SAUDE
2026|2011|2039,2026,2011,10,SAUDE,122,ADMINISTRACAO GERAL,705,APOIO AS POLITICAS PUBLICAS,2039,ASSESSORAMENTO E GESTAO DAS UNIDADES REGIONAIS DO IPSEMG
2026|2011|2417,2026,2011,10,SAUDE,122,ADMINISTRACAO GERAL,705,APOIO AS POLITICAS PUBLICAS,2417,REMUNERACAO DE PESSOAL ATIVO E ENCARGOS SOCIAIS
2026|2011|2500,2026,2011,10,SAUDE,122,ADMINISTRACAO GERAL,705,APOIO AS POLITICAS PUBLICAS,2500,ASSESSORAMENTO E GERENCIAMENTO DE POLITICAS PUBLICAS
2026|2011|4068,2026,2011,10,SAUDE,302,ASSISTENCIA HOSPITALAR E AMBULATORIAL,39,GESTAO DA ASSISTENCIA A SAUDE,4068,REDE DE ASSISTENCIA A SAUDE ODONTOLOGICA CONTRATADA
2026|2011|4073,2026,2011,10,SAUDE,302,ASSISTENCIA HOSPITALAR E AMBULATORIAL,39,GESTAO DA ASSISTENCIA A SAUDE,4073,REDE DE ASSISTENCIA A SAUDE HOSPITALAR CONTRATADA
2026|2011|4074,2026,2011,10,SAUDE,302,ASSISTENCIA HOSPITALAR E AMBULATORIAL,39,GESTAO DA ASSISTENCIA A SAUDE,4074,REDE DE ASSISTENCIA A SAUDE AMBULATORIAL CONTRATADA
"2026|2011|4410,2026,2011,10,SAUDE,302,ASSISTENCIA HOSPITALAR E AMBULATORIAL,39,GESTAO DA ASSISTENCIA A SAUDE,4410,ATENDIMENTO DE ORDENS JUDICIAIS PARA ASSISTENCIA A SAUDE				"
2026|2011|4229,2026,2011,10,SAUDE,302,ASSISTENCIA HOSPITALAR E AMBULATORIAL,88,SERVICOS DE SAUDE PRESTADOS PELO IPSEMG NA REDE PROPRIA,4229,ATENCAO A SAUDE AMBULATORIAL NA REDE PROPRIA
2026|2011|4230,2026,2011,10,SAUDE,302,ASSISTENCIA HOSPITALAR E AMBULATORIAL,88,SERVICOS DE SAUDE PRESTADOS PELO IPSEMG NA REDE PROPRIA,4230,ATENCAO A SAUDE ODONTOLOGICA NA REDE PROPRIA
2026|2011|4231,2026,2011,10,SAUDE,302,ASSISTENCIA HOSPITALAR E AMBULATORIAL,88,SERVICOS DE SAUDE PRESTADOS PELO IPSEMG NA REDE PROPRIA,4231,ATENCAO A SAUDE HOSPITALAR NA REDE PROPRIA
2026|2011|7004,2026,2011,28,ENCARGOS ESPECIAIS,846,OUTROS ENCARGOS ESPECIAIS,705,APOIO AS POLITICAS PUBLICAS,7004,PRECATORIOS E SENTENCAS JUDICIARIAS
2026|2041|2417,2026,2041,23,COMERCIO E SERVICOS,122,ADMINISTRACAO GERAL,705,APOIO AS POLITICAS PUBLICAS,2417,REMUNERACAO DE PESSOAL ATIVO E ENCARGOS SOCIAIS
2026|2041|2500,2026,2041,23,COMERCIO E SERVICOS,122,ADMINISTRACAO GERAL,705,APOIO AS POLITICAS PUBLICAS,2500,ASSESSORAMENTO E GERENCIAMENTO DE POLITICAS PUBLICAS
2026|2041|4340,2026,2041,23,COMERCIO E SERVICOS,692,COMERCIALIZACAO,126,EXPLORACAO DE JOGOS LOTERICOS E SIMILARES,4340,OPERACIONALIZACAO DE JOGOS
2026|2041|7004,2026,2041,28,ENCARGOS ESPECIAIS,846,OUTROS ENCARGOS ESPECIAIS,705,APOIO AS POLITICAS PUBLICAS,7004,PRECATORIOS E SENTENCAS JUDICIARIAS
2026|2061|4249,2026,2061,4,ADMINISTRACAO,121,PLANEJAMENTO E ORCAMENTO,95,ASSESSORIA E PESQUISA EM POLITICAS PUBLICAS,4249,ASSESSORAMENTO EM POLITICAS PUBLICAS
2026|2061|4250,2026,2061,4,ADMINISTRACAO,121,PLANEJAMENTO E ORCAMENTO,95,ASSESSORIA E PESQUISA EM POLITICAS PUBLICAS,4250,FOMENTO A AVALIACAO DE POLITICAS PUBLICAS
2026|2061|4251,2026,2061,4,ADMINISTRACAO,121,PLANEJAMENTO E ORCAMENTO,95,ASSESSORIA E PESQUISA EM POLITICAS PUBLICAS,4251,PESQUISAS EM POLITICAS PUBLICAS
"2026|2061|4254,2026,2061,4,ADMINISTRACAO,121,PLANEJAMENTO E ORCAMENTO,96,PRODUCAO DE ESTATISTICAS E INFORMACOES,4254,""MANUTENCAO DA DIVISAO TERRITORIAL, CONSTRUCAO DE MAPEAMENTO DE MINAS GERAIS E GESTAO DA IEDE"""
2026|2061|4255,2026,2061,4,ADMINISTRACAO,121,PLANEJAMENTO E ORCAMENTO,96,PRODUCAO DE ESTATISTICAS E INFORMACOES,4255,SISTEMATIZACAO DAS INFORMACOES ESTATISTICAS E GEOINFORMACOES DE MG
2026|2061|4257,2026,2061,4,ADMINISTRACAO,121,PLANEJAMENTO E ORCAMENTO,96,PRODUCAO DE ESTATISTICAS E INFORMACOES,4257,TRANSFORMACAO DIGITAL
2026|2061|2417,2026,2061,12,EDUCACAO,122,ADMINISTRACAO GERAL,705,APOIO AS POLITICAS PUBLICAS,2417,REMUNERACAO DE PESSOAL ATIVO E ENCARGOS SOCIAIS
2026|2061|2500,2026,2061,12,EDUCACAO,122,ADMINISTRACAO GERAL,705,APOIO AS POLITICAS PUBLICAS,2500,ASSESSORAMENTO E GERENCIAMENTO DE POLITICAS PUBLICAS
2026|2061|4027,2026,2061,12,EDUCACAO,364,ENSINO SUPERIOR,91,APRIMORAMENTO DA GESTAO PUBLICA POR MEIO DE ENSINO DE EXCELENCIA,4027,ACOES TRANSVERSAIS ESTRATEGICAS DA ESCOLA DE GOVERNO
2026|2061|4240,2026,2061,12,EDUCACAO,364,ENSINO SUPERIOR,91,APRIMORAMENTO DA GESTAO PUBLICA POR MEIO DE ENSINO DE EXCELENCIA,4240,FORMACAO CONTINUADA E EXECUTIVA
2026|2061|4242,2026,2061,12,EDUCACAO,364,ENSINO SUPERIOR,91,APRIMORAMENTO DA GESTAO PUBLICA POR MEIO DE ENSINO DE EXCELENCIA,4242,ESTUDOS E PESQUISAS NA AREA DE GESTAO PUBLICA
2026|2061|4243,2026,2061,12,EDUCACAO,364,ENSINO SUPERIOR,91,APRIMORAMENTO DA GESTAO PUBLICA POR MEIO DE ENSINO DE EXCELENCIA,4243,FORMACAO DE PESSOAS NO NIVEL DE GRADUACAO
2026|2061|4244,2026,2061,12,EDUCACAO,364,ENSINO SUPERIOR,91,APRIMORAMENTO DA GESTAO PUBLICA POR MEIO DE ENSINO DE EXCELENCIA,4244,FORMACAO DE PESSOAS NO NIVEL DE POS-GRADUACAO (LATO SENSU)
2026|2061|4245,2026,2061,12,EDUCACAO,364,ENSINO SUPERIOR,91,APRIMORAMENTO DA GESTAO PUBLICA POR MEIO DE ENSINO DE EXCELENCIA,4245,FORMACAO DE PESSOAS NO NIVEL DE POS-GRADUACAO (STRICTO SENSU)
2026|2061|4246,2026,2061,12,EDUCACAO,364,ENSINO SUPERIOR,91,APRIMORAMENTO DA GESTAO PUBLICA POR MEIO DE ENSINO DE EXCELENCIA,4246,PARTICIPACAO EM EXTENSAO ACADEMICA
2026|2061|4248,2026,2061,13,CULTURA,573,DIFUSAO DO CONHECIMENTO CIENTIFICO E TECNOLOGICO,93,PROMOCAO E PRESERVACAO DA MEMORIA TECNICO-CIENTIFICA DO ESTADO DE MINAS GERAIS,4248,MANUTENCAO DA BIBLIOTECA DIGITAL DE MINAS GERAIS RAYMUNDO NONATO DE CASTRO
2026|2061|7004,2026,2061,28,ENCARGOS ESPECIAIS,846,OUTROS ENCARGOS ESPECIAIS,705,APOIO AS POLITICAS PUBLICAS,7004,PRECATORIOS E SENTENCAS JUDICIARIAS
2026|2071|2500,2026,2071,19,CIENCIA E TECNOLOGIA,122,ADMINISTRACAO GERAL,705,APOIO AS POLITICAS PUBLICAS,2500,ASSESSORAMENTO E GERENCIAMENTO DE POLITICAS PUBLICAS
"2026|2071|4048,2026,2071,19,CIENCIA E TECNOLOGIA,571,DESENVOLVIMENTO CIENTIFICO,22,""CONSTRUINDO O FUTURO POR MEIO DA CIENCIA, DA TECNOLOGIA E DA INOVACAO"",4048,""FORMACAO, CAPACITACAO, ATRACAO E FIXACAO DE PESSOAS PARA ATUACAO EM CIENCIA, TECNOLOGIA E INOVACAO"""
"2026|2071|4387,2026,2071,19,CIENCIA E TECNOLOGIA,571,DESENVOLVIMENTO CIENTIFICO,22,""CONSTRUINDO O FUTURO POR MEIO DA CIENCIA, DA TECNOLOGIA E DA INOVACAO"",4387,FOMENTO A INOVACAO DE BASE CIENTIFICA OU TECNOLOGICA"
"2026|2071|4513,2026,2071,19,CIENCIA E TECNOLOGIA,571,DESENVOLVIMENTO CIENTIFICO,22,""CONSTRUINDO O FUTURO POR MEIO DA CIENCIA, DA TECNOLOGIA E DA INOVACAO"",4513,FOMENTO A PESQUISA CIENTIFICA BASICA E APLICADA E AO DESENVOLVIMENTO TECNOLOGICO"
"2026|2071|1087,2026,2071,19,CIENCIA E TECNOLOGIA,571,DESENVOLVIMENTO CIENTIFICO,143,""MG TECH - POLITICAS DE CIENCIA, TECNOLOGIA E INOVACAO"",1087,""FOMENTO A CIENCIA, PESQUISA, DESENVOLVIMENTO, INOVACAO E A TRANSFERENCIA DE TECNOLOGIA"""
"2026|2071|1088,2026,2071,19,CIENCIA E TECNOLOGIA,571,DESENVOLVIMENTO CIENTIFICO,143,""MG TECH - POLITICAS DE CIENCIA, TECNOLOGIA E INOVACAO"",1088,""FOMENTO A AMBIENTES E ESTRUTURAS DE APOIO A PESQUISA, DESENVOLVIMENTO E INOVACAO"""
2026|2071|2417,2026,2071,19,CIENCIA E TECNOLOGIA,571,DESENVOLVIMENTO CIENTIFICO,705,APOIO AS POLITICAS PUBLICAS,2417,REMUNERACAO DE PESSOAL ATIVO E ENCARGOS SOCIAIS
"2026|2071|4389,2026,2071,19,CIENCIA E TECNOLOGIA,572,DESENVOLVIMENTO TECNOLOGICO E ENGENHARIA,22,""CONSTRUINDO O FUTURO POR MEIO DA CIENCIA, DA TECNOLOGIA E DA INOVACAO"",4389,""FOMENTO A ESTRUTURAS PARA PESQUISA, DESENVOLVIMENTO E INOVACAO"""
"2026|2071|4362,2026,2071,19,CIENCIA E TECNOLOGIA,573,DIFUSAO DO CONHECIMENTO CIENTIFICO E TECNOLOGICO,22,""CONSTRUINDO O FUTURO POR MEIO DA CIENCIA, DA TECNOLOGIA E DA INOVACAO"",4362,COMUNICACAO CIENTIFICA"
"2026|2071|1068,2026,2071,19,CIENCIA E TECNOLOGIA,573,DIFUSAO DO CONHECIMENTO CIENTIFICO E TECNOLOGICO,143,""MG TECH - POLITICAS DE CIENCIA, TECNOLOGIA E INOVACAO"",1068,SETOR PRODUTIVO MAIS INOVADOR"
"2026|2071|1069,2026,2071,19,CIENCIA E TECNOLOGIA,573,DIFUSAO DO CONHECIMENTO CIENTIFICO E TECNOLOGICO,143,""MG TECH - POLITICAS DE CIENCIA, TECNOLOGIA E INOVACAO"",1069,FORMACAO E RETENCAO DE TALENTOS EM AREAS TECNOLOGICAS"
2026|2071|7004,2026,2071,28,ENCARGOS ESPECIAIS,846,OUTROS ENCARGOS ESPECIAIS,705,APOIO AS POLITICAS PUBLICAS,7004,PRECATORIOS E SENTENCAS JUDICIARIAS
2026|2091|2417,2026,2091,18,GESTAO AMBIENTAL,122,ADMINISTRACAO GERAL,705,APOIO AS POLITICAS PUBLICAS,2417,REMUNERACAO DE PESSOAL ATIVO E ENCARGOS SOCIAIS
2026|2091|2500,2026,2091,18,GESTAO AMBIENTAL,122,ADMINISTRACAO GERAL,705,APOIO AS POLITICAS PUBLICAS,2500,ASSESSORAMENTO E GERENCIAMENTO DE POLITICAS PUBLICAS
2026|2091|4069,2026,2091,18,GESTAO AMBIENTAL,541,PRESERVACAO E CONSERVACAO AMBIENTAL,40,RECUPERACAO AMBIENTAL E GESTAO DE BARRAGENS,4069,GESTAO DE BARRAGENS
2026|2091|4071,2026,2091,18,GESTAO AMBIENTAL,542,CONTROLE AMBIENTAL,41,REGULARIZACAO AMBIENTAL,4071,LICENCIAMENTO AMBIENTAL
2026|2091|4072,2026,2091,18,GESTAO AMBIENTAL,542,CONTROLE AMBIENTAL,41,REGULARIZACAO AMBIENTAL,4072,APOIO AO LICENCIAMENTO AMBIENTAL MUNICIPAL
2026|2091|4070,2026,2091,18,GESTAO AMBIENTAL,543,RECUPERACAO DE AREAS DEGRADADAS,40,RECUPERACAO AMBIENTAL E GESTAO DE BARRAGENS,4070,GESTAO E RECUPERACAO DE AREAS DEGRADADAS E CONTAMINADAS
2026|2091|7004,2026,2091,28,ENCARGOS ESPECIAIS,846,OUTROS ENCARGOS ESPECIAIS,705,APOIO AS POLITICAS PUBLICAS,7004,PRECATORIOS E SENTENCAS JUDICIARIAS
2026|2101|2417,2026,2101,18,GESTAO AMBIENTAL,122,ADMINISTRACAO GERAL,705,APOIO AS POLITICAS PUBLICAS,2417,REMUNERACAO DE PESSOAL ATIVO E ENCARGOS SOCIAIS
2026|2101|2500,2026,2101,18,GESTAO AMBIENTAL,122,ADMINISTRACAO GERAL,705,APOIO AS POLITICAS PUBLICAS,2500,ASSESSORAMENTO E GERENCIAMENTO DE POLITICAS PUBLICAS
"2026|2101|4054,2026,2101,18,GESTAO AMBIENTAL,541,PRESERVACAO E CONSERVACAO AMBIENTAL,31,""PROTECAO DAS AREAS AMBIENTALMENTE CONSERVADAS, DA FAUNA E DA BIODIVERSIDADE FLORESTAL"",4054,PREVENCAO E COMBATE A INCENDIOS FLORESTAIS"
"2026|2101|4057,2026,2101,18,GESTAO AMBIENTAL,541,PRESERVACAO E CONSERVACAO AMBIENTAL,31,""PROTECAO DAS AREAS AMBIENTALMENTE CONSERVADAS, DA FAUNA E DA BIODIVERSIDADE FLORESTAL"",4057,PARC - PROGRAMA DE CONCESSAO DE PARQUES ESTADUAIS"
"2026|2101|4058,2026,2101,18,GESTAO AMBIENTAL,541,PRESERVACAO E CONSERVACAO AMBIENTAL,31,""PROTECAO DAS AREAS AMBIENTALMENTE CONSERVADAS, DA FAUNA E DA BIODIVERSIDADE FLORESTAL"",4058,PROTECAO E CONSERVACAO DA FAUNA SILVESTRE"
"2026|2101|4059,2026,2101,18,GESTAO AMBIENTAL,541,PRESERVACAO E CONSERVACAO AMBIENTAL,31,""PROTECAO DAS AREAS AMBIENTALMENTE CONSERVADAS, DA FAUNA E DA BIODIVERSIDADE FLORESTAL"",4059,GESTAO DE UNIDADES E CONSERVACAO"
"2026|2101|4500,2026,2101,18,GESTAO AMBIENTAL,541,PRESERVACAO E CONSERVACAO AMBIENTAL,31,""PROTECAO DAS AREAS AMBIENTALMENTE CONSERVADAS, DA FAUNA E DA BIODIVERSIDADE FLORESTAL"",4500,REGULARIZACAO FUNDIARIA DE UNIDADES DE CONSERVACAO"
2026|2101|4091,2026,2101,18,GESTAO AMBIENTAL,541,PRESERVACAO E CONSERVACAO AMBIENTAL,46,SUPORTE AEREO AOS SERVICOS PUBLICOS ESTADUAIS,4091,GESTAO DE AERONAVES DO SISEMA
"2026|2101|4055,2026,2101,18,GESTAO AMBIENTAL,542,CONTROLE AMBIENTAL,31,""PROTECAO DAS AREAS AMBIENTALMENTE CONSERVADAS, DA FAUNA E DA BIODIVERSIDADE FLORESTAL"",4055,CONTROLE E MONITORAMENTO DE ATIVIDADES FLORESTAIS"
"2026|2101|4056,2026,2101,18,GESTAO AMBIENTAL,543,RECUPERACAO DE AREAS DEGRADADAS,31,""PROTECAO DAS AREAS AMBIENTALMENTE CONSERVADAS, DA FAUNA E DA BIODIVERSIDADE FLORESTAL"",4056,RECUPERACAO AMBIENTAL"
2026|2101|7004,2026,2101,28,ENCARGOS ESPECIAIS,846,OUTROS ENCARGOS ESPECIAIS,705,APOIO AS POLITICAS PUBLICAS,7004,PRECATORIOS E SENTENCAS JUDICIARIAS
2026|2121|2018,2026,2121,9,PREVIDENCIA SOCIAL,122,ADMINISTRACAO GERAL,705,APOIO AS POLITICAS PUBLICAS,2018,APOIO AO SISTEMA DE PROTECAO SOCIAL DOS MILITARES DE MINAS GERAIS
2026|2121|2417,2026,2121,9,PREVIDENCIA SOCIAL,122,ADMINISTRACAO GERAL,705,APOIO AS POLITICAS PUBLICAS,2417,REMUNERACAO DE PESSOAL ATIVO E ENCARGOS SOCIAIS
2026|2121|4010,2026,2121,9,PREVIDENCIA SOCIAL,272,PREVIDENCIA DO REGIME ESTATUTARIO,8,PRESTACAO DE SERVICOS PREVIDENCIARIOS,4010,AUXILIOS PREVIDENCIARIOS E ASSISTENCIAIS CONCEDIDOS AOS SEGURADOS E AOS SEUS DEPENDENTES
2026|2121|4011,2026,2121,9,PREVIDENCIA SOCIAL,272,PREVIDENCIA DO REGIME ESTATUTARIO,8,PRESTACAO DE SERVICOS PREVIDENCIARIOS,4011,AUXILIO RECLUSAO CONCEDIDO AOS DEPENDENTES DO SEGURADO
2026|2121|7002,2026,2121,9,PREVIDENCIA SOCIAL,272,PREVIDENCIA DO REGIME ESTATUTARIO,705,APOIO AS POLITICAS PUBLICAS,7002,ENCARGOS COM PENSIONISTAS
2026|2121|2017,2026,2121,10,SAUDE,122,ADMINISTRACAO GERAL,705,APOIO AS POLITICAS PUBLICAS,2017,APOIO A POLITICA DE SAUDE PARA OS MILITARES
2026|2121|4008,2026,2121,10,SAUDE,302,ASSISTENCIA HOSPITALAR E AMBULATORIAL,6,ASSISTENCIA A SAUDE DOS SEGURADOS E DOS SEUS DEPENDENTES,4008,ASSISTENCIA A SAUDE DOS SEGURADOS E DE SEUS DEPENDENTES
2026|2121|4009,2026,2121,10,SAUDE,302,ASSISTENCIA HOSPITALAR E AMBULATORIAL,6,ASSISTENCIA A SAUDE DOS SEGURADOS E DOS SEUS DEPENDENTES,4009,ASSITENCIA ODONTOLOGICA AOS SEGURADOS MILITARES E A SEUS DEPENDENTES
2026|2121|7004,2026,2121,28,ENCARGOS ESPECIAIS,846,OUTROS ENCARGOS ESPECIAIS,705,APOIO AS POLITICAS PUBLICAS,7004,PRECATORIOS E SENTENCAS JUDICIARIAS
2026|2151|2500,2026,2151,12,EDUCACAO,122,ADMINISTRACAO GERAL,705,APOIO AS POLITICAS PUBLICAS,2500,ASSESSORAMENTO E GERENCIAMENTO DE POLITICAS PUBLICAS
2026|2151|2027,2026,2151,12,EDUCACAO,242,ASSISTENCIA A PESSOA COM DEFICIENCIA,75,AMPLIACAO E MODERNIZACAO DA FUNDACAO HELENA ANTIPOFF,2027,CENTRO DO AUTISMO E INCLUSAO ANTIPOFFIANO
2026|2151|2022,2026,2151,12,EDUCACAO,244,ASSISTENCIA COMUNITARIA,51,ATENDIMENTO COMUNITARIO E PSICOPEDAGOGICO NA FUNDACAO HELENA ANTIPOFF,2022,INTERVENCOES COLETIVAS E SOCIOEMOCIONAIS REALIZADAS NA CLINICA PSICOPEDAGOGICA EDOUARD CLAPAREDE
2026|2151|4092,2026,2151,12,EDUCACAO,244,ASSISTENCIA COMUNITARIA,51,ATENDIMENTO COMUNITARIO E PSICOPEDAGOGICO NA FUNDACAO HELENA ANTIPOFF,4092,OFICINAS PEDAGOGICAS: UM OLHAR AO CIDADAO
2026|2151|4093,2026,2151,12,EDUCACAO,244,ASSISTENCIA COMUNITARIA,51,ATENDIMENTO COMUNITARIO E PSICOPEDAGOGICO NA FUNDACAO HELENA ANTIPOFF,4093,ATENDIMENTO NA CLINICA PSICOPEDAGOGICA EDOUARD CLAPAREDE
2026|2151|2130,2026,2151,12,EDUCACAO,306,ALIMENTACAO E NUTRICAO,163,ALIMENTACAO ESCOLAR,2130,MELHORIA NA ALIMENTACAO
2026|2151|4078,2026,2151,12,EDUCACAO,361,ENSINO FUNDAMENTAL,42,DESENVOLVIMENTO DA EDUCACAO BASICA,4078,ENSINO FUNDAMENTAL
2026|2151|4080,2026,2151,12,EDUCACAO,362,ENSINO MEDIO,42,DESENVOLVIMENTO DA EDUCACAO BASICA,4080,ENSINO MEDIO REGULAR
2026|2151|4075,2026,2151,12,EDUCACAO,368,EDUCACAO BASICA,42,DESENVOLVIMENTO DA EDUCACAO BASICA,4075,FORMACAO CONTINUADA DE PROFESSORES PELO NUCLEO DE FORMACAO PRESENCIAL E A DISTANCIA
2026|2151|4076,2026,2151,12,EDUCACAO,368,EDUCACAO BASICA,42,DESENVOLVIMENTO DA EDUCACAO BASICA,4076,PASSAPORTE MINEIRO DO CONHECIMENTO
2026|2151|4077,2026,2151,12,EDUCACAO,368,EDUCACAO BASICA,42,DESENVOLVIMENTO DA EDUCACAO BASICA,4077,EDUCACAO BASICA: AMPLIACAO DA JORNADA ESCOLAR
2026|2151|4175,2026,2151,12,EDUCACAO,368,EDUCACAO BASICA,42,DESENVOLVIMENTO DA EDUCACAO BASICA,4175,PLUG MINAS
2026|2151|4232,2026,2151,12,EDUCACAO,368,EDUCACAO BASICA,42,DESENVOLVIMENTO DA EDUCACAO BASICA,4232,ASSISTENCIA ESTUDANTIL
2026|2151|2015,2026,2151,12,EDUCACAO,368,EDUCACAO BASICA,51,ATENDIMENTO COMUNITARIO E PSICOPEDAGOGICO NA FUNDACAO HELENA ANTIPOFF,2015,CERTIFICACOES PELO NUCLEO DE FORMACAO PRESENCIAL E A DISTANCIA
2026|2151|4198,2026,2151,12,EDUCACAO,368,EDUCACAO BASICA,76,DESENVOLVIMENTO DA EDUCACAO PROFISSIONAL TECNICA,4198,ATENDIMENTO NO ENSINO TECNICO PROFISSIONALIZANTE
2026|2151|4199,2026,2151,12,EDUCACAO,368,EDUCACAO BASICA,76,DESENVOLVIMENTO DA EDUCACAO PROFISSIONAL TECNICA,4199,ENSINO MEDIO EM TEMPO INTEGRAL - EMTI
"2026|2151|4233,2026,2151,12,EDUCACAO,368,EDUCACAO BASICA,89,""MEMORIA VIVA: DIFUSAO CULTURAL, PATRIMONIO MATERIAL E IMATERIAL"",4233,MUSEU HELENA ANTIPOFF"
"2026|2151|4234,2026,2151,12,EDUCACAO,368,EDUCACAO BASICA,89,""MEMORIA VIVA: DIFUSAO CULTURAL, PATRIMONIO MATERIAL E IMATERIAL"",4234,FORMACAO NA PERSPECTIVA ANTIPOFFIANA"
2026|2151|1023,2026,2151,12,EDUCACAO,572,DESENVOLVIMENTO TECNOLOGICO E ENGENHARIA,75,AMPLIACAO E MODERNIZACAO DA FUNDACAO HELENA ANTIPOFF,1023,CENTRO DE PESQUISA AMBIENTAL E INOVACAO TECNOLOGICA
2026|2151|1024,2026,2151,12,EDUCACAO,812,DESPORTO COMUNITARIO,75,AMPLIACAO E MODERNIZACAO DA FUNDACAO HELENA ANTIPOFF,1024,COMPLEXO ESPORTIVO HELENA ANTIPOFF
2026|2151|7004,2026,2151,28,ENCARGOS ESPECIAIS,846,OUTROS ENCARGOS ESPECIAIS,705,APOIO AS POLITICAS PUBLICAS,7004,PRECATORIOS E SENTENCAS JUDICIARIAS
2026|2161|4515,2026,2161,4,ADMINISTRACAO,122,ADMINISTRACAO GERAL,104,ENFRENTAMENTO A VULNERABILIDADE NOS TERRITORIOS DE ATUACAO DA FUCAM,4515,MANUTENCAO DA OPERACAO DOS CENTROS EDUCACIONAIS
2026|2161|2417,2026,2161,11,TRABALHO,122,ADMINISTRACAO GERAL,705,APOIO AS POLITICAS PUBLICAS,2417,REMUNERACAO DE PESSOAL ATIVO E ENCARGOS SOCIAIS
2026|2161|2500,2026,2161,11,TRABALHO,122,ADMINISTRACAO GERAL,705,APOIO AS POLITICAS PUBLICAS,2500,ASSESSORAMENTO E GERENCIAMENTO DE POLITICAS PUBLICAS
"2026|2161|1011,2026,2161,11,TRABALHO,242,ASSISTENCIA A PESSOA COM DEFICIENCIA,5,""PROGRAMA MINEIRO DE ACESSIBILIDADE, INCLUSAO E SAUDE (PROMAIS)"",1011,CAPACITACAO DOS PROFISSIONAIS DA FUCAM PARA ATENDIMENTO ADEQUADO A PESSOAS COM DEFICIENCIAS"
"2026|2161|1030,2026,2161,11,TRABALHO,242,ASSISTENCIA A PESSOA COM DEFICIENCIA,5,""PROGRAMA MINEIRO DE ACESSIBILIDADE, INCLUSAO E SAUDE (PROMAIS)"",1030,REALIZACAO DE INTERVENCOES DE MELHORIA DA ACESSIBILIDADE NOS ESPACOS DA FUCAM"
2026|2161|4285,2026,2161,11,TRABALHO,334,FOMENTO AO TRABALHO,104,ENFRENTAMENTO A VULNERABILIDADE NOS TERRITORIOS DE ATUACAO DA FUCAM,4285,INCLUSAO SOCIOPRODUTIVA EM TERRITORIOS DE ALTA VULNERABILIDADE SOCIAL
2026|2161|4277,2026,2161,12,EDUCACAO,361,ENSINO FUNDAMENTAL,104,ENFRENTAMENTO A VULNERABILIDADE NOS TERRITORIOS DE ATUACAO DA FUCAM,4277,ATENDIMENTO NO ENSINO FUNDAMENTAL EM TERRITORIOS DE ALTA VULNERABILIDADE SOCIAL
2026|2161|4282,2026,2161,12,EDUCACAO,362,ENSINO MEDIO,104,ENFRENTAMENTO A VULNERABILIDADE NOS TERRITORIOS DE ATUACAO DA FUCAM,4282,ATENDIMENTO NO ENSINO MEDIO EM TERRITORIOS DE ALTA VULNERABILIDADE SOCIAL
2026|2161|4283,2026,2161,12,EDUCACAO,363,ENSINO PROFISSIONAL,104,ENFRENTAMENTO A VULNERABILIDADE NOS TERRITORIOS DE ATUACAO DA FUCAM,4283,EDUCACAO PARA A CIDADANIA E PARA O MUNDO DO TRABALHO EM TERRITORIOS DE ALTA VULNERABILIDADE SOCIAL
2026|2161|7004,2026,2161,28,ENCARGOS ESPECIAIS,846,OUTROS ENCARGOS ESPECIAIS,705,APOIO AS POLITICAS PUBLICAS,7004,PRECATORIOS E SENTENCAS JUDICIARIAS
2026|2171|2417,2026,2171,13,CULTURA,122,ADMINISTRACAO GERAL,705,APOIO AS POLITICAS PUBLICAS,2417,REMUNERACAO DE PESSOAL ATIVO E ENCARGOS SOCIAIS
2026|2171|2500,2026,2171,13,CULTURA,122,ADMINISTRACAO GERAL,705,APOIO AS POLITICAS PUBLICAS,2500,ASSESSORAMENTO E GERENCIAMENTO DE POLITICAS PUBLICAS
"2026|2171|1066,2026,2171,13,CULTURA,391,""PATRIMONIO HISTORICO, ARTISTICO E ARQUEOLOGICO"",106,PROTECAO E SALVAGUARDA DE ACERVOS E BENS CULTURAIS,1066,ACERVO OU BEM CULTURAL RESTAURADO ENTREGUE"
2026|2171|1001,2026,2171,13,CULTURA,392,DIFUSAO CULTURAL,102,FOMENTO A ECONOMIA DA CRIATIVIDADE,1001,GESTAO DO SISTEMA DE FINANCIAMENTO A CULTURA
2026|2171|1058,2026,2171,13,CULTURA,392,DIFUSAO CULTURAL,102,FOMENTO A ECONOMIA DA CRIATIVIDADE,1058,FORMACAO CULTURAL
"2026|2171|1061,2026,2171,13,CULTURA,392,DIFUSAO CULTURAL,103,""ESPACOS CULTURAIS, CORPOS ARTISTICOS E ORGAOS COLEGIADOS"",1061,PARCERIAS PARA O PATRIMONIO CULTURAL"
"2026|2171|1062,2026,2171,13,CULTURA,392,DIFUSAO CULTURAL,105,FORMACAO E CAPACITACAO TECNICO-CULTURAL,1062,""QUALIFICACAO PROFFISSIONAL E CURSOS COMPLEMENTARES, LIVRES, DE FORMACAO INICIAL E CONTINUADA"""
2026|2171|7004,2026,2171,28,ENCARGOS ESPECIAIS,846,OUTROS ENCARGOS ESPECIAIS,705,APOIO AS POLITICAS PUBLICAS,7004,PRECATORIOS E SENTENCAS JUDICIARIAS
2026|2181|4425,2026,2181,12,EDUCACAO,363,ENSINO PROFISSIONAL,105,FORMACAO E CAPACITACAO TECNICO-CULTURAL,4425,ATIVIDADES DE ENSINO E DE EXTENSAO DO CENTRO DE FORMACAO ARTISTICA E TECNOLOGICA - CEFART
2026|2181|2417,2026,2181,13,CULTURA,122,ADMINISTRACAO GERAL,705,APOIO AS POLITICAS PUBLICAS,2417,REMUNERACAO DE PESSOAL ATIVO E ENCARGOS SOCIAIS
2026|2181|2500,2026,2181,13,CULTURA,122,ADMINISTRACAO GERAL,705,APOIO AS POLITICAS PUBLICAS,2500,ASSESSORAMENTO E GERENCIAMENTO DE POLITICAS PUBLICAS
"2026|2181|4369,2026,2181,13,CULTURA,392,DIFUSAO CULTURAL,5,""PROGRAMA MINEIRO DE ACESSIBILIDADE, INCLUSAO E SAUDE (PROMAIS)"",4369,PALACIO PARA TODOS"
2026|2181|4172,2026,2181,13,CULTURA,392,DIFUSAO CULTURAL,102,FOMENTO A ECONOMIA DA CRIATIVIDADE,4172,GESTAO DO FOMENTO E DO SISTEMA DE FINANCIAMENTO A CULTURA
"2026|2181|4417,2026,2181,13,CULTURA,392,DIFUSAO CULTURAL,103,""ESPACOS CULTURAIS, CORPOS ARTISTICOS E ORGAOS COLEGIADOS"",4417,FOMENTO DOS ESPACOS CULTURAIS"
"2026|2181|4421,2026,2181,13,CULTURA,392,DIFUSAO CULTURAL,103,""ESPACOS CULTURAIS, CORPOS ARTISTICOS E ORGAOS COLEGIADOS"",4421,PRODUCAO DE ESPETACULOS DOS CORPOS ARTISTICOS"
"2026|2181|4422,2026,2181,13,CULTURA,392,DIFUSAO CULTURAL,103,""ESPACOS CULTURAIS, CORPOS ARTISTICOS E ORGAOS COLEGIADOS"",4422,GERENCIAMENTO DO CONTRATO DE GESTAO"
"2026|2181|4423,2026,2181,13,CULTURA,392,DIFUSAO CULTURAL,103,""ESPACOS CULTURAIS, CORPOS ARTISTICOS E ORGAOS COLEGIADOS"",4423,FOMENTO A ATIVIDADES ARTISTICAS E CULTURAIS DO PALACIO DA LIBERDADE"
2026|2181|7004,2026,2181,28,ENCARGOS ESPECIAIS,846,OUTROS ENCARGOS ESPECIAIS,705,APOIO AS POLITICAS PUBLICAS,7004,PRECATORIOS E SENTENCAS JUDICIARIAS
2026|2201|2417,2026,2201,13,CULTURA,122,ADMINISTRACAO GERAL,705,APOIO AS POLITICAS PUBLICAS,2417,REMUNERACAO DE PESSOAL ATIVO E ENCARGOS SOCIAIS
2026|2201|2500,2026,2201,13,CULTURA,122,ADMINISTRACAO GERAL,705,APOIO AS POLITICAS PUBLICAS,2500,ASSESSORAMENTO E GERENCIAMENTO DE POLITICAS PUBLICAS
"2026|2201|4269,2026,2201,13,CULTURA,391,""PATRIMONIO HISTORICO, ARTISTICO E ARQUEOLOGICO"",102,FOMENTO A ECONOMIA DA CRIATIVIDADE,4269,INCENTIVO A IMPLANTACAO DE POLITICAS MUNICIPAIS DE PROTECAO AO PATRIMONIO CULTURAL"
"2026|2201|4274,2026,2201,13,CULTURA,391,""PATRIMONIO HISTORICO, ARTISTICO E ARQUEOLOGICO"",103,""ESPACOS CULTURAIS, CORPOS ARTISTICOS E ORGAOS COLEGIADOS"",4274,PARCERIAS PARA PROTECAO E SALVAGUARDA DO PATRIMONIO CULTURAL"
"2026|2201|4271,2026,2201,13,CULTURA,391,""PATRIMONIO HISTORICO, ARTISTICO E ARQUEOLOGICO"",105,FORMACAO E CAPACITACAO TECNICO-CULTURAL,4271,FORMACAO E CAPACITACAO PARA O PATRIMONIO CULTURAL"
"2026|2201|4276,2026,2201,13,CULTURA,391,""PATRIMONIO HISTORICO, ARTISTICO E ARQUEOLOGICO"",106,PROTECAO E SALVAGUARDA DE ACERVOS E BENS CULTURAIS,4276,SALVAGUARDA DO PATRIMONIO CULTURAL"
"2026|2201|4278,2026,2201,13,CULTURA,391,""PATRIMONIO HISTORICO, ARTISTICO E ARQUEOLOGICO"",106,PROTECAO E SALVAGUARDA DE ACERVOS E BENS CULTURAIS,4278,PROTECAO DO PATRIMONIO CULTURAL"
"2026|2201|4279,2026,2201,13,CULTURA,391,""PATRIMONIO HISTORICO, ARTISTICO E ARQUEOLOGICO"",106,PROTECAO E SALVAGUARDA DE ACERVOS E BENS CULTURAIS,4279,CONSERVACAO E RESTAURACAO DO PATRIMONIO CULTURAL PROTEGIDO"
"2026|2201|4281,2026,2201,13,CULTURA,391,""PATRIMONIO HISTORICO, ARTISTICO E ARQUEOLOGICO"",106,PROTECAO E SALVAGUARDA DE ACERVOS E BENS CULTURAIS,4281,VISTORIAS TECNICAS NO PATRIMONIO CULTURAL"
2026|2201|4267,2026,2201,13,CULTURA,392,DIFUSAO CULTURAL,102,FOMENTO A ECONOMIA DA CRIATIVIDADE,4267,ACOES DE DIFUSAO E EDUCACAO PARA O PATRIMONIO CULTURAL
2026|2201|4484,2026,2201,13,CULTURA,392,DIFUSAO CULTURAL,102,FOMENTO A ECONOMIA DA CRIATIVIDADE,4484,GESTAO DO FOMENTO E DO SISTEMA DE FINANCIAMENTO A CULTURA
2026|2201|7004,2026,2201,28,ENCARGOS ESPECIAIS,846,OUTROS ENCARGOS ESPECIAIS,705,APOIO AS POLITICAS PUBLICAS,7004,PRECATORIOS E SENTENCAS JUDICIARIAS
2026|2211|2500,2026,2211,13,CULTURA,122,ADMINISTRACAO GERAL,705,APOIO AS POLITICAS PUBLICAS,2500,ASSESSORAMENTO E GERENCIAMENTO DE POLITICAS PUBLICAS
"2026|2211|4302,2026,2211,13,CULTURA,131,COMUNICACAO SOCIAL,121,ACESSO E ALCANCE A COMUNICACAO DE INTERESSE PUBLICO,4302,""PRODUCAO E VEICULACAO TELEVISIVA DE PROGRAMACAO DE CARATER CULTURAL, INFORMATIVO, EDUCATIVO E DE ENT"""
2026|2211|2417,2026,2211,13,CULTURA,131,COMUNICACAO SOCIAL,705,APOIO AS POLITICAS PUBLICAS,2417,REMUNERACAO DE PESSOAL ATIVO E ENCARGOS SOCIAIS
2026|2211|4298,2026,2211,13,CULTURA,722,TELECOMUNICACOES,121,ACESSO E ALCANCE A COMUNICACAO DE INTERESSE PUBLICO,4298,DISPONIBILIZACAO E MANUTENCAO DO SINAL DE RETRANSMISSAO DE TV NO INTERIOR DO ESTADO E REGIAO METROPO
2026|2211|4299,2026,2211,13,CULTURA,722,TELECOMUNICACOES,121,ACESSO E ALCANCE A COMUNICACAO DE INTERESSE PUBLICO,4299,GESTAO E MANUTENCAO DOS SISTEMAS DE TRANSMISSAO VIA SATELITE E OPERACAO DE TV
2026|2211|7004,2026,2211,28,ENCARGOS ESPECIAIS,846,OUTROS ENCARGOS ESPECIAIS,705,APOIO AS POLITICAS PUBLICAS,7004,PRECATORIOS E SENTENCAS JUDICIARIAS
2026|2241|2417,2026,2241,18,GESTAO AMBIENTAL,122,ADMINISTRACAO GERAL,705,APOIO AS POLITICAS PUBLICAS,2417,REMUNERACAO DE PESSOAL ATIVO E ENCARGOS SOCIAIS
2026|2241|2500,2026,2241,18,GESTAO AMBIENTAL,122,ADMINISTRACAO GERAL,705,APOIO AS POLITICAS PUBLICAS,2500,ASSESSORAMENTO E GERENCIAMENTO DE POLITICAS PUBLICAS
2026|2241|4200,2026,2241,18,GESTAO AMBIENTAL,544,RECURSOS HIDRICOS,47,SUPORTE AS ACOES DE COMBATE E RESPOSTA AOS DANOS CAUSADOS PELAS CHUVAS,4200,PREVENCAO DE EVENTOS HIDROMETEOROLOGICOS CRITICOS
2026|2241|4187,2026,2241,18,GESTAO AMBIENTAL,544,RECURSOS HIDRICOS,65,FORTALECIMENTO DA POLITICA ESTADUAL DE RECURSOS HIDRICOS,4187,PLANEJAMENTO DE RECURSOS HIDRICOS
2026|2241|4188,2026,2241,18,GESTAO AMBIENTAL,544,RECURSOS HIDRICOS,65,FORTALECIMENTO DA POLITICA ESTADUAL DE RECURSOS HIDRICOS,4188,REGULACAO DE RECURSOS HIDRICOS
2026|2241|4189,2026,2241,18,GESTAO AMBIENTAL,544,RECURSOS HIDRICOS,65,FORTALECIMENTO DA POLITICA ESTADUAL DE RECURSOS HIDRICOS,4189,COBRANCA PELO USO DE RECURSOS HIDRICOS
2026|2241|4190,2026,2241,18,GESTAO AMBIENTAL,544,RECURSOS HIDRICOS,65,FORTALECIMENTO DA POLITICA ESTADUAL DE RECURSOS HIDRICOS,4190,FORTALECIMENTO DA GESTAO PARTICIPATIVA
2026|2241|4191,2026,2241,18,GESTAO AMBIENTAL,544,RECURSOS HIDRICOS,65,FORTALECIMENTO DA POLITICA ESTADUAL DE RECURSOS HIDRICOS,4191,MONITORAMENTO HIDROMETEOROLOGICO
2026|2241|4192,2026,2241,18,GESTAO AMBIENTAL,544,RECURSOS HIDRICOS,65,FORTALECIMENTO DA POLITICA ESTADUAL DE RECURSOS HIDRICOS,4192,SEGURANCA DE BARRAGENS
2026|2241|4194,2026,2241,18,GESTAO AMBIENTAL,544,RECURSOS HIDRICOS,65,FORTALECIMENTO DA POLITICA ESTADUAL DE RECURSOS HIDRICOS,4194,PROGRAMAS PROJETOS E PESQUISAS EM RECURSOS HIDRICOS
2026|2241|4195,2026,2241,18,GESTAO AMBIENTAL,544,RECURSOS HIDRICOS,65,FORTALECIMENTO DA POLITICA ESTADUAL DE RECURSOS HIDRICOS,4195,PROGRAMA ESTRATEGICO SOMOS TODOS AGUA
2026|2241|7004,2026,2241,28,ENCARGOS ESPECIAIS,846,OUTROS ENCARGOS ESPECIAIS,705,APOIO AS POLITICAS PUBLICAS,7004,PRECATORIOS E SENTENCAS JUDICIARIAS
2026|2251|4052,2026,2251,23,COMERCIO E SERVICOS,122,ADMINISTRACAO GERAL,29,REGISTRO PUBLICO DE EMPRESAS MERCANTIS E ATIVIDADES AFINS,4052,REDESIM MG
2026|2251|2417,2026,2251,23,COMERCIO E SERVICOS,122,ADMINISTRACAO GERAL,705,APOIO AS POLITICAS PUBLICAS,2417,REMUNERACAO DE PESSOAL ATIVO E ENCARGOS SOCIAIS
2026|2251|2500,2026,2251,23,COMERCIO E SERVICOS,122,ADMINISTRACAO GERAL,705,APOIO AS POLITICAS PUBLICAS,2500,ASSESSORAMENTO E GERENCIAMENTO DE POLITICAS PUBLICAS
2026|2251|4051,2026,2251,23,COMERCIO E SERVICOS,125,NORMATIZACAO E FISCALIZACAO,29,REGISTRO PUBLICO DE EMPRESAS MERCANTIS E ATIVIDADES AFINS,4051,REGISTRO EMPRESARIAL
2026|2251|7004,2026,2251,28,ENCARGOS ESPECIAIS,846,OUTROS ENCARGOS ESPECIAIS,705,APOIO AS POLITICAS PUBLICAS,7004,PRECATORIOS E SENTENCAS JUDICIARIAS
2026|2261|2500,2026,2261,10,SAUDE,122,ADMINISTRACAO GERAL,705,APOIO AS POLITICAS PUBLICAS,2500,ASSESSORAMENTO E GERENCIAMENTO DE POLITICAS PUBLICAS
2026|2261|4457,2026,2261,10,SAUDE,303,SUPORTE PROFILATICO E TERAPEUTICO,153,VIGILANCIA LABORATORIAL EM SAUDE PUBLICA,4457,ATENDIMENTO DE ANALISES LABORATORIAIS DE INTERESSE DA SAUDE PUBLICA
"2026|2261|4459,2026,2261,10,SAUDE,303,SUPORTE PROFILATICO E TERAPEUTICO,154,DESENVOLVIMENTO E PRODUCAO DE MEDICAMENTOS PARA O SISTEMA UNICO DE SAUDE (SUS),4459,""PRODUCAO DE VACINA, SOROS E OUTROS PRODUTOS BIOLOGICOS"""
2026|2261|4460,2026,2261,10,SAUDE,303,SUPORTE PROFILATICO E TERAPEUTICO,154,DESENVOLVIMENTO E PRODUCAO DE MEDICAMENTOS PARA O SISTEMA UNICO DE SAUDE (SUS),4460,PRODUCAO DE MEDICAMENTOS SINTETICOS
2026|2261|2417,2026,2261,10,SAUDE,303,SUPORTE PROFILATICO E TERAPEUTICO,705,APOIO AS POLITICAS PUBLICAS,2417,REMUNERACAO DE PESSOAL ATIVO E ENCARGOS SOCIAIS
2026|2261|4455,2026,2261,10,SAUDE,571,DESENVOLVIMENTO CIENTIFICO,150,UNIVERSALIZACAO DO ACESSO AO CONHECIMENTO CIENTIFICO E TECNOLOGICO,4455,POPULARIZACAO DA CIENCIA
2026|2261|4456,2026,2261,10,SAUDE,571,DESENVOLVIMENTO CIENTIFICO,152,INOVACAO CIENTIFICA E TECNOLOGICA,4456,PESQUISA E DESENVOLVIMENTO
2026|2261|7004,2026,2261,28,ENCARGOS ESPECIAIS,846,OUTROS ENCARGOS ESPECIAIS,705,APOIO AS POLITICAS PUBLICAS,7004,PRECATORIOS E SENTENCAS JUDICIARIAS
2026|2271|2417,2026,2271,10,SAUDE,122,ADMINISTRACAO GERAL,705,APOIO AS POLITICAS PUBLICAS,2417,REMUNERACAO DE PESSOAL ATIVO E ENCARGOS SOCIAIS
2026|2271|2500,2026,2271,10,SAUDE,122,ADMINISTRACAO GERAL,705,APOIO AS POLITICAS PUBLICAS,2500,ASSESSORAMENTO E GERENCIAMENTO DE POLITICAS PUBLICAS
2026|2271|4029,2026,2271,10,SAUDE,302,ASSISTENCIA HOSPITALAR E AMBULATORIAL,19,ATENCAO HOSPITALAR ESPECIALIZADA,4029,ATENCAO  AO SISTEMA ESTADUAL DE TRANSPLANTES
2026|2271|4030,2026,2271,10,SAUDE,302,ASSISTENCIA HOSPITALAR E AMBULATORIAL,19,ATENCAO HOSPITALAR ESPECIALIZADA,4030,ATENCAO A SAUDE NAS UNIDADES ASSISTENCIAIS DE REABILITACAO E CUIDADOS INTEGRADOS
2026|2271|4031,2026,2271,10,SAUDE,302,ASSISTENCIA HOSPITALAR E AMBULATORIAL,19,ATENCAO HOSPITALAR ESPECIALIZADA,4031,ATENCAO A SAUDE NAS UNIDADES ASSISTENCIAIS DE REFERENCIA
2026|2271|4032,2026,2271,10,SAUDE,302,ASSISTENCIA HOSPITALAR E AMBULATORIAL,19,ATENCAO HOSPITALAR ESPECIALIZADA,4032,ATENCAO A SAUDE NAS UNIDADES ASSISTENCIAIS DE SAUDE MENTAL
2026|2271|4034,2026,2271,10,SAUDE,302,ASSISTENCIA HOSPITALAR E AMBULATORIAL,19,ATENCAO HOSPITALAR ESPECIALIZADA,4034,ATENCAO A SAUDE NO COMPLEXO HOSPITALAR DE BARBACENA
2026|2271|4035,2026,2271,10,SAUDE,302,ASSISTENCIA HOSPITALAR E AMBULATORIAL,19,ATENCAO HOSPITALAR ESPECIALIZADA,4035,ATENCAO A SAUDE NO COMPLEXO HOSPITALAR DE ESPECIALIDADES
2026|2271|4036,2026,2271,10,SAUDE,302,ASSISTENCIA HOSPITALAR E AMBULATORIAL,19,ATENCAO HOSPITALAR ESPECIALIZADA,4036,ATENCAO A SAUDE NO COMPLEXO HOSPITALAR DE URGENCIA E EMERGENCIA
2026|2271|7004,2026,2271,28,ENCARGOS ESPECIAIS,846,OUTROS ENCARGOS ESPECIAIS,705,APOIO AS POLITICAS PUBLICAS,7004,PRECATORIOS E SENTENCAS JUDICIARIAS
2026|2281|4300,2026,2281,12,EDUCACAO,363,ENSINO PROFISSIONAL,67,REDE DE DESENVOLVIMENTO DA EDUCACAO PROFISSIONAL,4300,EDUCACAO PROFISSIONAL TECNICA DE NIVEL MEDIO E QUALIFICACAO PROFISSIONAL
2026|2281|2417,2026,2281,12,EDUCACAO,363,ENSINO PROFISSIONAL,705,APOIO AS POLITICAS PUBLICAS,2417,REMUNERACAO DE PESSOAL ATIVO E ENCARGOS SOCIAIS
2026|2281|2500,2026,2281,12,EDUCACAO,363,ENSINO PROFISSIONAL,705,APOIO AS POLITICAS PUBLICAS,2500,ASSESSORAMENTO E GERENCIAMENTO DE POLITICAS PUBLICAS
2026|2281|7004,2026,2281,28,ENCARGOS ESPECIAIS,846,OUTROS ENCARGOS ESPECIAIS,705,APOIO AS POLITICAS PUBLICAS,7004,PRECATORIOS E SENTENCAS JUDICIARIAS
2026|2301|2500,2026,2301,26,TRANSPORTE,122,ADMINISTRACAO GERAL,705,APOIO AS POLITICAS PUBLICAS,2500,ASSESSORAMENTO E GERENCIAMENTO DE POLITICAS PUBLICAS
2026|2301|4280,2026,2301,26,TRANSPORTE,782,TRANSPORTE RODOVIARIO,47,SUPORTE AS ACOES DE COMBATE E RESPOSTA AOS DANOS CAUSADOS PELAS CHUVAS,4280,MITIGACAO DE DANOS PONTUAIS NAS RODOVIAS
2026|2301|4162,2026,2301,26,TRANSPORTE,782,TRANSPORTE RODOVIARIO,81,DESENVOLVIMENTO SUSTENTAVEL DA INFRAESTRUTURA RODOVIARIA,4162,SUPORTE A GESTAO DOS ATIVOS RODOVIARIOS
2026|2301|4268,2026,2301,26,TRANSPORTE,782,TRANSPORTE RODOVIARIO,81,DESENVOLVIMENTO SUSTENTAVEL DA INFRAESTRUTURA RODOVIARIA,4268,AMPLIACAO DE CAPACIDADE DA MALHA E RESTAURACAO DO PAVIMENTO
2026|2301|4272,2026,2301,26,TRANSPORTE,782,TRANSPORTE RODOVIARIO,81,DESENVOLVIMENTO SUSTENTAVEL DA INFRAESTRUTURA RODOVIARIA,4272,IMPLANTACAO E RESTAURACAO DE OBRAS DE ARTES ESPECIAIS
2026|2301|4275,2026,2301,26,TRANSPORTE,782,TRANSPORTE RODOVIARIO,81,DESENVOLVIMENTO SUSTENTAVEL DA INFRAESTRUTURA RODOVIARIA,4275,IMPLANTACAO/PAVIMENTACAO DA MALHA
2026|2301|4284,2026,2301,26,TRANSPORTE,782,TRANSPORTE RODOVIARIO,81,DESENVOLVIMENTO SUSTENTAVEL DA INFRAESTRUTURA RODOVIARIA,4284,PREVENCAO E MITIGACAO DE DANOS AMBIENTAIS
2026|2301|4287,2026,2301,26,TRANSPORTE,782,TRANSPORTE RODOVIARIO,81,DESENVOLVIMENTO SUSTENTAVEL DA INFRAESTRUTURA RODOVIARIA,4287,CONSTRUCAO E ADEQUACAO DE RODOVIAS - RIO DOCE
2026|2301|4289,2026,2301,26,TRANSPORTE,782,TRANSPORTE RODOVIARIO,81,DESENVOLVIMENTO SUSTENTAVEL DA INFRAESTRUTURA RODOVIARIA,4289,CONSTRUCAO E ADEQUACAO DE RODOVIAS - RECUPERACAO BRUMADINHO
2026|2301|4293,2026,2301,26,TRANSPORTE,782,TRANSPORTE RODOVIARIO,81,DESENVOLVIMENTO SUSTENTAVEL DA INFRAESTRUTURA RODOVIARIA,4293,CONSERVACAO ROTINEIRA DA MALHA VIARIA
2026|2301|4385,2026,2301,26,TRANSPORTE,782,TRANSPORTE RODOVIARIO,81,DESENVOLVIMENTO SUSTENTAVEL DA INFRAESTRUTURA RODOVIARIA,4385,REABILITACAO DA MALHA VIARIA
2026|2301|4530,2026,2301,26,TRANSPORTE,782,TRANSPORTE RODOVIARIO,81,DESENVOLVIMENTO SUSTENTAVEL DA INFRAESTRUTURA RODOVIARIA,4530,OPERACAO VIARIA E FISCALIZACAO DE TRANSPORTE E TRANSITO
2026|2301|2417,2026,2301,26,TRANSPORTE,782,TRANSPORTE RODOVIARIO,705,APOIO AS POLITICAS PUBLICAS,2417,REMUNERACAO DE PESSOAL ATIVO E ENCARGOS SOCIAIS
2026|2301|7004,2026,2301,28,ENCARGOS ESPECIAIS,846,OUTROS ENCARGOS ESPECIAIS,705,APOIO AS POLITICAS PUBLICAS,7004,PRECATORIOS E SENTENCAS JUDICIARIAS
2026|2311|4411,2026,2311,10,SAUDE,302,ASSISTENCIA HOSPITALAR E AMBULATORIAL,7,EDUCACAO SUPERIOR,4411,GESTAO DO HOSPITAL UNIVERSITARIO
2026|2311|2417,2026,2311,12,EDUCACAO,122,ADMINISTRACAO GERAL,705,APOIO AS POLITICAS PUBLICAS,2417,REMUNERACAO DE PESSOAL ATIVO E ENCARGOS SOCIAIS
2026|2311|2500,2026,2311,12,EDUCACAO,122,ADMINISTRACAO GERAL,705,APOIO AS POLITICAS PUBLICAS,2500,ASSESSORAMENTO E GERENCIAMENTO DE POLITICAS PUBLICAS
2026|2311|4017,2026,2311,12,EDUCACAO,302,ASSISTENCIA HOSPITALAR E AMBULATORIAL,7,EDUCACAO SUPERIOR,4017,MANUTENCAO DO HOSPITAL DE ENSINO
2026|2311|4006,2026,2311,12,EDUCACAO,363,ENSINO PROFISSIONAL,7,EDUCACAO SUPERIOR,4006,OFERTA DE ENSINO TECNICO E PROFISSIONAL
2026|2311|4001,2026,2311,12,EDUCACAO,364,ENSINO SUPERIOR,7,EDUCACAO SUPERIOR,4001,OFERTA DE CURSOS DE GRADUACAO
"2026|2311|4002,2026,2311,12,EDUCACAO,364,ENSINO SUPERIOR,7,EDUCACAO SUPERIOR,4002,""APOIO AS ATIVIDADES DE PESQUISA, INOVACAO E TECNOLOGIA."""
2026|2311|4004,2026,2311,12,EDUCACAO,364,ENSINO SUPERIOR,7,EDUCACAO SUPERIOR,4004,APOIO AOS PROGRAMAS DE POS-GRADUACAO STRICTO SENSU.
2026|2311|4005,2026,2311,12,EDUCACAO,364,ENSINO SUPERIOR,7,EDUCACAO SUPERIOR,4005,ASSISTENCIA ESTUDANTIL
2026|2311|4550,2026,2311,12,EDUCACAO,364,ENSINO SUPERIOR,7,EDUCACAO SUPERIOR,4550,FORNECIMENTO DE REFEICOES NA UNIVERSIDADE
2026|2311|7004,2026,2311,28,ENCARGOS ESPECIAIS,846,OUTROS ENCARGOS ESPECIAIS,705,APOIO AS POLITICAS PUBLICAS,7004,PRECATORIOS E SENTENCAS JUDICIARIAS
2026|2321|2417,2026,2321,10,SAUDE,122,ADMINISTRACAO GERAL,705,APOIO AS POLITICAS PUBLICAS,2417,REMUNERACAO DE PESSOAL ATIVO E ENCARGOS SOCIAIS
"2026|2321|4212,2026,2321,10,SAUDE,302,ASSISTENCIA HOSPITALAR E AMBULATORIAL,87,""ASSISTENCIA EM HEMATOLOGIA, HEMOTERAPIA,CELULAS E TECIDOS BIOLOGICOS"",4212,DESENVOLVIMENTO DO PROGRAMA DE SANGUE E HEMODERIVADOS"
"2026|2321|4222,2026,2321,10,SAUDE,302,ASSISTENCIA HOSPITALAR E AMBULATORIAL,87,""ASSISTENCIA EM HEMATOLOGIA, HEMOTERAPIA,CELULAS E TECIDOS BIOLOGICOS"",4222,MODERNIZACAO E/OU MELHORIA DA INFRAESTRUTURA FISICA E/OU TECNOLOGICA DAS UNIDADES DA FUNDACAO HEMOMI"
"2026|2321|4237,2026,2321,10,SAUDE,302,ASSISTENCIA HOSPITALAR E AMBULATORIAL,87,""ASSISTENCIA EM HEMATOLOGIA, HEMOTERAPIA,CELULAS E TECIDOS BIOLOGICOS"",4237,CENTRO DE TECIDOS BIOLOGICOS DE MINAS GERAIS - CETEBIO"
2026|2321|7004,2026,2321,28,ENCARGOS ESPECIAIS,846,OUTROS ENCARGOS ESPECIAIS,705,APOIO AS POLITICAS PUBLICAS,7004,PRECATORIOS E SENTENCAS JUDICIARIAS
2026|2331|2417,2026,2331,23,COMERCIO E SERVICOS,122,ADMINISTRACAO GERAL,705,APOIO AS POLITICAS PUBLICAS,2417,REMUNERACAO DE PESSOAL ATIVO E ENCARGOS SOCIAIS
2026|2331|2500,2026,2331,23,COMERCIO E SERVICOS,122,ADMINISTRACAO GERAL,705,APOIO AS POLITICAS PUBLICAS,2500,ASSESSORAMENTO E GERENCIAMENTO DE POLITICAS PUBLICAS
2026|2331|4024,2026,2331,23,COMERCIO E SERVICOS,125,NORMATIZACAO E FISCALIZACAO,12,POLITICA PUBLICA DE METROLOGIA E AVALIACAO DA CONFORMIDADE,4024,EXECUCAO DO CONTROLE METROLOGICO NO ESTADO DE MINAS GERAIS
2026|2331|4026,2026,2331,23,COMERCIO E SERVICOS,665,NORMALIZACAO E QUALIDADE,12,POLITICA PUBLICA DE METROLOGIA E AVALIACAO DA CONFORMIDADE,4026,AVALIACAO DA CONFORMIDADE DE PRODUTOS E SERVICOS NO MERCADO MINEIRO (VISITAS)
2026|2331|7004,2026,2331,28,ENCARGOS ESPECIAIS,846,OUTROS ENCARGOS ESPECIAIS,705,APOIO AS POLITICAS PUBLICAS,7004,PRECATORIOS E SENTENCAS JUDICIARIAS
2026|2351|2417,2026,2351,12,EDUCACAO,122,ADMINISTRACAO GERAL,705,APOIO AS POLITICAS PUBLICAS,2417,REMUNERACAO DE PESSOAL ATIVO E ENCARGOS SOCIAIS
2026|2351|2500,2026,2351,12,EDUCACAO,122,ADMINISTRACAO GERAL,705,APOIO AS POLITICAS PUBLICAS,2500,ASSESSORAMENTO E GERENCIAMENTO DE POLITICAS PUBLICAS
"2026|2351|1018,2026,2351,12,EDUCACAO,364,ENSINO SUPERIOR,26,DESENVOLVIMENTO DO ENSINO SUPERIOR NA UEMG,1018,""CONSTRUCAO, AMPLIACAO E REFORMA DAS UNIDADES ACADEMICAS E DOS CAMPI DA UEMG"""
2026|2351|4086,2026,2351,12,EDUCACAO,364,ENSINO SUPERIOR,26,DESENVOLVIMENTO DO ENSINO SUPERIOR NA UEMG,4086,ATIVIDADE DE ENSINO DE GRADUACAO PRESENCIAL E A DISTANCIA
2026|2351|4087,2026,2351,12,EDUCACAO,364,ENSINO SUPERIOR,26,DESENVOLVIMENTO DO ENSINO SUPERIOR NA UEMG,4087,ATIVIDADES DE PESQUISA CIENTIFICA
2026|2351|4088,2026,2351,12,EDUCACAO,364,ENSINO SUPERIOR,26,DESENVOLVIMENTO DO ENSINO SUPERIOR NA UEMG,4088,ATIVIDADE DE POS-GRADUACAO
2026|2351|4089,2026,2351,12,EDUCACAO,364,ENSINO SUPERIOR,26,DESENVOLVIMENTO DO ENSINO SUPERIOR NA UEMG,4089,ACAO DE EXTENSAO UNIVERSITARIA
"2026|2351|4090,2026,2351,12,EDUCACAO,364,ENSINO SUPERIOR,26,DESENVOLVIMENTO DO ENSINO SUPERIOR NA UEMG,4090,""FORTALECIMENTO E AMPLIACAO DA POLITICA INSTITUCIONAL DE ASSISTENCIA ESTUDANTIL, ACOES AFIRMATIVAS E"""
2026|2351|7004,2026,2351,28,ENCARGOS ESPECIAIS,846,OUTROS ENCARGOS ESPECIAIS,705,APOIO AS POLITICAS PUBLICAS,7004,PRECATORIOS E SENTENCAS JUDICIARIAS
2026|2361|2009,2026,2361,1,LEGISLATIVA,122,ADMINISTRACAO GERAL,705,APOIO AS POLITICAS PUBLICAS,2009,DIRECAO ADMINISTRATIVA
"2026|2361|7208,2026,2361,9,PREVIDENCIA SOCIAL,274,PREVIDENCIA ESPECIAL,705,APOIO AS POLITICAS PUBLICAS,7208,""PROVENTOS DE INATIVOS PARLAMENTARES, OUTROS CIVIS E PENSIONISTAS"""
"2026|2361|2113,2026,2361,9,PREVIDENCIA SOCIAL,274,PREVIDENCIA ESPECIAL,766,BENEFICIOS ASSISTENCIAIS,2113,""PECULIO, AUXILIO FUNERAL, SAUDE E OUTRAS ASSISTENCIAS"""
2026|2361|2114,2026,2361,9,PREVIDENCIA SOCIAL,274,PREVIDENCIA ESPECIAL,767,RESERVA DE BENEFICIOS,2114,RESERVA TECNICA
2026|2361|7004,2026,2361,28,ENCARGOS ESPECIAIS,846,OUTROS ENCARGOS ESPECIAIS,705,APOIO AS POLITICAS PUBLICAS,7004,PRECATORIOS E SENTENCAS JUDICIARIAS
2026|2371|2417,2026,2371,20,AGRICULTURA,122,ADMINISTRACAO GERAL,705,APOIO AS POLITICAS PUBLICAS,2417,REMUNERACAO DE PESSOAL ATIVO E ENCARGOS SOCIAIS
2026|2371|2500,2026,2371,20,AGRICULTURA,122,ADMINISTRACAO GERAL,705,APOIO AS POLITICAS PUBLICAS,2500,ASSESSORAMENTO E GERENCIAMENTO DE POLITICAS PUBLICAS
2026|2371|4317,2026,2371,20,AGRICULTURA,304,VIGILANCIA SANITARIA,80,SEGURANCA DE ALIMENTOS,4317,ANALISE LABORATORIAL
2026|2371|4318,2026,2371,20,AGRICULTURA,304,VIGILANCIA SANITARIA,80,SEGURANCA DE ALIMENTOS,4318,INSPECAO DE PRODUTOS DE ORIGEM VEGETAL
2026|2371|4319,2026,2371,20,AGRICULTURA,304,VIGILANCIA SANITARIA,80,SEGURANCA DE ALIMENTOS,4319,INSPECAO E FISCALIZACAO DE PRODUTOS DE ORIGEM ANIMAL
2026|2371|4440,2026,2371,20,AGRICULTURA,304,VIGILANCIA SANITARIA,112,CERTIFICACOES E HABILITACOES DE PRODUTOS AGROPECUARIOS E AGROINDUSTRIAIS,4440,CERTIFICACAO DE PRODUTOS E DE PROPRIEDADES AGROPECUARIAS E AGROINDUSTRIAIS
2026|2371|4439,2026,2371,20,AGRICULTURA,304,VIGILANCIA SANITARIA,118,EDUCACAO E SUCESSAO RURAL,4439,EDUCACAO SANITARIA
2026|2371|4202,2026,2371,20,AGRICULTURA,609,DEFESA AGROPECUARIA,78,DEFESA SANITARIA,4202,APRIMORAMENTO DA DEFESA SANITARIA - VIGILANCIA SANITARIA ANIMAL
2026|2371|4203,2026,2371,20,AGRICULTURA,609,DEFESA AGROPECUARIA,78,DEFESA SANITARIA,4203,APRIMORAMENTO DA DEFESA SANITARIA - VIGILANCIA SANITARIA VEGETAL
"2026|2371|4206,2026,2371,20,AGRICULTURA,609,DEFESA AGROPECUARIA,78,DEFESA SANITARIA,4206,""FISCALIZACAO DO TRANSITO DE ANIMAIS, VEGETAIS, INSUMOS E PRODUTOS DE ORIGEM ANIMAL."""
2026|2371|4228,2026,2371,20,AGRICULTURA,609,DEFESA AGROPECUARIA,78,DEFESA SANITARIA,4228,FORTALECIMENTO DA ESTRUTURA E DOS PROCESSOS DO INSTITUTO MINEIRO DE AGROPECUARIA
2026|2371|4238,2026,2371,20,AGRICULTURA,609,DEFESA AGROPECUARIA,78,DEFESA SANITARIA,4238,REESTRUTURACAO DO LABORATORIO DE QUIMICA AGROPECUARIA DO INSTITUTO MINEIRO DE AGROPECUARIA.
2026|2371|4252,2026,2371,20,AGRICULTURA,609,DEFESA AGROPECUARIA,78,DEFESA SANITARIA,4252,REVITALIZACAO DO PARQUE DE EXPOSICOES BOLIVAR DE ANDRADE
2026|2371|4498,2026,2371,20,AGRICULTURA,609,DEFESA AGROPECUARIA,108,ACESSO A MERCADOS,4498,APOIO A AGROINDUSTRIA FAMILIAR
2026|2371|7004,2026,2371,28,ENCARGOS ESPECIAIS,846,OUTROS ENCARGOS ESPECIAIS,705,APOIO AS POLITICAS PUBLICAS,7004,PRECATORIOS E SENTENCAS JUDICIARIAS
2026|2421|1043,2026,2421,8,ASSISTENCIA SOCIAL,511,SANEAMENTO BASICO RURAL,56,DESENVOLVIMENTO DA INFRAESTRUTURA DO NORTE E NORDESTE DE MINAS GERAIS,1043,PROMOCAO DO SANEAMENTO BASICO
2026|2421|1016,2026,2421,8,ASSISTENCIA SOCIAL,544,RECURSOS HIDRICOS,101,PROGRAMA ENCONTRO DAS AGUAS,1016,PROMOCAO DE INFRAESTRUTURA HIDRICA DE PEQUENO PORTE NO NORTE E NORDESTE DE MINAS GERAIS
2026|2421|1032,2026,2421,8,ASSISTENCIA SOCIAL,544,RECURSOS HIDRICOS,101,PROGRAMA ENCONTRO DAS AGUAS,1032,PROMOCAO DO ACESSO A EQUIPAMENTOS DE ARMAZENAGEM E DISTRIBUICAO DE RECURSOS HIDRICOS NO NORTE E NORD
2026|2421|2500,2026,2421,20,AGRICULTURA,122,ADMINISTRACAO GERAL,705,APOIO AS POLITICAS PUBLICAS,2500,ASSESSORAMENTO E GERENCIAMENTO DE POLITICAS PUBLICAS
2026|2421|1095,2026,2421,20,AGRICULTURA,544,RECURSOS HIDRICOS,56,DESENVOLVIMENTO DA INFRAESTRUTURA DO NORTE E NORDESTE DE MINAS GERAIS,1095,IMPLANTACAO DE BARRAGENS HIDROAGRICOLAS
"2026|2421|4320,2026,2421,20,AGRICULTURA,608,PROMOCAO DA PRODUCAO AGROPECUARIA,124,PROMOCAO DO DESENVOLVIMENTO DO NORTE E NORDESTE DE MINAS GERAIS,4320,""DISTRIBUICAO DE LEITE ADQUIRIDO DA AGRICULTURA FAMILIAR, PARA BENEFICIARIOS EM INSEGURANCA ALIMENTAR"""
2026|2421|4323,2026,2421,20,AGRICULTURA,608,PROMOCAO DA PRODUCAO AGROPECUARIA,124,PROMOCAO DO DESENVOLVIMENTO DO NORTE E NORDESTE DE MINAS GERAIS,4323,APOIO AS FEIRAS LIVRES PARA AMPLIAR A GERACAO DE RENDA E DESENVOLVIMENTO ECONOMICO LOCAL
2026|2421|4325,2026,2421,20,AGRICULTURA,608,PROMOCAO DA PRODUCAO AGROPECUARIA,124,PROMOCAO DO DESENVOLVIMENTO DO NORTE E NORDESTE DE MINAS GERAIS,4325,PROMOCAO DO DESENVOLVIMENTO SOCIOECONOMICO DO NORTE E NORDESTE DE MINAS GERAIS
2026|2421|4516,2026,2421,20,AGRICULTURA,608,PROMOCAO DA PRODUCAO AGROPECUARIA,124,PROMOCAO DO DESENVOLVIMENTO DO NORTE E NORDESTE DE MINAS GERAIS,4516,APOIO A MECANIZACAO DA PRODUCAO AGRICOLA
2026|2421|7004,2026,2421,28,ENCARGOS ESPECIAIS,846,OUTROS ENCARGOS ESPECIAIS,705,APOIO AS POLITICAS PUBLICAS,7004,PRECATORIOS E SENTENCAS JUDICIARIAS
2026|2431|2417,2026,2431,15,URBANISMO,122,ADMINISTRACAO GERAL,705,APOIO AS POLITICAS PUBLICAS,2417,REMUNERACAO DE PESSOAL ATIVO E ENCARGOS SOCIAIS
2026|2431|2500,2026,2431,15,URBANISMO,122,ADMINISTRACAO GERAL,705,APOIO AS POLITICAS PUBLICAS,2500,ASSESSORAMENTO E GERENCIAMENTO DE POLITICAS PUBLICAS
2026|2431|4446,2026,2431,15,URBANISMO,127,ORDENAMENTO TERRITORIAL,77,CAMINHOS PARA O DESENVOLVIMENTO INTEGRADO METROPOLITANO,4446,REGULACAO DA EXPANSAO URBANA DA REGIAO METROPOLITANA DE BELO HORIZONTE
2026|2431|4447,2026,2431,15,URBANISMO,127,ORDENAMENTO TERRITORIAL,77,CAMINHOS PARA O DESENVOLVIMENTO INTEGRADO METROPOLITANO,4447,GESTAO METROPOLITANA
2026|2431|7004,2026,2431,28,ENCARGOS ESPECIAIS,846,OUTROS ENCARGOS ESPECIAIS,705,APOIO AS POLITICAS PUBLICAS,7004,PRECATORIOS E SENTENCAS JUDICIARIAS
2026|2441|2417,2026,2441,17,SANEAMENTO,122,ADMINISTRACAO GERAL,705,APOIO AS POLITICAS PUBLICAS,2417,REMUNERACAO DE PESSOAL ATIVO E ENCARGOS SOCIAIS
2026|2441|2500,2026,2441,17,SANEAMENTO,122,ADMINISTRACAO GERAL,705,APOIO AS POLITICAS PUBLICAS,2500,ASSESSORAMENTO E GERENCIAMENTO DE POLITICAS PUBLICAS
2026|2441|4013,2026,2441,17,SANEAMENTO,125,NORMATIZACAO E FISCALIZACAO,10,REGULACAO E FISCALIZACAO DOS SERVICOS DE ABASTECIMENTO DE AGUA E DE ESGOTAMENTO SANITARIO E ATENDIMENTO AOS USUARIOS,4013,REGULACAO E FISCALIZACAO ECONOMICO-FINANCEIRA
2026|2441|4014,2026,2441,17,SANEAMENTO,125,NORMATIZACAO E FISCALIZACAO,10,REGULACAO E FISCALIZACAO DOS SERVICOS DE ABASTECIMENTO DE AGUA E DE ESGOTAMENTO SANITARIO E ATENDIMENTO AOS USUARIOS,4014,REGULACAO OPERACIONAL E FISCALIZACAO DA PRESTACAO DE SERVICOS
2026|2441|4015,2026,2441,17,SANEAMENTO,125,NORMATIZACAO E FISCALIZACAO,10,REGULACAO E FISCALIZACAO DOS SERVICOS DE ABASTECIMENTO DE AGUA E DE ESGOTAMENTO SANITARIO E ATENDIMENTO AOS USUARIOS,4015,ATENDIMENTO AO INTERESSADO NA PRESTACAO DE SERVICOS
2026|2441|7004,2026,2441,28,ENCARGOS ESPECIAIS,846,OUTROS ENCARGOS ESPECIAIS,705,APOIO AS POLITICAS PUBLICAS,7004,PRECATORIOS E SENTENCAS JUDICIARIAS
2026|2461|2417,2026,2461,15,URBANISMO,122,ADMINISTRACAO GERAL,705,APOIO AS POLITICAS PUBLICAS,2417,REMUNERACAO DE PESSOAL ATIVO E ENCARGOS SOCIAIS
2026|2461|2500,2026,2461,15,URBANISMO,122,ADMINISTRACAO GERAL,705,APOIO AS POLITICAS PUBLICAS,2500,ASSESSORAMENTO E GERENCIAMENTO DE POLITICAS PUBLICAS
2026|2461|4273,2026,2461,15,URBANISMO,127,ORDENAMENTO TERRITORIAL,77,CAMINHOS PARA O DESENVOLVIMENTO INTEGRADO METROPOLITANO,4273,REGULACAO METROPOLITANA
2026|2461|4286,2026,2461,15,URBANISMO,127,ORDENAMENTO TERRITORIAL,77,CAMINHOS PARA O DESENVOLVIMENTO INTEGRADO METROPOLITANO,4286,FOMENTO AO DESENVOLVIMENTO SUSTENTAVEL DA REGIAO METROPOLITANA DO VALE DO ACO
2026|2461|4528,2026,2461,15,URBANISMO,127,ORDENAMENTO TERRITORIAL,125,POLITICA DE REGULARIZACAO FUNDIARIA E DE GESTAO DE IMOVEIS,4528,MINAS REURB ARMVA
2026|2461|7004,2026,2461,28,ENCARGOS ESPECIAIS,846,OUTROS ENCARGOS ESPECIAIS,705,APOIO AS POLITICAS PUBLICAS,7004,PRECATORIOS E SENTENCAS JUDICIARIAS
2026|2471|2417,2026,2471,4,ADMINISTRACAO,122,ADMINISTRACAO GERAL,705,APOIO AS POLITICAS PUBLICAS,2417,REMUNERACAO DE PESSOAL ATIVO E ENCARGOS SOCIAIS
2026|2471|4406,2026,2471,4,ADMINISTRACAO,130,ADMINISTRACAO DE CONCESSOES,123,PROMOCAO DE CONCESSOES E PARCERIAS,4406,REGULACAO DE CONCESSOES E PPPS
2026|2471|2500,2026,2471,23,COMERCIO E SERVICOS,122,ADMINISTRACAO GERAL,705,APOIO AS POLITICAS PUBLICAS,2500,ASSESSORAMENTO E GERENCIAMENTO DE POLITICAS PUBLICAS
2026|2481|4494,2026,2481,4,ADMINISTRACAO,122,ADMINISTRACAO GERAL,161,GESTAO DE TRANSITO,4494,REGISTRO DE CONDUTORES
2026|2481|4495,2026,2481,4,ADMINISTRACAO,122,ADMINISTRACAO GERAL,161,GESTAO DE TRANSITO,4495,REGISTRO DE VEICULOS
2026|2481|4496,2026,2481,4,ADMINISTRACAO,122,ADMINISTRACAO GERAL,161,GESTAO DE TRANSITO,4496,ATENDIMENTO E TRANSFORMACAO DE SERVICOS DE TRANSITO
2026|2481|4491,2026,2481,4,ADMINISTRACAO,125,NORMATIZACAO E FISCALIZACAO,161,GESTAO DE TRANSITO,4491,APREENSAO E LIBERACAO DE VEICULOS
"2026|2481|4492,2026,2481,4,ADMINISTRACAO,125,NORMATIZACAO E FISCALIZACAO,161,GESTAO DE TRANSITO,4492,""FISCALIZACAO, PREVENCAO E CONTROLE DE INFRACOES DE TRANSITO"""
2026|3041|2417,2026,3041,20,AGRICULTURA,122,ADMINISTRACAO GERAL,705,APOIO AS POLITICAS PUBLICAS,2417,REMUNERACAO DE PESSOAL ATIVO E ENCARGOS SOCIAIS
2026|3041|2500,2026,3041,20,AGRICULTURA,122,ADMINISTRACAO GERAL,705,APOIO AS POLITICAS PUBLICAS,2500,ASSESSORAMENTO E GERENCIAMENTO DE POLITICAS PUBLICAS
2026|3041|1044,2026,3041,20,AGRICULTURA,605,ABASTECIMENTO,108,ACESSO A MERCADOS,1044,APOIO A COMERCIALIZACAO ELETRONICA POR MEIO DE PLATAFORMA MARKETPLACE
2026|3041|4235,2026,3041,20,AGRICULTURA,606,EXTENSAO RURAL,90,ASSISTENCIA TECNICA E EXTENSAO RURAL PARA O ESTADO DE MINAS GERAIS,4235,ASSISTENCIA TECNICA E EXTENSAO RURAL PARA AGRICULTORES FAMILIARES E DEMAIS PUBLICOS
2026|3041|1045,2026,3041,20,AGRICULTURA,606,EXTENSAO RURAL,110,REGULARIZACAO FUNDIARIA - AMPLIACAO DA SEGURANCA JURIDICA NO CAMPO,1045,CADASTRAMENTO DE AGRICULTORES/POSSEIROS COM FINS DE REGULARIZACAO FUNDIARIA DE TERRAS DEVOLUTAS RURA
2026|3041|4236,2026,3041,20,AGRICULTURA,608,PROMOCAO DA PRODUCAO AGROPECUARIA,97,MINAS SEM FOME,4236,FOMENTO PARA O DESENVOLVIMENTO DO SETOR AGROPECUARIO
2026|3041|7004,2026,3041,28,ENCARGOS ESPECIAIS,846,OUTROS ENCARGOS ESPECIAIS,705,APOIO AS POLITICAS PUBLICAS,7004,PRECATORIOS E SENTENCAS JUDICIARIAS
2026|3051|4016,2026,3051,12,EDUCACAO,364,ENSINO SUPERIOR,15,ENSINO SUPERIOR PARA A AGRICULTURA E PECUARIA,4016,FORMACAO SUPERIOR EM LATICINIOS E AGROPECUARIA DE PRECISAO
2026|3051|4370,2026,3051,12,EDUCACAO,364,ENSINO SUPERIOR,15,ENSINO SUPERIOR PARA A AGRICULTURA E PECUARIA,4370,ASSISTENCIA ESTUDANTIL
"2026|3051|4371,2026,3051,12,EDUCACAO,364,ENSINO SUPERIOR,15,ENSINO SUPERIOR PARA A AGRICULTURA E PECUARIA,4371,""APOIO AS ATIVIDADES DE PESQUISA, INOVACAO E TECNOLOGIA"""
2026|3051|4018,2026,3051,19,CIENCIA E TECNOLOGIA,571,DESENVOLVIMENTO CIENTIFICO,16,INOVACOES E SOLUCOES TECNOLOGICAS PARA A AGROPECUARIA E A AGROINDUSTRIA,4018,DESENVOLVIMENTO DE PESQUISA AGROPECUARIA E AGROINDUSTRIAL
2026|3051|2417,2026,3051,20,AGRICULTURA,122,ADMINISTRACAO GERAL,705,APOIO AS POLITICAS PUBLICAS,2417,REMUNERACAO DE PESSOAL ATIVO E ENCARGOS SOCIAIS
2026|3051|2500,2026,3051,20,AGRICULTURA,122,ADMINISTRACAO GERAL,705,APOIO AS POLITICAS PUBLICAS,2500,ASSESSORAMENTO E GERENCIAMENTO DE POLITICAS PUBLICAS
2026|3051|4019,2026,3051,20,AGRICULTURA,571,DESENVOLVIMENTO CIENTIFICO,16,INOVACOES E SOLUCOES TECNOLOGICAS PARA A AGROPECUARIA E A AGROINDUSTRIA,4019,DIVULGACAO DE TECNOLOGIA AGROPECUARIA VIA EVENTOS TECNICO-CIENTIFICOS
2026|3051|4020,2026,3051,20,AGRICULTURA,571,DESENVOLVIMENTO CIENTIFICO,16,INOVACOES E SOLUCOES TECNOLOGICAS PARA A AGROPECUARIA E A AGROINDUSTRIA,4020,TRANSFERENCIA DE TECNOLOGIA VIA SEMENTES DE CULTIVARES MELHORADAS
2026|3051|4021,2026,3051,20,AGRICULTURA,571,DESENVOLVIMENTO CIENTIFICO,16,INOVACOES E SOLUCOES TECNOLOGICAS PARA A AGROPECUARIA E A AGROINDUSTRIA,4021,TRANSFERENCIA DE TECNOLOGIA VIA MUDAS QUALIFICADAS
2026|3051|4022,2026,3051,20,AGRICULTURA,571,DESENVOLVIMENTO CIENTIFICO,16,INOVACOES E SOLUCOES TECNOLOGICAS PARA A AGROPECUARIA E A AGROINDUSTRIA,4022,TRANSFERENCIA DE TECNOLOGIA VIA MATRIZES E REPRODUTORES
2026|3051|4023,2026,3051,20,AGRICULTURA,573,DIFUSAO DO CONHECIMENTO CIENTIFICO E TECNOLOGICO,16,INOVACOES E SOLUCOES TECNOLOGICAS PARA A AGROPECUARIA E A AGROINDUSTRIA,4023,INFORMACAO CIENTIFICA E TECNOLOGICA VIA PUBLICACOES
2026|3051|7004,2026,3051,28,ENCARGOS ESPECIAIS,846,OUTROS ENCARGOS ESPECIAIS,705,APOIO AS POLITICAS PUBLICAS,7004,PRECATORIOS E SENTENCAS JUDICIARIAS
2026|3151|2500,2026,3151,13,CULTURA,122,ADMINISTRACAO GERAL,705,APOIO AS POLITICAS PUBLICAS,2500,ASSESSORAMENTO E GERENCIAMENTO DE POLITICAS PUBLICAS
2026|3151|4424,2026,3151,13,CULTURA,131,COMUNICACAO SOCIAL,102,FOMENTO A ECONOMIA DA CRIATIVIDADE,4424,FOMENTO AO DESENVOLVIMENTO E A DIFUSAO DO AUDIOVISUAL MINEIRO
2026|3151|2031,2026,3151,13,CULTURA,131,COMUNICACAO SOCIAL,121,ACESSO E ALCANCE A COMUNICACAO DE INTERESSE PUBLICO,2031,GESTAO DE PROJETOS E ACOES DE PUBLICIDADE E PROPAGANDA
2026|3151|2052,2026,3151,13,CULTURA,131,COMUNICACAO SOCIAL,121,ACESSO E ALCANCE A COMUNICACAO DE INTERESSE PUBLICO,2052,GESTAO E OPERACAO DO CENTRO DE CULTURA PRESIDENTE ITAMAR FRANCO
2026|3151|4294,2026,3151,13,CULTURA,131,COMUNICACAO SOCIAL,121,ACESSO E ALCANCE A COMUNICACAO DE INTERESSE PUBLICO,4294,DISPONIBILIZACAO E DISTRIBUICAO DE CONTEUDO MULTIPLATAFORMA EM PRODUTOS DIGITAIS ONLINE
2026|3151|4295,2026,3151,13,CULTURA,131,COMUNICACAO SOCIAL,121,ACESSO E ALCANCE A COMUNICACAO DE INTERESSE PUBLICO,4295,ATUALIZACAO DE PLATAFORMA DE STREAMING E VOD COM CONTEUDO INEDITO
"2026|3151|4316,2026,3151,13,CULTURA,131,COMUNICACAO SOCIAL,121,ACESSO E ALCANCE A COMUNICACAO DE INTERESSE PUBLICO,4316,""PRODUCAO E VEICULACAO DE CONTEUDO EM AUDIO COM ENFASE NA CULTURA, EDUCACAO, INFORMACAO, PRESTACAO DE"""
"2026|3151|4333,2026,3151,13,CULTURA,131,COMUNICACAO SOCIAL,121,ACESSO E ALCANCE A COMUNICACAO DE INTERESSE PUBLICO,4333,""PRODUCAO E VEICULACAO TELEVISIVA DE PROGRAMACAO DE CARATER CULTURAL, INFORMATIVO, EDUCATIVO E DE ENT"""
2026|3151|4296,2026,3151,13,CULTURA,722,TELECOMUNICACOES,121,ACESSO E ALCANCE A COMUNICACAO DE INTERESSE PUBLICO,4296,GESTAO E MANUTENCAO DOS SISTEMAS DE TRANSMISSAO VIA SATELITE E OPERACAO DE TV
2026|3151|4297,2026,3151,13,CULTURA,722,TELECOMUNICACOES,121,ACESSO E ALCANCE A COMUNICACAO DE INTERESSE PUBLICO,4297,DISPONIBILIZACAO E MANUTENCAO DO SINAL DE RETRANSMISSAO DE TV NO INTERIOR DO ESTADO E REGIAO METROPO
2026|3151|4315,2026,3151,13,CULTURA,722,TELECOMUNICACOES,121,ACESSO E ALCANCE A COMUNICACAO DE INTERESSE PUBLICO,4315,GESTAO E MANUTENCAO DOS SISTEMAS DE TRANSMISSAO E OPERACAO DE RADIO
2026|3151|7004,2026,3151,28,ENCARGOS ESPECIAIS,846,OUTROS ENCARGOS ESPECIAIS,705,APOIO AS POLITICAS PUBLICAS,7004,PRECATORIOS E SENTENCAS JUDICIARIAS
2026|4031|2025,2026,4031,2,JUDICIARIA,61,ACAO JUDICIARIA,706,PRESTACAO JURISDICIONAL,2025,GESTAO DE SERVICOS DE TIC
2026|4031|2055,2026,4031,2,JUDICIARIA,61,ACAO JUDICIARIA,706,PRESTACAO JURISDICIONAL,2055,AUXILIOS CONCEDIDOS A MAGISTRADOS E SERVIDORES
2026|4031|2091,2026,4031,2,JUDICIARIA,61,ACAO JUDICIARIA,706,PRESTACAO JURISDICIONAL,2091,OBRAS E GESTAO PREDIAL
2026|4031|4395,2026,4031,2,JUDICIARIA,61,ACAO JUDICIARIA,706,PRESTACAO JURISDICIONAL,4395,PROCESSAMENTO JUDICIARIO
"2026|4031|2109,2026,4031,2,JUDICIARIA,128,FORMACAO DE RECURSOS HUMANOS,706,PRESTACAO JURISDICIONAL,2109,""FORMACAO, APERFEICOAMENTO E DESENVOLVIMENTO CONTINUO DE PESSOAS"""
2026|4091|4207,2026,4091,14,DIREITOS DA CIDADANIA,243,ASSISTENCIA A CRIANCA E AO ADOLESCENTE,23,POLITICAS PARA CRIANCAS E ADOLESCENTES,4207,PROJETOS ESPECIAIS DE PROMOCAO E PROTECAO DE CRIANCAS E ADOLESCENTES
2026|4091|4428,2026,4091,14,DIREITOS DA CIDADANIA,243,ASSISTENCIA A CRIANCA E AO ADOLESCENTE,68,PRIMEIRA INFANCIA MINAS,4428,PROJETOS ESPECIAIS DE PROMOCAO E PROTECAO DA PRIMEIRA INFANCIA
2026|4101|2075,2026,4101,16,HABITACAO,122,ADMINISTRACAO GERAL,73,MORADAS GERAIS,2075,ADMINISTRACAO DA CARTEIRA DE FINANCIAMENTOS NO AMBITO DO FUNDO ESTADUAL DE HABITACAO - FEH
2026|4101|4427,2026,4101,16,HABITACAO,482,HABITACAO URBANA,73,MORADAS GERAIS,4427,VIABILIZACAO DO ACESSO A HABITACAO DE INTERESSE SOCIAL
2026|4111|4041,2026,4111,23,COMERCIO E SERVICOS,691,PROMOCAO COMERCIAL,24,DESENVOLVIMENTO SOCIOECONOMICO,4041,FUNDESE GERAMINAS
2026|4111|4042,2026,4111,23,COMERCIO E SERVICOS,691,PROMOCAO COMERCIAL,24,DESENVOLVIMENTO SOCIOECONOMICO,4042,FUNDESE EMPRESA MINEIRA COMPETITIVA
2026|4111|4043,2026,4111,23,COMERCIO E SERVICOS,691,PROMOCAO COMERCIAL,24,DESENVOLVIMENTO SOCIOECONOMICO,4043,FUNDESE BASE TECNOLOGICA
2026|4121|2013,2026,4121,1,LEGISLATIVA,122,ADMINISTRACAO GERAL,98,MODERNIZACAO INSTITUCIONAL,2013,DIRECAO ADMINISTRATIVA
2026|4121|4539,2026,4121,10,SAUDE,302,ASSISTENCIA HOSPITALAR E AMBULATORIAL,764,ASSISTENCIA COMPLEMENTAR,4539,ASSISTENCIA COMPLEMENTAR
2026|4121|4084,2026,4121,16,HABITACAO,482,HABITACAO URBANA,765,APOIO HABITACIONAL,4084,FINANCIAMENTO HABITACIONAL AOS SERVIDORES DA ASSEMBLEIA LEGISLATIVA
2026|4141|1046,2026,4141,6,SEGURANCA PUBLICA,421,CUSTODIA E REINTEGRACAO SOCIAL,128,PROGRAMA DE APOIO A AMPLIACAO E A MELHORIA DOS SISTEMAS PRISIONAL E SOCIOEDUCATIVO,1046,APOIO A ESTRUTURACAO E AO REAPARELHAMENTO DE UNIDADES PRISIONAIS E SOCIOEDUCATIVAS
2026|4151|4497,2026,4151,23,COMERCIO E SERVICOS,695,TURISMO,102,FOMENTO A ECONOMIA DA CRIATIVIDADE,4497,APOIO FINANCEIRO AO TURISMO MINEIRO POR MEIO DO FUNDO DE ASSISTENCIA AO TURISMO - FASTUR
"2026|4251|4025,2026,4251,8,ASSISTENCIA SOCIAL,242,ASSISTENCIA A PESSOA COM DEFICIENCIA,71,FORTALECIMENTO DO SISTEMA UNICO DE ASSISTENCIA SOCIAL - SUAS,4025,""APOIO AOS CENTROS- DIA DE REFERENCIA PARA PESSOAS COM DEFICIENCIA, IDOSAS E SUAS FAMILIAS"""
2026|4251|2074,2026,4251,8,ASSISTENCIA SOCIAL,244,ASSISTENCIA COMUNITARIA,71,FORTALECIMENTO DO SISTEMA UNICO DE ASSISTENCIA SOCIAL - SUAS,2074,APRIMORAMENTO DA REDE SOCIOASSISTENCIAL
2026|4251|4402,2026,4251,8,ASSISTENCIA SOCIAL,244,ASSISTENCIA COMUNITARIA,71,FORTALECIMENTO DO SISTEMA UNICO DE ASSISTENCIA SOCIAL - SUAS,4402,FORTALECIMENTO DO SUAS NA BACIA DO RIO DOCE
2026|4251|4429,2026,4251,8,ASSISTENCIA SOCIAL,244,ASSISTENCIA COMUNITARIA,71,FORTALECIMENTO DO SISTEMA UNICO DE ASSISTENCIA SOCIAL - SUAS,4429,PROTECAO SOCIAL ESPECIAL DE MEDIA COMPLEXIDADE
2026|4251|4430,2026,4251,8,ASSISTENCIA SOCIAL,244,ASSISTENCIA COMUNITARIA,71,FORTALECIMENTO DO SISTEMA UNICO DE ASSISTENCIA SOCIAL - SUAS,4430,PROTECAO SOCIAL ESPECIAL DE ALTA COMPLEXIDADE
2026|4251|4431,2026,4251,8,ASSISTENCIA SOCIAL,244,ASSISTENCIA COMUNITARIA,71,FORTALECIMENTO DO SISTEMA UNICO DE ASSISTENCIA SOCIAL - SUAS,4431,PISO MINEIRO DE ASSISTENCIA SOCIAL
2026|4251|4433,2026,4251,8,ASSISTENCIA SOCIAL,244,ASSISTENCIA COMUNITARIA,71,FORTALECIMENTO DO SISTEMA UNICO DE ASSISTENCIA SOCIAL - SUAS,4433,GESTAO DA POLITICA ESTADUAL DE ASSISTENCIA SOCIAL
2026|4251|4434,2026,4251,8,ASSISTENCIA SOCIAL,244,ASSISTENCIA COMUNITARIA,71,FORTALECIMENTO DO SISTEMA UNICO DE ASSISTENCIA SOCIAL - SUAS,4434,FORTALECIMENTO DO CONTROLE SOCIAL DO SUAS
2026|4251|4435,2026,4251,8,ASSISTENCIA SOCIAL,244,ASSISTENCIA COMUNITARIA,71,FORTALECIMENTO DO SISTEMA UNICO DE ASSISTENCIA SOCIAL - SUAS,4435,EDUCACAO PERMANENTE DO SUAS
2026|4251|1096,2026,4251,8,ASSISTENCIA SOCIAL,244,ASSISTENCIA COMUNITARIA,83,POLITICAS DE PROMOCAO AO DESENVOLVIMENTO SOCIAL NO CONTEXTO RURAL - PERCURSOS GERAIS: TRAJETORIA PARA AUTONOMIA,1096,APROXIMACAO SUAS
2026|4291|4133,2026,4291,10,SAUDE,61,ACAO JUDICIARIA,62,ACESSO A SERVICOS DE SAUDE,4133,ATENDIMENTO AS MEDIDAS JUDICIAIS
2026|4291|2023,2026,4291,10,SAUDE,122,ADMINISTRACAO GERAL,59,APOIO A GESTAO DO SUS,2023,POLITICAS E ACOES DE TECNOLOGIAS DA INFORMACAO E COMUNICACAO (TIC)
2026|4291|2024,2026,4291,10,SAUDE,122,ADMINISTRACAO GERAL,59,APOIO A GESTAO DO SUS,2024,GESTAO REGIONAL EM SAUDE
"2026|4291|2026,2026,4291,10,SAUDE,122,ADMINISTRACAO GERAL,59,APOIO A GESTAO DO SUS,2026,""SATISFACAO, RECONHECIMENTO E EDUCACAO NA SAUDE"""
2026|4291|4458,2026,4291,10,SAUDE,122,ADMINISTRACAO GERAL,59,APOIO A GESTAO DO SUS,4458,PROMOCAO E FORTALECIMENTO DA PARTICIPACAO DO CONTROLE SOCIAL NA AREA DA SAUDE
2026|4291|2112,2026,4291,10,SAUDE,122,ADMINISTRACAO GERAL,166,EXECUCAO DESCENTRALIZADA E AUTONOMA DAS ACOES E SERVICOS DE SAUDE,2112,DESENVOLVIMENTO DAS ACOES DE SAUDE NO AMBITO DA SECRETARIA DE ESTADO DE JUSTICA E SEGURANCA PUBLICA
2026|4291|2087,2026,4291,10,SAUDE,122,ADMINISTRACAO GERAL,705,APOIO AS POLITICAS PUBLICAS,2087,RESERVA PARA ATENDIMENTO DAS EMENDAS PARLAMENTARES INDIVIDUAIS VINCULADAS AS ACOES E SERVICOS PUBLIC
2026|4291|2417,2026,4291,10,SAUDE,122,ADMINISTRACAO GERAL,705,APOIO AS POLITICAS PUBLICAS,2417,REMUNERACAO DE PESSOAL ATIVO E ENCARGOS SOCIAIS
2026|4291|2500,2026,4291,10,SAUDE,122,ADMINISTRACAO GERAL,705,APOIO AS POLITICAS PUBLICAS,2500,ASSESSORAMENTO E GERENCIAMENTO DE POLITICAS PUBLICAS
2026|4291|2110,2026,4291,10,SAUDE,128,FORMACAO DE RECURSOS HUMANOS,166,EXECUCAO DESCENTRALIZADA E AUTONOMA DAS ACOES E SERVICOS DE SAUDE,2110,DESENVOLVIMENTO DAS ACOES DE SAUDE NO AMBITO DA ESCOLA DE SAUDE PUBLICA DO ESTADO DE MINAS GERAIS- E
2026|4291|2137,2026,4291,10,SAUDE,128,FORMACAO DE RECURSOS HUMANOS,166,EXECUCAO DESCENTRALIZADA E AUTONOMA DAS ACOES E SERVICOS DE SAUDE,2137,DESENVOLVIMENTO DAS ACOES DE SAUDE NO AMBITO DA ADMINISTRACAO PUBLICA ESTADUAL
2026|4291|4129,2026,4291,10,SAUDE,242,ASSISTENCIA A PESSOA COM DEFICIENCIA,61,ATENCAO ESPECIALIZADA A SAUDE,4129,APOIO E FORTALECIMENTO DA REDE DE CUIDADO A PESSOA COM DEFICIENCIA
2026|4291|1022,2026,4291,10,SAUDE,301,ATENCAO BASICA,60,ATENCAO PRIMARIA A SAUDE,1022,SAUDE EM REDE
2026|4291|4125,2026,4291,10,SAUDE,301,ATENCAO BASICA,60,ATENCAO PRIMARIA A SAUDE,4125,FORTALECIMENTO DA ATENCAO PRIMARIA A SAUDE
2026|4291|4126,2026,4291,10,SAUDE,301,ATENCAO BASICA,60,ATENCAO PRIMARIA A SAUDE,4126,PROMOCAO A SAUDE E POLITICAS DE EQUIDADE
2026|4291|4127,2026,4291,10,SAUDE,301,ATENCAO BASICA,60,ATENCAO PRIMARIA A SAUDE,4127,ESTRUTURACAO DA ATENCAO PRIMARIA
2026|4291|4490,2026,4291,10,SAUDE,301,ATENCAO BASICA,68,PRIMEIRA INFANCIA MINAS,4490,FILHOS DE MINAS
2026|4291|1020,2026,4291,10,SAUDE,302,ASSISTENCIA HOSPITALAR E AMBULATORIAL,58,POLITICAS DE ATENCAO HOSPITALAR,1020,IMPLANTACAO DOS HOSPITAIS REGIONAIS
2026|4291|4121,2026,4291,10,SAUDE,302,ASSISTENCIA HOSPITALAR E AMBULATORIAL,58,POLITICAS DE ATENCAO HOSPITALAR,4121,POLITICA DE ATENCAO HOSPITALAR E URGENCIA E EMERGENCIA
2026|4291|4122,2026,4291,10,SAUDE,302,ASSISTENCIA HOSPITALAR E AMBULATORIAL,58,POLITICAS DE ATENCAO HOSPITALAR,4122,POLITICAS PRE E POS HOSPITALARES DE URGENCIA E EMERGENCIA
2026|4291|4123,2026,4291,10,SAUDE,302,ASSISTENCIA HOSPITALAR E AMBULATORIAL,58,POLITICAS DE ATENCAO HOSPITALAR,4123,ESTRUTURACAO DA ATENCAO HOSPITALAR E DE URGENCIA E EMERGENCIA
2026|4291|4130,2026,4291,10,SAUDE,302,ASSISTENCIA HOSPITALAR E AMBULATORIAL,61,ATENCAO ESPECIALIZADA A SAUDE,4130,APOIO E FORTALECIMENTO DA REDE DE ATENCAO PSICOSSOCIAL
2026|4291|4131,2026,4291,10,SAUDE,302,ASSISTENCIA HOSPITALAR E AMBULATORIAL,61,ATENCAO ESPECIALIZADA A SAUDE,4131,ATENCAO ESPECIALIZADA AMBULATORIAL
2026|4291|4132,2026,4291,10,SAUDE,302,ASSISTENCIA HOSPITALAR E AMBULATORIAL,61,ATENCAO ESPECIALIZADA A SAUDE,4132,APOIO E FORTALECIMENTO DA REDE DE ATENCAO A SAUDE BUCAL
2026|4291|4134,2026,4291,10,SAUDE,302,ASSISTENCIA HOSPITALAR E AMBULATORIAL,62,ACESSO A SERVICOS DE SAUDE,4134,ACESSO DE URGENCIA E EMERGENCIA
2026|4291|4135,2026,4291,10,SAUDE,302,ASSISTENCIA HOSPITALAR E AMBULATORIAL,62,ACESSO A SERVICOS DE SAUDE,4135,ACESSO ELETIVO
2026|4291|4136,2026,4291,10,SAUDE,302,ASSISTENCIA HOSPITALAR E AMBULATORIAL,62,ACESSO A SERVICOS DE SAUDE,4136,SERVICOS MOVEIS DE URGENCIA E EMERGENCIA
"2026|4291|4137,2026,4291,10,SAUDE,302,ASSISTENCIA HOSPITALAR E AMBULATORIAL,62,ACESSO A SERVICOS DE SAUDE,4137,""PROGRAMACAO, CONTRATACAO E PROCESSAMENTO DE SERVICOS DE SAUDE"""
2026|4291|2111,2026,4291,10,SAUDE,302,ASSISTENCIA HOSPITALAR E AMBULATORIAL,166,EXECUCAO DESCENTRALIZADA E AUTONOMA DAS ACOES E SERVICOS DE SAUDE,2111,DESENVOLVIMENTO DAS ACOES DE SAUDE NO AMBITO DA FUNDACAO HOSPITALAR DO ESTADO DE MINAS GERAIS- FHEMI
2026|4291|2115,2026,4291,10,SAUDE,302,ASSISTENCIA HOSPITALAR E AMBULATORIAL,166,EXECUCAO DESCENTRALIZADA E AUTONOMA DAS ACOES E SERVICOS DE SAUDE,2115,DESENVOLVIMENTO DAS ACOES DE SAUDE NO AMBITO DO CORPO DE BOMBEIROS MILITAR DO ESTADO DE MINAS GERAIS
2026|4291|2135,2026,4291,10,SAUDE,302,ASSISTENCIA HOSPITALAR E AMBULATORIAL,166,EXECUCAO DESCENTRALIZADA E AUTONOMA DAS ACOES E SERVICOS DE SAUDE,2135,DESENVOLVIMENTO DAS ACOES DE SAUDE NO AMBITO DA FUNDACAO CENTRO DE HEMATOLOGIA E HEMOTERAPIA DE MINA
2026|4291|4148,2026,4291,10,SAUDE,303,SUPORTE PROFILATICO E TERAPEUTICO,64,ASSISTENCIA FARMACEUTICA,4148,ABASTECIMENTO DE MEDICAMENTOS
2026|4291|4149,2026,4291,10,SAUDE,303,SUPORTE PROFILATICO E TERAPEUTICO,64,ASSISTENCIA FARMACEUTICA,4149,POLITICAS DE ASSISTENCIA FARMACEUTICA
2026|4291|2136,2026,4291,10,SAUDE,303,SUPORTE PROFILATICO E TERAPEUTICO,166,EXECUCAO DESCENTRALIZADA E AUTONOMA DAS ACOES E SERVICOS DE SAUDE,2136,DESENVOLVIMENTO DAS ACOES DE SAUDE NO AMBITO DA FUNDACAO EZEQUIEL DIAS- FUNED
2026|4291|4147,2026,4291,10,SAUDE,304,VIGILANCIA SANITARIA,63,VIGILANCIA EM SAUDE,4147,VIGILANCIA SANITARIA
2026|4291|1021,2026,4291,10,SAUDE,305,VIGILANCIA EPIDEMIOLOGICA,63,VIGILANCIA EM SAUDE,1021,VACINA MAIS MINAS
2026|4291|4143,2026,4291,10,SAUDE,305,VIGILANCIA EPIDEMIOLOGICA,63,VIGILANCIA EM SAUDE,4143,ASSESSORAMENTO E GERENCIAMENTO DE POLITICAS DE VIGILANCIA EM SAUDE
2026|4291|4144,2026,4291,10,SAUDE,305,VIGILANCIA EPIDEMIOLOGICA,63,VIGILANCIA EM SAUDE,4144,VIGILANCIA DE CONDICOES CRONICAS
2026|4291|4145,2026,4291,10,SAUDE,305,VIGILANCIA EPIDEMIOLOGICA,63,VIGILANCIA EM SAUDE,4145,VIGILANCIA DE DOENCAS TRANSMISSIVEIS E IMUNIZACAO
2026|4291|4146,2026,4291,10,SAUDE,305,VIGILANCIA EPIDEMIOLOGICA,63,VIGILANCIA EM SAUDE,4146,VIGILANCIA EM SAUDE AMBIENTAL E SAUDE DO TRABALHADOR
2026|4291|4241,2026,4291,10,SAUDE,305,VIGILANCIA EPIDEMIOLOGICA,101,PROGRAMA ENCONTRO DAS AGUAS,4241,VIGILANCIA DA QUALIDADE DA AGUA PARA CONSUMO HUMANO NA REGIAO DO SEMIARIDO MINEIRO
"2026|4321|4436,2026,4321,14,DIREITOS DA CIDADANIA,421,CUSTODIA E REINTEGRACAO SOCIAL,141,POLITICAS SOBRE DROGAS,4436,""APOIO AS ACOES DO FUNDO ESTADUAL DE PREVENCAO, FISCALIZACAO E REPRESSAO DOS ENTORPECENTES - FUNPREN"""
2026|4331|4471,2026,4331,15,URBANISMO,127,ORDENAMENTO TERRITORIAL,77,CAMINHOS PARA O DESENVOLVIMENTO INTEGRADO METROPOLITANO,4471,METROPOLE PLANEJADA
2026|4331|4518,2026,4331,15,URBANISMO,127,ORDENAMENTO TERRITORIAL,77,CAMINHOS PARA O DESENVOLVIMENTO INTEGRADO METROPOLITANO,4518,METROPOLE DIGITAL
2026|4331|4529,2026,4331,15,URBANISMO,127,ORDENAMENTO TERRITORIAL,77,CAMINHOS PARA O DESENVOLVIMENTO INTEGRADO METROPOLITANO,4529,INTEGRACAO DO PLANEJAMENTO NA REGIAO METROPOLITANA DO VALE DO ACO
2026|4341|4258,2026,4341,17,SANEAMENTO,512,SANEAMENTO BASICO URBANO,21,SANEAMENTO E RESIDUOS ESPECIAIS,4258,APOIO A IMPLEMENTACAO DE INFRAESTRUTURAS E/OU PROJETOS PARA OS SERVICOS DE SANEAMENTO BASICO
2026|4341|2500,2026,4341,18,GESTAO AMBIENTAL,122,ADMINISTRACAO GERAL,705,APOIO AS POLITICAS PUBLICAS,2500,ASSESSORAMENTO E GERENCIAMENTO DE POLITICAS PUBLICAS
2026|4341|4064,2026,4341,18,GESTAO AMBIENTAL,541,PRESERVACAO E CONSERVACAO AMBIENTAL,27,GESTAO AMBIENTAL.,4064,PAGAMENTO POR SERVICOS AMBIENTAIS
"2026|4341|4151,2026,4341,18,GESTAO AMBIENTAL,541,PRESERVACAO E CONSERVACAO AMBIENTAL,31,""PROTECAO DAS AREAS AMBIENTALMENTE CONSERVADAS, DA FAUNA E DA BIODIVERSIDADE FLORESTAL"",4151,BOLSA VERDE: CONSERVACAO DA COBERTURA VEGETAL NATIVA"
2026|4341|4392,2026,4341,18,GESTAO AMBIENTAL,544,RECURSOS HIDRICOS,27,GESTAO AMBIENTAL.,4392,APOIO A GESTAO DE RECURSOS HIDRICOS
"2026|4341|4413,2026,4341,18,GESTAO AMBIENTAL,544,RECURSOS HIDRICOS,27,GESTAO AMBIENTAL.,4413,""APOIO A GESTAO DE RECURSOS HIDRICOS, RECURSOS REEMBOLSAVEIS"""
2026|4341|4263,2026,4341,18,GESTAO AMBIENTAL,544,RECURSOS HIDRICOS,65,FORTALECIMENTO DA POLITICA ESTADUAL DE RECURSOS HIDRICOS,4263,APOIO AOS COMITES DE BACIAS HIDROGRAFICAS
2026|4341|4264,2026,4341,18,GESTAO AMBIENTAL,544,RECURSOS HIDRICOS,65,FORTALECIMENTO DA POLITICA ESTADUAL DE RECURSOS HIDRICOS,4264,MODERNIZACAO DA REDE DE MONITORAMENTO HIDROLOGICO DO ESTADO DE MINAS GERAIS
2026|4381|2029,2026,4381,26,TRANSPORTE,129,ADMINISTRACAO DE RECEITAS,705,APOIO AS POLITICAS PUBLICAS,2029,ADMINISTRACAO E OPERACIONALIZACAO DA ARRECADACAO DO FUNTRANS
2026|4381|4201,2026,4381,26,TRANSPORTE,782,TRANSPORTE RODOVIARIO,82,PROMOCAO DA SEGURANCA VIARIA,4201,CONTROLE DE VELOCIDADE
2026|4381|4209,2026,4381,26,TRANSPORTE,782,TRANSPORTE RODOVIARIO,82,PROMOCAO DA SEGURANCA VIARIA,4209,EDUCACAO PARA O TRANSITO
2026|4381|4210,2026,4381,26,TRANSPORTE,782,TRANSPORTE RODOVIARIO,82,PROMOCAO DA SEGURANCA VIARIA,4210,REGULACAO DO USO E OCUPACAO DA FAIXA DE DOMINIO
2026|4381|4211,2026,4381,26,TRANSPORTE,782,TRANSPORTE RODOVIARIO,82,PROMOCAO DA SEGURANCA VIARIA,4211,SERVICO DE APOIO INTEGRADO AO USUARIO
2026|4381|4382,2026,4381,26,TRANSPORTE,782,TRANSPORTE RODOVIARIO,82,PROMOCAO DA SEGURANCA VIARIA,4382,INTERVENCOES DE SEGURANCA VIARIA
2026|4381|4526,2026,4381,26,TRANSPORTE,782,TRANSPORTE RODOVIARIO,82,PROMOCAO DA SEGURANCA VIARIA,4526,CONTROLE DE CARGAS
"2026|4421|4179,2026,4421,14,DIREITOS DA CIDADANIA,422,""DIREITOS INDIVIDUAIS, COLETIVOS E DIFUSOS"",70,POLITICAS DE DIREITOS HUMANOS,4179,PROJETOS ESPECIAIS DE RECUPERACAO DE DANOS AOS DIREITOS DIFUSOS"
2026|4441|1009,2026,4441,3,ESSENCIAL A JUSTICA,122,ADMINISTRACAO GERAL,737,MODERNIZACAO  INSTITUCIONAL,1009,REAPARELHAMENTO E APERFEICOAMENTO INSTITUICIONAL
2026|4451|4256,2026,4451,3,ESSENCIAL A JUSTICA,61,ACAO JUDICIARIA,738,PROTECAO E DEFESA DO CONSUMIDOR,4256,APOIO AS ACOES DE PROTECAO E DEFESA AO CONSUMIDOR
2026|4491|4360,2026,4491,13,CULTURA,392,DIFUSAO CULTURAL,102,FOMENTO A ECONOMIA DA CRIATIVIDADE,4360,GESTAO DO SISTEMA DE FINANCIAMENTO A CULTURA
2026|4541|4349,2026,4541,16,HABITACAO,482,HABITACAO URBANA,9,PROGRAMA DE APOIO HABITACIONAL AOS MILITARES DO ESTADO DE MINAS GERAIS,4349,FINANCIAMENTO HABITACIONAL AOS SERVIDORES MILITARES
"2026|4551|4404,2026,4551,9,PREVIDENCIA SOCIAL,272,PREVIDENCIA DO REGIME ESTATUTARIO,138,""CONCESSAO DE AUXILIO FINANCEIRO, SEGURO E PECULIO"",4404,ASSISTENCIA AO SEGURO E PECULIO DOS SERVIDORES DO ESTADO DE MINAS GERAIS"
2026|4551|7004,2026,4551,28,ENCARGOS ESPECIAIS,846,OUTROS ENCARGOS ESPECIAIS,705,APOIO AS POLITICAS PUBLICAS,7004,PRECATORIOS E SENTENCAS JUDICIARIAS
2026|4601|4180,2026,4601,14,DIREITOS DA CIDADANIA,241,ASSISTENCIA A PESSOA IDOSA,70,POLITICAS DE DIREITOS HUMANOS,4180,PROJETOS ESPECIAIS DE PROMOCAO E PROTECAO DOS DIREITOS DE PESSOAS IDOSAS
2026|4611|2056,2026,4611,1,LEGISLATIVA,122,ADMINISTRACAO GERAL,704,MODERNIZACAO INSTITUCIONAL,2056,REAPARELHAMENTO E APERFEICOAMENTO INSTITUCIONAL
2026|4621|4408,2026,4621,22,INDUSTRIA,661,PROMOCAO INDUSTRIAL,20,FOMENTO E INCENTIVO DE INVESTIMENTOS,4408,EQUALIZACAO DE TAXAS DE JUROS NO FUNDO MG INVESTE
2026|4621|4444,2026,4621,22,INDUSTRIA,661,PROMOCAO INDUSTRIAL,20,FOMENTO E INCENTIVO DE INVESTIMENTOS,4444,MG INVESTE
2026|4631|4128,2026,4631,4,ADMINISTRACAO,130,ADMINISTRACAO DE CONCESSOES,85,PROMOCAO DE CONCESSOES E PARCERIAS,4128,LOTE OURO PRETO
2026|4631|4139,2026,4631,4,ADMINISTRACAO,130,ADMINISTRACAO DE CONCESSOES,85,PROMOCAO DE CONCESSOES E PARCERIAS,4139,TRANSPORTE AQUAVIARIO - BALSAS DO LAGO DE FURNAS
2026|4631|4213,2026,4631,4,ADMINISTRACAO,130,ADMINISTRACAO DE CONCESSOES,85,PROMOCAO DE CONCESSOES E PARCERIAS,4213,AEROPORTOS REGIONAIS
2026|4631|4214,2026,4631,4,ADMINISTRACAO,130,ADMINISTRACAO DE CONCESSOES,85,PROMOCAO DE CONCESSOES E PARCERIAS,4214,COMPLEXO MINEIRAO
2026|4631|4215,2026,4631,4,ADMINISTRACAO,130,ADMINISTRACAO DE CONCESSOES,85,PROMOCAO DE CONCESSOES E PARCERIAS,4215,COMPLEXO PENAL
2026|4631|4216,2026,4631,4,ADMINISTRACAO,130,ADMINISTRACAO DE CONCESSOES,85,PROMOCAO DE CONCESSOES E PARCERIAS,4216,RODOVIA MG 050
2026|4631|4217,2026,4631,4,ADMINISTRACAO,130,ADMINISTRACAO DE CONCESSOES,85,PROMOCAO DE CONCESSOES E PARCERIAS,4217,UNIDADES DE ATENDIMENTO INTEGRAL UAI FASE I
2026|4631|4218,2026,4631,4,ADMINISTRACAO,130,ADMINISTRACAO DE CONCESSOES,85,PROMOCAO DE CONCESSOES E PARCERIAS,4218,UNIDADES DE ATENDIMENTO INTEGRAL UAI FASE I I
2026|4631|4219,2026,4631,4,ADMINISTRACAO,130,ADMINISTRACAO DE CONCESSOES,85,PROMOCAO DE CONCESSOES E PARCERIAS,4219,UNIDADES DE ATENDIMENTO INTEGRAL UAI FASE I I I
2026|4631|4220,2026,4631,4,ADMINISTRACAO,130,ADMINISTRACAO DE CONCESSOES,85,PROMOCAO DE CONCESSOES E PARCERIAS,4220,RODOANEL METROPOLITANO DE BELO HORIZONTE
2026|4631|4221,2026,4631,4,ADMINISTRACAO,130,ADMINISTRACAO DE CONCESSOES,85,PROMOCAO DE CONCESSOES E PARCERIAS,4221,LOTES RODOVIARIOS
2026|4631|4223,2026,4631,4,ADMINISTRACAO,130,ADMINISTRACAO DE CONCESSOES,85,PROMOCAO DE CONCESSOES E PARCERIAS,4223,LOTE 2: SUL DE MINAS
"2026|4631|4334,2026,4631,4,ADMINISTRACAO,130,ADMINISTRACAO DE CONCESSOES,85,PROMOCAO DE CONCESSOES E PARCERIAS,4334,""IMPLANTACAO, RECUPERACAO, MODERNIZACAO, MANUTENCAO E OPERACAO DE TERMINAIS E ESTACOES DE TRANSPORTE"""
2026|4631|4401,2026,4631,4,ADMINISTRACAO,130,ADMINISTRACAO DE CONCESSOES,85,PROMOCAO DE CONCESSOES E PARCERIAS,4401,PONTE DELFINOPOLIS
2026|4631|4224,2026,4631,6,SEGURANCA PUBLICA,130,ADMINISTRACAO DE CONCESSOES,85,PROMOCAO DE CONCESSOES E PARCERIAS,4224,MODELOS ALTERNATIVOS DE PRESTACAO DA MEDIDA DE ATENDIMENTO SOCIOEDUCATIVA DE PRIVACAO DE LIBERDADE
2026|4631|4226,2026,4631,10,SAUDE,130,ADMINISTRACAO DE CONCESSOES,85,PROMOCAO DE CONCESSOES E PARCERIAS,4226,COMPLEXO DE SAUDE (FHEMIG)
2026|4631|4225,2026,4631,12,EDUCACAO,130,ADMINISTRACAO DE CONCESSOES,85,PROMOCAO DE CONCESSOES E PARCERIAS,4225,MANUTENCAO E REFORMA DE ESCOLAS
2026|4641|4432,2026,4641,4,ADMINISTRACAO,130,ADMINISTRACAO DE CONCESSOES,85,PROMOCAO DE CONCESSOES E PARCERIAS,4432,GESTAO E APRIMORAMENTO DO FUNDO GARANTIDOR DE PPP
2026|4651|4502,2026,4651,4,ADMINISTRACAO,129,ADMINISTRACAO DE RECEITAS,20,FOMENTO E INCENTIVO DE INVESTIMENTOS,4502,GESTAO DO FUNDO ESPECIAL DE CREDITOS INADIMPLIDOS E DA  DIVIDA ATIVA - FECIDAT
2026|4651|7038,2026,4651,28,ENCARGOS ESPECIAIS,846,OUTROS ENCARGOS ESPECIAIS,705,APOIO AS POLITICAS PUBLICAS,7038,APORTE FINANCEIRO PARA COBERTURA DA NECESSIDADE DE FINANCIAMENTO DA PREVIDENCIA DOS SERVIDORES DO ES
2026|4661|4541,2026,4661,4,ADMINISTRACAO,129,ADMINISTRACAO DE RECEITAS,125,POLITICA DE REGULARIZACAO FUNDIARIA E DE GESTAO DE IMOVEIS,4541,ATIVOS IMOBILIARIOS DE MINAS GERAIS - FAIMG
2026|4671|4549,2026,4671,4,ADMINISTRACAO,129,ADMINISTRACAO DE RECEITAS,125,POLITICA DE REGULARIZACAO FUNDIARIA E DE GESTAO DE IMOVEIS,4549,FUNDO DE INVESTIMENTOS IMOBILIARIOS DE MINAS GERAIS - FIIMG
2026|4691|2071,2026,4691,6,SEGURANCA PUBLICA,123,ADMINISTRACAO FINANCEIRA,134,GESTAO INTEGRADA DE SEGURANCA PUBLICA,2071,APOIO AS ACOES DO FUNDO DE ESTADUAL DE SEGURANCA PUBLICA
2026|4701|4152,2026,4701,11,TRABALHO,334,FOMENTO AO TRABALHO,66,POLITICAS DE TRABALHO E EMPREGO,4152,FOMENTO AS UNIDADES DE ATENDIMENTO AO TRABALHADOR
2026|4701|4159,2026,4701,12,EDUCACAO,363,ENSINO PROFISSIONAL,67,REDE DE DESENVOLVIMENTO DA EDUCACAO PROFISSIONAL,4159,FORMACAO E ORIENTACAO PARA A INSERCAO DO TRABALHADOR NO MERCADO DE TRABALHO
2026|4711|7005,2026,4711,9,PREVIDENCIA SOCIAL,272,PREVIDENCIA DO REGIME ESTATUTARIO,705,APOIO AS POLITICAS PUBLICAS,7005,BENEFICIOS PREVIDENCIARIOS - SECOM
2026|4711|7008,2026,4711,9,PREVIDENCIA SOCIAL,272,PREVIDENCIA DO REGIME ESTATUTARIO,705,APOIO AS POLITICAS PUBLICAS,7008,BENEFICIO PREVIDENCIARIO DE PENSAO
2026|4711|7009,2026,4711,9,PREVIDENCIA SOCIAL,272,PREVIDENCIA DO REGIME ESTATUTARIO,705,APOIO AS POLITICAS PUBLICAS,7009,BENEFICIOS PREVIDENCIARIOS - CASA CIVIL
2026|4711|7011,2026,4711,9,PREVIDENCIA SOCIAL,272,PREVIDENCIA DO REGIME ESTATUTARIO,705,APOIO AS POLITICAS PUBLICAS,7011,BENEFICIOS PREVIDENCIARIOS - ARMBH
2026|4711|7012,2026,4711,9,PREVIDENCIA SOCIAL,272,PREVIDENCIA DO REGIME ESTATUTARIO,705,APOIO AS POLITICAS PUBLICAS,7012,BENEFICIOS PREVIDENCIARIOS - ESP-MG
2026|4711|7014,2026,4711,9,PREVIDENCIA SOCIAL,272,PREVIDENCIA DO REGIME ESTATUTARIO,705,APOIO AS POLITICAS PUBLICAS,7014,BENEFICIOS PREVIDENCIARIOS - SEJUSP
2026|4711|7015,2026,4711,9,PREVIDENCIA SOCIAL,272,PREVIDENCIA DO REGIME ESTATUTARIO,705,APOIO AS POLITICAS PUBLICAS,7015,BENEFICIOS PREVIDENCIARIOS - ARSAE-MG
2026|4711|7016,2026,4711,9,PREVIDENCIA SOCIAL,272,PREVIDENCIA DO REGIME ESTATUTARIO,705,APOIO AS POLITICAS PUBLICAS,7016,COMPENSACAO PREVIDENCIARIA FINANCEIRA ENTRE REGIMES DE PREVIDENCIA
2026|4711|7017,2026,4711,9,PREVIDENCIA SOCIAL,272,PREVIDENCIA DO REGIME ESTATUTARIO,705,APOIO AS POLITICAS PUBLICAS,7017,BENEFICIOS PREVIDENCIARIOS - GABINETE MILITAR
2026|4711|7018,2026,4711,9,PREVIDENCIA SOCIAL,272,PREVIDENCIA DO REGIME ESTATUTARIO,705,APOIO AS POLITICAS PUBLICAS,7018,BENEFICIOS PREVIDENCIARIOS - AGE
2026|4711|7020,2026,4711,9,PREVIDENCIA SOCIAL,272,PREVIDENCIA DO REGIME ESTATUTARIO,705,APOIO AS POLITICAS PUBLICAS,7020,BENEFICIOS PREVIDENCIARIOS - ARTEMIG
2026|4711|7022,2026,4711,9,PREVIDENCIA SOCIAL,272,PREVIDENCIA DO REGIME ESTATUTARIO,705,APOIO AS POLITICAS PUBLICAS,7022,BENEFICIOS PREVIDENCIARIOS - FAPEMIG
2026|4711|7023,2026,4711,9,PREVIDENCIA SOCIAL,272,PREVIDENCIA DO REGIME ESTATUTARIO,705,APOIO AS POLITICAS PUBLICAS,7023,PROVENTOS DE APOSENTADORIA E PENSAO DE EXTINTOS CONVENIOS
2026|4711|7027,2026,4711,9,PREVIDENCIA SOCIAL,272,PREVIDENCIA DO REGIME ESTATUTARIO,705,APOIO AS POLITICAS PUBLICAS,7027,BENEFICIOS PREVIDENCIARIOS - ALMG
2026|4711|7028,2026,4711,9,PREVIDENCIA SOCIAL,272,PREVIDENCIA DO REGIME ESTATUTARIO,705,APOIO AS POLITICAS PUBLICAS,7028,BENEFICIOS PREVIDENCIARIOS - TJMG
2026|4711|7031,2026,4711,9,PREVIDENCIA SOCIAL,272,PREVIDENCIA DO REGIME ESTATUTARIO,705,APOIO AS POLITICAS PUBLICAS,7031,BENEFICIOS PREVIDENCIARIOS - MPMG
2026|4711|7032,2026,4711,9,PREVIDENCIA SOCIAL,272,PREVIDENCIA DO REGIME ESTATUTARIO,705,APOIO AS POLITICAS PUBLICAS,7032,BENEFICIOS PREVIDENCIARIOS - TJMMG
2026|4711|7033,2026,4711,9,PREVIDENCIA SOCIAL,272,PREVIDENCIA DO REGIME ESTATUTARIO,705,APOIO AS POLITICAS PUBLICAS,7033,BENEFICIOS PREVIDENCIARIOS - TCEMG
2026|4711|7034,2026,4711,9,PREVIDENCIA SOCIAL,272,PREVIDENCIA DO REGIME ESTATUTARIO,705,APOIO AS POLITICAS PUBLICAS,7034,BENEFICIOS PREVIDENCIARIOS - DEF PUB
2026|4711|7037,2026,4711,9,PREVIDENCIA SOCIAL,272,PREVIDENCIA DO REGIME ESTATUTARIO,705,APOIO AS POLITICAS PUBLICAS,7037,BENEFICIOS PREVIDENCIARIOS - SEF
2026|4711|7039,2026,4711,9,PREVIDENCIA SOCIAL,272,PREVIDENCIA DO REGIME ESTATUTARIO,705,APOIO AS POLITICAS PUBLICAS,7039,BENEFICIOS PREVIDENCIARIOS - ARMVA
2026|4711|7040,2026,4711,9,PREVIDENCIA SOCIAL,272,PREVIDENCIA DO REGIME ESTATUTARIO,705,APOIO AS POLITICAS PUBLICAS,7040,BENEFICIOS PREVIDENCIARIOS - SEC GERAL
2026|4711|7044,2026,4711,9,PREVIDENCIA SOCIAL,272,PREVIDENCIA DO REGIME ESTATUTARIO,705,APOIO AS POLITICAS PUBLICAS,7044,BENEFICIOS PREVIDENCIARIOS - CGE
2026|4711|7046,2026,4711,9,PREVIDENCIA SOCIAL,272,PREVIDENCIA DO REGIME ESTATUTARIO,705,APOIO AS POLITICAS PUBLICAS,7046,BENEFICIOS PREVIDENCIARIOS - UNIMONTES
2026|4711|7047,2026,4711,9,PREVIDENCIA SOCIAL,272,PREVIDENCIA DO REGIME ESTATUTARIO,705,APOIO AS POLITICAS PUBLICAS,7047,BENEFICIOS PREVIDENCIARIOS - IPEM/MG
2026|4711|7048,2026,4711,9,PREVIDENCIA SOCIAL,272,PREVIDENCIA DO REGIME ESTATUTARIO,705,APOIO AS POLITICAS PUBLICAS,7048,BENEFICIOS PREVIDENCIARIOS - PCMG
2026|4711|7049,2026,4711,9,PREVIDENCIA SOCIAL,272,PREVIDENCIA DO REGIME ESTATUTARIO,705,APOIO AS POLITICAS PUBLICAS,7049,BENEFICIOS PREVIDENCIARIOS - SEPLAG
2026|4711|7051,2026,4711,9,PREVIDENCIA SOCIAL,272,PREVIDENCIA DO REGIME ESTATUTARIO,705,APOIO AS POLITICAS PUBLICAS,7051,BENEFICIOS PREVIDENCIARIOS - SEGOV
2026|4711|7052,2026,4711,9,PREVIDENCIA SOCIAL,272,PREVIDENCIA DO REGIME ESTATUTARIO,705,APOIO AS POLITICAS PUBLICAS,7052,BENEFICIOS PREVIDENCIARIOS - SEDESE
2026|4711|7055,2026,4711,9,PREVIDENCIA SOCIAL,272,PREVIDENCIA DO REGIME ESTATUTARIO,705,APOIO AS POLITICAS PUBLICAS,7055,BENEFICIOS PREVIDENCIARIOS - OGE
2026|4711|7056,2026,4711,9,PREVIDENCIA SOCIAL,272,PREVIDENCIA DO REGIME ESTATUTARIO,705,APOIO AS POLITICAS PUBLICAS,7056,BENEFICIOS PREVIDENCIARIOS - SEDE
2026|4711|7058,2026,4711,9,PREVIDENCIA SOCIAL,272,PREVIDENCIA DO REGIME ESTATUTARIO,705,APOIO AS POLITICAS PUBLICAS,7058,BENEFICIOS PREVIDENCIARIOS - SEAPA
2026|4711|7059,2026,4711,9,PREVIDENCIA SOCIAL,272,PREVIDENCIA DO REGIME ESTATUTARIO,705,APOIO AS POLITICAS PUBLICAS,7059,BENEFICIOS PREVIDENCIARIOS - SECULT
2026|4711|7060,2026,4711,9,PREVIDENCIA SOCIAL,272,PREVIDENCIA DO REGIME ESTATUTARIO,705,APOIO AS POLITICAS PUBLICAS,7060,BENEFICIOS PREVIDENCIARIOS - UEMG
2026|4711|7061,2026,4711,9,PREVIDENCIA SOCIAL,272,PREVIDENCIA DO REGIME ESTATUTARIO,705,APOIO AS POLITICAS PUBLICAS,7061,BENEFICIOS PREVIDENCIARIOS - SEINFRA
2026|4711|7063,2026,4711,9,PREVIDENCIA SOCIAL,272,PREVIDENCIA DO REGIME ESTATUTARIO,705,APOIO AS POLITICAS PUBLICAS,7063,BENEFICIOS PREVIDENCIARIOS - SEMAD
2026|4711|7064,2026,4711,9,PREVIDENCIA SOCIAL,272,PREVIDENCIA DO REGIME ESTATUTARIO,705,APOIO AS POLITICAS PUBLICAS,7064,BENEFICIOS PREVIDENCIARIOS - PMMG
2026|4711|7065,2026,4711,9,PREVIDENCIA SOCIAL,272,PREVIDENCIA DO REGIME ESTATUTARIO,705,APOIO AS POLITICAS PUBLICAS,7065,BENEFICIOS PREVIDENCIARIOS - CBMMG
2026|4711|7088,2026,4711,9,PREVIDENCIA SOCIAL,272,PREVIDENCIA DO REGIME ESTATUTARIO,705,APOIO AS POLITICAS PUBLICAS,7088,BENEFICIOS PREVIDENCIARIOS - IMA
2026|4711|7089,2026,4711,9,PREVIDENCIA SOCIAL,272,PREVIDENCIA DO REGIME ESTATUTARIO,705,APOIO AS POLITICAS PUBLICAS,7089,BENEFICIOS PREVIDENCIARIOS - FHA
2026|4711|7091,2026,4711,9,PREVIDENCIA SOCIAL,272,PREVIDENCIA DO REGIME ESTATUTARIO,705,APOIO AS POLITICAS PUBLICAS,7091,BENEFICIOS PREVIDENCIARIOS - FUCAM
2026|4711|7094,2026,4711,9,PREVIDENCIA SOCIAL,272,PREVIDENCIA DO REGIME ESTATUTARIO,705,APOIO AS POLITICAS PUBLICAS,7094,BENEFICIOS PREVIDENCIARIOS - FAOP
2026|4711|7096,2026,4711,9,PREVIDENCIA SOCIAL,272,PREVIDENCIA DO REGIME ESTATUTARIO,705,APOIO AS POLITICAS PUBLICAS,7096,BENEFICIOS PREVIDENCIARIOS - FCS
2026|4711|7104,2026,4711,9,PREVIDENCIA SOCIAL,272,PREVIDENCIA DO REGIME ESTATUTARIO,705,APOIO AS POLITICAS PUBLICAS,7104,BENEFICIOS PREVIDENCIARIOS - IEPHA
2026|4711|7105,2026,4711,9,PREVIDENCIA SOCIAL,272,PREVIDENCIA DO REGIME ESTATUTARIO,705,APOIO AS POLITICAS PUBLICAS,7105,BENEFICIOS PREVIDENCIARIOS - TV MINAS
2026|4711|7205,2026,4711,9,PREVIDENCIA SOCIAL,272,PREVIDENCIA DO REGIME ESTATUTARIO,705,APOIO AS POLITICAS PUBLICAS,7205,BENEFICIOS PREVIDENCIARIOS - DEER
2026|4711|7209,2026,4711,9,PREVIDENCIA SOCIAL,272,PREVIDENCIA DO REGIME ESTATUTARIO,705,APOIO AS POLITICAS PUBLICAS,7209,BENEFICIOS PREVIDENCIARIOS - FUNED
2026|4711|7225,2026,4711,9,PREVIDENCIA SOCIAL,272,PREVIDENCIA DO REGIME ESTATUTARIO,705,APOIO AS POLITICAS PUBLICAS,7225,BENEFICIOS PREVIDENCIARIOS - FHEMIG
2026|4711|7312,2026,4711,9,PREVIDENCIA SOCIAL,272,PREVIDENCIA DO REGIME ESTATUTARIO,705,APOIO AS POLITICAS PUBLICAS,7312,BENEFICIOS PREVIDENCIARIOS - HEMOMINAS
2026|4711|7428,2026,4711,9,PREVIDENCIA SOCIAL,272,PREVIDENCIA DO REGIME ESTATUTARIO,705,APOIO AS POLITICAS PUBLICAS,7428,BENEFICIOS PREVIDENCIARIOS - FEAM
2026|4711|7473,2026,4711,9,PREVIDENCIA SOCIAL,272,PREVIDENCIA DO REGIME ESTATUTARIO,705,APOIO AS POLITICAS PUBLICAS,7473,BENEFICIOS PREVIDENCIARIOS - IEF
2026|4711|7484,2026,4711,9,PREVIDENCIA SOCIAL,272,PREVIDENCIA DO REGIME ESTATUTARIO,705,APOIO AS POLITICAS PUBLICAS,7484,BENEFICIOS PREVIDENCIARIOS - IGAM
2026|4711|7529,2026,4711,9,PREVIDENCIA SOCIAL,272,PREVIDENCIA DO REGIME ESTATUTARIO,705,APOIO AS POLITICAS PUBLICAS,7529,BENEFICIOS PREVIDENCIARIOS - JUCEMG
2026|4711|7586,2026,4711,9,PREVIDENCIA SOCIAL,272,PREVIDENCIA DO REGIME ESTATUTARIO,705,APOIO AS POLITICAS PUBLICAS,7586,BENEFICIOS PREVIDENCIARIOS - UTRAMIG
2026|4711|7617,2026,4711,9,PREVIDENCIA SOCIAL,272,PREVIDENCIA DO REGIME ESTATUTARIO,705,APOIO AS POLITICAS PUBLICAS,7617,BENEFICIOS PREVIDENCIARIOS - LEMG
2026|4711|7722,2026,4711,9,PREVIDENCIA SOCIAL,272,PREVIDENCIA DO REGIME ESTATUTARIO,705,APOIO AS POLITICAS PUBLICAS,7722,BENEFICIOS PREVIDENCIARIOS - FJP
2026|4711|7725,2026,4711,9,PREVIDENCIA SOCIAL,272,PREVIDENCIA DO REGIME ESTATUTARIO,705,APOIO AS POLITICAS PUBLICAS,7725,BENEFICIOS PREVIDENCIARIOS - IPSEMG
2026|4711|7840,2026,4711,9,PREVIDENCIA SOCIAL,272,PREVIDENCIA DO REGIME ESTATUTARIO,705,APOIO AS POLITICAS PUBLICAS,7840,BENEFICIOS PREVIDENCIARIOS - IPSM
2026|4711|7939,2026,4711,9,PREVIDENCIA SOCIAL,272,PREVIDENCIA DO REGIME ESTATUTARIO,705,APOIO AS POLITICAS PUBLICAS,7939,BENEFICIOS PREVIDENCIARIOS - IDENE
2026|4711|7957,2026,4711,9,PREVIDENCIA SOCIAL,272,PREVIDENCIA DO REGIME ESTATUTARIO,705,APOIO AS POLITICAS PUBLICAS,7957,BENEFICIOS PREVIDENCIARIOS - SEE
2026|4711|7959,2026,4711,9,PREVIDENCIA SOCIAL,272,PREVIDENCIA DO REGIME ESTATUTARIO,705,APOIO AS POLITICAS PUBLICAS,7959,BENEFICIOS PREVIDENCIARIOS - SES
2026|4711|7004,2026,4711,28,ENCARGOS ESPECIAIS,846,OUTROS ENCARGOS ESPECIAIS,705,APOIO AS POLITICAS PUBLICAS,7004,PRECATORIOS E SENTENCAS JUDICIARIAS
2026|4721|7001,2026,4721,28,ENCARGOS ESPECIAIS,846,OUTROS ENCARGOS ESPECIAIS,705,APOIO AS POLITICAS PUBLICAS,7001,COBERTURA DO DEFICIT DO REGIME PROPRIO DE PREVIDENCIA SOCIAL - RPPS
2026|4731|2072,2026,4731,3,ESSENCIAL A JUSTICA,122,ADMINISTRACAO GERAL,703,PROCESSO JUDICIARIO,2072,APRIMORAMENTO INSTITUCIONAL
2026|4741|2069,2026,4741,3,ESSENCIAL A JUSTICA,92,REPRESENTACAO JUDICIAL E EXTRAJUDICIAL,726,ACESSO A JUSTICA,2069,APRIMORAMENTO E MODERNIZACAO INSTITUCIONAL
2026|4751|2073,2026,4751,3,ESSENCIAL A JUSTICA,92,REPRESENTACAO JUDICIAL E EXTRAJUDICIAL,79,MODERNIZACAO E APRIMORAMENTO INSTITUCIONAL,2073,REAPARELHAMENTO E APERFEICOAMENTO INSTITUCIONAL
