chave_gifp,vlr_credito_inicial,vlr_credito_autorizado,vlr_reestimativa,vlr_cota_aprovada,vlr_empenhado,vlr_liquidado,vlr_pago_orcamentario,vlr_saldo_credito,vlr_saldo_cota,vlr_saldo_empenho
2026|1011|1|0|10|9,2000000,2000000,2000000,833333.3300000001,0,0,0,1166666.67,833333.3300000001,0
2026|1011|1|0|42|5,112000000,112000000,112000000,46666666.67,33682120.37,33682120.37,33682120.37,65333333.33,12984546.300000004,0
2026|1011|1|0|43|5,126400000,126400000,126400000,52666666.67,37438096.48,37438096.48,37438096.48,73733333.33,15228570.190000005,0
2026|1011|1|0|10|5,378228000,378228000,378228000,157595000,104064756.94,104064756.94,104064756.94000001,220633000,53530243.06,0
2026|1011|1|0|10|1,1291921833,1291921833,1291921833,538300763.75,338303003.6600001,338303003.6600001,338303003.66,753621069.25,199997760.0899999,0
2026|1011|3|0|10|9,30000,30000,30000,12500,0,0,0,17500,12500,0
2026|1011|3|0|60|1,24896769,24896769,24896769,10373653.75,6496893.49,6496893.49,6496893.49,14523115.25,3876760.26,0
2026|1011|3|0|10|7,69355000,69355000,69355000,33811981.14,33811981.14,33811981.14,33811981.14,35543018.86,0,0
2026|1011|3|0|10|1,276497900,276497900,276497900,207373425.02000004,197926069.5399999,54919480.400000006,47492688.199999996,69124474.97999996,9447355.480000138,143006589.1399999
2026|1011|4|0|10|1,14800000,14800000,14800000,6166666.67,2929894.8200000003,706965.14,670636.6799999999,8633333.33,3236771.8499999996,2222929.68
2026|1011|5|0|10|1,11953000,11953000,11953000,4980416.67,3984332,3984332,3984332,6972583.33,996084.6699999999,0
2026|1021|1|0|42|5,104407495,104407495,104407495,43503122.92,33503155.1,33503155.1,33503155.1,60904372.08,9999967.82,0
2026|1021|1|0|43|5,118906754,118906754,118906754,49544480.83,38996564.1,38996564.1,38996564.1,69362273.17,10547916.729999997,0
2026|1021|1|0|10|5,320369648,320369648,320369648,150189882.67000002,111106423.28,111106423.28,111106423.28,170179765.32999998,39083459.390000015,0
2026|1021|1|0|10|1,687358884,687358884,687358884,286399535,211938197,211938197,211938197.00000003,400959349,74461338,0
2026|1021|3|0|10|8,7610666,7610666,7610666,7610666,5318454.99,2914617.0999999996,2852992.0999999996,0,2292211.01,2403837.8900000006
2026|1021|3|0|10|9,1000,1000,1000,416.66999999999996,0,0,0,583.33,416.66999999999996,0
2026|1021|3|0|60|1,50745000,50745000,50745000,21143750,0,0,0,29601250,21143750,0
2026|1021|3|0|10|7,74343439,74343439,74343439,30976432.919999998,22551157.31,22551157.31,22551157.31,43367006.08,8425275.61,0
2026|1021|3|0|10|1,139003297,139003297,139003297,64834432.31999999,46549079.25,17899706.14,17102499.330000002,74168864.68,18285353.069999993,28649373.11
2026|1021|4|0|60|1,15000000,15000000,15000000,7500000,0,0,0,7500000,7500000,0
2026|1021|4|0|10|1,18432210,18432210,18432210,9216105,6140088.42,5426541.97,5409008.859999999,9216105,3076016.58,713546.4500000002
2026|1031|1|0|10|9,1000,1000,1000,416.67,0,0,0,583.3299999999999,416.67,0
2026|1031|1|0|43|5,891570030,891570030,891570030,371487512.5,242135627.35999998,242135627.35999998,242135627.36,520082517.5,129351885.14000002,0
2026|1031|1|0|42|5,1081813774,1081813774,1081813774,450734377.75999993,314629013.72,314629013.72,314629013.71999997,631079396.24,136105364.0399999,0
2026|1031|1|0|10|5,1146518247,1146518247,1146518247,477715936.25,238754808.76999998,238754808.76999998,238754808.77,668802310.75,238961127.48000002,0
2026|1031|1|0|10|1,8394265975,8394265975,8394265975,3497599985.98,2302462994.6499996,2302462994.6499996,2302462994.65,4896665989.02,1195136991.3300004,0
2026|1031|3|0|60|7,226447611,226447611,226447611,94353171.25,41752441.45999999,41752441.45999999,41752441.45999999,132094439.75,52600729.79000001,0
2026|1031|3|0|10|7,756262799,756262799,756262799,315109499.58000004,312262171.52000004,312262171.52000004,312262171.52000004,441153299.41999996,2847328.0600000024,0
2026|1051|1|0|10|9,1000,1000,1000,416.66999999999996,0,0,0,583.33,416.66999999999996,0
2026|1051|1|0|43|5,9665367,9665367,9665367,4027236.25,2212674.71,2212674.71,2212674.71,5638130.75,1814561.54,0
2026|1051|1|0|42|5,9851943,9851943,9851943,4104976.25,2714148.75,2714148.75,2714148.75,5746966.75,1390827.5,0
2026|1051|1|0|10|5,14629453,14629453,14629453,6095605.42,2061802.94,2061802.94,2061802.94,8533847.58,4033802.48,0
2026|1051|1|0|10|1,117606891,117606891,117606891,49002871.25,27691287.050000004,27691287.050000004,27691287.049999997,68604019.75,21311584.199999996,0
2026|1051|3|0|60|1,787500,787500,787500,414875,215662,106812.2,106812.2,372625,199213,108849.8
2026|1051|3|0|10|7,11475660,11475660,11475660,4901068.87,4901068.87,4901068.87,4901068.87,6574591.13,0,0
2026|1051|3|0|10|1,15583054,15583054,15583054,6492939.17,3248579.25,2531098.4000000004,2436334.04,9090114.83,3244359.92,717480.8499999996
2026|1051|4|0|60|1,1412500,1412500,1412500,588541.6699999999,247342.59,246342.59,246342.59,823958.3300000001,341199.07999999996,1000
2026|1051|4|0|10|1,8396854,8396854,8396854,3498689.17,1145002.3800000001,812738.3899999999,599528.83,4898164.83,2353686.79,332263.9900000002
2026|1071|1|0|10|1,8330350,8330350,8249314.356723703,2496897.07,2496897.0700000003,2496897.0700000003,2496897.07,5833452.93,-4.656612873077393e-10,0
2026|1071|3|0|95|1,0,160914.8,160914.8,160914.8,4326.7,4326.7,4326.7,0,156588.09999999998,0
2026|1071|3|1|10|1,1000,1000,1000,0,0,0,0,1000,0,0
2026|1071|3|0|10|8,0,100000,100000,0,0,0,0,100000,0,0
2026|1071|3|1|10|8,600000,769050,769050,0,0,0,0,769050,0,0
2026|1071|3|0|10|7,1448485,1448485,1644338.825043043,437165.12,437165.12,437165.12,437165.12,1011319.88,0,0
2026|1071|3|1|80|1,0,12291807.84,12291807.84,8691807.83,3500000,0,0,3600000.01,5191807.83,3500000
2026|1071|3|0|57|1,5002000,9635578.02,9635578.02,4633578.02,4633578.02,4633578.02,4633578.02,5002000,0,0
2026|1071|3|0|10|1,27377973,40374976.28,40374976.28,26659486.250000037,20266842.969999973,10287863.629999999,9830981.569999997,13715490.029999964,6392643.2800000645,9978979.339999974
2026|1071|4|1|98|1,0,1188000,1188000,1188000,0,0,0,0,1188000,0
2026|1071|4|0|95|1,0,7114078.86,7114078.86,7114078.86,4602362.67,0,0,0,2511716.1900000004,4602362.67
2026|1071|4|0|80|1,14800000,14800000,14800000,14800000,11399338.2,0,0,0,3400661.8000000007,11399338.2
2026|1071|4|0|10|1,0,2996.72,2996.72,2660,0,0,0,336.7199999999998,2660,0
2026|1071|4|1|25|1,130000,130000,130000,0,0,0,0,130000,0,0
2026|1071|4|0|10|8,1000000,900000,900000,0,0,0,0,900000,0,0
2026|1071|4|0|10|4,1260000,1260000,1260000,0,0,0,0,1260000,0,0
2026|1071|4|1|10|8,1000000,2025600,2025600,0,0,0,0,2025600,0,0
2026|1081|1|0|10|1,371866796,371866796,374503963.9913671,113237327.69999997,113237327.69999999,113237327.69999999,113237327.7,258629468.3,-1.4901161193847656e-08,0
2026|1081|1|0|10|9,747417922,674609060.48,674609060.48,358000000.01,184268277.77000013,66523268.97999999,63138486.70000002,316609060.47,173731722.23999986,117745008.79000014
2026|1081|3|0|95|1,0,7700001.68,7700001.68,7700001.68,7479407.54,1172532.14,1128503.54,0,220594.13999999966,6306875.4
2026|1081|3|0|60|2,0,14229,14229,9189.5,9189.5,9189.5,9189.5,5039.5,0,0
2026|1081|3|0|9|1,351000,1617700.29,1617700.29,1249806.08,377772.39,335312.11,335312.11,367894.20999999996,872033.6900000001,42460.28000000003
2026|1081|3|0|10|7,24168517,24168517,23201177.550871424,7343000.260000001,7343000.26,7343000.26,7343000.26,16825516.74,9.313225746154785e-10,0
2026|1081|3|0|10|1,29657457,29657457,23657457,11924048.450000001,8718868.96,6016003.69,5469650.839999999,17733408.549999997,3205179.49,2702865.2700000005
2026|1081|3|0|10|9,564929952,564830215.07,564830215.0699999,223000000,151682273.46002716,129107322.10000254,122078630.06998307,341830215.07000005,71317726.53997284,22574951.360024616
2026|1081|4|0|57|1,0,6404.14,6404.14,6404.14,5968,0,0,0,436.1400000000003,5968
2026|1081|4|0|95|1,0,412740,412740,412740,409228.36,0,0,0,3511.640000000014,409228.36
2026|1081|4|0|60|2,0,30000,30000,0,0,0,0,30000,0,0
2026|1081|4|0|9|1,750000,1558205.5699999998,1558205.5699999998,67121.9,67121.9,67121.9,67121.9,1491083.67,0,0
2026|1081|4|0|10|1,3136462,3136462,3136462,1568232,1568232,701316.5,599112.5,1568230,0,866915.5
2026|1091|1|0|10|9,1000,1000,1000,416.67,0,0,0,583.3299999999999,416.67,0
2026|1091|1|0|60|1,5000000,5000000,5000000,2083333.3299999998,0,0,0,2916666.67,2083333.3299999998,0
2026|1091|1|0|10|5,124799000,124799000,44799000,19799696.83,0,0,0,104999303.17,19799696.83,0
2026|1091|1|0|43|5,260748891,260748891,260748891,106645371.25,81198466.1,81198466.1,81198466.1,154103519.75,25446905.150000006,0
2026|1091|1|0|42|5,391082727,391082727,391082727,161951136.25,118885501.78,118885501.78,118885501.78,229131590.75,43065634.47,0
2026|1091|1|0|10|1,2885700000,2885700000,3055700000,1313776494.4899998,1090971040.3799999,1090971040.3799999,1090971040.38,1571923505.5100002,222805454.1099999,0
2026|1091|3|0|60|2,0,0,40000000,0,0,0,0,0,0,0
2026|1091|3|0|24|1,1915000,1915000,1915000,797916.6699999999,0,0,0,1117083.33,797916.6699999999,0
2026|1091|3|0|60|1,50000000,50000000,100000000,20833333.33,0,0,0,29166666.67,20833333.33,0
2026|1091|3|0|60|7,50000000,50000000,116000000,20833333.33,0,0,0,29166666.67,20833333.33,0
2026|1091|3|0|10|7,348000000,348000000,348000000,166340694.17000005,166340694.17000002,166340694.17000002,166340694.17,181659305.82999995,2.9802322387695312e-08,0
2026|1091|3|0|10|1,392172255,392172255,302172255,196086127.5,149667316.58000004,95504669.53,93288168.73999994,196086127.5,46418810.91999996,54162647.05000004
2026|1091|4|0|24|1,0,0,518913.91,0,0,0,0,0,0,0
2026|1091|4|0|10|3,1663225,1663225,1663225,0,0,0,0,1663225,0,0
2026|1091|4|0|47|1,3080000,3080000,3080000,0,0,0,0,3080000,0,0
2026|1091|4|0|70|1,4500000,4500000,7000000,0,0,0,0,4500000,0,0
2026|1091|4|0|60|1,14256000,14256000,34256000,5940000,0,0,0,8316000,5940000,0
2026|1091|4|0|10|1,33336775,33336775,33336775,13890322.92,6714292.38,3246814.1999999997,3191681.0500000003,19446452.08,7176030.54,3467478.18
2026|1091|5|0|10|1,5000000,5000000,5000000,2083333.3299999998,0,0,0,2916666.67,2083333.3299999998,0
2026|1101|1|0|10|1,15149831,15149831,16402279.219486803,5096935.41,5096935.41,5096935.41,5096935.409999999,10052895.59,0,0
2026|1101|3|0|10|1,2003846,2031846,2003846,1450489.99,876949.0800000001,553075.0199999999,553075.0199999999,581356.01,573540.9099999999,323874.0600000002
2026|1101|3|0|10|7,1521152,1521152,1770125.604709992,482335.86,482335.86,482335.86,482335.86,1038816.14,0,0
2026|1191|1|0|10|1,1202693,1202693,135679.25,140000,135679.25,116625.13,99179.25,1062693,4320.75,19054.119999999995
2026|1191|1|0|15|1,1596505386,1596505386,1614637009.6276548,465287529.66,465287529.66,463775316.62,463775316.61999995,1131217856.34,0,1512213.0400000215
2026|1191|3|0|83|2,960000,960000,960000,960000,960000,592409.0599999999,592409.0599999999,0,0,367590.94000000006
2026|1191|3|0|27|1,20000000,20000000,20000000,20000000,20000000,8330495.4399999995,8330495.44,0,0,11669504.56
2026|1191|3|0|9|1,5000,77597.3,77597.3,72597.3,72597.3,72597.3,72597.3,5000,0,0
2026|1191|3|1|10|1,6415694,6415694,6415694,3097978.0300000003,2154723.75,1367444.9000000001,809150.6000000001,3317715.9699999997,943254.2800000003,787278.8499999999
2026|1191|3|0|29|1,29232687,29232687,29232687,14616343.499999998,9358659.559999999,5844241.960000001,5768796.629999999,14616343.500000002,5257683.9399999995,3514417.5999999978
2026|1191|3|0|10|7,76904128,76904128,78123150.44499035,22173813.05,22173813.05,22173813.05,22173813.05,54730314.95,0,0
2026|1191|3|0|10|1,230373430,233717518.53,259161031,128671739.33999999,93939560.64999919,44371914.45999965,37077646.629999645,105045779.19000001,34732178.6900008,49567646.189999536
2026|1191|4|0|9|1,0,440094.4,440094.4,440094.4,440094.4,185086.43,115502.57,0,0,255007.97000000003
2026|1191|4|0|48|1,17220626,17220626,17220626,8610313,3500000,2220104.8,2220104.8,8610313,5110313,1279895.2000000002
2026|1191|4|0|10|1,4546514,29990026.47,4546514,10754427.82,799860,183044,183044,19235598.65,9954567.82,616816
2026|1191|4|0|74|1,23801000,63435049.61,63435049.61,22225007.990000002,20539319.15,3200727.54,3191927.54,41210041.62,1685688.8400000036,17338591.61
2026|1221|1|0|95|1,0,126750.57,126750.57,0,0,0,0,126750.57,0,0
2026|1221|1|0|10|1,21940165,21940165,22798566.0192827,6899387.54,6893995.620000001,6892131.870000001,6892131.87,15040777.46,5391.919999998994,1863.75
2026|1221|3|0|24|1,0,97.1,0,97.1,97.1,97.1,97.1,0,0,0
2026|1221|3|0|95|1,0,187748.52,187748.52,187748.52,46019.11,34545,34545,0,141729.40999999997,11474.11
2026|1221|3|1|10|1,964177,964177,964177,964177,204205.53999999998,204205.53999999998,147789.47999999998,0,759971.46,0
2026|1221|3|0|95|7,0,38060,38060,0,0,0,0,38060,0,0
2026|1221|3|1|32|1,123073,123073,123073,60858,39201.729999999996,24668.379999999997,24668.38,62215,21656.270000000004,14533.349999999999
2026|1221|3|0|98|1,308341,308341,308341,0,0,0,0,308341,0,0
2026|1221|3|0|10|4,500000,500000,500000,0,0,0,0,500000,0,0
2026|1221|3|1|10|4,780000,780000,780000,0,0,0,0,780000,0,0
2026|1221|3|1|10|8,0,1746000,1746000,0,0,0,0,1746000,0,0
2026|1221|3|0|10|7,3277097,3277097,3808390.779095987,1024687.5,1024687.5,1024687.5,1024687.5,2252409.5,0,0
2026|1221|3|0|10|1,17087437,17087437,17087437,14822088,4567901.299999999,3584188.839999999,3199224.2300000014,2265349,10254186.700000001,983712.46
2026|1221|3|0|32|1,4533664,4533664,2633664,2267510,547912.09,422678.38999999996,419673.89,2266154,1719597.9100000001,125233.70000000001
2026|1221|3|0|80|1,9703876,10134968.68,10134968.68,625025.99,195631.46000000002,125781.15,125781.15,9509942.69,429394.52999999997,69850.31000000003
2026|1221|3|1|80|1,47501208,47501208,47501208,4056201,3291919.93,58086.92,0,43445007,764281.0699999998,3233833.0100000002
2026|1221|4|0|10|1,250000,250000,250000,125000,0,0,0,125000,125000,0
2026|1221|4|0|24|1,3009520,3009520,3009520,0,0,0,0,3009520,0,0
2026|1221|4|0|80|1,4000000,4000000,4000000,0,0,0,0,4000000,0,0
2026|1221|4|0|32|1,11192448,11192448,11192448,5616224,3768830.88,3768830.88,3768830.88,5576224,1847393.12,0
2026|1221|4|0|95|1,0,587028537.99,587028537.99,27193856.009999998,15546877.820000002,610280.47,586062.2799999999,559834681.98,11646978.189999996,14936597.350000001
2026|1221|5|0|80|1,70200000,70200000,70200000,0,0,0,0,70200000,0,0
2026|1231|1|1|71|1,1618259,1618259,1482254.516217819,465037.52999999997,465037.52999999997,465037.52999999997,465037.52999999997,1153221.47,0,0
2026|1231|1|0|10|1,21572634,21572634,20613851.294522893,6524626.700000001,6524626.7,6524626.7,6524626.699999999,15048007.299999999,9.313225746154785e-10,0
2026|1231|3|0|10|3,0,2767301.53,2767301.5300000003,2767301.5300000003,2767301.5300000003,2767301.5300000003,2767301.5300000003,-4.656612873077393e-10,0,0
2026|1231|3|1|95|1,0,1632000,1632000,1632000,501907.82999999996,300748.64,300748.64,0,1130092.17,201159.18999999994
2026|1231|3|0|15|1,0,250000,250000,150000,0,0,0,100000,150000,0
2026|1231|3|1|71|7,241849,241849,298326.5412018589,78055.69,78055.69,78055.69,78055.69,163793.31,0,0
2026|1231|3|1|10|8,750000,450000,450000,0,0,0,0,450000,0,0
2026|1231|3|0|10|4,722000,722000,722000,0,0,0,0,722000,0,0
2026|1231|3|0|1|1,766000,766000,766000,0,0,0,0,766000,0,0
2026|1231|3|1|10|4,1974606,1974606,1974606,0,0,0,0,1974606,0,0
2026|1231|3|0|10|7,2979943,2979943,3553706.861735225,933837.02,933837.02,933837.02,933837.02,2046105.98,0,0
2026|1231|3|1|15|1,0,2254919,0,0,0,0,0,2254919,0,0
2026|1231|3|0|71|1,9591577,9591577,9591577,7011578,6020711.6,2427273.2,2427273.2,2579999,990866.4000000004,3593438.3999999994
2026|1231|3|0|98|1,2889657,5647605.95,5647605.95,2757948.95,0,0,0,2889657,2757948.95,0
2026|1231|3|0|10|8,1612500,3615000,3615000,650000,650000,500000,500000,2965000,0,150000
2026|1231|3|0|59|1,3522082,3522082,3522082,5000,5000,912.7,0,3517082,0,4087.3
2026|1231|3|0|24|1,7648402,13688331.96,13688331.96,8533363.06,8533363.06,8533363.06,8533363.06,5154968.9,0,0
2026|1231|3|0|69|1,5205873,6392199.97,6392199.97,1186326.97,237172.5,64450,64450,5205873,949154.47,172722.5
2026|1231|3|0|10|1,12495112,12495112,12495112,6240826.250000001,2835338.54,2169175.3100000005,2163261.53,6254285.749999999,3405487.710000001,666163.2299999995
2026|1231|3|0|80|1,10256474,20005364.6,20005364.6,9539359.559999999,9539359.559999999,125372.89000000001,125372.89,10466005.040000003,0,9413986.669999998
2026|1231|3|1|71|1,18318498,18318498,18318498,6207409.25,1233785.31,612005.51,484763.06999999995,12111088.75,4973623.9399999995,621779.8
2026|1231|4|0|98|1,0,650500,650500,648636,271991.85,6990,6990,1864,376644.15,265001.85
2026|1231|4|0|10|1,14440,1514440,1514440,1500000,0,0,0,14440,1500000,0
2026|1231|4|0|24|1,0,2493433.1,2493433.1,0,0,0,0,2493433.1,0,0
2026|1231|4|0|15|1,0,77169953.22,77169953.22,72405531.22000001,13865717.629999999,0,0,4764421.999999985,58539813.59000002,13865717.629999999
2026|1231|4|0|10|4,5440118,5440118,5440118,0,0,0,0,5440118,0,0
2026|1231|4|0|80|1,30000000,18932295.35,18932295.35,0,0,0,0,18932295.35,0,0
2026|1231|4|0|10|8,20442970,46814707.49,46814707.49,449790,449790,0,0,46364917.49,0,449790
2026|1251|1|0|30|1,158202401,158202401,202589999.82999998,64000000,64000000,64000000,64000000,94202401,0,0
2026|1251|1|0|27|1,135219284,135219284,161849543.10222873,36653009.09,36653009.089999996,36653009.089999996,36653009.09,98566274.91,7.450580596923828e-09,0
2026|1251|1|0|75|1,580294911,580294911,613871243.52,195000000,195000000,195000000,195000000,385294911,0,0
2026|1251|1|0|10|1,16442911143,16442911143,16274675673.067278,4834530042.45,4696187836.469998,4696187836.469998,4696187836.47,11608381100.55,138342205.98000145,0
2026|1251|3|0|97|1,0,60000,60000,60000,0,0,0,0,60000,0
2026|1251|3|1|10|8,748000,3253255.7,3253255.7,3253255.7,0,0,0,0,3253255.7,0
2026|1251|3|0|82|1,15000000,15000000,15000000,14999999.999999996,1639137.55,359277.8,318296.41000000003,3.725290298461914e-09,13360862.449999996,1279859.75
2026|1251|3|0|10|8,1501000,1000,1000,0,0,0,0,1000,0,0
2026|1251|3|1|10|1,1050,1050,1050,0,0,0,0,1050,0,0
2026|1251|3|0|45|1,71605,71605,71605,18218.75,0,0,0,53386.25,18218.75,0
2026|1251|3|0|98|1,1000000,1000000,1000000,0,0,0,0,1000000,0,0
2026|1251|3|0|68|1,1678872,1717396.06,1717396.0599999998,38524.06,0,0,0,1678872,38524.06,0
2026|1251|3|0|83|2,15000000,15000000,15000000,12273578.67,2152907.8400000003,1302485.8000000005,721123.85,2726421.33,10120670.83,850422.0399999998
2026|1251|3|0|9|1,2837655,2802655,2802655,0,0,0,0,2802655,0,0
2026|1251|3|0|52|2,0,13000000,13000000,9906863.45,1510777.6599999997,769609.1,424466.9,3093136.5500000007,8396085.79,741168.5599999997
2026|1251|3|0|60|1,7183124,7183124,7183124,3591561.9999999977,543111.15,201495.65999999997,194392.78000000003,3591562.0000000023,3048450.8499999978,341615.49000000005
2026|1251|3|0|1|1,4369510,4083651.6,4083651.6,0,0,0,0,4083651.6,0,0
2026|1251|3|0|10|1,292487670,15639439.58,15639439.579999994,7896203.699999996,4018648.8900000025,3389128.4500000007,2904981.0699999994,7743235.880000004,3877554.809999994,629520.4400000018
2026|1251|3|0|69|1,10992459,11542847.47,11542847.47,3735392.6399999997,225944.91,56408.93,56408.93,7807454.830000001,3509447.7299999995,169535.98
2026|1251|3|0|2|1,10623211,10623211,10623211,0,0,0,0,10623211,0,0
2026|1251|3|0|24|1,25624405,27549261.380000003,27549261.38,1939500.79,570852.14,106.36,106.36,25609760.590000004,1368648.65,570745.78
2026|1251|3|0|73|1,30000000,37285750,37285750,7285750,1976880.9099999997,706525.2400000002,213573.52000000002,30000000,5308869.09,1270355.6699999995
2026|1251|3|0|70|1,39728323,44190552.1,44190552.10000001,4648676.78,1770419.2400000002,567794.71,492684.23,39541875.32,2878257.54,1202624.5300000003
2026|1251|3|0|60|2,134472993,416173970,400173970,274699277.70000017,92304855.32000026,65240058.769999884,55525332.1000007,141474692.29999983,182394422.3799999,27064796.550000377
2026|1251|3|0|10|7,1102617230,1102617230,1183658126.5135877,451292255.42999995,451292255.43000007,451292255.43000007,451292255.43,651324974.57,-1.1920928955078125e-07,0
2026|1251|4|0|97|1,0,819177.83,819177.83,819177.8300000001,231647.87,2124,2124,-1.1641532182693481e-10,587529.9600000001,229523.87
2026|1251|4|0|10|8,500000,0,0,0,0,0,0,0,0,0
2026|1251|4|0|10|1,6334208,144346.83,144346.83,144346.83,129950,0,0,0,14396.829999999987,129950
2026|1251|4|0|10|3,0,28730.14,28730.14,28730.14,4108.25,0,0,0,24621.89,4108.25
2026|1251|4|0|48|0,0,226540676,226540676,226540676,182247896.07999998,64865513.44,64270241.54,0,44292779.92000002,117382382.63999999
2026|1251|4|0|45|1,239721,648885.01,648885.01,581870.46,0,0,0,67014.55000000005,581870.46,0
2026|1251|4|1|10|8,39594128,26985940.75,26985940.75,26740195.75,119890.62,0,0,245745,26620305.13,119890.62
2026|1251|4|0|10|4,300000,300000,300000,0,0,0,0,300000,0,0
2026|1251|4|0|9|1,1216138,928993.53,928993.5300000001,411251.45,19.86,19.86,0,517742.08,411231.59,0
2026|1251|4|0|68|1,864432,965745.86,965745.86,103120.07,3295.72,3295.72,3295.72,862625.79,99824.35,0
2026|1251|4|0|69|1,5984400,7052548.08,7052548.08,2068148.0799999998,44826.36,28384.38,28384.38,4984400,2023321.7199999997,16441.98
2026|1251|4|0|60|2,9754107,16288315,16288315,5161605.27,1180387.25,687077.55,0,11126709.73,3981218.0199999996,493309.69999999995
2026|1251|4|0|98|1,13581975,20388295.740000002,20388295.740000002,6806320.74,2228960.8,217410,0,13581975.000000002,4577359.94,2011550.7999999998
2026|1251|4|0|70|1,30107727,32963890.97,32918544.06,3486635.66,541674.25,329448.27,329448.27,29477255.31,2944961.41,212225.97999999998
2026|1251|4|0|1|1,42371253,42371253,42371253,2096883.6700000002,1916278.5399999998,0,0,40274369.33,180605.13000000035,1916278.5399999998
2026|1251|4|0|24|1,41481242,42192132.84,42192132.84,710890.84,0,0,0,41481242,710890.84,0
2026|1251|4|0|73|1,43191777,48992527.92,48992527.92,5800750.92,0,0,0,43191777,5800750.92,0
2026|1251|4|0|2|1,55850129,49473025.36,49473025.36,1181709.83,282054.24,0,0,48291315.53,899655.5900000001,282054.24
2026|1261|1|0|10|1,1806064440,1808383211.52,2075777783.1283648,497770631.4099999,491770631.40000004,489774738.12,488475274.98,1310612580.1100001,6000000.009999871,1995893.280000031
2026|1261|1|0|23|1,13592585765,13592585765,13228851291.615894,4110897906.879999,4110897906.8799973,4110897906.8799973,4110897906.88,9481687858.12,1.9073486328125e-06,0
2026|1261|3|0|10|0,200000000,0,0,0,0,0,0,0,0,0
2026|1261|3|0|24|1,2000,110702.5,110702.5,108702.5,86712.5,86712.5,86712.5,2000,21990,0
2026|1261|3|0|10|3,88119,88119,88119,0,0,0,0,88119,0,0
2026|1261|3|0|98|1,0,452532.89,452532.89,202030.38,202030.38,202030.38,202030.38,250502.51,0,0
2026|1261|3|0|10|7,892345,1357806.3900000001,1839307.981039789,444779.38000000006,444779.38,444779.38,444779.38,913027.01,5.820766091346741e-11,0
2026|1261|3|0|13|1,2194500,2194500,2194500,0,0,0,0,2194500,0,0
2026|1261|3|1|71|0,141698901,5026980.03,839170,839080,830300,830300,830300,4187900.0300000003,8780,0
2026|1261|3|0|3|1,5915678,5915678,5915678,0,0,0,0,5915678,0,0
2026|1261|3|0|10|8,6617317,52210935.45,52210935.449999996,0,0,0,0,52210935.45,0,0
2026|1261|3|1|71|1,0,136671920.97,141698901.00000003,65424725.25,47808758.22,24274300,23603340,71247195.72,17615967.03,23534458.22
2026|1261|3|0|36|1,155211265,373408252.73,373408252.72999996,253172808.57999998,96832527.67,85099966.05999999,84828571.03999993,120235444.15000004,156340280.90999997,11732561.610000014
2026|1261|3|0|89|1,150000000,150000000,0,0,0,0,0,150000000,0,0
2026|1261|3|0|23|7,292950550,292950550,333594898.34413946,84541864.72,84541864.72000001,84541864.72000001,84541864.71999997,208408685.28,-1.4901161193847656e-08,0
2026|1261|3|1|10|0,468827690,250827690,5593904.319999993,5593904.32,5398000.569999999,5398000.57,5398000.569999999,245233785.68,195903.75000000093,-9.313225746154785e-10
2026|1261|3|1|10|1,66195650,633817835,852645525,155046803.88,125207620.76999989,80481012.44999993,78131229.32000005,478771031.12,29839183.110000104,44726608.31999996
2026|1261|3|0|21|1,899984480,899984480,899984480,314717772,303575686.42000014,297255638.4100001,296740239.8100001,585266708,11142085.579999864,6320048.01000005
2026|1261|3|0|10|1,1716781915,1653309730.0000002,1212364276.5500002,887003671.1999999,756357257.9899988,610078870.1599989,578288961.9099993,766306058.8000003,130646413.21000111,146278387.82999992
2026|1261|4|0|98|1,0,211415.49,211415.49,211415.49,27837.16,27837.16,27837.16,0,183578.33,0
2026|1261|4|0|36|1,0,50128483.31,50128483.31,50128483.31,9669499.59,0,0,0,40458983.72,9669499.59
2026|1261|4|1|21|3,283020,283020,283020,0,0,0,0,283020,0,0
2026|1261|4|0|3|1,2831666,2831666,2831666,0,0,0,0,2831666,0,0
2026|1261|4|1|98|1,4224881,4224881,4224881,0,0,0,0,4224881,0,0
2026|1261|4|1|10|8,10011687,14814324,14814324,0,0,0,0,14814324,0,0
2026|1261|4|1|89|1,23231200,23231200,0,0,0,0,0,23231200,0,0
2026|1261|4|0|10|1,237417564,373417564,478063133.45000005,319996000,102980959.67000008,95372778.54,94671517.63000005,53421564,217015040.32999992,7608181.13000007
2026|1261|4|0|10|8,102484744,94444623.61,94444623.61,0,0,0,0,94444623.61,0,0
2026|1261|4|1|10|1,124012435,124012435,269012435,25425001,21772882.97,16621453.090000002,16621453.089999996,98587434,3652118.030000001,5151429.879999997
2026|1261|4|1|10|0,145000000,145000000,0,0,0,0,0,145000000,0,0
2026|1261|4|0|10|0,163596206,163596206,0,0,0,0,0,163596206,0,0
2026|1261|4|0|89|1,200000000,200000000,0,0,0,0,0,200000000,0,0
2026|1261|4|1|36|1,231304479,231951480.83,231951480.83,0,0,0,0,231951480.83,0,0
2026|1261|5|0|10|1,10000000,24850000,24850000,14850000,14850000,14850000,14850000,10000000,0,0
2026|1271|1|0|10|1,26984745,26984745,26780629.017579243,8153737.21,8153737.210000001,8153737.210000001,8153737.210000001,18831007.79,-9.313225746154785e-10,0
2026|1271|3|0|69|1,2000,6127383.25,6127383.25,6127383.25,2836582.62,1091247.32,1091247.32,0,3290800.63,1745335.3
2026|1271|3|1|10|1,57600,57600,57600,30000,29720,11165.48,11165.48,27600,280,18554.52
2026|1271|3|0|24|1,1052638,1052638,1052638,0,0,0,0,1052638,0,0
2026|1271|3|0|95|1,0,3993381.66,3993381.66,1953730,288404.65,207391.16,205571.66000000003,2039651.6600000001,1665325.35,81013.49000000002
2026|1271|3|0|10|1,35090327,34420116.6,34390327,31794364.000000004,16650423.99,11004479.51,11004479.509999996,2625752.5999999978,15143940.010000004,5645944.48
2026|1271|3|0|10|7,4627740,4627740,4955775.752386727,1349587.46,1349587.46,1349587.46,1349587.46,3278152.54,0,0
2026|1271|3|0|10|4,5650000,5650000,5650000,0,0,0,0,5650000,0,0
2026|1271|3|0|10|8,8751000,26991435.4,26991435.4,0,0,0,0,26991435.4,0,0
2026|1271|3|0|16|1,170002000,280241836.56,280241836.56,110239836.56,3783943.2299999995,947594.8799999999,947594.88,170002000,106455893.33,2836348.3499999996
2026|1271|4|0|10|1,0,5000,0,5000,0,0,0,0,5000,0
2026|1271|4|0|69|1,1486073,690541.73,690541.73,690541.73,405000,221357.72999999998,221357.72999999998,0,285541.73,183642.27000000002
2026|1271|4|0|97|1,0,5472.15,5472.15,5400,0,0,0,72.14999999999964,5400,0
2026|1271|4|0|10|4,1450000,1450000,1450000,0,0,0,0,1450000,0,0
2026|1271|4|0|10|8,1800000,18332611.49,18332611.49,0,0,0,0,18332611.49,0,0
2026|1271|4|0|24|1,32090594,32090594,32090594,0,0,0,0,32090594,0,0
2026|1301|1|0|10|1,46038568,46038568,42055715.390580945,12386752.65,12386752.65,12384698.190000001,12384698.190000001,33651815.35,0,2054.4599999990314
2026|1301|3|0|98|1,0,700000,700000,700000,700000,0,0,0,0,700000
2026|1301|3|0|74|1,1201000,1201000,1201000,0,0,0,0,1201000,0,0
2026|1301|3|0|73|1,1268000,1268000,1268000,0,0,0,0,1268000,0,0
2026|1301|3|0|70|1,1386000,1386000,1386000,0,0,0,0,1386000,0,0
2026|1301|3|0|10|7,7452917,7452917,6903606.830398902,2182582.44,2182582.44,2182582.44,2182582.44,5270334.5600000005,0,0
2026|1301|3|0|24|1,7150001,7150001,7150001,0,0,0,0,7150001,0,0
2026|1301|3|0|10|1,69517001,58560659,58567001,24302459.459999997,5377905.959999999,4913448.68,4886139.38,34258199.54000001,18924553.5,464457.27999999933
2026|1301|4|0|32|1,0,263867.62,263868,263867.62,0,0,0,0,263867.62,0
2026|1301|4|0|74|1,0,3399773.16,3399773.16,3399773.16,610151.75,24661.739999999998,24661.74,0,2789621.41,585490.01
2026|1301|4|0|25|1,0,6692750.54,6692750.54,6692750.54,2050000,1516995.7800000003,1323220.6,0,4642750.54,533004.2199999997
2026|1301|4|0|98|1,1255803,1750803,1750803,495000,0,0,0,1255803,495000,0
2026|1301|4|0|70|1,4000000,3840000,3840000,0,0,0,0,3840000,0,0
2026|1301|4|0|32|0,13206307,12942439.379999999,12942439,6849275.01,2884391.3099999996,2371788,2371788,6093164.369999999,3964883.7,512603.3099999996
2026|1301|4|0|10|0,25285413,21285413,21285413,10590183.63,832931.18,591592.81,591592.81,10695229.37,9757252.450000001,241338.37
2026|1301|4|0|15|1,0,38237103.79,38237103.79,18282868.810000002,14004029.969999999,14004029.969999999,1100000,19954234.979999997,4278838.840000004,0
2026|1301|4|0|10|1,29425835,44339431,44375835,18567478.049999997,4848502.08,4523447.0600000005,4523447.06,25771952.950000003,13718975.969999997,325055.01999999955
2026|1301|4|0|10|3,0,43674598.68,43674598.68,1632625.59,941377.07,0,0,42041973.089999996,691248.5200000001,941377.07
2026|1301|4|0|24|1,191527757,239721346.26000002,239721346.26000002,35588426.21,14008920.35,8676191.18,8676191.18,204132920.05,21579505.86,5332729.17
2026|1301|4|0|95|1,324157748,364786159.25,341692643.13,14034895.13,0,0,0,350751264.12,14034895.13,0
2026|1301|4|0|10|8,22000000,528937901.99,528937901.99,3000000,3000000,3000000,0,525937901.99,0,0
2026|1371|1|0|72|1,107485536,107485536,104988641.79108715,31596039.049999997,31596039.049999997,31596039.049999997,31596039.05,75889496.95,0,0
2026|1371|3|0|52|2,13000000,0,0,0,0,0,0,0,0,0
2026|1371|3|0|9|1,0,3142606.8600000003,3142606.8600000003,3142606.8600000003,751898.6800000004,683678.12,664198.8200000001,0,2390708.1799999997,68220.5600000004
2026|1371|3|1|10|8,1000,1000,1000,0,0,0,0,1000,0,0
2026|1371|3|0|10|3,0,6579.71,6579.71,0,0,0,0,6579.71,0,0
2026|1371|3|1|94|1,160989,160989,160989,16500,94.37,93.37,93.37,144489,16405.63,1
2026|1371|3|1|72|1,396968,396968,396968,171800,67321.69,64546.32,64546.32,225168,104478.31,2775.3700000000026
2026|1371|3|0|72|3,0,550000,550000,0,0,0,0,550000,0,0
2026|1371|3|0|29|1,656340,656340,656340,41500,17800,11745.44,11745.44,614840,23700,6054.5599999999995
2026|1371|3|0|15|1,0,939102.75,939102.75,149997.52000000002,149997.51,149997.51,0,789105.23,0.010000000009313226,0
2026|1371|3|0|79|8,800000,800000,800000,0,0,0,0,800000,0,0
2026|1371|3|0|24|1,544272,3292769.01,3292769.01,2419511.5,1098150.43,742096.9299999999,711369.16,873257.5099999998,1321361.07,356053.5
2026|1371|3|0|94|1,2144110,1849310,2144110,940618,676222.3,301400.7,292477.1,908692,264395.69999999995,374821.60000000003
2026|1371|3|0|79|1,3200000,3200000,3200000,0,0,0,0,3200000,0,0
2026|1371|3|0|80|1,14656357,14656357,14656357,7164851.61,3735781.37,3735679.69,2843488.8899999997,7491505.39,3429070.24,101.68000000016764
2026|1371|3|0|10|8,30900000,31500000,31500000,21809190,21809190,21809190,21809190,9690810,0,0
2026|1371|3|0|72|1,26496408,27901921,24396408,17575612.479999997,4062354.1900000013,3515435.97,3451588.28,10326308.520000003,13513258.289999995,546918.2200000011
2026|1371|3|0|95|1,0,11416215.3,11416215.3,0,0,0,0,11416215.3,0,0
2026|1371|3|0|31|7,18435280,18435280,19341112.087953426,6177127.48,6177127.4799999995,6177127.4799999995,6177127.4799999995,12258152.52,9.313225746154785e-10,0
2026|1371|4|0|97|1,0,117492,117492,117492,117492,117492,0,0,0,0
2026|1371|4|0|10|3,0,249112.95,249112.95,0,0,0,0,249112.95,0,0
2026|1371|4|0|72|1,358651,358651,358651,35000,20040,20040,20040,323651,14960,0
2026|1371|4|0|15|1,0,2402146.8,2227253.4,150000,150000,150000,0,2252146.8,0,0
2026|1371|4|0|80|1,3160000,3160000,3160000,0,0,0,0,3160000,0,0
2026|1371|4|0|95|1,0,6854345.08,6854345.08,1836607.77,1237609.4,1049553.4,1049553.4,5017737.3100000005,598998.3700000001,188056
2026|1371|4|0|9|1,8150603,10969108.38,10969108.38,3037612.8,117073.45,45848.45,45848.45,7931495.580000001,2920539.3499999996,71225
2026|1371|4|0|10|8,6408000,22888333,22888333,1250000,1250000,1250000,1250000,21638333,0,0
2026|1371|4|0|24|1,58463068,61337076.45,61337076.45,2814419.95,2814419.95,0,0,58522656.5,0,2814419.95
2026|1401|1|0|60|2,0,163200,163200,0,0,0,0,163200,0,0
2026|1401|1|0|10|1,1970332594,1970332594,1933439429.7778502,600305772.9700009,580372331.4300001,580372331.4300001,580372331.43,1370026821.0299993,19933441.540000796,0
2026|1401|3|0|9|1,0,35000,35000,35000,15450,0,0,0,19550,15450
2026|1401|3|0|70|1,312000,183169.26,183169.26,183169.23,53079.880000000005,30665.9,30665.9,0.029999999998835847,130089.35,22413.980000000003
2026|1401|3|0|45|1,100,100,100,0,0,0,0,100,0,0
2026|1401|3|0|66|1,29866,29866,29866,0,0,0,0,29866,0,0
2026|1401|3|0|15|1,0,200000,0,0,0,0,0,200000,0,0
2026|1401|3|0|24|1,220000,220000,220000,0,0,0,0,220000,0,0
2026|1401|3|1|27|1,1129277,1129277,1129277,564639,564639,205846.36,205846.36,564638,0,358792.64
2026|1401|3|0|60|1,2094122,2094122,2094122,0.23000000000000007,0,0,0,2094121.77,0.23000000000000007,0
2026|1401|3|0|60|2,7504756,7549952.61,7549952.61,5009907.11,1686010.42,170660.89999999997,48535.37,2540045.5,3323896.6900000004,1515349.52
2026|1401|3|0|27|1,7703604,7703604,7703604,4721000.229999999,2018455.4000000004,1876044.1400000001,1051131.81,2982603.7700000014,2702544.829999998,142411.26000000024
2026|1401|3|0|10|8,4782001,3298222.14,3298222.1400000006,0,0,0,0,3298222.14,0,0
2026|1401|3|0|95|1,0,8003428.05,8003428.05,177507.75,177507.75,0,0,7825920.3,-2.9103830456733704e-11,177507.75
2026|1401|3|0|10|1,60595668,60595668,60595668,40206751.01000001,31448821.14999999,12366597.070000013,11122708.720000006,20388916.989999987,8757929.860000022,19082224.079999976
2026|1401|3|0|10|7,166220048,166220048,177548608.4159784,67059108.31999998,67059108.32000001,67059108.32000001,67059108.32,99160939.68000002,-2.9802322387695312e-08,0
2026|1401|4|0|70|1,544750,1159009.4,1159009.4,1159009.4000000001,99463.04000000001,97148.23999999999,97148.23999999999,-2.3283064365386963e-10,1059546.36,2314.8000000000175
2026|1401|4|0|53|3,0,40.8,40.8,40.8,0,0,0,0,40.8,0
2026|1401|4|0|10|0,0,1094540.56,1094540.56,1094540.56,822956.8,193051.11,193051.11,0,271583.76,629905.6900000001
2026|1401|4|0|60|2,48202,284429.25,284429.25,284429.25,0,0,0,0,284429.25,0
2026|1401|4|0|9|1,0,698395.9199999999,698395.92,698395.9199999999,291632.57999999996,0,0,0,406763.33999999997,291632.57999999996
2026|1401|4|0|97|1,0,965000,965000,965000,0,0,0,0,965000,0
2026|1401|4|0|10|3,0,52022.08,20802.47,20802.47,20802.47,20802.47,20802.47,31219.61,0,0
2026|1401|4|0|66|1,46125,46125,46125,0,0,0,0,46125,0,0
2026|1401|4|0|24|1,291000,1662669.31,1662669.31,1371669.31,1371669.31,1371669.31,1371669.31,291000,0,0
2026|1401|4|0|15|1,0,550000,0,0,0,0,0,550000,0,0
2026|1401|4|0|10|1,1438645,1438645,1438645,871721.97,724057.2000000001,191970.22,4799.6,566923.03,147664.7699999999,532086.9800000001
2026|1401|4|1|27|1,2160000,2160000,2160000,1080000,1080000,0,0,1080000,0,1080000
2026|1401|4|0|10|4,2030000,2030000,2030000,0,0,0,0,2030000,0,0
2026|1401|4|0|25|1,4661665,4661665,4661665,0,0,0,0,4661665,0,0
2026|1401|4|0|2|1,7576202,7643140.48,7638870.4799999995,1910338.3,43378.9,43378.9,43378.9,5732802.180000001,1866959.4000000001,0
2026|1401|4|0|10|8,13227990,7115160.859999999,7115160.86,0,0,0,0,7115160.859999999,0,0
2026|1401|4|0|95|1,0,12919246.59,12919246.59,0,0,0,0,12919246.59,0,0
2026|1401|4|0|98|1,15156461,17956902.73,17956902.73,3002390.73,795949,0,0,14954512,2206441.73,795949
2026|1441|1|0|10|9,1000,1000,1000,416.67,0,0,0,583.3299999999999,416.67,0
2026|1441|1|0|10|5,1000000,1000000,1000000,416666.6699999999,270029.96,270029.96,270029.96,583333.3300000001,146636.7099999999,0
2026|1441|1|0|43|5,67978647,67978647,67978647,28324436.25,20000000,20000000,20000000,39654210.75,8324436.25,0
2026|1441|1|0|42|5,101210335,101210335,101210335,42170972.92,26318900.08,26318900.08,26318900.080000002,59039362.08,15852072.840000004,0
2026|1441|1|0|10|1,776270300,776270300,776270300,323420094.8400001,245324118.5,244953753.22000003,244953753.21999997,452850205.1599999,78095976.3400001,370365.2799999714
2026|1441|3|0|60|1,5500000,5500000,5500000,2291666.67,0,0,0,3208333.33,2291666.67,0
2026|1441|3|0|10|7,90903360,90903360,90903360,37876400,28459844.269999996,28459844.269999996,28459844.27,53026960,9416555.730000004,0
2026|1441|3|0|10|1,156504884,156504884,156504884,65210368.33,53262564.16999997,44945972.76999996,38682940.87999999,91294515.67,11947804.160000026,8316591.400000013
2026|1441|4|0|10|1,5000000,5000000,5000000,2083333.3299999998,1843242.65,1481118.54,1321340.75,2916666.67,240090.67999999993,362124.10999999987
2026|1441|4|0|60|1,7254323,7254323,7254323,3022634.5800000005,0,0,0,4231688.42,3022634.5800000005,0
2026|1451|1|0|57|2,1138967,1138967,926399.3649461431,277842.96,277842.96,277842.96,277842.96,861124.04,0,0
2026|1451|1|0|27|1,1082032369,1082032369,1013302007.5277711,410000000,410000000,410000000,410000000,672032369,0,0
2026|1451|1|0|10|1,1926000297,1926000297,2044586840.953087,486431441.0300002,486169524.59000003,486162136.37,485891874.26999986,1439568855.9699998,261916.44000017643,7388.22000002861
2026|1451|3|1|10|1,41116142,0,0,0,0,0,0,0,0,0
2026|1451|3|1|10|3,0,1669.42,1669.42,1669.42,0,0,0,0,1669.42,0
2026|1451|3|1|10|8,200000,30680,30680,30680,0,0,0,0,30680,0
2026|1451|3|0|10|3,0,128180.85,128180.85,128180.85,0,0,0,0,128180.85,0
2026|1451|3|0|1|1,1000,1000,1000,0,0,0,0,1000,0,0
2026|1451|3|1|1|1,1000,1000,1000,0,0,0,0,1000,0,0
2026|1451|3|1|2|1,2000,2000,2000,0,0,0,0,2000,0,0
2026|1451|3|0|70|1,2000,2000,2000,0,0,0,0,2000,0,0
2026|1451|3|0|61|1,61000,61000,61000,0.2700000000000001,0,0,0,60999.73,0.2700000000000001,0
2026|1451|3|0|10|8,1373990,309566.21,309566.21,101576.21,0,0,0,207990,101576.21,0
2026|1451|3|0|10|4,260000,260000,260000,0,0,0,0,260000,0,0
2026|1451|3|1|24|1,3675000,4351602.96,4351602.96,676602.96,137800,0,0,3675000,538802.96,137800
2026|1451|3|0|95|1,0,3882897.12,3882897.12,0,0,0,0,3882897.12,0,0
2026|1451|3|0|60|1,8027237,8027237,8027237,0,0,0,0,8027237,0,0
2026|1451|3|0|24|1,9122692,9773720.92,9773720.919999998,651028.92,231672.62,105774.5,0,9122692,419356.30000000005,125898.12
2026|1451|3|1|60|2,1778147,43221405,43221405,27518567.880000003,23294290.259999998,10058429.750000002,8403910.65,15702837.119999997,4224277.620000005,13235860.509999996
2026|1451|3|0|27|7,30183513,30183513,30183513,0,0,0,0,30183513,0,0
2026|1451|3|0|10|1,301708669,284744963.5,324744963.5,104515608.3200001,80566500.70000002,68077833.2,67044876.469999984,180229355.1799999,23949107.62000008,12488667.500000015
2026|1451|3|0|60|2,875221853,993799233,953799233,720690528.2400001,560090684.76,267351733.85999992,246376149.28000003,273108704.7599999,160599843.48000014,292738950.9000001
2026|1451|3|0|10|7,526114795,526114795,531328720.2870247,200746362.03,200746362.02999997,200746362.02999997,200746362.03,325368432.97,2.9802322387695312e-08,0
2026|1451|4|1|10|3,0,418279.58999999997,418279.58999999997,418279.59,0,0,0,-5.820766091346741e-11,418279.59,0
2026|1451|4|1|10|1,4868789,0,0,0,0,0,0,0,0,0
2026|1451|4|0|70|1,45020,0,0,0,0,0,0,0,0,0
2026|1451|4|0|10|3,0,6564.66,6564.66,6564.66,0,0,0,0,6564.66,0
2026|1451|4|1|70|1,0,85020,85020,85020,0,0,0,0,85020,0
2026|1451|4|1|15|1,0,250000,250000,250000,0,0,0,0,250000,0
2026|1451|4|0|24|1,2,734424.37,734424.3699999999,734422.37,98518.25,0,0,2,635904.12,98518.25
2026|1451|4|1|1|1,32794,500137.88,500137.88,467343.88,0,0,0,32794,467343.88,0
2026|1451|4|0|10|4,100000,100000,100000,0,0,0,0,100000,0,0
2026|1451|4|0|60|2,0,504738,504738,385283.92,383500.17,251834.1,251834.1,119454.08000000002,1783.75,131666.06999999998
2026|1451|4|0|10|8,500000,472240.54000000004,472240.5399999999,272240.54000000004,0,0,0,200000,272240.54000000004,0
2026|1451|4|0|1|1,314498,314498,314498,0,0,0,0,314498,0,0
2026|1451|4|1|98|1,915391,1165515.55,1165515.55,250124.55,0,0,0,915391,250124.55,0
2026|1451|4|1|2|1,1103209,9632391.61,9632391.61,8529182.61,0,0,0,1103209,8529182.61,0
2026|1451|4|0|10|1,6718229,6213491,6213491,4854545.999999999,4361269.61,7266.07,3502.95,1358945.000000001,493276.38999999873,4354003.54
2026|1451|4|0|60|1,0,3099884.17,3099884.17,0,0,0,0,3099884.17,0,0
2026|1451|4|1|60|2,0,317595144.04,317595144.04,313000000.04,0,0,0,4595144,313000000.04,0
2026|1451|4|1|10|8,4772942,11276625.16,11276625.16,3362645.16,11787.85,0,0,7913980,3350857.31,11787.85
2026|1451|4|1|24|1,81451426,86578077.92,86578077.92,5126651.92,277949,0,0,81451426,4848702.92,277949
2026|1481|1|1|71|1,1447525,1447525,1065026.482415996,356085.98,356085.98000000004,356085.98000000004,356085.9800000001,1091439.02,-5.820766091346741e-11,0
2026|1481|1|0|71|1,16208121,16223047.629999999,15867094.725341741,4776265.2,4776265.199999999,4776265.199999999,4776265.200000001,11446782.43,9.313225746154785e-10,0
2026|1481|1|0|10|1,50717328,50617328,49873751.83031891,14927118.699999997,14927118.700000001,14927118.700000001,14927118.7,35690209.300000004,-3.725290298461914e-09,0
2026|1481|3|0|97|1,0,241906,241906,241906,107299.81,67774.81,67774.81,0,134606.19,39525
2026|1481|3|0|38|1,24195420,8248302.699999999,8248302.699999997,8248302.699999999,7567160.19,7565301.390000001,7534051.390000001,0,681142.5099999988,1858.7999999998137
2026|1481|3|0|10|3,0,2400000,2400000,2400000,0,0,0,0,2400000,0
2026|1481|3|0|1|1,2000,2000,2000,0,0,0,0,2000,0,0
2026|1481|3|1|71|7,173705,173705,115062.74024942721,35015.84,35015.84,35015.84,35015.84,138689.16,0,0
2026|1481|3|0|2|1,290379,290379,290379,0,0,0,0,290379,0,0
2026|1481|3|0|15|1,0,300000,300000,0,0,0,0,300000,0,0
2026|1481|3|1|10|8,0,600000,600000,250000,0,0,0,350000,250000,0
2026|1481|3|0|10|1,1739777,1760757.66,1760757.66,823959.6600000001,459388.22,308606.87999999995,306106.88,936797.9999999998,364571.4400000002,150781.34000000003
2026|1481|3|0|10|4,950000,950000,950000,0,0,0,0,950000,0,0
2026|1481|3|0|71|7,2502464,2502464,2719666.4117153203,766597,766597,766597,766597,1735867,0,0
2026|1481|3|1|80|1,3149019,3549291,3549291,148085.76,104304.14000000001,93205.96,93205.95999999999,3401205.24,43781.619999999995,11098.180000000008
2026|1481|3|0|59|1,3415300,3415300,3415300,0,0,0,0,3415300,0,0
2026|1481|3|0|10|7,8863991,8863991,9146928.18727318,2601621.59,2601621.59,2601621.59,2601621.59,6262369.41,0,0
2026|1481|3|0|80|1,7098500,7298636,7298636,63042.880000000005,47110.33,47110.33,47110.33,7235593.12,15932.550000000003,0
2026|1481|3|0|24|1,7614803,7758164.46,7758164.46,143361.46,79703.67,79703.67,79703.67,7614803,63657.78999999999,0
2026|1481|3|0|57|1,0,18921848.57,18921848.569999997,8554793.54,0,0,0,10367055.030000001,8554793.54,0
2026|1481|3|0|10|8,9740990,21182471.84,21182471.84,7562458,0,0,0,13620013.84,7562458,0
2026|1481|3|0|71|1,33303341,33250110.37,31948520.37,19539490.23,7828827.56,5771724.02,5462805.029999999,13710620.14,11710662.670000002,2057103.54
2026|1481|3|1|71|1,60242357,60088770.519999996,47557391.52,32685904.61,1077986.1600000001,695556.32,654262.49,27402865.909999996,31607918.45,382429.8400000002
2026|1481|4|0|38|1,0,1207036.02,1207036.0199999996,1207036.02,0,0,0,0,1207036.02,0
2026|1481|4|0|97|1,0,86073.77,86073.76999999999,86073.76999999999,0,0,0,1.4551915228366852e-11,86073.76999999999,0
2026|1481|4|0|71|1,700000,738304,738304,698304,0,0,0,40000,698304,0
2026|1481|4|0|10|1,80000,159019.34,159019.34,118865.8,55134.9,36756.6,36756.6,40153.53999999999,63730.9,18378.300000000003
2026|1481|4|1|10|8,0,200000,200000,0,0,0,0,200000,0,0
2026|1481|4|0|10|4,300000,300000,300000,0,0,0,0,300000,0,0
2026|1481|4|0|15|1,0,951274.29,951274.29,73468.37,73468.37,73468.37,0,877805.92,0,0
2026|1481|4|0|98|1,1363444,1363444,1363444,0,0,0,0,1363444,0,0
2026|1481|4|0|24|1,1516942,1516942,1516942,0,0,0,0,1516942,0,0
2026|1481|4|1|71|1,9000000,9153586.48,4653586.48,6038396.62,0,0,0,3115189.8600000003,6038396.62,0
2026|1481|4|0|57|1,0,5273572.08,5273572.08,0,0,0,0,5273572.08,0,0
2026|1481|4|0|10|8,13085820,82437305.98,82437305.98,99700,0,0,0,82337605.98,99700,0
2026|1481|5|0|97|1,0,500000,500000,500000,500000,0,0,0,0,500000
2026|1491|1|0|10|1,48354448,48354448,45170451.73564799,14038217.38,14038217.379999999,13989989.82,13989989.820000002,34316230.62,1.862645149230957e-09,48227.55999999866
2026|1491|3|1|10|8,34613449,0,0,0,0,0,0,0,0,0
2026|1491|3|0|15|1,0,0,203643706.40000004,0,0,0,0,0,0,0
2026|1491|3|1|10|1,1000,1000,1000,0,0,0,0,1000,0,0
2026|1491|3|0|10|7,5041792,5041792,5698678.003857978,1535551.39,1535551.3900000001,1535551.3900000001,1535551.39,3506240.6100000003,-2.3283064365386963e-10,0
2026|1491|3|0|10|1,32438001,41889059.09,41889059.089999996,18068356.449999996,12722522.689999998,8761175.899999999,4667083.45,23820702.640000008,5345833.759999998,3961346.789999999
2026|1491|4|0|15|1,0,22462533.15,22462533.15,22462533.15,15776951.509999998,15776951.510000002,1500000,0,6685581.640000001,-3.725290298461914e-09
2026|1491|4|0|10|4,554276,554276,554276,0,0,0,0,554276,0,0
2026|1491|4|0|10|1,12849678,12849678,12849678,6424839,3026971.04,1945057.46,464435.46,6424839,3397867.96,1081913.58
2026|1491|4|0|10|8,95202785,85629692.75,85629692.75,5447919.16,900229,900229,0,80181773.59,4547690.16,0
2026|1491|4|1|10|8,826453003,180726585.23,180726585.23000002,0,0,0,0,180726585.23,0,0
2026|1501|1|0|95|1,0,208565.38,228565.40000000002,188565.38,188565.38,188565.38,188565.38,20000,0,0
2026|1501|1|0|80|1,465500,465500,676384.980988593,0,0,0,0,465500,0,0
2026|1501|1|0|10|1,293868791,229198818.5,250070342.0259723,74109799.02000003,74013773.83000001,73579619.22999999,73484216.00999999,155089019.47999996,96025.19000001252,434154.60000002384
2026|1501|3|0|91|2,221046,221046,221046,102547.24,102547.2,64179.2,49036.05,118498.76,0.04000000000814907,38368
2026|1501|3|0|95|1,1000,1721000,1721000,1097735.48,733646.0800000001,506345.52,506345.52,623264.52,364089.3999999999,227300.56000000006
2026|1501|3|0|59|2,1290973,1290973,1290973,540000.04,67267.78,67267.78,0,750972.96,472732.26,0
2026|1501|3|0|52|2,1633636,1633636,1633636,600000.04,0,0,0,1033635.96,600000.04,0
2026|1501|3|0|94|1,4455599,4455599,4455599,1800000.04,662389.59,662389.59,479687.42,2655598.96,1137610.4500000002,0
2026|1501|3|1|10|1,6967692,6560423.61,5860423.61,1729303.4,264506.33999999997,2139.5,2139.5,4831120.210000001,1464797.06,262366.83999999997
2026|1501|3|0|60|2,12118747,12118747,12118747,3775561.02,1666288.6000000003,1494869.46,927580.3200000001,8343185.98,2109272.42,171419.14000000036
2026|1501|3|0|82|1,114990309,57495154.5,57495154.5,46555378.68,33348362.96,16605584.319999998,9033806.549999999,10939775.82,13207015.719999999,16742778.640000002
2026|1501|3|0|10|7,21801367,18869793.25,21332689.90268258,5933382.16,5933382.16,5933382.16,5933382.16,12936411.09,0,0
2026|1501|3|0|80|1,15923779,15923779,15923779,2483832.5,1675066.1,1496831.55,956783.33,13439946.5,808766.3999999999,178234.55000000005
2026|1501|3|0|15|1,213137271,106568635.5,106568635.5,67261354.84999998,52253399.99000001,41518195.260000005,38201943.32,39307280.65000002,15007954.85999997,10735204.730000004
2026|1501|3|0|10|1,301739317,298477550.55,294863596.79,138266816.22999996,105956735.48000002,51359444.15000001,40844398.829999946,160210734.32000005,32310080.74999994,54597291.330000006
2026|1501|4|0|60|2,0,273645,273645,273645,0,0,0,0,273645,0
2026|1501|4|0|94|1,0,294800,0,0,0,0,0,294800,0,0
2026|1501|4|0|97|1,0,300000,300000,0,0,0,0,300000,0,0
2026|1501|4|0|15|1,1033274,516637,516637,150318.52999999997,0,0,0,366318.47000000003,150318.52999999997,0
2026|1501|4|0|10|4,563000,563000,563000,0,0,0,0,563000,0,0
2026|1501|4|0|82|1,6502284,3251142,3251142,2469555.8000000007,0,0,0,781586.1999999993,2469555.8000000007,0
2026|1501|4|0|25|1,5109300,9698657.44,9698657.440000001,4767987.24,2446612.09,141616,90848,4930670.199999999,2321375.1500000004,2304996.09
2026|1501|4|0|10|1,42997668,43216808,43216808,14717856.28,12130175.25,3289490.9299999997,1583948.23,28498951.72,2587681.0299999993,8840684.32
2026|1511|1|0|57|2,13543,13543,14122.538715273111,4166.96,4166.96,4166.96,4166.96,9376.04,0,0
2026|1511|1|0|11|1,1303750929,1303750929,1303791360.5400004,531523531.47,531523531.46999997,531523531.46999997,531523531.47,772227397.53,5.960464477539063e-08,0
2026|1511|1|0|10|1,1505142205,1505142205,1452961642.4198778,318448212.77000004,318448212.77000004,318448212.77000004,318448212.77000004,1186693992.23,0,0
2026|1511|3|0|10|8,1000000,0,0,0,0,0,0,0,0,0
2026|1511|3|0|70|1,0,93737.3,93737.3,93737.3,85450,85450,85450,0,8287.300000000003,0
2026|1511|3|1|10|1,3000,3000,3000,0,0,0,0,3000,0,0
2026|1511|3|1|10|8,0,225280,225280,0,0,0,0,225280,0,0
2026|1511|3|0|9|1,0,412795.47000000003,412795.47000000003,19250,19250,0,0,393545.47000000003,0,19250
2026|1511|3|0|95|1,0,3410881.02,3410881.02,2361053.3,2301661.88,170388.14,43638.14,1049827.7200000002,59391.419999999925,2131273.7399999998
2026|1511|3|1|60|2,0,1633992,1633992,0,0,0,0,1633992,0,0
2026|1511|3|0|10|1,221470381,29105130,29105130,16720971.49999999,7521206.450000001,4984885.5200000005,3537605.3700000006,12384158.50000001,9199765.04999999,2536320.9300000006
2026|1511|3|0|60|2,0,244071243,244071243,191069616.45000002,51561395.11999999,39918090.55999997,36982270.670000024,53001626.54999998,139508221.33000004,11643304.560000017
2026|1511|3|0|10|7,299971132,299971132,288614939.1308361,112215540.82,112155785.59,112155785.59,112155785.58999999,187755591.18,59755.22999998927,0
2026|1511|4|0|10|3,0,59159.3,59159.3,59159.3,59142.770000000004,0,0,0,16.529999999998836,59142.770000000004
2026|1511|4|0|10|0,0,7500000,7500000,7500000,7463049.720000001,0,0,0,36950.27999999933,7463049.720000001
2026|1511|4|0|48|0,0,32755504,32755504,32755504,25898879.57,1889643.4500000002,0,0,6856624.43,24009236.12
2026|1511|4|0|24|1,2000,2000,2000,0,0,0,0,2000,0,0
2026|1511|4|0|10|8,2300000,150000,150000,0,0,0,0,150000,0,0
2026|1511|4|0|9|1,0,782724.9,782724.9,584995,584995,0,0,197729.90000000002,0,584995
2026|1511|4|0|2|1,1653024,1653024,1653024,1413305.51,1413305.51,0,0,239718.49,0,1413305.51
2026|1511|4|0|1|1,887311,901228.3799999999,901228.38,574084.04,574082.76,0,0,327144.33999999985,1.2800000000279397,574082.76
2026|1511|4|1|10|4,500000,500000,500000,0,0,0,0,500000,0,0
2026|1511|4|0|25|1,700000,6099921.49,6099921.49,5399921.49,5205930.76,150276,150276,700000,193990.73000000045,5055654.76
2026|1511|4|0|70|1,1367000,1387696.72,1387696.72,40696.72,31119.730000000003,31119.730000000003,31119.730000000003,1347000,9576.989999999998,0
2026|1511|4|0|97|1,0,1347627.31,1347627.31,0,0,0,0,1347627.31,0,0
2026|1511|4|0|10|1,34325552,3195008,3195008,1091717.8400000003,757383.8099999998,128785.21999999999,10588.36,2103290.1599999997,334334.0300000005,628598.5899999999
2026|1511|4|1|60|2,0,10237960,10237960,0,0,0,0,10237960,0,0
2026|1511|4|0|98|1,9415048,14148376.24,14148376.24,2411433.5999999996,2000922.34,12894,12894,11736942.64,410511.25999999954,1988028.34
2026|1511|4|1|10|8,20637490,13925786,13925786,0,0,0,0,13925786,0,0
2026|1511|4|0|60|2,0,46560696,46360696,29013777.66,12895219.64,5821348.5600000005,1738561.6400000001,17546918.34,16118558.02,7073871.08
2026|1511|4|0|80|1,0,41716884.65,41716884.65,0,0,0,0,41716884.65,0,0
2026|1511|4|0|95|1,0,52164583.82,52164583.82,2634062.59,2634054.97,14312,14312,49530521.230000004,7.619999999646097,2619742.97
2026|1521|1|0|10|1,65231757,65231757,66851734.664556906,20391122.52,20391122.520000003,20339476.03,20316706.33,44840634.480000004,-3.725290298461914e-09,51646.490000002086
2026|1521|3|0|95|1,0,28100,28100,28100,17072,6984,4656,0,11028,10088
2026|1521|3|0|59|1,40000,40000,40000,0,0,0,0,40000,0,0
2026|1521|3|0|9|1,95852,95852,95852,0,0,0,0,95852,0,0
2026|1521|3|0|10|1,2922925,2922925,2922925,1441040.12,826946.9299999999,643863.8400000001,502521.3599999999,1481884.88,614093.1900000002,183083.08999999985
2026|1521|3|0|10|7,3340494,3340494,3626481.6943592103,1068398.6199999999,1068398.62,1068398.62,1068398.6199999999,2272095.38,-2.3283064365386963e-10,0
2026|1521|4|0|9|1,0,30000,30000,30000,30000,30000,30000,0,0,0
2026|1521|4|0|95|1,0,38513.59,38513.59,38513.59,38513.59,38513.59,38513.59,0,0,0
2026|1521|4|0|10|1,1052100,1052100,1052100,1052100,899752.4099999999,769492.41,315296,0,152347.59000000008,130259.99999999988
2026|1541|1|0|10|1,17243430,17243430,17064090.56502223,4939166.89,4939166.890000001,4939166.890000001,4939166.89,12304263.11,-9.313225746154785e-10,0
2026|1541|3|0|10|7,1410967,1410967,1311528.6133190787,360016.1,360016.1,360016.1,360016.1,1050950.9,0,0
2026|1541|3|0|10|1,6473885,6473885,6473885,3236942.53,1659908.78,1109799.41,1105858.4100000001,3236942.47,1577033.7499999998,550109.3700000001
2026|1541|4|0|10|1,6410000,6410000,6410000,3195666.67,1595589.76,983502.03,983502.03,3214333.33,1600076.91,612087.73
2026|1631|1|0|10|1,9190097,9190097,10381217.879023489,3372778.9499999997,3219078.95,3110368.5200000005,3110368.52,5817318.050000001,153699.99999999953,108710.4299999997
2026|1631|3|0|10|7,590237,590237,733852.4922388773,226187.5,226187.5,226187.5,226187.5,364049.5,0,0
2026|1631|3|0|10|1,3634092,5803741.05,5803741.050000001,2924275.63,752530.8999999999,583523.92,583523.9199999999,2879465.42,2171744.73,169006.97999999986
2026|1631|4|0|10|1,0,66486.41,66486.41,13851.34,0,0,0,52635.07000000001,13851.34,0
2026|1711|1|0|10|1,11634469,11634469,11183724.183583014,3530916.7600000002,3530916.76,3530916.76,3530916.7600000002,8103552.24,4.656612873077393e-10,0
2026|1711|3|0|69|1,0,134136.62,134136.62,134136.62,134136.62,134136.62,134136.62,0,0,0
2026|1711|3|0|10|7,1519408,1519408,1696115.9775517765,462789.74,462789.74,462789.74,462789.74,1056618.26,0,0
2026|1711|3|0|10|1,132010655,131944293.13,131944293.13,76412589,68441130.68,11887406.349999998,10416770.8,55531704.129999995,7971458.319999993,56553724.33000001
2026|1711|4|0|10|1,0,66361.87,66361.87,20000,20000,0,0,46361.869999999995,0,20000
2026|1721|1|0|10|1,6822629,6822629,7481198.926163882,2400014.93,2312214.9299999997,2312214.9299999997,2312214.9299999997,4422614.07,87800.00000000047,0
2026|1721|3|0|10|7,836807,836807,1083894.8877126784,262046.04,262046.03999999998,262046.03999999998,262046.04,574760.96,2.9103830456733704e-11,0
2026|1721|3|0|10|1,3994390,1824740.95,1193206.9499999997,1136280.34,1006000.8300000001,744920.8499999999,744920.85,688460.6099999999,130279.51000000001,261079.9800000002
2026|1721|4|0|10|1,83108,16621.59,16621.589999999997,16621.59,16621.590000000004,0,0,0,-3.637978807091713e-12,16621.590000000004
2026|1911|3|0|71|1,0,0,215481764.83,0,0,0,0,0,0,0
2026|1911|3|0|51|1,947387,947387,869419.2719733586,800000,800000,389346.81,389346.81,147387,0,410653.19
2026|1911|3|0|10|1,986535640,991535640,974250422.0389824,506000100,500000000,267149102.32,267149102.32,485535540,6000100,232850897.68
2026|1915|5|0|10|1,9000,7178214.78,23009000,7169214.78,7169214.78,7169214.78,7169214.78,9000,0,0
2026|1915|5|0|61|2,110000,110000,110000,27500,2918.58,2918.58,2918.58,82500,24581.42,0
2026|1916|2|0|11|1,249451387,249451387,249451387,0,0,0,0,249451387,0,0
2026|1916|2|0|10|1,1144708920,1144708920,1144708920,818935764.0600001,744631203.19,369898114.67999995,350904294.71,325773155.93999994,74304560.87,374733088.5100001
2026|1916|3|0|10|1,1860660343,1860660343,1860660343,0,0,0,0,1860660343,0,0
2026|1916|5|0|10|1,1000,1000,1000,0,0,0,0,1000,0,0
2026|1916|6|0|10|1,5020527027,5020527027,5020527027,3245487968.33,2832323813.5999994,1922376759.4600003,1915581959.2699997,1775039058.67,413164154.7300005,909947054.1399992
2026|1941|1|0|10|1,214736657,214736657,199914014.93149143,58222091.56000001,58222091.56,58222091.56,58222091.56,156514565.44,7.450580596923828e-09,0
2026|1941|3|0|60|2,100000,100000,100000,50000,50000,10515.14,10515.14,50000,0,39484.86
2026|1941|3|0|10|1,5332552,5167804.6899999995,5167804.6899999995,1406128,1402128,5896.4400000000005,5896.4400000000005,3761676.6899999995,4000,1396231.56
2026|1951|3|0|10|3,8096745,4170378.8,4170378.8,0,0,0,0,4170378.8,0,0
2026|1951|3|0|71|3,13498418,10998418,10998418,0,0,0,0,10998418,0,0
2026|1951|4|0|10|3,4415051,238571.57,238571.5699999996,0,0,0,0,238571.57,0,0
2026|1991|9|0|10|1,1177567620,768974872.73,0,0,0,0,0,768974872.73,0,0
2026|2011|1|0|60|9,5900000,5900000,5900000,5900000,1561775.9200000002,1559222.05,1559222.0499999998,0,4338224.08,2553.8700000001118
2026|2011|1|0|57|2,7356625,7356625,7233595.621163496,2110525.52,2110525.52,2110525.52,2110525.52,5246099.48,0,0
2026|2011|1|0|10|9,171924791,171924791,171924791,55000000,26855035.850000024,26855035.85000002,13139601.580000004,116924791,28144964.149999976,3.725290298461914e-09
2026|2011|1|0|49|1,301419400,301419400,290354389.5724527,90541488.48000002,90541488.48,90507657.28,90507657.27999999,210877911.51999998,1.4901161193847656e-08,33831.20000000298
2026|2011|3|0|60|9,100000,100000,100000,100000,631.26,631.26,631.26,0,99368.74,0
2026|2011|3|0|10|9,1462412,1462412,1462412,0,0,0,0,1462412,0,0
2026|2011|3|0|10|1,23888520,28196864.4,28231654,12683976.61,7974987.110000001,5198437.19,5192622.89,15512887.79,4708989.499999998,2776549.920000001
2026|2011|3|0|60|1,34702307,34702307,34702307,17351153.5,15410153.5,4464130.959999999,4464130.96,17351153.5,1941000,10946022.540000001
2026|2011|3|0|49|7,36014656,36014656,33579639.73809672,10708701.99,10708701.990000002,10708701.990000002,10708701.99,25305954.009999998,-1.862645149230957e-09,0
2026|2011|3|0|61|1,81178587,81178587,81178587,40589293.5,40589293.5,16368687,16368687,40589293.5,0,24220606.5
2026|2011|3|0|49|1,307970006,307970006,307970006,155073117.77,152399263.11,39589899.67,39589899.669999994,152896888.23,2673854.6599999964,112809363.44000001
2026|2011|3|0|50|1,1431517198,1431517198,1431517198,715758599,574541162.5200001,264998385.69000012,264156196.15000057,715758599,141217436.4799999,309542776.83
2026|2011|4|0|47|1,1000,1000,1000,0,0,0,0,1000,0,0
2026|2011|4|0|10|1,3958464,3958464,3958464,1979000,1170000,636707.54,636707.54,1979464,809000,533292.46
2026|2011|4|0|50|1,95090054,95090054,95090054,47456676.93,26431767.48,8969860.75,8969860.75,47633377.07,21024909.45,17461906.73
2026|2041|1|0|60|9,435033,415033,435033,0,0,0,0,415033,0,0
2026|2041|1|0|60|1,2223557,2223557,2502181.208261782,734807.6599999999,734807.6599999999,734807.6599999999,734807.6600000001,1488749.34,0,0
2026|2041|3|0|60|9,0,20000,0,12448.35,0,0,0,7551.65,12448.35,0
2026|2041|3|0|60|7,357876,357876,414706.76358260505,108545.51,108545.51,108545.51,108545.51,249330.49,0,0
2026|2041|3|0|60|1,2689174,2689174,1073974,644267.0199999998,313502.64,112782.32999999999,112782.32999999999,2044906.9800000002,330764.3799999998,200720.31000000003
2026|2041|4|0|60|1,33000,33000,33000,0,0,0,0,33000,0,0
2026|2061|1|0|10|9,1000,90950.2,90950.2,89950.2,89950.2,89950.2,5071.86,1000,0,0
2026|2061|1|0|10|1,54979585,54979585,53659550.647354454,15985693.5,15985693.5,15985693.5,15985693.500000006,38993891.5,0,0
2026|2061|3|0|10|9,0,9786.73,9786.73,9786.73,7552.62,7552.62,7552.62,0,2234.1099999999997,0
2026|2061|3|0|10|3,0,13841.8,13841.8,13841.8,0,0,0,0,13841.8,0
2026|2061|3|0|24|1,2000,330071.81,330071.81,328071.81,90675.81999999999,15971.4,9721.439999999999,2000,237395.99,74704.42
2026|2061|3|0|60|1,5138000,5138000,5138000,2568999.2399999998,2124034.8699999996,855250.6799999999,594602.7299999999,2569000.7600000002,444964.3700000001,1268784.1899999997
2026|2061|3|0|10|7,3771430,3771430,4063746.2106178924,1133714.73,1133714.73,1133714.73,1133714.73,2637715.27,0,0
2026|2061|3|0|10|1,13070414,13174182.39,12320698.39,6406128.02,4645708.120000001,3117357.17,2747201.9899999998,6768054.370000001,1760419.8999999985,1528350.9500000011
2026|2061|4|0|10|1,0,303500,303500,136547.25,115047.25,23350,0,166952.75,21500,91697.25
2026|2071|1|0|60|9,351622,351622,351622,0,0,0,0,351622,0,0
2026|2071|1|0|10|1,10675405,10675405,10787336.861446012,3264364.62,3199364.62,3185123.9600000004,3185123.96,7411040.38,65000,14240.659999999683
2026|2071|3|0|10|8,199999,199999,199999,0,0,0,0,199999,0,0
2026|2071|3|0|10|3,454650,454650,454650,0,0,0,0,454650,0,0
2026|2071|3|0|69|1,900000,900000,900000,0,0,0,0,900000,0,0
2026|2071|3|0|10|7,1351328,1351328,1391849.1704125921,366004.42000000004,366004.42000000004,366004.42000000004,366004.42,985323.58,0,0
2026|2071|3|0|68|1,1003712,1003712,1003712,0,0,0,0,1003712,0,0
2026|2071|3|0|24|1,1259300,1595349.25,1294809.89,336049.25,336049.25,336049.25,336049.25,1259300,0,0
2026|2071|3|1|10|1,62736066,60692764,60692764,27370549.009999998,19512858.4,16369672.11,14688359.009999998,33322214.990000002,7857690.609999999,3143186.289999999
2026|2071|3|0|10|1,391065334,391065334,386156335.09,199508500.98999995,154565084.92000005,113988633.22999999,111050645.63000003,191556833.01000005,44943416.0699999,40576451.69000006
2026|2071|4|0|47|1,120000,120000,0,0,0,0,0,120000,0,0
2026|2071|4|0|68|1,203712,203712,203712,0,0,0,0,203712,0,0
2026|2071|4|1|10|1,22718321,24761623,24761623,14140481.170000002,10558068.870000001,8782035.540000001,8415345.540000001,10621141.829999998,3582412.3000000007,1776033.33
2026|2071|4|0|10|1,120787376,120787376,119189203.30999999,57639071.45,28565540.209999997,22677555.9,21801805.9,63148304.55,29073531.240000006,5887984.309999999
2026|2071|5|0|10|1,600000,600000,600000,300000,149000,99000,99000,300000,151000,50000
2026|2091|1|0|60|9,2313172,1813172,1813172,800000,0,0,0,1013172,800000,0
2026|2091|1|0|52|1,5249666,5249666,0,0,0,0,0,5249666,0,0
2026|2091|1|0|60|1,16850828,16850828,49337317.29457288,9470788.48,9470788.48,9470788.48,9470788.48,7380039.52,0,0
2026|2091|1|0|72|1,30573890,30573890,2867599.7900000014,2905985.24,2905985.24,2905985.24,2905985.24,27667904.759999998,0,0
2026|2091|3|0|9|0,668675,0,0,0,0,0,0,0,0,0
2026|2091|3|0|60|9,0,500000,500000,500000,208575.52999999997,208575.52999999997,176382.47999999998,0,291424.47000000003,0
2026|2091|3|0|9|1,0,668675,668675,0,0,0,0,668675,0,0
2026|2091|3|0|72|1,16688259,16688259,16688259,12207634.499999998,5383134.640000001,4571676.26,4028788.419999999,4480624.500000002,6824499.859999998,811458.3800000008
2026|2091|3|0|72|7,9917648,9917648,10628345.204318995,3388543.03,3388543.03,3388543.03,3388543.0300000003,6529104.970000001,0,0
2026|2091|4|0|72|1,4500,4500,4500,4500,0,0,0,0,4500,0
2026|2101|1|0|60|9,3534985,3534985,3534985,1300000,327704.35000000003,327704.35000000003,308102.82,2234985,972295.6499999999,0
2026|2101|1|0|72|1,18771662,18771662,8305255.172820471,5345867.76,5345867.76,5345867.76,5345867.76,13425794.24,0,0
2026|2101|1|0|26|1,107340444,107340444,115309822.01,32781410.52999999,32781410.529999997,32781410.529999997,32781410.53,74559033.47000001,-7.450580596923828e-09,0
2026|2101|3|0|68|1,2900,2900,2900,0,0,0,0,2900,0,0
2026|2101|3|0|9|1,3443,16130.26,16130.26,12687.26,1513.12,1188.52,1188.52,3443,11174.14,324.5999999999999
2026|2101|3|0|74|1,6100,6100,6100,0,0,0,0,6100,0,0
2026|2101|3|0|72|3,10385,10385,10385,0,0,0,0,10385,0,0
2026|2101|3|0|69|1,60100,60100,60100,0,0,0,0,60100,0,0
2026|2101|3|0|10|8,1100000,343000,343000,0,0,0,0,343000,0,0
2026|2101|3|0|24|1,535855,535855,535855,0,0,0,0,535855,0,0
2026|2101|3|0|10|4,700000,700000,700000,0,0,0,0,700000,0,0
2026|2101|3|0|60|9,1034345,1034345,1034345,300000,105713.97,91119.29999999999,91119.3,734345,194286.03,14594.670000000013
2026|2101|3|0|61|1,4153721,4133721,4133721,1247596.8699999999,1096065.46,925388.1799999999,901580.1199999999,2886124.13,151531.40999999992,170677.28000000003
2026|2101|3|0|95|1,0,7777970.51,7777970.51,2677091.38,1314919.4,1314919.4,1314919.4,5100879.13,1362171.98,0
2026|2101|3|0|72|7,20849186,20849186,23775835.382317133,7641702.699999999,7641702.699999999,7641702.699999999,7641702.699999999,13207483.3,0,0
2026|2101|3|0|72|1,73807828,73777828,73777828,22829067.97,21113248.74,17645134.27999999,16633174.320000002,50948760.03,1715819.2300000004,3468114.4600000083
2026|2101|3|0|80|1,84186914,84186914,84186914,0,0,0,0,84186914,0,0
2026|2101|4|0|61|1,0,20000,20000,20000,11258.15,2991.36,0,0,8741.85,8266.789999999999
2026|2101|4|0|95|1,0,479152.87,479152.87,479152.87,0,0,0,0,479152.87,0
2026|2101|4|0|72|1,19147,49147,49147,10782,10782,0,0,38365,0,10782
2026|2101|4|0|9|1,1051864,2135246.02,2135246.02,1083382.02,130686.04999999999,41752.41,41752.409999999996,1051864,952695.97,88933.63999999998
2026|2101|4|0|10|8,0,1456500,1456500,0,0,0,0,1456500,0,0
2026|2101|5|0|61|1,17499900,17499900,17499900,0,0,0,0,17499900,0,0
2026|2121|1|0|49|9,33121318,0,0,0,0,0,0,0,0,0
2026|2121|1|0|57|2,70000,70000,56655.68921310572,16554.92,16554.92,16554.92,16554.92,53445.08,0,0
2026|2121|1|0|50|1,832409245,832409245,792640434.822065,209472627.53,209472620.28000003,209472619.27,209472619.27,622936617.47,7.249999970197678,1.0100000202655792
2026|2121|1|0|49|1,1463989864,1463989864,1511156526.37558,474300000,473484883.85,473444073.33000004,473397614.92,989689864,815116.1499999762,40810.51999998093
2026|2121|3|0|49|9,495813,33617131,33617131,33617131,10359280.349999994,10359280.349999994,9835812.729999993,0,23257850.650000006,0
2026|2121|3|0|50|7,2705470,2705470,3097569.867934915,838750,838750,838750,838750,1866720,0,0
2026|2121|3|0|50|1,256817229,256817229,256817229,238014063.38999996,70254063.50000001,69762637.95999995,69662309.22,18803165.610000044,167759999.88999993,491425.54000006616
2026|2121|3|0|49|1,686256891,686256891,686256891,654906679.3700001,251709196.28000033,250976809.23000032,247598350.44999978,31350211.629999876,403197483.0899998,732387.0500000119
2026|2121|3|0|60|1,73103124,73103124,73103124,40013295.089999996,22055716.529999994,14736551.679999996,14732937.890000002,33089828.910000004,17957578.560000002,7319164.849999998
2026|2121|4|0|60|1,362257,362257,362257,181128.51,0,0,0,181128.49,181128.51,0
2026|2121|4|0|47|1,8080000,8230060,8230060,150060,0,0,0,8080000,150060,0
2026|2151|1|0|10|1,36677683,36677683,35596848.09328433,10808212.25,10808212.250000004,10808212.250000004,10808212.250000002,25869470.75,-3.725290298461914e-09,0
2026|2151|3|0|60|9,1000,1000,1000,0,0,0,0,1000,0,0
2026|2151|3|0|60|1,293034,293034,293034,132000,0,0,0,161034,132000,0
2026|2151|3|0|10|7,5823285,5823285,6175031.150807116,1852615.49,1852615.49,1852615.49,1852615.49,3970669.51,0,0
2026|2151|3|0|10|1,27930825,27930825,27930825,13024379.849999998,6852948.049999999,5221197.2700000005,4921994.91,14906445.150000002,6171431.799999999,1631750.7799999984
2026|2151|4|0|10|1,3683000,7183000,7183000,2161666.67,862201.7,318307.99000000005,54496.9,5021333.33,1299464.97,543893.71
2026|2161|1|0|10|9,207417,207417,207417,0,0,0,0,207417,0,0
2026|2161|1|0|10|1,3948796,3948796,3804309.0712054544,1113988,1113988,1113988,1113987.9999999998,2834808,0,0
2026|2161|3|0|10|7,722490,722490,694795.6910072191,189222.58999999997,189222.59,189222.59,189222.59,533267.41,-2.9103830456733704e-11,0
2026|2161|3|0|10|1,9350912,6239447.45,6239447.45,1889779.5,647456.03,442900.63000000006,434621.7,4349667.95,1242323.47,204555.39999999997
2026|2161|4|0|10|1,15184,15184,15184,0,0,0,0,15184,0,0
2026|2171|1|0|10|9,1000,1000,1000,0,0,0,0,1000,0,0
2026|2171|1|0|10|1,2641831,2641831,2912238.0946527007,841556.6699999999,841556.67,841556.67,841556.6699999999,1800274.33,-1.1641532182693481e-10,0
2026|2171|3|1|10|1,1000,1000,1000,0,0,0,0,1000,0,0
2026|2171|3|0|10|7,532008,532008,720675.5883781966,182774.99,182774.99,182774.99,182774.99,349233.01,0,0
2026|2171|3|0|10|1,1145946,1150946,903429,678433.8700000001,461021.75,421145.33999999997,419007.39999999997,472512.1299999999,217412.1200000001,39876.41000000003
2026|2171|3|0|60|1,1000000,1000000,1000000,522596.57999999996,31372.300000000003,24632.4,24632.4,477403.42000000004,491224.27999999997,6739.9000000000015
2026|2171|4|0|10|1,51800,46800,46800,46800,0,0,0,0,46800,0
2026|2171|4|0|24|1,3196635,3196635,3196635,0,0,0,0,3196635,0,0
2026|2181|1|0|10|9,7372703,7372703,7372703,1829921.87,334542.91,144724.28999999998,144679.28999999998,5542781.13,1495378.9600000002,189818.62
2026|2181|1|0|10|1,24128670,24128670,23456669.447512563,7023994.92,7023994.920000001,7023994.920000001,7023994.92,17104675.08,-9.313225746154785e-10,0
2026|2181|3|1|10|1,1000,1000,1000,0,0,0,0,1000,0,0
2026|2181|3|0|10|9,71986,71986,71986,70722.27,51808.57,30717.61,30717.61,1263.729999999996,18913.700000000004,21090.96
2026|2181|3|0|60|1,2478552,2854083,2854083,1614807,471468.11,145135.1,145135.1,1239276,1143338.8900000001,326333.01
2026|2181|3|0|10|7,4637977,4637977,4590203.467397248,1306864.02,1306864.02,1306864.02,1306864.02,3331112.98,0,0
2026|2181|3|0|10|1,27293598,27278598,26346488,23902467.85,16316786.889999997,10038813.52,10038149.62,3376130.1499999985,7585680.960000005,6277973.369999997
2026|2181|4|0|47|1,5000,5000,0,0,0,0,0,5000,0,0
2026|2201|1|0|95|1,0,42715.61,0,0,0,0,0,42715.61,0,0
2026|2201|1|0|10|9,1193926,1193926,1193926,584580.98,131130.76000000004,131130.76000000004,131130.76000000004,609345.02,453450.22,0
2026|2201|1|0|10|1,11042625,11042625,11508473.868262004,3510727.3600000003,3510727.3600000003,3510727.3600000003,3510727.3600000003,7531897.64,0,0
2026|2201|3|0|60|1,4735,4735,4735,4735,0,0,0,0,4735,0
2026|2201|3|0|10|3,7000,7000,7000,0,0,0,0,7000,0,0
2026|2201|3|0|95|1,0,19250,19250,0,0,0,0,19250,0,0
2026|2201|3|0|1|1,31000,115347.02,115347.02,84347.02,84347.02,84347.02,84347.02,31000,0,0
2026|2201|3|0|45|1,423706,423706,423706,105926,0,0,0,317780,105926,0
2026|2201|3|0|10|8,1035000,635000,635000,0,0,0,0,635000,0,0
2026|2201|3|0|24|1,668989,668989,668989,0,0,0,0,668989,0,0
2026|2201|3|0|10|7,1503339,1503339,1726707.0052052871,457475.44,457475.44,457475.44,457475.44,1045863.56,0,0
2026|2201|3|0|10|1,8536668,8536668,7499600,5706431.839999999,5255867.05,1542039.4200000002,1115111.0499999998,2830236.160000001,450564.7899999991,3713827.63
2026|2201|4|0|9|1,0,127419.12,127419.12,127419.12,120050,0,0,0,7369.119999999995,120050
2026|2201|4|0|10|3,5376,5376,5376,0,0,0,0,5376,0,0
2026|2201|4|0|1|1,250000,250000,250000,0,0,0,0,250000,0,0
2026|2201|4|0|24|1,2530804,2530804,2530804,0,0,0,0,2530804,0,0
2026|2211|1|0|60|9,443809,443809,443809,0,0,0,0,443809,0,0
2026|2211|1|0|10|1,6539322,6539322,6590101.433660696,2157727.42,2157727.42,2157727.42,2157727.42,4381594.58,0,0
2026|2211|3|0|60|2,0,434624.76,434624.76,434624.76,434624.76,166245.63,129139.7,0,0,268379.13
2026|2211|3|0|60|1,3714633,3714633,3714633,3683637,1005288.23,996634.03,380054.7299999999,30996,2678348.77,8654.199999999953
2026|2211|3|0|60|9,61558,61558,61558,0,0,0,0,61558,0,0
2026|2211|3|0|10|7,1893466,1893466,1931883.5103484443,541419.5,541419.5,541419.5,541419.5,1352046.5,0,0
2026|2211|3|0|10|1,3896499,4199889,4199889,2581415,1220983.62,863852.8899999999,699108.27,1618474,1360431.38,357130.7300000002
2026|2241|1|0|91|9,726546,726546,726546,448406.82,448406.82,448406.82,448406.82,278139.18,0,0
2026|2241|1|0|72|1,27536048,27536048,27276393.285631575,8302054.9799999995,8302054.979999998,8302054.979999998,8302054.9799999995,19233993.02,1.862645149230957e-09,0
2026|2241|3|0|72|3,0,287743,287743,287743,287742.77,287742.77,287742.77,0,0.22999999998137355,0
2026|2241|3|0|60|1,5000,5000,5000,5000,0,0,0,0,5000,0
2026|2241|3|0|91|9,0,160000,160000,160000,15787.720000000001,15787.720000000001,15787.720000000001,0,144212.28,0
2026|2241|3|0|24|1,162000,820678,820678,658678,356468.48,356468.48,263973.66,162000,302209.52,0
2026|2241|3|0|72|7,4342975,4342975,5318187.167055796,1489377.7999999998,1489377.7999999998,1489377.7999999998,1489377.8,2853597.2,0,0
2026|2241|3|0|73|1,4576000,8969613.690000001,8969613.69,4393613.69,192639.56,130106.55,130106.55000000002,4576000,4200974.130000001,62533.009999999995
2026|2241|3|0|72|1,13383380,13383380,13383380,8214913,1543212.0299999998,1444463.2700000005,1266007.49,5168467,6671700.970000001,98748.75999999931
2026|2241|3|0|80|1,23021667,23021667,23021667,0,0,0,0,23021667,0,0
2026|2241|3|0|61|1,152699400,156900397,156900397,5170000,4271801.090000001,4269055.28,3094229.9200000004,151730397,898198.9099999992,2745.8100000005215
2026|2241|4|0|47|1,2000,2000,2000,2000,0,0,0,0,2000,0
2026|2241|4|0|73|1,0,780000,780000,780000,0,0,0,0,780000,0
2026|2241|4|0|72|1,216554,216554,216554,108277,0,0,0,108277,108277,0
2026|2241|4|0|80|1,35000000,35000000,35000000,0,0,0,0,35000000,0,0
2026|2251|1|0|60|9,510604,1810604,1810604,1800004,1519016.92,1519016.92,1519016.92,10600,280987.0800000001,0
2026|2251|1|0|60|1,18471158,18471158,18026020.536056314,5554465.53,5554465.529999999,5554465.529999999,5554465.53,12916692.469999999,9.313225746154785e-10,0
2026|2251|3|0|60|9,0,500000,500000,500000,135296.55000000002,135296.55000000002,135296.55000000002,0,364703.44999999995,0
2026|2251|3|0|60|7,4338922,4338922,4843943.960178049,1341250.11,1341250.11,1341250.11,1341250.1099999999,2997671.8899999997,0,0
2026|2251|3|0|60|1,9212005,9212005,9212005,4606008,4321821.359999999,2022712.79,1860111.7300000004,4605997,284186.6400000006,2299108.5699999994
2026|2251|4|0|60|1,7698833,7698833,7698833,3849417,3849416,1335929.5,1335929.5,3849416,1,2513486.5
2026|2261|1|0|57|2,13845,13845,14116.560940287472,4260.96,4260.96,4260.96,4260.96,9584.04,0,0
2026|2261|1|0|60|9,5143217,4883217,4883217,2465000,1626546.52,1626546.52,1626546.52,2418217,838453.48,0
2026|2261|1|0|10|1,106473954,106473954,101793712.49834242,32087583.61999999,32030817.270000003,32030817.270000003,32030817.27,74386370.38000001,56766.34999998659,0
2026|2261|3|0|60|9,0,260000,260000,147500,33215.44,33215.44,33215.44,112500,114284.56,0
2026|2261|3|0|10|7,13633606,13633606,13371266.622111753,4019001.2899999996,4019001.29,4019001.29,4019001.2899999996,9614604.71,-4.656612873077393e-10,0
2026|2261|3|0|10|1,519119331,492129857.24,492129857.24,193843132.72,139748703.8199999,70903133.88000005,35376400.289999984,298286724.52,54094428.900000095,68845569.93999985
2026|2261|4|0|24|1,4003371,4003371,4003371,0,0,0,0,4003371,0,0
2026|2261|4|0|10|1,12259635,39249108.76,39249108.76,6719000,3644507.98,174881.66,95082.37,32530108.759999998,3074492.02,3469626.32
2026|2271|1|0|57|2,32667892,32667892,25173736.315331105,7569163.100000001,7569163.1,7569163.1,7569163.1,25098728.9,9.313225746154785e-10,0
2026|2271|1|0|10|9,37543416,37543416,37543416,4700000.049999999,3783485.410000001,3777936.880000001,3777367.1100000013,32843415.950000003,916514.6399999978,5548.530000000261
2026|2271|1|0|10|1,1374080023,1374080023,1403951500.8006394,438122001.15999997,438122001.15999997,437749573.9599999,437749573.96000004,935958021.84,0,372427.2000000477
2026|2271|3|0|10|8,540000,540000,540000,540000,0,0,0,0,540000,0
2026|2271|3|0|45|1,7109,7109,7109,0,0,0,0,7109,0,0
2026|2271|3|0|10|9,1375120,1375120,1375120,1000000.0700000001,348690.79999999993,348690.79999999993,348690.79999999993,375119.92999999993,651309.2700000001,0
2026|2271|3|0|68|1,7765650,14140927.649999999,14107666.92,6433847.960000001,3413577.46,652088.3599999999,586649.3299999998,7707079.689999998,3020270.500000001,2761489.1
2026|2271|3|0|70|1,13936970,25680340.37,25673373.259999998,12336457.639999997,7269921.9399999995,7205554.52,7196225.18,13343882.730000004,5066535.699999997,64367.419999999925
2026|2271|3|0|10|7,190965942,190965942,200385767.2203666,61406193.3,61406193.300000004,61406193.300000004,61406193.300000004,129559748.7,-7.450580596923828e-09,0
2026|2271|3|0|10|1,825383444,810415512.28,810415512.28,393321720.12999994,309667143.4199997,224259222.7399996,191945813.7499999,417093792.15000004,83654576.71000022,85407920.68000013
2026|2271|4|0|68|1,0,18763.56,18763.56,18763.56,16727.489999999998,0,0,0,2036.0700000000033,16727.489999999998
2026|2271|4|0|70|1,0,218200,72000,218200,104200,104200,46200,0,114000,0
2026|2271|4|0|10|8,360000,360000,360000,360000,0,0,0,0,360000,0
2026|2271|4|0|47|1,194604,194604,0,0,0,0,0,194604,0,0
2026|2271|4|0|95|1,0,10359504.71,10359504.709999999,9725106.63,6912626.92,4749993.43,4462854.73,634398.0800000001,2812479.710000001,2162633.49
2026|2271|4|0|10|1,6800000,21767931.72,21767931.72,19308870.78,16172606.44,3732900.5,2276261.06,2459060.9399999976,3136264.3400000017,12439705.94
2026|2271|4|0|24|1,153002000,153002000,153002000,0,0,0,0,153002000,0,0
2026|2281|1|0|10|9,1000,0,0,0,0,0,0,0,0,0
2026|2281|1|0|10|1,2507880,2507880,2083121.3846549601,649929.1399999999,649929.1399999999,649929.1399999999,649929.14,1857950.86,0,0
2026|2281|3|0|10|9,0,1489.4,1489.4,1489.4,1489.4,1489.4,1489.4,0,0,0
2026|2281|3|0|10|7,432610,432610,401016.20483630255,119425,119425,119425,119425,313185,0,0
2026|2281|3|0|36|1,467920,4070199.13,4070199.13,3602279.13,539445.6,251892.87000000002,251892.87,467920,3062833.53,287552.73
2026|2281|3|0|10|1,4805828,4805828,4805828,2402914.35,1226079.68,1009747.6400000001,980489.21,2402913.65,1176834.6700000002,216332.0399999998
2026|2301|1|0|10|1,140635765,140635765,134651853.52371815,42960358.66,42960358.660000004,42960358.660000004,42960358.66,97675406.34,-7.450580596923828e-09,0
2026|2301|1|0|10|9,111502952,111502952,111502952,9529851.059999999,8641723.770000001,8637339.790000001,1252946.1100000003,101973100.94,888127.2899999972,4383.980000000447
2026|2301|3|0|91|1,5209550,5209550,5209550,4296994.319999999,4094606.77,2330322.83,2330322.83,912555.6800000006,202387.54999999935,1764283.94
2026|2301|3|0|10|7,33007425,33007425,33728377.898512915,9611166.25,9611166.25,9611166.25,9611166.25,23396258.75,0,0
2026|2301|3|0|10|1,94688224,94667430.43,94667430.43,46697658.03,21413602.639999997,18551992.94999999,18203642.420000006,47969772.400000006,25284055.390000004,2861609.690000005
2026|2301|3|0|10|9,25739206,78198263.21,78198263.21000001,1149999.9999999998,891843.2600000002,891843.2600000002,790790,77048263.21,258156.73999999953,0
2026|2301|4|0|97|1,0,1432449.61,1432449.61,1432449.61,1432449.01,0,0,0,0.6000000000931323,1432449.01
2026|2301|4|0|69|1,2000,2000,2000,0,0,0,0,2000,0,0
2026|2301|4|0|10|8,3000,3000,3000,0,0,0,0,3000,0,0
2026|2301|4|0|10|3,0,1783069.22,1783069.22,1083069.22,1083069.22,0,0,700000,0,1083069.22
2026|2301|4|0|25|1,9852323,16097776.39,16097776.389999999,6955018.35,6955018.35,709564.96,709564.96,9142758.040000001,0,6245453.39
2026|2301|4|0|68|1,12917420,18837969.02,12917420,5920549.02,0,0,0,12917420,5920549.02,0
2026|2301|4|0|70|1,14002000,14002000,14002000,0,0,0,0,14002000,0,0
2026|2301|4|0|10|9,0,20325664.11,20325664.11,1285644.76,1278677.19,1278677.19,477863.13999999996,19040019.349999998,6967.570000000065,0
2026|2301|4|0|74|1,20002000,20002000,20002000,0,0,0,0,20002000,0,0
2026|2301|4|0|89|1,188282754,52964615,52964615,26482307.5,8856797.120000001,158949.09,40777.99,26482307.5,17625510.38,8697848.030000001
2026|2301|4|0|33|0,37090841,80845450,80845450,46340029.480000004,16149571.77,5734962.42,4477344.199999999,34505420.519999996,30190457.710000005,10414609.35
2026|2301|4|0|33|1,0,68778267.16,0,0,0,0,0,68778267.16,0,0
2026|2301|4|0|51|1,113106854,113106854,113106854,38762744.14,38762744.14,21354662.689999998,21342353.22,74344109.86,0,17408081.450000003
2026|2301|4|0|95|1,257768258,297956649.77,297956649.7699999,142088873.01999998,137356543.82999998,14978405.56,14797271.7,155867776.75,4732329.189999998,122378138.26999998
2026|2301|4|0|80|1,264632855,264632855,12000000,52066763.300000004,48331514.120000005,6864173.609999999,5888423.07,212566091.7,3735249.1799999997,41467340.510000005
2026|2301|4|0|10|0,262657013,458513198,789895993.6199998,234949730.23000002,150869536.60000002,26992311.189999998,24710581.37,223563467.76999998,84080193.63,123877225.41000003
2026|2301|4|0|32|0,347605867,445732977,445732976.5,218648995.23000002,218554702.21,75600041.02,74292060.41000001,227083981.76999998,94293.02000001073,142954661.19
2026|2301|4|0|10|1,8927956,237570482.41,8948749.569999993,4463978,1423978.55,976309.07,672418.7600000001,233106504.41,3039999.45,447669.4800000001
2026|2311|1|0|60|1,1767898,1767898,1738361.4162531316,486416.57,486416.57,486416.57,486416.57,1281481.43,0,0
2026|2311|1|0|57|2,1794000,1794000,1418725.1925273107,387075.53,387075.53,387075.53,387075.53,1406924.47,0,0
2026|2311|1|0|60|9,2589747,2589747,2589747,946796.9899999999,862280.5,691955.08,691955.0800000001,1642950.0100000002,84516.48999999987,170325.42000000004
2026|2311|1|0|10|1,359358395,359358395,357063641.26299334,106996069.89999998,106996069.90000002,106996069.90000002,106996069.89999999,252362325.10000002,-4.470348358154297e-08,0
2026|2311|3|0|60|3,10976,10976,10976,0,0,0,0,10976,0,0
2026|2311|3|0|60|9,171847,171847,171847,137286.93000000002,99657.32,66587.72,66587.72,34560.06999999998,37629.610000000015,33069.600000000006
2026|2311|3|0|10|8,7001000,4592045.82,4592045.82,4416095.82,560728,33282,0,175950,3855367.8200000003,527446
2026|2311|3|0|10|3,362329,362329,362329,7867.1,0,0,0,354461.9,7867.1,0
2026|2311|3|0|36|1,636357,4055553.29,4055553.29,3419196.29,2029616.37,143083.17,143083.16999999998,636357,1389579.92,1886533.2000000002
2026|2311|3|0|68|1,1854100,1854100,1854100,0,0,0,0,1854100,0,0
2026|2311|3|0|60|1,9938516,9938516,9413646,4706823.02,1481272.67,728550.67,728550.67,5231692.98,3225550.3499999996,752721.9999999999
2026|2311|3|0|70|1,17076513,28172036.35,28172036.349999998,11095523.350000001,5139738.680000002,2494910.809999999,2494910.81,17076513,5955784.67,2644827.8700000024
2026|2311|3|0|24|1,20388131,20388131,20388131,402612,402612,0,0,19985519,0,402612
2026|2311|3|0|10|7,43564224,43564224,42855452.83647425,12609513.189999998,12609513.190000001,12609513.190000001,12609513.190000001,30954710.810000002,-3.725290298461914e-09,0
2026|2311|3|0|10|1,120604421,123104421,123104421,60674579.44999999,26860477.63000001,16518741.100000009,16477114.110000001,62429841.55000001,33814101.81999998,10341736.530000001
2026|2311|4|0|10|3,0,6.84,6.84,6.84,0,0,0,0,6.84,0
2026|2311|4|0|10|8,0,180954.18,180954.18,180954.18,0,0,0,0,180954.18,0
2026|2311|4|0|1|1,207275,216461.69,216461.69,9186.69,0,0,0,207275,9186.69,0
2026|2311|4|0|36|1,1251816,1251816,1251816,0,0,0,0,1251816,0,0
2026|2311|4|0|10|1,5656052,5656052,5656052,1968898.5,333270,14270,14270,3687153.5,1635628.5,319000
2026|2311|4|0|70|1,4477736,9596255.83,9596255.83,5118519.83,1897483.8599999999,545772,545772,4477736,3221035.97,1351711.8599999999
2026|2311|4|0|24|1,18147336,18147336,18147336,0,0,0,0,18147336,0,0
2026|2321|1|0|57|2,780000,780000,877343.5154219432,233715.39,233715.39,233715.39,233715.39,546284.61,0,0
2026|2321|1|0|60|9,4606720,4256720,4256720,1340000,820824.3899999999,820824.3899999999,806854.0699999998,2916720,519175.6100000001,0
2026|2321|1|0|10|1,192029892,192029892,174894532.16652703,53105186.75999999,53101686.760000005,53081385.78,53081365.78,138924705.24,3499.999999985099,20300.980000004172
2026|2321|3|0|60|9,0,350000,350000,300000,172664.25,172664.25,172664.25,50000,127335.75,0
2026|2321|3|0|24|1,883956,883956,883956,0,0,0,0,883956,0,0
2026|2321|3|0|10|7,25977016,25977016,26268153.079262443,8302151.539999999,8302151.540000001,8302151.540000001,8302151.54,17674864.46,-1.862645149230957e-09,0
2026|2321|3|0|10|1,190600641,190600641,190600641,102277686.34,73505140.92999999,48039003.85,38848837.60999999,88322954.66,28772545.41000001,25466137.07999999
2026|2321|4|0|47|1,100000,100000,0,0,0,0,0,100000,0,0
2026|2321|4|0|10|8,0,300000,300000,0,0,0,0,300000,0,0
2026|2321|4|0|10|3,491086,491086,491086,0,0,0,0,491086,0,0
2026|2321|4|0|24|1,2238156,2238156,2238156,1719743.98,1140857.98,388876.3,388876.3,518412.02,578886,751981.6799999999
2026|2321|4|0|1|1,546983,546983,546983,0,0,0,0,546983,0,0
2026|2321|4|0|10|1,17565279,17565279,17565279,8782640,1041142.5799999998,379326.87,276464.55,8782639,7741497.42,661815.7099999998
2026|2331|1|0|10|1,500000,500000,0,0,0,0,0,500000,0,0
2026|2331|1|0|73|9,959272,959272,959272,30000,20855.61,20855.61,20855.61,929272,9144.39,0
2026|2331|1|0|73|1,14323839,14323839,14896856.179420978,4537575.74,4537575.74,4537575.74,4537575.74,9786263.26,0,0
2026|2331|3|0|73|7,5459152,5459152,9161189.065093782,2839551.08,2839551.08,2839551.08,2839551.08,2619600.92,0,0
2026|2331|3|0|73|1,22357737,22357737,22357737,4666528.55,4606748.960000001,4006008.7200000007,3801807.1899999995,17691208.45,59779.58999999892,600740.2400000002
2026|2331|4|0|73|1,1150000,1150000,1150000,35000,1052.05,1052.05,1052.05,1115000,33947.95,0
2026|2351|1|0|60|9,0,1146016.52,1146016.52,0,0,0,0,1146016.52,0,0
2026|2351|1|0|10|9,6976477,6976477,6976477,299631.91000000003,70450.43,70450.43,68560.75,6676845.09,229181.48000000004,0
2026|2351|1|0|10|1,279176598,279176598,282540691.8983012,86152059.47,86152059.47,86152059.47,86152059.46999998,193024538.53,0,0
2026|2351|3|0|60|1,0,3983.48,3983.48,3983.48,3983.48,3983.48,0,0,0,0
2026|2351|3|0|70|1,0,255659.6,255659.6,255659.6,199546.2,0,0,0,56113.399999999994,199546.2
2026|2351|3|0|10|9,140240,140240,140240,102556.09,34329.78,34329.78,34329.78,37683.91,68226.31,0
2026|2351|3|0|10|3,62019,71531.52,71531.52,9512.52,9512.52,9512.52,9512.52,62019,0,0
2026|2351|3|0|1|1,370292,426239.85,426239.85,117412.43,56655.65,0,0,308827.42,60756.77999999999,56655.65
2026|2351|3|0|24|1,2845318,5538133.21,5538133.21,2692815.21,1308012.06,1139327.36,1138189.76,2845318,1384803.15,168684.69999999995
2026|2351|3|0|10|8,5140000,5746000,5746000,0,0,0,0,5746000,0,0
2026|2351|3|0|10|7,38702614,38702614,35618632.09776889,10194787.930000002,10194787.93,10194787.93,10194787.93,28507826.07,1.862645149230957e-09,0
2026|2351|3|0|10|1,142282919,142193419.06,142193419.06,70829943.70999998,42477811.349999994,24802425.650000002,24063638.990000013,71363475.35000002,28352132.359999985,17675385.69999999
2026|2351|4|0|60|1,1150000,0,0,0,0,0,0,0,0,0
2026|2351|4|0|24|1,0,70294.1,70294.1,70294.1,31239.5,0,0,0,39054.600000000006,31239.5
2026|2351|4|0|68|1,2000,2000,2000,0,0,0,0,2000,0,0
2026|2351|4|0|10|3,20112,22910.58,22910.58,2798.5800000000004,0,0,0,20112,2798.5800000000004,0
2026|2351|4|0|1|1,96725,135440,135440,38715,0,0,0,96725,38715,0
2026|2351|4|0|97|1,0,100000,100000,0,0,0,0,100000,0,0
2026|2351|4|0|3|1,389394,389394,389394,0,0,0,0,389394,0,0
2026|2351|4|0|36|1,400000,400000,400000,0,0,0,0,400000,0,0
2026|2351|4|0|10|8,2001000,3466079,3466079,0,0,0,0,3466079,0,0
2026|2351|4|0|10|1,9021190,16110689.94,16110689.94,4600094.920000001,629538.12,34061.86,34061.86,11510595.02,3970556.8000000007,595476.26
2026|2361|1|0|60|1,1241000,1241000,1241000,517083.32999999996,77570.61,77570.61,77570.61,723916.67,439512.72,0
2026|2361|3|0|60|9,321836,321836,321836,134098.33000000002,0,0,0,187737.66999999998,134098.33000000002,0
2026|2361|3|0|60|1,88459777,88459777,88459777,36858240.42,16174359.429999996,16174359.429999996,16174359.429999996,51601536.58,20683880.990000006,0
2026|2361|4|0|60|1,7237137,7237137,7237137,3015473.75,0,0,0,4221663.25,3015473.75,0
2026|2361|5|0|60|1,12254750,12254750,12254750,5106145.83,0,0,0,7148604.17,5106145.83,0
2026|2371|1|0|60|1,10073259,10073259,8100000,8100000,8100000,8100000,8100000,1973259,0,0
2026|2371|1|0|91|9,9765610,9495610,9645610,2993219.15,2478011.22,2478011.22,2372785.5700000003,6502390.85,515207.9299999997,0
2026|2371|1|0|91|1,38768057,38768057,49408166.69,8855192.41,8855192.410000002,8849199.35,8849199.35,29912864.59,-1.862645149230957e-09,5993.060000002384
2026|2371|1|0|10|1,188357283,188357283,183176759.0729847,56867230.26000001,56867230.25999999,56867230.25999999,56867230.25999999,131490052.73999998,2.2351741790771484e-08,0
2026|2371|3|0|80|1,6874243,0,0,0,0,0,0,0,0,0
2026|2371|3|0|91|9,141774,594614.65,444614.65,594614.65,432752.86,432752.86,432752.86,0,161861.79000000004,0
2026|2371|3|0|1|1,1000,1000,1000,0,0,0,0,1000,0,0
2026|2371|3|1|1|1,1000,1000,1000,0,0,0,0,1000,0,0
2026|2371|3|1|95|1,0,3000000,3000000,2212364.62,1445025.1700000004,233237.27999999994,186954.41,787635.3799999999,767339.4499999997,1211787.8900000004
2026|2371|3|0|91|1,14143856,14172856,14172856,10774719.7,5180585.83,2323103.6399999997,2321049.6400000015,3398136.3000000007,5594133.869999999,2857482.1900000004
2026|2371|3|0|60|1,9540210,10591313.28,10591313.28,7006235.98,3614440.8800000004,1712671.2699999998,1532926.1699999997,3585077.299999999,3391795.1,1901769.6100000006
2026|2371|3|0|10|7,31794898,31794898,41876418.276387915,13421685.95,13421685.95,13421685.95,13421685.95,18373212.05,0,0
2026|2371|4|0|91|1,87500,58500,1109603.28,44878,44878,0,0,13622,0,44878
2026|2371|4|0|47|1,56250,65193.82,65193.82,8943.82,0,0,0,56250,8943.82,0
2026|2371|4|0|24|1,182960,182960,182960,0,0,0,0,182960,0,0
2026|2371|4|0|80|1,0,6874243,6874243,0,0,0,0,6874243,0,0
2026|2421|1|0|10|9,0,24650.8,24650.8,24650.8,24650.8,24650.8,24650.8,0,0,0
2026|2421|1|0|71|1,8973304,8973304,10534815.940196369,2717615.4700000007,2717615.47,2717615.47,2717615.47,6255688.529999999,4.656612873077393e-10,0
2026|2421|3|0|10|9,1000,0,0,0,0,0,0,0,0,0
2026|2421|3|0|1|1,0,285858.4,285858.4,285858.4,285858.4,0,0,0,0,285858.4
2026|2421|3|0|10|3,0,98830.17,98830.17,98830.17,60104.09,7328.18,7328.18,0,38726.08,52775.909999999996
2026|2421|3|0|71|3,0,3203747.48,3203747.48,3203747.48,1965357.18,700044.64,700044.64,0,1238390.3,1265312.54
2026|2421|3|0|10|4,230000,230000,230000,0,0,0,0,230000,0,0
2026|2421|3|0|71|7,1946428,1946428,2495226.3677483266,608596.64,608596.64,608596.64,608596.64,1337831.3599999999,0,0
2026|2421|3|0|10|8,6240990,3814471,3814471,0,0,0,0,3814471,0,0
2026|2421|3|0|71|1,13507433,12502802.5,12502802.5,8366294.18,4672071.01,1951708.2799999998,1951708.2799999998,4136508.3200000003,3694223.17,2720362.73
2026|2421|3|0|24|1,17391363,32472870.63,32472870.63,5081507.63,4757781.99,2624359.65,2624359.65,27391363,323725.63999999966,2133422.3400000003
2026|2421|4|0|10|8,4200000,0,0,0,0,0,0,0,0,0
2026|2421|4|0|15|1,0,95590,2350509,95590,19300,0,0,0,76290,19300
2026|2421|4|0|10|3,0,762854.58,762854.58,762854.58,0,0,0,0,762854.58,0
2026|2421|4|0|10|4,585000,585000,585000,0,0,0,0,585000,0,0
2026|2421|4|0|71|1,0,1004344,1004344,63344,14249.95,0,0,941000,49094.05,14249.95
2026|2421|4|0|24|1,112854112,107374741.14,107374741.14,4520629.14,0,0,0,102854112,4520629.14,0
2026|2431|1|0|10|9,1000,1000,1000,0,0,0,0,1000,0,0
2026|2431|1|0|10|1,4082498,4082498,4324640.385714849,1322463.3699999999,1322463.3699999999,1322463.3699999999,1322463.37,2760034.63,0,0
2026|2431|3|0|10|1,2172720,2179062,2172720,2179062,604443.4299999999,604443.4299999999,604443.43,0,1574618.57,0
2026|2431|3|0|60|1,1260340,1260340,1260340,949706.03,307525,134919.76,134919.76,310633.97,642181.03,172605.24
2026|2431|3|0|10|7,506188,506188,629701.9819408209,177237.5,177237.5,177237.5,177237.5,328950.5,0,0
2026|2431|4|0|10|1,0,36404,0,36404,0,0,0,0,36404,0
2026|2431|4|0|24|1,14526527,14526527,14526527,0,0,0,0,14526527,0,0
2026|2441|1|0|59|9,374926,374926,374926,42765.44,15791.34,13497.33,13497.33,332160.56,26974.100000000002,2294.01
2026|2441|1|0|59|1,15937934,15937934,16626680.11610071,5081417.880000001,5081417.880000001,5081417.880000001,5081417.88,10856516.12,0,0
2026|2441|3|0|59|7,1226724,1226724,2627569.72604882,825382.47,825382.47,825382.47,825382.47,401341.53,0,0
2026|2441|3|0|59|1,3259710,4239709.99,4239710,3130941.2199999993,1851547.7700000003,686781.17,611610.04,1108768.770000001,1279393.449999999,1164766.6
2026|2461|1|0|10|9,1000,1000,1000,0,0,0,0,1000,0,0
2026|2461|1|0|10|1,2143140,2143140,1786013.1102927453,514103.21,514103.20999999996,514103.20999999996,514103.21,1629036.79,5.820766091346741e-11,0
2026|2461|3|0|60|1,55000,55000,55000,55000,0,0,0,0,55000,0
2026|2461|3|1|10|3,96325,96325,96325,64913.52,0,0,0,31411.480000000003,64913.52,0
2026|2461|3|0|32|1,1091222,1091222,1091222,967674.6900000001,257185.82000000004,207852.16,207852.16,123547.30999999994,710488.87,49333.66000000003
2026|2461|3|0|10|7,250227,250227,310665.29109343933,83137.5,83137.5,83137.5,83137.5,167089.5,0,0
2026|2461|3|0|10|1,214920,784920,784920,164150.02999999997,56994.14,21029.29,21029.29,620769.97,107155.88999999997,35964.85
2026|2461|3|1|32|1,2815305,2815305,2815305,2169337.28,732689.0800000001,466255.42000000004,466255.42,645967.7200000002,1436648.1999999997,266433.66000000003
2026|2461|3|1|24|1,13634007,13634007,13634007,0,0,0,0,13634007,0,0
2026|2461|4|0|32|1,35000,35000,35000,35000,0,0,0,0,35000,0
2026|2471|1|0|10|1,6117900,6117900,14987310.232455337,3556376.96,3556376.9599999995,2548743.7899999996,2548743.7899999996,2561523.04,4.656612873077393e-10,1007633.1699999999
2026|2471|3|0|10|7,607000,607000,907594.4891313104,249356.28,249356.28,249356.28,249356.28,357643.72,0,0
2026|2471|3|0|60|2,2001130,2001130,2001130,653893.19,395750.19999999995,357466.73,357466.73,1347236.81,258142.99,38283.46999999997
2026|2471|3|0|10|1,15508639,15401263.2,15401263.2,13117250.989999998,10728385.749999998,4029632.0300000003,4029632.0300000003,2284012.210000001,2388865.24,6698753.719999998
2026|2471|4|0|10|1,7680000,7787375.8,7787375.8,2021686,873716.78,873716.77,873716.77,5765689.8,1147969.22,0.010000000009313226
2026|2471|4|0|60|2,37635820,37635820,28635820,7005344.369999999,2896078.35,2691538.93,2421154.5700000003,30630475.630000003,4109266.019999999,204539.41999999993
2026|2481|1|0|10|1,0,64669972.5,7309602.063870041,2834097.52,2834097.52,2834097.52,2834097.5199999996,61835874.98,0,0
2026|2481|3|0|10|7,0,2931573.75,970798.8743004585,757227.66,757227.66,757227.66,757227.66,2174346.09,0,0
2026|2481|3|0|82|1,0,57495154.5,57495154.5,0,0,0,0,57495154.5,0,0
2026|2481|3|0|15|1,0,106568635.5,106568635.5,27144055.2,6940155.590000001,6795834.24,5864086.33,79424580.3,20203899.61,144321.35000000056
2026|2481|4|0|15|1,0,516637,516637,0,0,0,0,516637,0,0
2026|2481|4|0|82|1,0,3251142,3251142,0,0,0,0,3251142,0,0
2026|3041|1|0|60|9,1000,1000,1000,0,0,0,0,1000,0,0
2026|3041|1|0|60|1,16649825,16649825,16449482.37179621,8324912.5,3560192.65,3560192.65,3560192.65,8324912.5,4764719.85,0
2026|3041|1|0|67|1,46381657,46381657,17790888.813246768,0,8806438.51,8806438.51,8806438.51,46381657,-8806438.51,0
2026|3041|1|0|10|1,227035164,227035164,231790344.76096475,113517582,48018520.22,48018520.22,48018520.22,113517582,65499061.78,0
2026|3041|3|0|15|1,0,6664,6664,0,0,0,0,6664,0,0
2026|3041|3|0|10|4,126000,126000,126000,0,0,0,0,126000,0,0
2026|3041|3|0|60|3,156817,156817,156817,0,0,0,0,156817,0,0
2026|3041|3|0|1|1,288500,288500,288500,0,0,0,0,288500,0,0
2026|3041|3|0|24|1,1002000,1002000,1002000,0,0,0,0,1002000,0,0
2026|3041|3|0|10|8,8412760,4384273.28,4384273.279999999,0,0,0,0,4384273.28,0,0
2026|3041|3|0|2|1,6380409,6380409,6380409,0,0,0,0,6380409,0,0
2026|3041|3|0|60|1,25892358,25892358,25892358,12946179,3970724.27,3970724.27,3970724.27,12946179,8975454.73,0
2026|3041|3|0|80|1,40000000,40000000,40000000,0,0,0,0,40000000,0,0
2026|3041|3|0|67|1,59418343,59418343,59418343,0,14970201.2,14970201.2,14970201.2,59418343,-14970201.2,0
2026|3041|4|0|10|4,25000,25000,25000,0,0,0,0,25000,0,0
2026|3041|4|0|1|1,257850,257850,257850,0,0,0,0,257850,0,0
2026|3041|4|0|60|3,264662,264662,264662,0,0,0,0,264662,0,0
2026|3041|4|0|97|1,0,888565.35,888565.35,0,0,0,0,888565.35,0,0
2026|3041|4|0|15|1,0,1211900,1211900,0,0,0,0,1211900,0,0
2026|3041|4|0|2|1,2900186,2900186,2900186,0,0,0,0,2900186,0,0
2026|3041|4|0|60|1,9735338,9735338,9735338,4867669,0,0,0,4867669,4867669,0
2026|3041|4|0|10|8,13861990,9032486.21,9032486.21,0,0,0,0,9032486.21,0,0
2026|3041|4|0|24|1,7286034,9154715.88,9084106.82,0,0,0,0,9154715.88,0,0
2026|3051|1|0|10|9,1000,1000,1000,0,0,0,0,1000,0,0
2026|3051|1|0|10|1,115774589,115774589,110909511.15137939,57887294.5,32357401.06,32357401.06,32357401.06,57887294.5,25529893.44,0
2026|3051|3|0|59|1,0,292352.07,292352.07,292352.07,4029.99,4029.99,4029.99,0,288322.08,0
2026|3051|3|0|1|1,2000,2000,2000,0,0,0,0,2000,0,0
2026|3051|3|0|68|1,2000,2000,2000,0,0,0,0,2000,0,0
2026|3051|3|0|60|3,0,4082,4082,0,0,0,0,4082,0,0
2026|3051|3|0|2|1,2000,53675.77,53675.77,0,17264.61,17264.61,17264.61,53675.77,-17264.61,0
2026|3051|3|0|10|3,0,82905,82905,0,0,0,0,82905,0,0
2026|3051|3|0|70|1,85239,85239,85239,0,1804.29,1804.29,1804.29,85239,-1804.29,0
2026|3051|3|0|24|1,1518671,1954042.73,1954042.73,0,317027.43,317027.43,317027.43,1954042.73,-317027.43,0
2026|3051|3|0|60|1,19693176,19693176,19693176,9846588,3662876.9399999995,3662876.9399999995,3662876.9399999995,9846588,6183711.0600000005,0
2026|3051|3|0|10|1,22835601,22835601,22835601,11417800.5,5200684.38,5200684.38,5200684.38,11417800.5,6217116.12,0
2026|3051|4|0|59|1,0,141472.23,141472.23,141472.23,33950,33950,33950,0,107522.23000000001,0
2026|3051|4|0|70|1,23001,23001,23001,0,0,0,0,23001,0,0
2026|3051|4|0|10|3,41000,148350,148350,99150,148350,148350,148350,49200,-49200,0
2026|3051|4|0|47|1,60000,5188023.9,5188023.9,5128023.9,688770.42,688770.42,688770.42,60000,4439253.48,0
2026|3051|4|0|2|1,0,251879.12,251879.12,0,0,0,0,251879.12,0,0
2026|3051|4|0|10|8,110000,280000,280000,0,0,0,0,280000,0,0
2026|3051|4|0|60|1,5700000,5700000,5700000,2850000,99100,99100,99100,2850000,2750900,0
2026|3051|4|0|24|1,2130802,3307762,3307762,0,1216250,1216250,1216250,3307762,-1216250,0
2026|3051|4|0|10|1,12802591,12802591,12802591,6401295.5,1304568.4,1304568.4,1304568.4,6401295.5,5096727.1,0
2026|3151|1|0|10|1,16730326,16730326,16861732.414730683,16730320,3193779.3400000003,3193779.3400000003,3193779.3400000003,6,13536540.66,0
2026|3151|3|0|10|9,1000,1000,1000,0,0,0,0,1000,0,0
2026|3151|3|1|59|2,1000,1000,1000,0,0,0,0,1000,0,0
2026|3151|3|0|60|1,1536000,1101375.24,1101375.24,383916.05,162778.75,162778.75,162778.75,717459.19,221137.3,0
2026|3151|3|0|10|1,17806783,16633393,15599664,6611841.38,3684844.1099999994,3684844.1099999994,3684844.1099999994,10021551.620000001,2926997.2700000005,0
2026|4031|3|0|60|2,120000,120000,120000,60000,14834.03,5129.51,5129.51,60000,45165.97,9704.52
2026|4031|3|0|70|1,1147089,1147089,1147089,298958.5,184019.45,150321.24,150321.24,848130.5,114939.04999999999,33698.21000000002
2026|4031|3|0|61|1,83338004,83338004,83338004,34724168.33,8500000,2582962.85,2582962.85,48613835.67,26224168.33,5917037.15
2026|4031|3|0|60|7,270000000,270000000,270000000,112500000,9343758.58,9343758.58,9343758.58,157500000,103156241.42,0
2026|4031|3|0|60|1,644353725,592364533,592364533,253643809,204148624.5,175117137.3,175117137.3,338720724,49495184.5,29031487.199999988
2026|4031|3|0|77|1,1944014803,1944014803,1944014803,810006167.9200001,517230039.9399995,278657445.57999957,278610350.3199996,1134008635.08,292776127.98000056,238572594.35999995
2026|4031|4|0|47|1,2841228,2841228,2841228,0,0,0,0,2841228,0,0
2026|4031|4|0|60|1,170399313,155136711.14,155136711.14,64640296.31,17259708.599999998,6463106.06,6463106.0600000005,90496414.82999998,47380587.71000001,10796602.54
2026|4031|4|0|77|1,471125830,471125830,471125830,196302429.17000002,145554916.7,91559148.11999999,91559148.12000002,274823400.83,50747512.47000003,53995768.58
2026|4031|5|0|60|1,140000000,140000000,140000000,140000000,136956077.63,136956077.63,136956077.63,0,3043922.370000005,0
2026|4091|3|0|45|1,207657,207657,207657,0,0,0,0,207657,0,0
2026|4091|4|0|45|1,207657,207657,207657,0,0,0,0,207657,0,0
2026|4101|3|0|60|1,3001000,3001000,1212750,703187.5,76193,76193,76193,2297812.5,626994.5,0
2026|4101|5|0|60|1,16823595,16823595,16823595,8411797.5,3823456.54,3823456.54,3823456.5399999996,8411797.5,4588340.96,0
2026|4111|5|0|60|1,3000,3000,0,0,0,0,0,3000,0,0
2026|4121|3|0|60|1,2000,2000,2000,833.3299999999999,0,0,0,1166.67,833.3299999999999,0
2026|4121|5|0|60|1,17998000,17998000,17998000,7499166.67,2845296.8800000004,2845296.8800000004,2845296.8800000004,10498833.33,4653869.789999999,0
2026|4141|3|0|57|1,10000,392729.99,392729.99,382729.99,0,0,0,10000,382729.99,0
2026|4141|3|0|39|1,5919714,1919714,5919714,0,0,0,0,1919714,0,0
2026|4141|4|0|39|1,0,4000000,0,616137.8,0,0,0,3383862.2,616137.8,0
2026|4141|4|0|57|1,21225633,32921123.71,32921123.71,11695490.41,0,0,0,21225633.3,11695490.41,0
2026|4151|3|0|10|1,1000,1000,1000,0,0,0,0,1000,0,0
2026|4251|3|0|10|8,1000000,0,0,0,0,0,0,0,0,0
2026|4251|3|0|56|1,8263958,10447072.280000001,10447072.28,2981087.6199999996,1492262.6800000004,753668.73,733871.4400000002,7465984.660000002,1488824.9399999992,738593.9500000004
2026|4251|3|0|80|1,7552959,8153367,8153367,623309.01,206665.16999999998,141330.99,141330.99,7530057.99,416643.84,65334.17999999999
2026|4251|3|0|71|1,163239566,168011100,168011100,84479198.93999998,61924219.980000004,36075875.5,26862384.220000003,83531901.06000002,22554978.95999998,25848344.480000004
2026|4251|4|0|6|1,100000,100000,100000,0,0,0,0,100000,0,0
2026|4251|4|0|5|1,100000,800000,800000,700000,0,0,0,100000,700000,0
2026|4251|4|0|56|1,228000,228000,228000,0,0,0,0,228000,0,0
2026|4251|4|0|71|1,2568384,2801660,2801660,1234532.17,701779.8300000001,307122.91,307122.91000000003,1567127.83,532752.3399999999,394656.9200000001
2026|4251|4|0|80|1,27847404,27847404,27847404,0,0,0,0,27847404,0,0
2026|4291|1|0|57|1,71821,71821,208614.54618895502,40167.69,40167.69,40167.69,40167.69,31653.309999999998,0,0
2026|4291|1|0|10|1,422674856,422674856,395544550.8413097,120729855.69999999,120729855.69999999,119620809.34,119618694.98999998,301945000.3,0,1109046.3599999845
2026|4291|3|1|95|1,0,1004958,1004958,1004958,1004958,1004958,1004958,0,0,0
2026|4291|3|0|24|1,501000,501000,501000,0,0,0,0,501000,0,0
2026|4291|3|0|37|1,1100000,1100000,1100000,0,0,0,0,1100000,0,0
2026|4291|3|0|80|1,0,6005367.9,6005367.9,4550000,0,0,0,1455367.9000000004,4550000,0
2026|4291|3|0|63|1,2500000,2500000,2500000,0,0,0,0,2500000,0,0
2026|4291|3|1|10|1,13074424,10917424,10917424,5036732.15,3115846.84,1118058.19,1118058.19,5880691.85,1920885.3100000005,1997788.65
2026|4291|3|0|62|1,10000000,10000000,10000000,0,0,0,0,10000000,0,0
2026|4291|3|0|60|1,19215000,19215000,10207500,5713998.4,1054000,775525,373238.12,13501001.6,4659998.4,278475
2026|4291|3|0|57|1,28750000,42250000,42250000,18575347.75,7831665.81,7831665.81,7831665.81,23674652.25,10743681.940000001,0
2026|4291|3|0|71|1,68015473,68015473,68015473,37039690.580000006,34617302.870000005,33930304.47000001,24516855.900000006,30975782.419999994,2422387.710000001,686998.3999999911
2026|4291|3|0|10|7,47340795,47340795,48379125.93295354,13731143.770000001,13731143.77,13731143.77,13731143.769999998,33609651.23,1.862645149230957e-09,0
2026|4291|3|0|92|1,461955550,735894517.22,735894517.2199999,347959336.46,151861293.98999998,73146091.38999999,57141007.239999995,387935180.76000005,196098042.47,78715202.6
2026|4291|3|0|10|8,860574844,931572373.31,931572373.3100002,454249209.17,0,0,0,477323164.1399999,454249209.17,0
2026|4291|3|0|10|1,10144162308,9889818550.9,9805238632.990002,5911112727.96,5260202258.769996,2630466777.790004,2548286838.9900026,3978705822.9399996,650910469.1900043,2629735480.979992
2026|4291|4|0|98|1,0,198000,198000,198000,0,0,0,0,198000,0
2026|4291|4|0|95|1,0,7979611.68,7979611.68,7979611.68,0,0,0,0,7979611.68,0
2026|4291|4|1|95|1,0,143995042,143995042,143995042,32589244.39,5363149.92,5363149.92,0,111405797.61,27226094.47
2026|4291|4|0|64|1,26000,26000,26000,0,0,0,0,26000,0,0
2026|4291|4|0|93|1,645000,4025724.79,4025724.79,3380724.79,0,0,0,645000,3380724.79,0
2026|4291|4|0|65|1,904500,904500,904500,0,0,0,0,904500,0,0
2026|4291|4|1|80|1,0,25000000,25000000,0,0,0,0,25000000,0,0
2026|4291|4|0|80|1,76757500,214157132.1,214157132.1,150400857,13530000,0,0,63756275.099999994,136870857,13530000
2026|4291|4|0|10|8,274216043,219341914.61,219341914.61,137028730.69,0,0,0,82313183.92000002,137028730.69,0
2026|4291|4|0|10|1,354737796,611238553.1,562671274.29,438962876.29,232114701.57,89845016.04,9568882.8,172275676.81,206848174.72000003,142269685.52999997
2026|4321|3|0|10|1,1000,1000,0,0,0,0,0,1000,0,0
2026|4331|3|0|10|1,89400,1558406.5,1558406.5,1491356.49,1469006.5,0,0,67050.01000000001,22349.98999999999,1469006.5
2026|4331|3|0|59|1,89400,1558406.5,1558406.5,1491356.49,1174521.37,0,0,67050.01000000001,316835.1199999999,1174521.37
2026|4341|3|0|31|1,36485544,36485544,2276215,1428855,253561.99000000002,246876.67,225044.66000000003,35056689,1175293.01,6685.320000000007
2026|4341|4|0|31|1,2500000,2500000,0,0,0,0,0,2500000,0,0
2026|4381|3|0|83|1,30354558,30354558,30354558,15146232.719999999,8580943.57,6788252.41,6211754.870000002,15208325.280000001,6565289.1499999985,1792691.1600000001
2026|4381|4|0|54|0,4104010,4104010,4104010,4104009.1999999997,3471951.2199999997,2149764.94,2149764.94,0.8000000002793968,632057.98,1322186.2799999998
2026|4381|4|0|83|0,3629738,3629738,3629738,1811621.69,48488.4,0,0,1818116.31,1763133.29,48488.4
2026|4381|4|0|83|1,125637543,125637543,92417101,46458550.06,19858664.77,8445334.89,8084664.949999999,79178992.94,26599885.290000003,11413329.879999999
2026|4421|3|0|39|1,5566985,5566985,252839.45093819033,0,0,0,0,5566985,0,0
2026|4421|4|0|39|1,4187700,4187700,190195.54906180967,0,0,0,0,4187700,0,0
2026|4441|3|0|60|1,28800000,28800000,68800000,12000000,1820736.2300000007,931765.9899999998,880072.7400000007,16800000,10179263.77,888970.2400000009
2026|4441|4|0|47|1,50000,50000,50000,0,0,0,0,50000,0,0
2026|4441|4|0|60|1,31200000,31200000,71200000,17700000,2770425.11,1862600,1862600,13500000,14929574.89,907825.1099999999
2026|4451|3|0|60|1,31500000,31500000,71500000,13125000,12880386.04,4576116.72,4513960.22,18375000,244613.9600000009,8304269.319999999
2026|4451|4|0|47|1,50000,50000,50000,0,0,0,0,50000,0,0
2026|4451|4|0|60|1,38500000,38500000,78500000,16041666.66,12847135.66,10308673.16,10308673.16,22458333.34,3194531,2538462.5
2026|4491|3|1|10|8,1000000,1000000,1000000,0,0,0,0,1000000,0,0
2026|4491|3|1|59|1,30999000,30999000,30999000,2066600,11214.34,11214.34,11214.34,28932400,2055385.66,0
2026|4491|4|1|59|1,1000000,1000000,1000000,0,0,0,0,1000000,0,0
2026|4541|3|0|60|1,477606,477606,477606,238804,238804,101816.83,101816.83,238802,0,136987.16999999998
2026|4541|5|0|60|1,0,0,28960679,0,0,0,0,0,0,0
2026|4551|3|0|59|9,380000,380000,380000,380000,123498.22000000002,123498.22000000002,123498.22000000002,0,256501.77999999997,0
2026|4551|3|0|10|1,34326424,34326424,34326424,17163212,17163212,16681490.28,16681490.28,17163212,0,481721.72000000067
2026|4551|3|0|59|1,91711002,91711002,91711002,46194987.9,45855501,29413099.840000004,29410151.15,45516014.1,339486.8999999985,16442401.159999996
2026|4601|3|0|45|1,576514,576514,576514,0,0,0,0,576514,0,0
2026|4601|4|0|45|1,576514,576514,576514,0,0,0,0,576514,0,0
2026|4611|3|0|60|1,3500000,3500000,3500000,1458333.3299999998,0,0,0,2041666.6700000002,1458333.3299999998,0
2026|4611|4|0|60|1,3492000,3492000,3492000,1455000,0,0,0,2037000,1455000,0
2026|4621|3|0|60|1,15799000,15799000,0,0,0,0,0,15799000,0,0
2026|4621|5|0|60|1,1000,1000,0,0,0,0,0,1000,0,0
2026|4631|3|0|59|2,3372264,7443333,7443333,3721666.5,1860833.25,1653509.94,1482521.97,3721666.5,1860833.25,207323.31000000006
2026|4631|3|0|10|1,256055154,256055154,251984085,125992042.45,91622204.76,55147772.42,55147772.42,130063111.55,34369837.69,36474432.34
2026|4631|5|0|89|1,60538046,0,0,0,0,0,0,0,0,0
2026|4631|5|0|60|2,60788935,86326981,86326981,43163491,14052595.66,9305935.88,0,43163490,29110895.34,4746659.779999999
2026|4631|5|0|10|0,51834000,51834000,0,0,0,0,0,51834000,0,0
2026|4631|5|0|10|1,197310427,249144427,249144427,124569713.63999999,49056158.26,34146883.87,34146883.87,124574713.36000001,75513555.38,14909274.39
2026|4631|5|0|95|1,500842252,500842252,500842252,250000000,250000000,2928223.58,2928223.58,250842252,0,247071776.42
2026|4631|5|0|80|1,345000000,345000000,345000000,0,0,0,0,345000000,0,0
2026|4641|3|0|10|1,1000,1000,0,0,0,0,0,1000,0,0
2026|4651|3|0|10|1,2000,2000,0,0,0,0,0,2000,0,0
2026|4661|3|0|60|1,1000,1000,0,0,0,0,0,1000,0,0
2026|4671|3|0|10|1,1000,1000,0,0,0,0,0,1000,0,0
2026|4691|3|0|57|1,61836092,92046811.23,92046811.23,36094318.76,5660191.83,423700.47000000003,0,55952492.470000006,30434126.93,5236491.36
2026|4691|4|0|57|1,1000,33447881.72,33447881.72,33446881.720000003,5715614.5,1656674.78,0,999.9999999962747,27731267.220000003,4058939.7199999997
2026|4701|3|0|10|3,2720802,2720802,2720802,0,0,0,0,2720802,0,0
2026|4701|3|0|57|1,5596131,8733601.56,8733601.56,3148470.56,125446.4,80709.98,80709.98000000001,5585131,3023024.16,44736.42
2026|4701|3|1|57|1,6301900,6301900,6301900,0,0,0,0,6301900,0,0
2026|4701|4|0|57|1,10000,2320000,2320000,2310000,0,0,0,10000,2310000,0
2026|4711|1|0|44|1,81000000,355579104.44,409856128,355579104.44,355579104.44,355579104.44,355579104.44,0,0,0
2026|4711|1|0|10|9,9000000,9000000,9000000,8000000,1773363.0099999998,1773363.0099999998,1773353.0099999998,1000000,6226636.99,0
2026|4711|1|0|52|2,4859876,4859876,148885.90377385297,44341.08,44341.08,44341.08,44341.08,4815534.92,0,0
2026|4711|1|0|61|1,67669414,67669414,82047897.63255268,23133083.18,23133083.18,23133083.18,23133083.18,44536330.82,0,0
2026|4711|1|0|60|2,302182790,302182790,426149063.72619957,127205208.17000002,127205208.16999999,127205208.16999999,127205208.16999997,174977581.82999998,2.9802322387695312e-08,0
2026|4711|1|0|43|1,2466030743,2466030743,2525541088.9900007,766001546.42,766001546.4200001,766001546.4200001,766001546.42,1700029196.58,-1.1920928955078125e-07,0
2026|4711|1|0|42|1,5418498324,5418498324,5598455157.32,1642514522.7800004,1642514522.78,1642514522.78,1642514522.78,3775983801.2199993,4.76837158203125e-07,0
2026|4711|1|0|15|1,4747097838,4655899299.13,4879584416.752343,406000266.03,406000266.03,406000266.03,406000266.03,4249899033.1000004,0,0
2026|4711|1|0|10|1,7257093425,7590151730.860001,6173413541.208451,2408643520.0699987,2408643520.07,2408643520.07,2408643520.07,5181508210.790002,-1.430511474609375e-06,0
2026|4711|3|0|10|1,25000000,25000000,25000000,18750000,13181715.75,9882738.829999996,9882738.829999998,6250000,5568284.25,3298976.9200000037
2026|4721|3|0|10|1,1000,1000,0,0,0,0,0,1000,0,0
2026|4731|3|0|59|1,88000000,88000000,158000000,36666666.67,0,0,0,51333333.33,36666666.67,0
2026|4731|4|0|59|1,2000000,2000000,2000000,833333.3300000001,0,0,0,1166666.67,833333.3300000001,0
2026|4741|3|0|60|1,8500000,8500000,8500000,3541666.67,0,0,0,4958333.33,3541666.67,0
2026|4741|3|0|59|1,74000000,74000000,74000000,30833333.33,0,0,0,43166666.67,30833333.33,0
2026|4741|4|0|60|1,6500000,6500000,6500000,2708333.33,0,0,0,3791666.67,2708333.33,0
2026|4741|4|0|59|1,16000000,16000000,16000000,6666666.67,21760,0,0,9333333.33,6644906.67,21760
2026|4751|3|0|59|1,3000000,10330000,15992412,6864493.6,3853115.31,423683.68,6724.65,3465506.4000000004,3011378.2899999996,3429431.63
2026|4751|4|0|59|1,3000000,6994824.02,12657236.02,2270631.83,1113032,0,0,4724192.1899999995,1157599.83,1113032
2025|1011|1|0|10|9,1970000,6970000,6970000,6970000,6970000,3276915.4400000004,3276915.44,0,0,3693084.5599999996
2025|1011|1|0|42|5,103400000,110100000,110100000,110100000,109403863.28000002,109403863.28000002,109403863.28,0,696136.7199999839,0
2025|1011|1|0|10|5,352279000,352279000,352279000,352278999.99999994,351324145.20000005,351324145.20000005,351324145.2,5.960464477539063e-08,954854.7999998927,0
2025|1011|1|0|10|1,1199505832,1221040832,1221040832,1221040831.9999998,1220315699.6999998,1220315699.6999998,1220315699.7,2.384185791015625e-07,725132.2999999523,0
2025|1011|1|0|43|5,120240000,121040000,121040000,121019154.14999999,120688560.39,120688560.39,120688560.39,20845.85000000894,330593.75999999046,0
2025|1011|3|0|60|1,21892932,21892932,21892932,21892932,21892932,21892932,21892932,0,0,0
2025|1011|3|0|10|1,257815000,231780000,231780000,231780000,231774410.1999998,195835025.53999987,195828395.23999983,0,5589.800000190735,35939384.65999994
2025|1011|3|0|10|9,30000,30000,30000,30000,0,0,0,0,30000,0
2025|1011|3|0|10|7,64697000,71497000,71497000,71497000,71366160.57000001,71366160.57000001,71366160.57,0,130839.42999999225,0
2025|1011|4|0|10|1,11226000,3926000,3926000,3926000,3520801.96,2012210.5699999998,2012210.5700000003,0,405198.04000000004,1508591.3900000001
2025|1011|5|0|10|1,11953000,11953000,11953000,11953000,11953000,11953000,11953000,0,0,0
2025|1021|1|0|60|1,0,53779514,53779514,53779514,53779514,53779514,53779514,0,0,0
2025|1021|1|0|60|5,0,62000000,62000000,62000000,61999989.03,61999989.03,61999989.03,0,10.969999998807907,0
2025|1021|1|0|10|5,264391239,268170753,268170753,268170753,267839951.95,267839951.95,267839951.95,0,330801.0500000119,0
2025|1021|1|0|43|5,111782853,135943949,135943949,135943949,133022911.81,133022911.81,133022911.81,0,2921037.1899999976,0
2025|1021|1|0|42|5,103953792,122770970,122770970,122770970,118988686.97999999,118988686.97999999,118988686.97999999,0,3782283.0200000107,0
2025|1021|1|0|10|1,655702860,675923346,675923346,675241210.2300001,675241210.23,675241210.23,675241210.23,682135.7699998617,1.1920928955078125e-07,0
2025|1021|3|0|60|1,10000000,0,0,0,0,0,0,0,0,0
2025|1021|3|0|10|1,167981252,147981252,147981252,147981252,145869658.73000002,117269022.89000002,117262191.52000001,0,2111593.269999981,28600635.840000004
2025|1021|3|0|10|9,1000,1000,1000,999.9999999999999,0,0,0,1.1368683772161603e-13,999.9999999999999,0
2025|1021|3|0|10|7,28045983,28045983,28045983,28045982.999999996,27507695.21,27507695.21,27507695.21,3.725290298461914e-09,538287.7899999954,0
2025|1021|4|0|60|1,10779514,0,0,0,0,0,0,0,0,0
2025|1021|4|0|10|1,17521112,13521112,13521112,13521112,13452947.41,4159545.5100000002,4159545.51,0,68164.58999999985,9293401.9
2025|1031|1|0|10|1,7520513067,7561513067,7561513067,7561513067.000003,7561422332.980001,7561422332.980001,7561422332.9800005,-2.86102294921875e-06,90734.02000141144,0
2025|1031|1|0|10|9,1000,1000,1000,1000,0,0,0,0,1000,0
2025|1031|1|0|10|5,650046178,905046178,905046178,905046178,905036684.87,905036684.87,905036684.87,0,9493.129999995232,0
2025|1031|1|0|43|5,810102294,810102294,810102294,810094471.31,808347959.12,808347959.12,808347959.12,7822.6900000572205,1746512.189999938,0
2025|1031|1|0|42|5,1217336584,1217336584,1217336584,1217229791.57,1055041089.7699999,1055041089.7699999,1055041089.77,106792.43000006676,162188701.80000007,0
2025|1031|3|0|60|7,77979183,77979183,77979183,77979183,77979183,77979183,77979183,0,0,0
2025|1031|3|0|10|7,834283546,538283546,538283546,538283545.9999999,537462971.21,537462971.21,537462971.21,1.1920928955078125e-07,820574.7899998426,0
2025|1051|1|0|10|1,103121412,103121411.99999999,103121412,103121412.00000001,103121412,103121412,103121412,-2.9802322387695312e-08,1.4901161193847656e-08,0
2025|1051|1|0|10|5,16046112,16046112,16046112,16046112,16046112,16046112,16046112,-1.862645149230957e-09,1.862645149230957e-09,0
2025|1051|1|0|10|9,1000,1000,1000,1000,0,0,0,-1.1368683772161603e-13,1000,0
2025|1051|1|0|43|5,7322510,7322510,7322510,7322510,7322510,7322510,7322510,0,0,0
2025|1051|1|0|42|5,9905734,9905734,9905734,9905734,9136135.48,9136135.48,9136135.479999999,0,769598.5199999996,0
2025|1051|3|0|10|1,13822715,13822715,13822715,13822715,13822055,10169492.209999999,10071875.7,0,660,3652562.790000001
2025|1051|3|0|10|7,10576634,10576634,10576634,10576634,9720418.93,9720418.93,9720418.93,0,856215.0700000003,0
2025|1051|3|0|60|1,961420,961420,961420,641072.5,632646.99,441399.26,441399.26,320347.5,8425.51000000001,191247.72999999998
2025|1051|4|0|10|1,7074633,3708633,3708633,3708633,3708633,2240544.12,2220644.1199999996,0,0,1468088.88
2025|1051|4|0|60|1,1645700,1645700,1645700,1508558.3299999996,1450798.87,1076614.21,1076614.2100000002,137141.6700000004,57759.4599999995,374184.66000000015
2025|1071|1|0|10|1,7849923,7874694,7724050.225582554,7724356.550000002,7724356.549999999,7724356.549999999,7724356.550000002,150337.44999999832,2.7939677238464355e-09,0
2025|1071|3|0|98|1,0,0,1188000,0,0,0,0,0,0,0
2025|1071|3|1|15|1,0,650000,650000,650000,649953.96,222193.40000000002,106693.6,0,46.04000000003725,427760.55999999994
2025|1071|3|1|10|8,1000000,500000,500000,500000,499612.2,458577.8,458577.8,0,387.79999999998836,41034.40000000002
2025|1071|3|0|95|1,0,403028.35,403028.35,403028.35,399732.01,207214.88,207214.88,0,3296.3399999999674,192517.13
2025|1071|3|0|10|1,25552232,26033639.870000005,25622785.352,26033519.86999999,25785675.299999986,22823795.659999985,21120679.629999977,120.00000001490116,247844.57000000402,2961879.6400000006
2025|1071|3|1|10|1,1000,1000,1000,0,0,0,0,1000,0,0
2025|1071|3|0|10|7,1492222,1467451,1369932.51,1375819.01,1375819.01,1375819.01,1375819.01,91631.98999999999,0,0
2025|1071|3|0|57|1,12502000,18267978.32,18789279.22,5769132.8,4912806.83,1778722.9900000002,1778722.9899999998,12498845.52,856325.9699999997,3134083.84
2025|1071|4|1|15|1,0,1936448,1936448,1936448,1936448,0,0,0,0,1936448
2025|1071|4|0|10|1,425000,59800,59800,59800,56548,40800,40800,0,3252,15748
2025|1071|4|0|15|1,0,1583819.4,0,1583819.4,1574622.4,0,0,0,9197,1574622.4
2025|1071|4|1|10|8,746300,686000,686000,686000,667247.8,174312,163512,0,18752.199999999953,492935.80000000005
2025|1071|4|1|25|1,230000,8940880,8940880,8854000,4498560,0,0,86880,4355440,4498560
2025|1071|4|0|95|1,0,7627219.78,7627219.78,7394979.44,5817520.720000001,116189.15000000001,116189.15000000001,232240.33999999985,1577458.7199999997,5701331.57
2025|1071|4|0|10|4,650000,650000,650000,0,0,0,0,650000,0,0
2025|1081|1|0|10|1,332411400,355473504,351114791.5612079,350293886.43000007,350293886.43000007,350293886.43000007,350293886.43000007,5179617.569999933,0,0
2025|1081|1|0|10|9,1005036994,837780158.68,901044504.3699999,688500000,387495857.96000004,387495857.96000016,193738780.9199999,149280158.67999995,301004142.03999996,-1.1920928955078125e-07
2025|1081|3|0|60|2,48000,48000,48000,17895.3,17895.299999999996,17895.299999999996,17895.3,30104.7,3.637978807091713e-12,0
2025|1081|3|0|9|1,0,2140927.72,2140927.7199999997,2083117.72,907521.8999999999,884202.7700000001,883180.9099999999,57810.00000000023,1175595.82,23319.129999999772
2025|1081|3|0|10|1,24606838,28092171.490000002,28541950.32,27930964.97,27184377.130000003,23460884.200000003,19083356.760000005,161206.52000000328,746587.8399999961,3723492.9299999997
2025|1081|3|0|95|1,0,5261761,5261761,4423647.68,4423647.68,1129348.56,1129348.56,838113.3200000003,0,3294299.1199999996
2025|1081|3|0|10|7,25046128,25046128,24334188.91009775,23487418.88,23487418.880000003,23487418.880000003,23487418.88,1558709.120000001,-3.725290298461914e-09,0
2025|1081|3|0|10|9,327810812,327810812,327810812,270000000,221920311.53000817,221158409.45000643,199245986.0299865,57810812,48079688.46999183,761902.0800017416
2025|1081|4|0|95|1,0,2783865.59,2783865.5900000003,2783865.5900000003,2783865.5900000003,2230541.83,2230541.83,-4.656612873077393e-10,0,553323.7600000002
2025|1081|4|0|57|1,0,64939.34,64876.41,64939.34,58605,58605,58605,0,6334.3399999999965,0
2025|1081|4|0|60|2,0,300000,300000,300000,270000,270000,270000,0,30000,0
2025|1081|4|0|9|1,0,1432322.74,2102540.76,1432322.7399999998,1315700.43,1030387.74,1022784.03,2.3283064365386963e-10,116622.30999999982,285312.68999999994
2025|1081|4|0|10|1,3124000,3586063.83,3124000,3584863.75,3584863.75,3024411.75,2165234.32,1200.0800000000745,0,560452
2025|1091|1|0|43|5,242041652,257041652,257041652,257041652.00000006,248659819.34000003,248659819.34000003,248659819.34,-5.960464477539063e-08,8381832.660000026,0
2025|1091|1|0|10|9,1000,1000,1000,1000,0,0,0,-1.1368683772161603e-13,1000,0
2025|1091|1|0|10|5,138620000,123820000,138620000,123820000,123820000,123820000,123820000,0,0,0
2025|1091|1|0|60|1,2600000,2600000,2600000,2600000,912229.84,912229.84,912229.84,0,1687770.1600000001,0
2025|1091|1|0|42|5,357975162,372975162,372975162,372975162,369836052.2199999,369836052.2199999,369836052.22,0,3139109.7800000906,0
2025|1091|1|0|10|1,2612830000,2713863378,2699063378,2713641299.5,2713641299.5,2713641299.5,2713641299.5000005,222078.5,0,0
2025|1091|3|0|10|1,437709008,384209008,386209008,384209008,384206849.33000004,324000065.5,320930511.5000002,0,2158.6699999570847,60206783.83000004
2025|1091|3|0|60|1,12672000,45672000,45672000,45672000,39216188.45,35883299.67,35883299.660000004,0,6455811.549999997,3332888.780000001
2025|1091|3|0|10|7,205900000,259400000,257400000,259399999.99999997,259400000,259400000,259400000.00000003,2.9802322387695312e-08,-2.9802322387695312e-08,0
2025|1091|3|0|60|7,0,81800000,2800000,48997899.339999996,48997899.34,48997899.34,48997899.34,32802100.660000004,-7.450580596923828e-09,0
2025|1091|4|0|10|1,35000000,36467568.46,35000000,36467568.46,36467558.81,15946259.58,15946259.58,0,9.649999998509884,20521299.230000004
2025|1091|4|0|60|1,27150000,27150000,27150000,27150000,8041700,0,0,0,19108300,8041700
2025|1091|4|0|70|1,4500000,4500000,4500000,0,0,0,0,4500000,0,0
2025|1091|4|0|47|1,6200000,6200000,6200000,282056,0,0,0,5917944,282056,0
2025|1091|5|0|10|1,5000000,3532431.54,5000000,3532431.54,3532431.54,17362.81,17362.81,0,0,3515068.73
2025|1101|1|0|10|1,13980241,14547742,14484021.956457002,14546286.350000001,14546286.350000001,14546286.350000001,14546286.350000003,1455.6499999985099,0,0
2025|1101|3|0|10|7,1668799,1504737,1495668.64,1504706.6400000001,1504706.64,1504706.64,1504706.6400000001,30.359999999869615,2.3283064365386963e-10,0
2025|1101|3|0|10|1,2220410,2200977.04,1996415.04,1971659.3499999999,1953480.32,1875812.6300000004,1875812.6299999997,229317.69000000018,18179.029999999795,77667.68999999971
2025|1101|4|0|10|1,28630,44076.56,15446.560000000001,44076.56,43894.89,1782.89,1782.89,0,181.66999999999825,42112
2025|1191|1|0|15|1,1293470714,1520247255,1482079361.1286652,1475479160.45,1475479160.4499998,1475479160.4499998,1475479160.45,44768094.54999995,2.384185791015625e-07,0
2025|1191|1|0|10|1,153718677,153718677,1255917.24,1395917.24,1395917.24,1238377.65,1238377.65,152322759.76,0,157539.59000000008
2025|1191|3|1|10|1,5732488,5732488,5732488,5732488,5732488,3730330.77,3584831.67,-9.313225746154785e-10,9.313225746154785e-10,2002157.23
2025|1191|3|0|83|2,900000,900000,900000,900000,900000,889999.7000000001,889999.7,0,0,10000.29999999993
2025|1191|3|0|9|1,3000,539493.2,2845730.0999999996,342837.3,314743.89999999997,241455.98000000007,241455.98,196655.89999999997,28093.400000000023,73287.9199999999
2025|1191|3|0|27|1,20000000,20000000,18000000,18000000,18000000,17021846.79,17021846.79,2000000,0,978153.2100000009
2025|1191|3|0|29|1,26853700,26853700,21853700,21853699.999999993,21554783.880000003,12901132.080000002,12842570.889999995,5000000.000000007,298916.11999998987,8653651.8
2025|1191|3|0|10|7,82616832,80597322,75653869.06,75128917.07999998,75128917.08,75128917.08,75128917.08,5468404.920000017,-1.4901161193847656e-08,0
2025|1191|3|0|10|1,270601590,251882516.92000002,230190798.92,231950734.60999992,230762326.1099977,176810569.04999733,168395223.300002,19931782.31000009,1188408.5000022352,53951757.06000036
2025|1191|4|0|9|1,0,16845791.67,16845791.67,9584869.23,9584773.81,376176.36,299059.36,7260922.440000001,95.4199999999255,9208597.450000001
2025|1191|4|0|10|1,20000000,30333622.909999996,21333622.910000004,20685871.1,20685870.099999998,10864181.28,10864181.28,9647751.809999995,1.0000000037252903,9821688.819999998
2025|1191|4|0|74|1,21737252,59101348.42,61477336.239999995,26849312.67,26842459.4,17527619.560000002,17450075.2,32252035.75,6853.270000003278,9314839.839999996
2025|1191|5|0|10|1,0,402748.84,402748.84,402748.84,402748.84,402748.84,402748.84,0,0,0
2025|1221|1|0|95|1,0,15447.74,0,0,0,0,0,15447.74,0,0
2025|1221|1|0|10|1,21257215,21176646.61,20310797.05281656,20373182.840000004,20373182.839999996,20373182.839999996,20373182.84,803463.7699999958,7.450580596923828e-09,0
2025|1221|3|0|10|8,100000,0,0,0,0,0,0,0,0,0
2025|1221|3|0|36|1,0,713.84,713.84,713.84,713.84,713.84,713.84,0,0,0
2025|1221|3|0|98|1,0,322530.45,327705.1,322530.45,322530,322530,322530,0,0.45000000001164153,0
2025|1221|3|0|95|1,0,124525.68,124525.68,124525.68,118255.13999999998,102747.58,102747.58,0,6270.540000000008,15507.559999999983
2025|1221|3|1|10|1,1183457,1183457,1183457,1183457,1074956.38,1011831.12,1011831.1200000001,0,108500.62000000011,63125.25999999989
2025|1221|3|0|95|7,0,5190,0,0,0,0,0,5190,0,0
2025|1221|3|0|10|1,14758634,26237256.939999998,19531504.380000003,25936899.000000004,25596383.509999998,23883525.85,23883525.849999998,300357.9399999939,340515.4900000058,1712857.6599999964
2025|1221|3|0|10|4,500000,500000,500000,0,0,0,0,500000,0,0
2025|1221|3|0|10|7,3792734,3792734,3287368.4825000004,3256657.1100000003,3256657.11,3256657.11,3256657.1100000003,536076.8899999997,4.656612873077393e-10,0
2025|1221|3|0|32|1,4688130,4598130,4421505.2,3215456,2679870.6799999997,1529805.95,1529805.95,1382674,535585.3200000003,1150064.7299999997
2025|1221|3|1|32|1,16625788,16625788,16211034.56,11136541,11102922.12,2879044.75,2879044.7500000005,5489247,33618.88000000082,8223877.369999999
2025|1221|3|0|80|1,0,16867065.1,16867065.1,4237282.72,4228282.720000001,4187306.06,4187306.06,12629782.380000003,8999.999999999069,40976.660000000615
2025|1221|3|1|80|1,0,28626686.62,28626686.62,7565835,7565835,0,0,21060851.62,0,7565835
2025|1221|3|0|24|1,25899176,38137177.11,38137177.11,12238001.11,12238001.11,12238001.11,12238001.11,25899176,0,0
2025|1221|4|0|71|3,0,2177430.34,2177430.34,2177430.34,2177430.34,2177430.34,2177430.34,0,0,0
2025|1221|4|0|32|1,10833509,10923509,10923509,10923509,10911857.91,10911857.91,10911857.91,0,11651.089999999851,0
2025|1221|4|0|10|1,200000,200000,0,0,0,0,0,200000,0,0
2025|1221|4|0|24|1,57026094,80329626.05,80329626.05000001,23303532.049999997,23106047.7,23106047.7,23106047.7,57026094,197484.34999999776,0
2025|1221|4|0|95|1,0,612000000,612000000,301175191.93,301175191.93,832518.74,832518.74,310824808.07,0,300342673.19
2025|1231|1|0|10|1,17819575,20319575,20015030.055618476,20048174.67000001,20048174.67,20048174.67,20048174.67,271400.32999999076,7.450580596923828e-09,0
2025|1231|1|1|71|1,2441497,2441497,1493061.1261695116,1498215.6,1498215.5999999999,1498215.5999999999,1498215.6,943281.3999999999,2.3283064365386963e-10,0
2025|1231|3|1|24|1,0,45481.49,45481.49,45481.49,45481.49,45481.49,45481.49,0,0,0
2025|1231|3|1|10|3,0,16622.51,16622.51,16622.51,16622.309999999998,387.67,387.67,0,0.2000000000007276,16234.639999999998
2025|1231|3|0|79|2,0,710000,0,710000,707898.67,707898.67,0,0,2101.329999999958,0
2025|1231|3|1|10|8,1866736,100000,100000,100000,96980.4,0,0,0,3019.600000000006,96980.4
2025|1231|3|0|10|3,0,1659479.23,1659479.23,1659479.23,18778.7,18778.7,18778.7,0,1640700.53,0
2025|1231|3|0|98|1,0,3490730,3490730,3490730,732306.3000000002,732306.3,729550.3,0,2758423.6999999997,1.1641532182693481e-10
2025|1231|3|0|71|1,5813869,7173434,7173434,7173433.999999999,7042261.100000001,6592959.109999999,6592959.11,9.313225746154785e-10,131172.8999999985,449301.99000000115
2025|1231|3|0|10|8,2250000,1912500,1912500,1912477,1912284.25,1520429.25,1520429.25,23,192.75,391855
2025|1231|3|1|1|1,764000,764000,764000,763694.59,763688.5599999999,0,0,305.4100000000326,6.03000000002794,763688.5599999999
2025|1231|3|1|71|1,2033426,12604597,12604597,12525363.55,12343821.59,2013863.32,1979557.63,79233.44999999925,181541.9600000009,10329958.27
2025|1231|3|0|10|7,2748327,3014588,2889525.110801891,2861343.51,2861343.5100000002,2861343.5100000002,2861343.51,153244.49000000022,-4.656612873077393e-10,0
2025|1231|3|1|95|1,0,2132000,2132000,1632000,1613296.9100000001,1613296.9100000001,1457245.19,500000,18703.08999999985,0
2025|1231|3|1|10|4,600000,600000,600000,0,0,0,0,600000,0,0
2025|1231|3|1|71|7,436760,836760,233476.72169810944,232047.5,232047.5,232047.5,232047.5,604712.5,0,0
2025|1231|3|1|80|1,0,3629681.6,3629681.6,2597455.57,2592199.31,296909.12,296909.12,1032226.0300000003,5256.2599999997765,2295290.19
2025|1231|3|0|59|1,6860000,3099706.2,1995260,1995260,8527.300000000003,8527.3,8527.3,1104446.2000000002,1986732.7,3.637978807091713e-12
2025|1231|3|0|10|4,1620000,1620000,1620000,0,0,0,0,1620000,0,0
2025|1231|3|0|10|1,21241698,19904575.55,17690797.55,17742501.009999998,16878027.060000002,9496893.469999999,8907803.73,2162074.540000003,864473.9499999955,7381133.590000004
2025|1231|3|0|80|1,3000000,2442012.58,2411571.2199999997,30441.36,28084.54,28084.54,3013.69,2411571.22,2356.8199999999997,0
2025|1231|3|0|69|1,0,5024872.59,2622820.67,2512436.3,1326109.33,1323109.33,1323109.33,2512436.29,1186326.9699999997,3000
2025|1231|4|1|71|1,0,0,400000,0,0,0,0,0,0,0
2025|1231|4|0|79|2,0,0,710000,0,0,0,0,0,0,0
2025|1231|4|0|10|3,0,159840,159840,159840,159781.4,159781.4,159781.4,0,58.60000000000582,0
2025|1231|4|0|10|1,0,950000,2307972.88,950000,949006.75,219454.75,219454.75,0,993.25,729552
2025|1231|4|0|59|1,0,3755553.8,2000000,3755553.8,3739244.3299999996,3739244.3299999996,3739244.3299999996,0,16309.470000000205,0
2025|1231|4|0|10|8,31372960,14707932.7,14707932.700000001,14679985.459999999,14679975.450000001,14679975.450000001,14679975.450000001,27947.240000000224,10.009999997913837,0
2025|1231|4|0|98|1,0,703900,913702.04,406900,0,0,0,297000,406900,0
2025|1231|4|0|10|4,5200000,5200000,5200000,4520000,1606709,1606709,794406,680000,2913291,0
2025|1231|4|0|15|1,50000000,143569997.29,159021368.4,142216284.09,141065032.74,130309383.45999998,124902318.46000001,1353713.199999988,1151251.349999994,10755649.280000031
2025|1231|4|0|80|1,0,90000000,90000000,84936892.35,79058892.35,78541892.25999999,78541892.25999999,5063107.650000006,5878000,517000.0900000036
2025|1231|4|0|24|1,16139000,18258092.12,19268440.040000003,9754494.49,7917087.949999999,7733877.56,7733877.56,8503597.63,1837406.540000001,183210.38999999966
2025|1251|1|0|75|1,545754463,605874486.2,604999999.9999999,605000000,605000000,605000000,605000000,874486.2000000477,0,0
2025|1251|1|0|30|1,186552041,215446157.94,180999999.99999997,181000000,181000000,181000000,181000000,34446157.94,0,0
2025|1251|1|0|27|1,150884981,150884981,116036298.41,116036298.41000003,116036298.41,116036298.41,116036298.40999998,34848682.589999974,2.9802322387695312e-08,0
2025|1251|1|0|10|1,15370427850,15312624693,14793586792.06001,14829444478.870018,14793593726.239998,14793593726.239998,14793593726.240004,483180214.129982,35850752.63002014,0
2025|1251|3|0|45|1,0,244453.52,236252.42,244453.52000000002,222034.04,214061.12,190211.12,-2.9103830456733704e-11,22419.48000000001,7972.920000000013
2025|1251|3|0|95|1,0,618375,618375,618375,618375,618375,618375,0,0,0
2025|1251|3|0|10|3,0,8915.42,8915.42,8915.42,8245,8245,0,0,670.4200000000001,0
2025|1251|3|0|97|1,0,364245.29,364245.29000000004,364245.29,189333.57,181016.45,181016.45,0,174911.71999999997,8317.119999999995
2025|1251|3|0|15|1,0,241189.5,241189.5,241189.5,37000,0,0,0,204189.5,37000
2025|1251|3|0|60|2,104433989,106733989,106733989,106733989,106524873.88000003,80555243.3,78211805.38999999,0,209115.11999997497,25969630.580000028
2025|1251|3|0|82|1,15000000,15011700,15011700,15011699.999999998,15011700,11252523.91,10738659.79,1.862645149230957e-09,-1.862645149230957e-09,3759176.09
2025|1251|3|1|10|1,1000,1000,1000,0,0,0,0,1000,0,0
2025|1251|3|1|10|8,3521000,3446650,3446650,3445650,3229202.76,1902869.5199999996,1759501.0499999998,1000,216447.24000000022,1326333.2400000002
2025|1251|3|0|80|1,0,6000,6000,0,0,0,0,6000,0,0
2025|1251|3|0|60|1,9428765,31965815.560000002,30751297.294557918,31789418.590000007,31789375.599999998,22420952.779999997,21559134.699999996,176396.96999999508,42.99000000953674,9368422.82
2025|1251|3|0|68|1,370000,394930,394930,68430,55371.619999999995,28595,28595,326500,13058.380000000005,26776.619999999995
2025|1251|3|0|24|1,3040000,6113562.149999999,6016604.32,5646623.98,4123275.4299999997,2225360.69,699645.55,466938.169999999,1523348.5500000007,1897914.7399999998
2025|1251|3|0|10|1,288909105,235366561.56,230143367.12733254,234741103.45999968,234738760.26000172,197200675.2500015,193547437.93000028,625458.1000003219,2343.199997961521,37538085.01000023
2025|1251|3|0|1|1,1000000,1000000,1000000,0,0,0,0,1000000,0,0
2025|1251|3|0|69|1,2600000,4083208.17,5441172.609999999,3016482.85,2008542.2699999998,1322613.7299999997,1205408.7299999997,1066725.3199999998,1007940.5800000003,685928.54
2025|1251|3|0|52|2,0,12500010,10625010,10625010,10625009.999999998,8924147.519999996,8826091.229999997,1875000,1.862645149230957e-09,1700862.4800000023
2025|1251|3|0|2|1,2000000,1914568.25,1914568.25,0,0,0,0,1914568.25,0,0
2025|1251|3|0|83|2,14642907,14642907,12446471.000222325,12446471,12446470.980000008,10035535.120000003,8380277.189999996,2196436,0.019999992102384567,2410935.860000005
2025|1251|3|0|9|1,2500000,2644000,2644000,144000,143000,0,0,2500000,1000,143000
2025|1251|3|0|70|1,16367277,22300508.19,22300508.19,14715041.009999998,11613815.439999998,8019074.21,7678080.699999999,7585467.180000003,3101225.5700000003,3594741.2299999977
2025|1251|3|0|73|1,30800000,37525165.85,37935397.05999999,17027667.06,16358305.780000001,10884018.639999997,10619850.42,20497498.790000003,669361.2799999975,5474287.140000004
2025|1251|3|0|10|7,409261244,854674540.68,829489819.0468115,823346585.2499998,823346585.25,823346585.25,823346585.2500002,31327955.430000186,-2.384185791015625e-07,0
2025|1251|4|0|10|8,1100000,0,0,0,0,0,0,0,0,0
2025|1251|4|0|15|1,0,0,39758810.5,0,0,0,0,0,0,0
2025|1251|4|0|60|1,0,100967.24,103232,100967.24,100967.24,93219.47,82187.97,0,0,7747.770000000004
2025|1251|4|0|10|3,0,703820.41,703820.41,703820.41,691835.3,363976.62,363976.62,0,11985.109999999986,327858.68000000005
2025|1251|4|0|45|1,156004,627352.86,595352.86,627352.86,575906.9199999999,305875.15,305875.15,0,51445.94000000006,270031.7699999999
2025|1251|4|1|15|0,0,87118858.2,0,87118858.2,87041906.8,0,0,0,76951.40000000596,87041906.8
2025|1251|4|0|60|2,4516011,4716011,4716011,4716011,4532229.51,2217093.5900000003,1764818.64,0,183781.49000000022,2315135.9199999995
2025|1251|4|0|15|0,0,39758810.5,0,39758810.5,38245040,0,0,0,1513770.5,38245040
2025|1251|4|0|98|1,0,15404493,16136152.71,15404493,10648841.86,2488665.11,2488665.11,0,4755651.140000001,8160176.75
2025|1251|4|1|15|1,0,2903167.6,52822025.8,2903167.599999994,2849724.88,248106,149508,6.05359673500061e-09,53442.71999999415,2601618.88
2025|1251|4|0|97|1,0,6886075.49,6886075.489999999,6878185.130000001,5263189.36,3653126.61,2051633.21,7890.359999999404,1614995.7700000005,1610062.7500000005
2025|1251|4|0|10|4,30000,30000,30000,0,0,0,0,30000,0,0
2025|1251|4|1|10|8,31492383,20045611.42,20045611.42,19989823.42,19456990.880000003,7557438.91,7471283.8,55788,532832.5399999991,11899551.970000003
2025|1251|4|0|10|1,8540180,8486469.8,8011589.9,8340558.110000001,8340558.109999999,5329347.6899999995,4694836.2,145911.68999999948,1.862645149230957e-09,3011210.42
2025|1251|4|0|69|1,3202000,4101094.01,4101094.01,3106617.73,833533.92,555013.98,520229.98,994476.2799999998,2273083.81,278519.94000000006
2025|1251|4|0|68|1,1132000,1278870.5099999998,1306538.2700000003,255370.51,203195.4,102573.4,99423.4,1023499.9999999998,52175.110000000015,100622
2025|1251|4|0|95|1,0,2580468.68,2580468.68,401903.02,370000,0,0,2178565.66,31903.02000000002,370000
2025|1251|4|0|9|1,6002000,6981790.41,9923387.61,3650533.1100000003,3640777.41,3373577.41,3369800,3331257.3,9755.700000000186,267200
2025|1251|4|0|80|1,28890738,6005623,6005623,0,0,0,0,6005623,0,0
2025|1251|4|0|1|1,10594097,10952972.59,11111323.709999999,3999819.5300000003,2303061.76,885209.05,885209.05,6953153.06,1696757.7700000005,1417852.7099999997
2025|1251|4|0|70|1,12891278,18063287.880000003,19285376.79,9388265.87,6772303.6,3621722.24,3589190.98,8675022.010000004,2615962.2699999996,3150581.3599999994
2025|1251|4|0|24|1,20444806,19144418.75,22699458.469999995,4210638.9,3685718.34,1462093.16,1460093.16,14933779.85,524920.5600000005,2223625.1799999997
2025|1251|4|0|2|1,28981340,30582849.06,31373865.27,10847676.5,10847676.5,2001972.31,2001972.31,19735172.56,0,8845704.19
2025|1251|4|0|73|1,46001000,56749932.27,56749932.27,13778089.68,9506598.22,4359894.23,309894.23,42971842.59,4271491.459999999,5146703.99
2025|1251|5|0|10|1,0,130118.77,130118.77,0,0,0,0,130118.77,0,0
2025|1261|1|0|90|1,0,141608638.88,141608638.88,141608638.88,141608638.88,141608638.88,141608638.88,0,0,0
2025|1261|1|0|23|1,12721942598,12701672205,12551056108.229294,12545296455.090025,12545296455.089993,12545296455.089994,12545296455.089994,156375749.90997505,3.24249267578125e-05,-1.9073486328125e-06
2025|1261|1|0|10|1,1566868074,2115417890.23,1662075000.8648689,1716618410.4199998,1716618410.4199991,1716503134.2699993,1716503134.2699993,398799479.8100002,7.152557373046875e-07,115276.14999985695
2025|1261|3|0|10|8,8660000,24614046.6,24614046.6,24614046.6,24614046.6,24614046.6,24614046.6,0,0,0
2025|1261|3|1|10|8,0,150000,150000,150000,150000,150000,150000,0,0,0
2025|1261|3|0|15|1,168794671,0,0,0,0,0,0,0,0,0
2025|1261|3|1|15|1,100000000,0,0,0,0,0,0,0,0,0
2025|1261|3|1|36|1,0,16280,16280,16280,16280,16280,16280,0,0,0
2025|1261|3|0|70|1,0,0,4615.95,0,0,0,0,0,0,0
2025|1261|3|0|21|3,0,9425.7,9425.7,9425.7,0,0,0,0,9425.7,0
2025|1261|3|1|71|1,135769226,135769226,135769226,135769226,135756815.37999994,135725585.38,135624745.38,0,12410.620000064373,31229.999999940395
2025|1261|3|0|23|1,0,20000,20000,20000,38.88999999999942,38.89,38.89,0,19961.11,-5.826450433232822e-13
2025|1261|3|0|24|1,270340,419024.62,419024.62,419024.62,308577.5,308577.5,308577.5,0,110447.12,0
2025|1261|3|0|98|1,0,973505.15,1585567.85,973505.15,530000,530000,530000,0,443505.15,0
2025|1261|3|1|23|1,0,1000,1000,0,0,0,0,1000,0,0
2025|1261|3|1|21|1,24000000,5980924.06,5980924.06,5900353.7700000005,5895353.77,5895353.77,5895353.77,80570.2899999991,5000.000000000931,0
2025|1261|3|0|21|1,687500000,720324733.9999999,679309305.12,719932021.3499999,717148078.1400006,628680212.7600008,628001055.8,392712.64999997616,2783943.209999323,88467865.37999976
2025|1261|3|0|10|3,64644,734208.47,734208.47,0,0,0,0,734208.47,0,0
2025|1261|3|0|13|1,2100000,2100000,2100000,525000,0,0,0,1575000,525000,0
2025|1261|3|0|10|7,1076076,2786192.63,1172824.8544395296,625668.65,625668.6499999999,625668.6499999999,625668.65,2160523.98,1.1641532182693481e-10,0
2025|1261|3|1|10|1,424438674,458310754.5,374130681,447475682.84,445386037.54999983,400694959.9599999,397834200.8699988,10835071.660000026,2089645.2900001407,44691077.589999914
2025|1261|3|0|23|7,274740062,294989455,283664392.1030605,281580386.79,281580386.78999996,281580386.78999996,281580386.78999996,13409068.209999979,5.960464477539063e-08,0
2025|1261|3|0|10|1,1954309957,2194403777.2599998,2237337378.712649,2122483340.650001,2121803251.0100026,2092312199.9400058,2090564199.2699938,71920436.6099987,680089.639998436,29491051.069996834
2025|1261|3|0|36|1,379286227,599460218,654012810.5200001,411322146,318583053.98,306094855.6299999,305957046.18,188138072,92739092.01999998,12488198.350000143
2025|1261|4|0|10|0,0,63783083.18,0,63783083.18,63783083.18,63783083.18,0,0,0,0
2025|1261|4|1|10|0,0,89708396.82,153491480,89708396.82,89708396.82,89708396.82,0,0,0,0
2025|1261|4|1|10|8,1258368,13336640,13336640,13336640,13336640,13336640,13336640,0,0,0
2025|1261|4|0|15|1,50000000,0,0,0,0,0,0,0,0,0
2025|1261|4|1|15|1,155000000,0,0,0,0,0,0,0,0,0
2025|1261|4|1|98|1,0,2814376.13,2814376.13,2814376.13,2814376.13,2814376.13,1296000,0,0,0
2025|1261|4|1|21|1,100000000,68210059.2,100610059.2,68210059.2,67032474.309999995,52961521.489999995,52961521.489999995,0,1177584.890000008,14070952.82
2025|1261|4|0|21|1,50000000,468828227.94,477443656.82,468821634.42,468807227.15000033,455446553.69000036,428991156.2000003,6593.5199999809265,14407.269999682903,13360673.459999979
2025|1261|4|0|36|1,53000,152848392.99,152848392.99,152795392.99,80782995.00999999,80721938.27,80721938.27,53000,72012397.98000002,61056.739999994636
2025|1261|4|0|98|1,0,1523415.49,1523415.49,1312000,1267000,1267000,1267000,211415.49,45000,0
2025|1261|4|1|10|3,300000,300000,300000,0,0,0,0,300000,0,0
2025|1261|4|0|10|3,684313,684313,684313,0,0,0,0,684313,0,0
2025|1261|4|0|10|4,740000,740000,740000,0,0,0,0,740000,0,0
2025|1261|4|0|10|8,97518465,46258294.07,46258294.07,44900744.62,44900744.620000005,44900744.620000005,44900744.620000005,1357549.450000003,-7.450580596923828e-09,0
2025|1261|4|0|3|1,5641071,5641071,5959169.14,0,0,0,0,5641071,0,0
2025|1261|4|1|24|1,10448767,10448767,10448767,0,0,0,0,10448767,0,0
2025|1261|4|0|24|1,18000000,17912503.65,18182523.88,0,0,0,0,17912503.65,0,0
2025|1261|4|1|10|1,250000000,351688232.91,240353520.91000003,322816518.53999996,318994531.26000005,316813933.4799999,309491804.6899999,28871714.370000064,3821987.279999912,2180597.78000015
2025|1261|4|0|10|1,331014993,446493143.65999997,260817723.1547278,415351064.38,412253287.25000006,410473872.31000006,410369717.3100001,31142079.27999997,3097777.1299999356,1779414.9399999976
2025|1261|4|1|36|1,81765946,87905034.84,87905034.84,6139088.84,553828.2,553828.2,416195.45999999996,81765946,5585260.64,0
2025|1261|5|0|10|1,0,3914839.7,3914839.6999999993,3914839.7,3914839.7,3914839.7,3914839.7,0,0,0
2025|1271|1|0|10|1,24721051,25185447,25095999.25248564,25057426.64999998,25057426.65,25057426.65,25057426.65,128020.35000002012,-1.862645149230957e-08,0
2025|1271|3|0|57|1,0,133120.7,242179.80000000002,133120.7,133120.7,133120.7,133120.7,0,0,0
2025|1271|3|0|80|1,11202039,0,0,0,0,0,0,0,0,0
2025|1271|3|0|15|1,0,5599065,5109065,5599065,5548294.75,5548294.75,5548294.75,0,50770.25,0
2025|1271|3|0|10|8,28538298,25865249.41,25865249.41,25863335.710000005,25773212.43,25773212.43,25773212.43,1913.6999999955297,90123.28000000492,0
2025|1271|3|1|10|1,36556,57376,57376,53375,53374.86,42993.82,42993.82,4001,0.13999999999941792,10381.04
2025|1271|3|0|10|7,4494959,4711887,4503251.8025,4457064.550000001,4457064.55,4457064.55,4457064.55,254822.44999999925,9.313225746154785e-10,0
2025|1271|3|0|10|1,34188180,33328043.89,32817510.209999997,32862648.779999997,32458775.259999994,31692447.81,31373508.450000007,465395.11000000313,403873.5200000033,766327.4499999955
2025|1271|3|0|24|1,2972986,2972986,2972986,0,0,0,0,2972986,0,0
2025|1271|3|0|95|1,0,4965241.54,4965241.54,1342300.8599999999,1188949.3499999999,907544.7,907544.7,3622940.68,153351.51,281404.6499999999
2025|1271|3|0|10|4,6750000,6750000,6750000,2480000,2474112.38,2474112.38,2474112.38,4270000,5887.620000000112,0
2025|1271|3|0|69|1,21451000,20417034.63,36284424.83,14833424.83,13526106.690000001,13526106.690000001,13526106.690000001,5583609.799999999,1307318.1399999987,0
2025|1271|3|0|17|1,6710501,6710501,1706132.92,0,0,0,0,6710501,0,0
2025|1271|3|0|16|1,141847763,287011444.29,243569306.30000007,146163681.29,144685803.63000003,144627214.89000002,144593319.16000003,140847763.00000003,1477877.6599999666,58588.74000000954
2025|1271|4|0|69|1,0,966923.33,816923.33,966923.33,960752.99,697679.72,697679.72,0,6170.339999999967,263073.27
2025|1271|4|0|10|8,6770000,5046371.03,5046371.03,5046371.029999999,4994716.09,4994716.09,4994716.09,9.313225746154785e-10,51654.93999999948,0
2025|1271|4|0|95|1,0,220000,220000,138200,138200,138200,138200,81800,0,0
2025|1271|4|0|10|1,350000,350000,0,0,0,0,0,350000,0,0
2025|1271|4|0|24|1,32000000,32000000,32000000,0,0,0,0,32000000,0,0
2025|1301|1|0|10|1,45040425,42656731.69,40809193.13488023,40531534.99999997,40531535.00000001,40398314.69,40398314.69000001,2125196.6900000274,-3.725290298461914e-08,133220.31000000983
2025|1301|3|0|57|1,0,1753.52,1873.37,1753.52,1753.52,1753.52,1753.52,0,0,0
2025|1301|3|0|59|1,1840000,0,0,0,0,0,0,0,0,0
2025|1301|3|0|74|1,601000,0,601000,0,0,0,0,0,0,0
2025|1301|3|0|73|1,31000,31000,554980.5800000001,0,0,0,0,31000,0,0
2025|1301|3|0|10|4,160000,160000,160000,0,0,0,0,160000,0,0
2025|1301|3|0|60|2,1400000,320770.48,320770.48,85192.58000000002,85192.58000000003,85192.58,85192.58,235577.89999999997,-1.4551915228366852e-11,2.9103830456733704e-11
2025|1301|3|0|70|1,628677,628677,628677,0,0,0,0,628677,0,0
2025|1301|3|0|98|1,0,700000,700000,0,0,0,0,700000,0,0
2025|1301|3|0|10|7,8738908,8434744.36,7492316.477499998,7425482.14,7425482.140000001,7425482.140000001,7425482.14,1009262.2199999997,-9.313225746154785e-10,0
2025|1301|3|0|24|1,2442000,1441964,1441964,0,0,0,0,1441964,0,0
2025|1301|3|0|95|1,0,81753679.79,81753679.78999999,77957455.63,77845870.01,77845870.01,77845870.01,3796224.1600000113,111585.61999998987,0
2025|1301|3|0|10|1,83606981,33965617.44,42815182.25,24743206.319999978,22230870.099999998,21699896.849999998,21691052.750000007,9222411.12000002,2512336.21999998,530973.25
2025|1301|4|0|15|3,0,1915565.58,1915565.58,1915565.58,1915565.58,1915565.58,1915565.58,0,0,0
2025|1301|4|0|98|1,0,0,567113.41,0,0,0,0,0,0,0
2025|1301|4|0|59|1,0,1691905,1691905,1691905,0,0,0,0,1691905,0
2025|1301|4|0|25|1,0,11909777.04,11909777.04,11909777.04,9105983.79,8330381.67,8330381.67,0,2803793.25,775602.1199999992
2025|1301|4|0|10|8,12461368,1378000,1378000,1375000,1375000,1375000,1375000,3000,0,0
2025|1301|4|0|15|1,100000000,84105000,100000000,83725646.8,83662823.4,83662823.4,76262823.4,379353.200000003,62823.39999999106,0
2025|1301|4|0|74|1,0,10162432.13,9940210.110000001,9697245.72,8549906.49,469535.34,469535.34,465186.41000000015,1147339.2300000004,8080371.15
2025|1301|4|0|32|1,47036614,47036614.00000001,47036614,45482324.669999994,35395398.09,12425516.290000003,12425516.29,1554289.330000013,10086926.57999999,22969881.8
2025|1301|4|0|70|1,12553549,22051878.32,23093506.79,6000862.12,2497747.6100000003,2497747.6100000003,2497747.6100000003,16051016.2,3503114.51,0
2025|1301|4|0|10|1,78872579,93079568.29999998,83898808.3,74744896.44,69450317.82,36918223.33,19241614.509999998,18334671.859999985,5294578.620000005,32532094.489999995
2025|1301|4|0|60|2,47046294,36015568.760000005,24446328.759999998,6866200.04,6515954.95,6515954.95,6515954.95,29149368.720000006,350245.08999999985,0
2025|1301|4|0|10|3,41975791,42102784.900000006,42102784.9,126993.9,126993.9,126993.9,126993.9,41975791.00000001,0,0
2025|1301|4|0|95|1,87053233,151356901.9,151356901.9,62701226.00000001,58154717.07999998,51460154.54999998,51460154.54999998,88655675.9,4546508.920000024,6694562.530000001
2025|1301|4|0|24|1,1729636225,1776912539.33,639659586.3599999,64962924.510000005,55764947.52,40067927.4,40067927.4,1711949614.82,9197976.990000002,15697020.120000005
2025|1371|1|0|72|1,124832131,118332131,99235428.4718251,99142787.37999997,99142787.38,99142787.38,99142787.38000001,19189343.620000035,-2.9802322387695312e-08,0
2025|1371|3|0|15|1,0,0,150000,0,0,0,0,0,0,0
2025|1371|3|0|52|2,12500010,0,0,0,0,0,0,0,0,0
2025|1371|3|1|80|1,2500000,0,0,0,0,0,0,0,0,0
2025|1371|3|1|72|1,197160,385452,385452,385452,295251.42000000004,283886.85000000003,283886.85000000003,0,90200.57999999996,11364.570000000007
2025|1371|3|1|10|8,501000,1000,1000,0,0,0,0,1000,0,0
2025|1371|3|1|94|1,89700,89700,89700,68813.79000000001,68797.4,64936.53,64936.53,20886.209999999992,16.39000000001397,3860.8699999999953
2025|1371|3|0|10|4,80000,80000,80000,0,0,0,0,80000,0,0
2025|1371|3|0|10|8,26328441,24475383.57,24475383.57,23785764.43,23068607.759999998,23068607.759999998,23068607.759999998,689619.1400000006,717156.6700000018,0
2025|1371|3|0|94|1,2773975,2753975,2753975,1650974.66,1481699.11,1282422.42,1275290.02,1103000.34,169275.5499999998,199276.69000000018
2025|1371|3|0|29|1,2128143,2128143,2128143,910903.5,910903.44,910903.44,910903.44,1217239.5,0.060000000055879354,0
2025|1371|3|0|9|1,0,5810660.890000001,8062651.47,4194848.39,2719759.62,2036775.08,2024448.79,1615812.500000001,1475088.7699999996,682984.54
2025|1371|3|0|72|1,26421173,26232881,23602885,22029208.520000003,21430502.509999994,17724685.069999993,17715478.57,4203672.479999997,598706.0100000091,3705817.4400000013
2025|1371|3|0|24|1,2082622,6187628.63,6187628.63,1980545.73,1520675.8299999998,1489535.5899999999,1489535.59,4207082.9,459869.90000000014,31140.23999999999
2025|1371|3|0|31|7,21946459,21946459,16881755.007499997,16659931.129999999,16659931.129999999,16659931.129999999,16659931.129999999,5286527.870000001,0,0
2025|1371|3|0|72|3,10288421,10288421,10288421,0,0,0,0,10288421,0,0
2025|1371|3|0|80|1,0,14644332.67,11501039.32,2821740,1017898.87,452558.5800000001,452558.5800000001,11822592.67,1803841.13,565340.2899999999
2025|1371|4|0|15|1,0,1178700,773700,1178700,1178700,1178700,623700,0,0,0
2025|1371|4|0|97|1,0,117492,0,117492,0,0,0,0,117492,0
2025|1371|4|0|1|1,106000,106000,106000,0,0,0,0,106000,0,0
2025|1371|4|0|2|1,106000,106000,106000,0,0,0,0,106000,0,0
2025|1371|4|0|72|1,280421,280421,280421,38410,35404,20374,20374,242011,3006,15030
2025|1371|4|0|10|4,300000,300000,300000,0,0,0,0,300000,0,0
2025|1371|4|0|10|8,3689000,5828140.800000001,5828140.8,5478170.8,5478140.8,5478140.8,5478140.8,349970.00000000093,30,0
2025|1371|4|0|72|3,837168,837168,837168,0,0,0,0,837168,0,0
2025|1371|4|0|9|1,631000,3215572.42,3215572.42,148095.08,126254.03,126254.03,115854.23,3067477.34,21841.04999999999,0
2025|1371|4|0|79|1,0,3200000,3200000,0,0,0,0,3200000,0,0
2025|1371|4|0|95|1,0,61460391.3,61460391.3,9670153.16,9670033.17,8044898.970000001,4814267.16,51790238.14,119.99000000022352,1625134.1999999993
2025|1371|4|0|24|1,83319287,84882149.26,84882149.25999999,1562862.26,481473.52,471886.05,471886.05,83319287,1081388.74,9587.47000000003
2025|1401|1|0|10|1,1792598573,1846735526,1808134843.83549,1812533049.099999,1807213887.3900003,1807213887.3900003,1802760194,34202476.90000105,5319161.709998608,0
2025|1401|3|0|10|8,1850000,1351959.5,1351959.5,1351959.5,1345014,302440.06999999995,302440.07,0,6945.5,1042573.93
2025|1401|3|0|60|2,6208840,6208840,6208840,6208839.999999999,6208839.999999999,5254069.100000001,5194372.83,9.313225746154785e-10,0,954770.8999999985
2025|1401|3|0|60|1,5716936,13035739.02,13035739.019999998,13035738.999999993,13034253.8,7984434.53,7564254.039999999,0.02000000700354576,1485.1999999918044,5049819.2700000005
2025|1401|3|1|27|1,2235814,1030220.98,1943374.5000000002,1026836.97,1026836.97,1026836.97,972389.37,3384.0100000000093,0,0
2025|1401|3|0|27|1,4131845,7390491.13,7174491.13,7103254.499999996,7095998.169999996,6131418.970000003,5831300.62,287236.6300000036,7256.3300000000745,964579.1999999927
2025|1401|3|0|66|1,385000,892948.4099999999,893704.7999999999,533435.2999999999,457066.82000000007,257638.41000000003,257638.41000000006,359513.11,76368.47999999986,199428.41000000003
2025|1401|3|0|70|1,707244,944737.9999999999,943100.4,395634.7800000001,380642.75,292700.61,269732.54,549103.2199999997,14992.030000000086,87942.14000000001
2025|1401|3|0|10|7,51034994,126396207.27000001,120800626.81833337,125030070.61000013,125030070.60999998,125030070.60999998,125030070.61000001,1366136.6599998772,1.4901161193847656e-07,0
2025|1401|3|0|10|1,65384122,54061345.99999999,46052898.9242891,51972155.34000001,51965157.8199999,36306809.869999915,35275496.77999996,2089190.6599999815,6997.520000107586,15658347.949999988
2025|1401|3|0|95|1,0,5542592.68,5542592.68,468712.34,425013.5299999999,319655.44999999995,310926.68,5073880.34,43698.810000000114,105358.07999999996
2025|1401|3|0|24|1,8959963,8982491.84,9832432.21,793746.76,521246.75,22528.84,22528.84,8188745.08,272500.01,498717.91
2025|1401|4|0|27|1,1876160,376353.37,625953.37,376353.37,376353.37,376353.37,376353.37,0,0,0
2025|1401|4|0|10|4,520000,520000,520000,520000,520000,0,0,0,0,520000
2025|1401|4|0|15|1,0,10078164,10078164,10078164,10078164,0,0,0,0,10078164
2025|1401|4|0|15|0,0,17619500,0,17619500,17619500,0,0,0,0,17619500
2025|1401|4|0|60|2,61402,61402,61402,61402,57714.03999999999,47857.83,33291.65,0,3687.9600000000064,9856.209999999992
2025|1401|4|0|10|3,0,169723.36,169723.36,169723.36,123380.4,123380.4,123380.4,0,46342.95999999999,0
2025|1401|4|0|10|8,16351000,7996463.76,7996463.76,7996463.76,7855086.260000002,2163582.91,1403820.9200000002,0,141377.49999999814,5691503.3500000015
2025|1401|4|0|97|1,0,1059478.16,1059478.16,1059478.16,93518.48,2974,2974,0,965959.6799999999,90544.48
2025|1401|4|0|60|1,0,797670,797670,797669.99,797017.2,550900.59,400806.46,0.010000000009313226,652.7900000000373,246116.61
2025|1401|4|1|27|1,2376000,550955.52,190175.96400000015,550665.5,550665.5,550665.5,550665.5,290.0200000000186,0,0
2025|1401|4|0|10|1,0,985115.95,151752,983347,983166,0,0,1768.9499999999534,181,983166
2025|1401|4|0|1|1,39584,190222.95,190222.95,150638.95,150638.95,150638.95,150638.95,39584,0,0
2025|1401|4|0|66|1,376995,378663.92999999993,377907.54000000004,6312.539999999999,6156.39,0,0,372351.38999999996,156.14999999999873,6156.39
2025|1401|4|0|98|1,0,11673900,12154687.22,11277899.999999998,8942418.25,881611.24,740080.3799999999,396000.00000000186,2335481.749999998,8060807.01
2025|1401|4|0|74|1,422053,422053,422053,0,0,0,0,422053,0,0
2025|1401|4|0|95|1,0,1204095.78,1204095.78,746241.4,72984.53,57598.049999999996,55302.049999999996,457854.38,673256.87,15386.480000000003
2025|1401|4|0|70|1,2700277,3439930.87,3449963.660000001,1872488.3299999998,1707248.83,936603.36,904356.0300000001,1567442.5400000003,165239.49999999977,770645.4700000001
2025|1401|4|0|25|1,5100000,5100000,5100000,1957961.01,1957961.01,269510.86,269510.86,3142038.99,0,1688450.15
2025|1401|4|0|80|1,14445369,10871003,10871003,2400949,2400949,0,0,8470054,0,2400949
2025|1401|4|0|2|1,20816987,21517590.57,21517590.57,4918369.36,4894818.800000001,2740341.8,2740341.8000000003,16599221.21,23550.55999999959,2154477.000000001
2025|1401|4|0|24|1,19410031,19410031,19410031,135482.45,135482.45,78722.45,78722.45,19274548.55,0,56760.000000000015
2025|1441|1|0|10|9,1000,1000,1000,1000.0000000000002,0,0,0,-2.2737367544323206e-13,1000.0000000000002,0
2025|1441|1|0|43|5,65292305,65292305,65292305,65292305,62383875.17,62383875.17,62383875.17,0,2908429.829999998,0
2025|1441|1|0|42|5,93738515,93738515,93738515,93738515,88987671.39,88987671.39,88987671.38999999,0,4750843.609999999,0
2025|1441|1|0|10|5,1000000,1000000,1000000,999999.9999999999,846878.6700000002,846878.6700000002,846878.67,1.1641532182693481e-10,153121.32999999973,0
2025|1441|1|0|10|1,722000000,744995936,744995936,744972500.53,741984654.1400001,741984654.1400001,741984654.1400002,23435.47000002861,2987846.3899998665,0
2025|1441|3|0|10|1,165606784,165606784,165606784,165606784,157076530.49,135853049.64999986,135845549.6500001,-2.9802322387695312e-08,8530253.51000002,21223480.840000153
2025|1441|3|0|10|7,32003056,32603056,32603056,32603056,31859700.85,31859700.85,31859700.85,0,743355.1499999985,0
2025|1441|3|0|60|1,6000000,6000000,6000000,6000000,0,0,0,0,6000000,0
2025|1441|4|0|10|1,12300000,12300000,12300000,12300000,12300000,11084519.35,11084519.35,0,0,1215480.6500000004
2025|1441|4|0|60|1,7000000,7000000,7000000,7000000,746600,0,0,0,6253400,746600
2025|1441|4|0|47|1,50000,50000,50000,0,0,0,0,50000,0,0
2025|1451|1|0|57|2,1336774,1622774,971693.3545155205,960920.44,960920.4400000001,960920.4400000001,960920.44,661853.56,-1.1641532182693481e-10,0
2025|1451|1|0|27|1,1024355891,1024355891,1003983279.9500002,1003983279.95,1003983279.95,1003983279.95,1003983279.95,20372611.049999952,0,0
2025|1451|1|0|10|1,1665136546,1847579072,1837358152.9257324,1805352698.059999,1805032888.4800003,1804961513.69,1804943130.0099998,42226373.94000101,319809.5799987316,71374.79000020027
2025|1451|3|0|10|8,200000,727495.84,727495.84,727495.84,727495.8400000001,727495.8400000001,727495.8400000001,0,-1.1641532182693481e-10,0
2025|1451|3|1|10|8,800000,0,0,0,0,0,0,0,0,0
2025|1451|3|1|10|3,0,1669.42,1669.42,1669.42,0,0,0,0,1669.42,0
2025|1451|3|0|10|3,0,206209.99000000002,206209.99,206209.99000000002,43287.43,43287.43,43287.43,0,162922.56000000003,0
2025|1451|3|0|95|1,0,17290140.51,17290140.51,17290140.51,16354827.839999998,15196245.719999999,14939055.98,0,935312.6700000037,1158582.1199999992
2025|1451|3|0|60|2,0,877057881.3000001,877057881.3000001,877057881.3,875504116.0400001,731424753.3099998,730231379.1699998,1.1920928955078125e-07,1553765.2599998713,144079362.73000026
2025|1451|3|0|1|1,2000,2000,2000,0,0,0,0,2000,0,0
2025|1451|3|1|2|1,2000,2000,2000,0,0,0,0,2000,0,0
2025|1451|3|1|60|2,0,562752.7,562752.6999999997,524145.49999999994,524145.5,0,0,38607.20000000001,-5.820766091346741e-11,524145.5
2025|1451|3|0|61|1,98740,98740,98740,0.2700000000000001,0,0,0,98739.73,0.2700000000000001,0
2025|1451|3|1|24|1,505505,1417274.13,1417274.13,911837.8999999999,363094.06,363094.06,363094.06,505436.23,548743.8399999999,0
2025|1451|3|1|10|1,52687102,42746120,50746119.66,41132821.90000001,41053092.60000001,34707274.62,34255759.449999996,1613298.0999999866,79729.30000000447,6345817.980000012
2025|1451|3|0|10|7,93687204,372271169,363238947.15,369069652.74999994,369069652.75,369069652.75,369069652.75000006,3201516.2500000596,-5.960464477539063e-08,0
2025|1451|3|0|60|1,6030000,4719675.88,4719675.88,321399.27000000025,50587.87,14339.88,14339.88,4398276.609999999,270811.40000000026,36247.990000000005
2025|1451|3|0|24|1,9938944,11114113.450000001,11114113.45,4831522.200000001,1324140.53,727807.21,360380.53,6282591.25,3507381.670000001,596333.3200000001
2025|1451|3|0|10|1,1123540049,387824064.34999996,348856827.1521535,370220206.6399997,370070762.78999996,352099296.4999999,350598969.3899998,17603857.710000277,149443.84999972582,17971466.29000008
2025|1451|3|0|27|7,116531168,117802966,21554456.180000007,21554456.18,21554456.18,21554456.18,21554456.18,96248509.82,0,0
2025|1451|4|0|9|1,0,0,53626.6,0,0,0,0,0,0,0
2025|1451|4|0|10|4,270000,270000,270000,270000,270000,270000,270000,0,0,0
2025|1451|4|1|15|0,0,8400000,0,8400000,8400000,0,0,0,0,8400000
2025|1451|4|1|10|8,4310901,2894240,2894240,2894240,2890569.76,1528311.0099999998,1528311.0100000002,0,3670.2400000002235,1362258.75
2025|1451|4|0|10|3,0,15441.25,15441.25,15441.25,7066.05,7066.05,7066.05,0,8375.2,0
2025|1451|4|1|97|1,0,208381.86,208381.86,208381.86,186412.75,186412.75,186412.75,0,21969.109999999986,0
2025|1451|4|1|95|1,0,701258.51,701258.51,701258.51,597873.39,597873.3899999999,597873.3899999999,0,103385.12,1.1641532182693481e-10
2025|1451|4|1|10|3,0,485470.51,485470.51000000007,485470.51,267330.16,267330.16,2179.3,0,218140.35000000003,0
2025|1451|4|1|98|1,0,1203250,1047867.6,1203250,951724.85,261490,261490,0,251525.15000000002,690234.85
2025|1451|4|1|60|2,0,65746999.98,65746999.98,65746999.98,0,0,0,0,65746999.98,0
2025|1451|4|0|60|2,0,65749999.98,65749999.98,65749999.98,0,0,0,0,65749999.98,0
2025|1451|4|0|60|1,0,1310324.12,1310324.12,1310324.1199999999,1300110.4899999998,371851.89,371851.89,2.3283064365386963e-10,10213.630000000121,928258.5999999997
2025|1451|4|1|10|1,18909009,11990839.590000002,11598304.024620002,11990839.59,11935288.77,3499425.0899999994,3093503.6500000004,1.862645149230957e-09,55550.8200000003,8435863.68
2025|1451|4|0|10|1,7620891,14839060.41,15366160.440000001,14839060.19,14833257.43,6605539.460000002,6605539.460000001,0.22000000067055225,5802.7599999997765,8227717.969999998
2025|1451|4|0|10|8,1000000,963450.1799999999,963450.18,963396.01,963396.01,963396.01,963396.01,54.169999999925494,0,0
2025|1451|4|0|1|1,1201302,1481471.3900000001,1552709.72,280169.39,280051,280051,280051,1201302,118.39000000001397,0
2025|1451|4|1|1|1,1257661,2028506.48,2028506.48,740845.48,391654.19,391654.19,13757.44,1287661,349191.29,0
2025|1451|4|1|2|1,7348371,12761195,13125970.66,6282899.99,4518167.2700000005,4495927.390000001,832191,6478295.01,1764732.7199999997,22239.87999999989
2025|1451|4|0|24|1,15845065,16696639.419999998,17370862.11,851574.4199999999,101148.28,101148.28,43829.479999999996,15845064.999999998,750426.1399999999,0
2025|1451|4|1|24|1,73808048,75134006.97,75134006.97,4467337.789999999,1967030.99,1939057.99,1039577.9900000001,70666669.18,2500306.799999999,27973
2025|1481|1|1|71|1,1162790,1351866.66,1349396.2616553279,1351866.66,1351866.6600000001,1351866.6600000001,1351866.66,0,-2.3283064365386963e-10,0
2025|1481|1|0|71|1,13479099,16783965.490000002,14799437.04284716,14784150.979999997,14784150.979999997,14784150.979999997,14784150.979999999,1999814.5100000054,0,0
2025|1481|1|0|10|1,51316228,49288529,47297597.976558164,47224416.940000005,47224416.93999999,47161685.64999999,47161685.65,2064112.059999995,1.4901161193847656e-08,62731.289999999106
2025|1481|3|0|10|3,0,2418069.26,2418069.26,2418069.26,2418069.26,2418069.26,2418069.26,0,0,0
2025|1481|3|1|10|1,0,21485,21485,21485,21485,21485,21485,0,0,0
2025|1481|3|0|71|3,0,6606859.39,6606859.39,6606859.39,6606859.39,6606859.39,6606859.39,0,0,0
2025|1481|3|0|97|1,0,241906,241906,241906,0,0,0,0,241906,0
2025|1481|3|1|71|7,135403,135403,136898.62246285548,133159.24,133159.24,133159.24,133159.24,2243.7600000000093,0,0
2025|1481|3|0|1|1,102000,416909.68,169252.55,314909.68,314909.68,314909.68,314909.68,102000,0,0
2025|1481|3|1|10|8,17338911,9845694.08,9845694.08,9741190.48,9640190.48,9640190.48,9390191.48,104503.59999999963,101000,0
2025|1481|3|1|10|4,350000,350000,350000,0,0,0,0,350000,0,0
2025|1481|3|1|80|1,452871,452871,452871,95524.08,63042.880000000005,0,0,357346.92,32481.199999999997,63042.880000000005
2025|1481|3|0|10|7,7437293,8797097,8469115.906419594,8401056.73,8401056.73,8401056.73,8401056.73,396040.26999999955,0,0
2025|1481|3|0|10|1,1872518,1715258.98,1201687.98,1234610.48,1126416.74,1077447.78,976314.4199999999,480648.5,108193.73999999999,48968.95999999996
2025|1481|3|1|2|1,598758,598758,598758,0,0,0,0,598758,0,0
2025|1481|3|0|71|1,30793506,33269433.720000006,34468077.71999999,32532540.929999985,27721835.880000003,22988237.81000001,22896383.49,736892.7900000215,4810705.049999982,4733598.069999993
2025|1481|3|0|10|8,79295992,69117507.94000001,69037607.94000001,68283958.39,67545640.13000001,66474346.150000006,66474346.15,833549.5500000119,738318.2599999905,1071293.9800000042
2025|1481|3|0|71|7,3149589,3328912.1,2376425.2311175503,2355179.9400000004,2355179.9400000004,2355179.9400000004,2355179.9400000004,973732.1599999997,0,0
2025|1481|3|1|38|1,1426255,1889231,1889231,469416,238118.7,238118.7,238118.7,1419815,231297.3,0
2025|1481|3|0|10|4,1630000,1550100,1630000,79900,79900,79900,79900,1470200,0,0
2025|1481|3|0|38|1,26050862,41326306.16,41326306.16,39742871.46,38946065.42999999,38629684.339999996,36836429.419999994,1583434.6999999955,796806.0300000086,316381.0899999961
2025|1481|3|0|24|1,5171047,5328681.52,5254172.79,3157634.52,3093976.73,3093976.73,3093976.73,2171046.9999999995,63657.79000000004,0
2025|1481|3|1|71|1,13385167,60942726.809999995,63708348.47999999,57417101.43000001,45500653.64,3294546.0499999993,3294546.05,3525625.379999988,11916447.790000007,42206107.59
2025|1481|3|0|80|1,50944205,4600000,4600000,47762.04,31521.440000000002,12520.2,11180.78,4552237.96,16240.599999999999,19001.24
2025|1481|3|0|59|1,4750000,4750000,4750000,0,0,0,0,4750000,0,0
2025|1481|4|0|1|1,0,194505.46,0,194505.46,194505.46,194505.46,194505.46,0,0,0
2025|1481|4|0|10|3,0,4737.52,4737.52,4737.52,4737.52,4737.52,4737.52,0,0,0
2025|1481|4|0|71|3,0,230650.21999999997,230650.21999999997,230650.21999999997,230650.21999999997,230650.21999999997,230650.21999999997,0,0,0
2025|1481|4|0|71|1,0,5011979,61978.99999999999,5011979,5011332.84,5005517.4,55517.399999999994,0,646.160000000149,5815.4399999994785
2025|1481|4|0|10|1,80000,80000,80000,80000,0,0,0,0,80000,0
2025|1481|4|0|97|1,0,154739.77,154739.77,154739.77,0,0,0,0,154739.77,0
2025|1481|4|0|15|1,0,5463925.6899999995,5863925.6899999995,5463925.6899999995,5295511.83,5295511.83,5295511.83,0,168413.8599999994,0
2025|1481|4|1|98|1,0,760000,831154.9,760000,533411.39,0,0,0,226588.61,533411.39
2025|1481|4|1|10|8,1000000,1004388.06,1004388.06,1003760.3099999999,1003760.31,1003760.31,1003760.31,627.7500000001164,-1.1641532182693481e-10,0
2025|1481|4|0|10|8,61168661,43201951.029999994,43201951.03,42812846.17,41342018.50999999,41129318.50999999,41129318.50999999,389104.85999999195,1470827.6600000113,212700
2025|1481|4|0|10|4,1230000,1230000,1230000,512688.98,512688.98,512688.98,512688.98,717311.02,0,0
2025|1481|4|0|38|1,0,11811579.84,11811579.84,8221899.48,4966425.9399999995,200000,0,3589680.3599999994,3255473.540000001,4766425.9399999995
2025|1481|4|0|24|1,3850000,3999012.48,3999012.48,149012.48,149012.47999999998,149012.48,149012.48,3850000,2.9103830456733704e-11,-2.9103830456733704e-11
2025|1481|4|1|71|1,72160200,18891007.39,-0.07999999821186066,1569940.6600000001,1569940.66,1527828.66,0,17321066.73,2.3283064365386963e-10,42112
2025|1481|5|0|97|1,0,500000,500000,500000,0,0,0,0,500000,0
2025|1491|1|0|10|1,45987084,45656813,43554875.32993597,44044110.549999975,43806931.06,43800747.79,43800747.79,1612702.4500000253,237179.48999997228,6183.270000003278
2025|1491|3|0|24|1,0,67057.76,67057.76,67057.76,67057.76,67057.76,67057.76,0,0,0
2025|1491|3|0|10|1,34564737,35595735.05,34325229.31999999,35595672.05000003,33618846.04,30669782.779999997,27831596.259999994,62.99999997019768,1976826.0100000277,2949063.2600000016
2025|1491|3|1|10|1,1000,1000,1000,0,0,0,0,1000,0,0
2025|1491|3|1|10|8,53052937,42383401.87,42383401.870000005,42361964.51,42322964.510000005,42322964.50999999,42322964.510000005,21437.359999999404,38999.99999999255,1.4901161193847656e-08
2025|1491|3|0|10|7,5237986,5237986,4979321.395,4927291.510000001,4927291.51,4927291.51,4927291.51,310694.4899999993,9.313225746154785e-10,0
2025|1491|4|0|80|1,0,5000000,0,5000000,5000000,5000000,0,0,0,0
2025|1491|4|0|15|1,334965000,66809303.68,-39416699.900000036,66809303.67999999,63871915.39999999,63423718.95999999,60617474.47,7.450580596923828e-09,2937388.280000001,448196.4399999976
2025|1491|4|0|10|1,9068058,9068058,9068058,9017121.23,8856231.71,6824239.63,4933190.08,50936.76999999955,160889.51999999955,2031992.080000001
2025|1491|4|0|10|8,72338700,26042564.48,26042564.479999997,25765489.48,25591100.430000003,25591100.43,25591100.430000003,277075,174389.04999999702,3.725290298461914e-09
2025|1491|4|0|10|4,2490000,2490000,2490000,237986.66000000015,118993.33,118993.33,118993.33,2252013.34,118993.33000000015,0
2025|1491|4|1|10|8,549865444,745991777.73,745991777.73,743106513.73,743015333.7299999,743015333.7299998,743015333.7299999,2885264,91180.00000011921,1.1920928955078125e-07
2025|1501|1|0|95|1,0,721335.53,715863.2600000006,715863.26,715863.26,715863.26,715863.26,5472.270000000019,0,0
2025|1501|1|0|10|1,276954681,268224913,255021259.0149816,254911076.07,254911076.07000002,254789110.71000007,254705515.85000008,13313836.930000007,-2.9802322387695312e-08,121965.3599999547
2025|1501|3|0|82|1,99210011,103729684,103729684,103696448.44000004,102546269.75000001,82655896.82,79407285.08,33235.55999995768,1150178.6900000274,19890372.930000022
2025|1501|3|0|95|1,2000,1992685,1559224.47,1899328.5399999998,1802060.9200000002,1528336.7000000002,1525357.72,93356.4600000002,97267.61999999965,273724.22
2025|1501|3|0|59|2,1364291,1364291,1364291,899466.16,714599.62,714599.6200000001,714599.62,464824.83999999997,184866.54000000004,-1.1641532182693481e-10
2025|1501|3|0|10|7,22087099,22284116,21416460.6,21224835.8,21224835.8,21224835.8,21224835.8,1059280.1999999993,0,0
2025|1501|3|0|91|2,3458241,3458241,3458241,2397869.37,1577851.4200000002,1577851.4200000002,1577851.42,1060371.63,820017.95,0
2025|1501|3|1|10|1,9204766,4004288.92,6904288.92,2206481.6599999997,2043060.9900000002,1995230.85,1785692.0999999996,1797807.2600000002,163420.66999999946,47830.14000000013
2025|1501|3|0|60|2,10817335,10817335,10817335,6909243.500000001,5853827.02,5566755.359999999,5538751.099999998,3908091.499999999,1055416.4800000014,287071.66000000015
2025|1501|3|0|94|1,6740052,6740052,6740052,2626439.22,2327959.48,2327959.48,2327959.48,4113612.78,298479.7400000002,0
2025|1501|3|0|15|1,213410434,261721751.05,261721751.05,249457871.08000004,249025413.21999997,231569716.09999996,216287548.66999996,12263879.969999969,432457.8600000739,17455697.120000005
2025|1501|3|0|80|1,0,13948185.72,13948185.72,1380717.07,1274464.76,219180.92000000004,206007.37000000002,12567468.65,106252.31000000006,1055283.8399999999
2025|1501|3|0|10|1,279428004,275205486.08,245011063.49999997,258824512.9,255639800.69,208629786.00000003,199614259.79000008,16380973.179999977,3184712.2100000083,47010014.68999997
2025|1501|4|0|15|1,1656000,1656000,1656000,1655530.4,1262385.99,341473.5,341473.5,469.60000000009313,393144.4099999999,920912.49
2025|1501|4|0|82|1,7785830,3254457,3254457,3219808,2957802,1562483,1442493,34649,262006,1395319
2025|1501|4|1|10|1,0,40000,40000,0,0,0,0,40000,0,0
2025|1501|4|0|97|1,0,300000,300000,0,0,0,0,300000,0,0
2025|1501|4|0|95|1,0,3958749.21,3958749.21,1811955.21,1593686.21,1166333.21,1166333.21,2146794,218269,427353
2025|1501|4|0|10|1,31413482,28373482.000000004,28523482.000000004,25460843.4,24747489.499999996,15138114.39,13981009.5,2912638.600000005,713353.9000000022,9609375.109999996
2025|1501|4|0|74|1,3012300,3019708.1,3019708.1,44477.479999999996,43307,0,0,2975230.62,1170.479999999996,43307
2025|1501|4|0|25|1,14285067,13313479.05,13313479.05,8089699.859999999,7143601.8100000005,5081483.91,5081483.91,5223779.190000001,946098.0499999989,2062117.9000000004
2025|1501|5|0|10|1,0,3366000,3366000,3366000,3366000,3366000,3366000,0,0,0
2025|1511|1|0|57|2,20758,20758,13469.72144228311,14460.169999999998,14460.17,14460.17,14460.17,6297.830000000002,-1.8189894035458565e-12,0
2025|1511|1|0|11|1,1239971290,1680142265.97,1625196457.1,1625196457.1,1625196457.1000001,1625196457.1000001,1625196457.1,54945808.870000124,-2.384185791015625e-07,0
2025|1511|1|0|10|1,1421835584,1179769050,978625820.5802422,984601967.6700001,984601967.6700001,984601967.6700001,984601967.6699998,195167082.32999992,0,0
2025|1511|3|0|45|1,0,11543.05,11543.05,11543.05,11543.05,11543.05,11543.05,0,0,0
2025|1511|3|0|60|1,0,735000,735000,735000,735000,0,0,0,0,735000
2025|1511|3|0|10|8,0,240000,240000,240000,237359.06,200000,200000,0,2640.9400000000023,37359.06
2025|1511|3|1|10|8,628400,436000,436000,436000,429308.21,0,0,0,6691.789999999979,429308.21
2025|1511|3|0|70|1,0,94500,94500,94500,762.7,0,0,0,93737.3,762.7
2025|1511|3|0|9|1,0,3921300.7,4273820.17,3921300.7,3565543.75,3386273.75,3251543.75,0,355756.9500000002,179270
2025|1511|3|1|60|2,0,1947424.73,1947424.73,1947424.73,313432.73,152495.43,152495.43,0,1633992,160937.3
2025|1511|3|1|10|1,3000,3000,3000,0,0,0,0,3000,0,0
2025|1511|3|0|24|1,207331,207331,207331,0,0,0,0,207331,0,0
2025|1511|3|0|95|1,0,17538191.62,17538191.62,14659467.49,14432293.38,12770817.399999999,12376769.46,2878724.130000001,227174.1099999994,1661475.9800000023
2025|1511|3|0|10|1,209977253,224942286.4,212868954.0784468,208991795.11000028,208938961.35000008,181732158.59999996,177040218.21999997,15950491.289999723,52833.76000019908,27206802.75000012
2025|1511|3|0|10|7,109112838,278825768,216173500.6825,218995428.81999996,218984708.43999997,218984708.43999997,218979540.43999997,59830339.18000004,10720.379999995232,0
2025|1511|4|1|1|1,0,26658.3,26658.3,26658.3,26658.3,26658.3,26658.3,0,0,0
2025|1511|4|0|74|1,0,0,7544.48,0,0,0,0,0,0,0
2025|1511|4|1|25|1,320640,960918,960918,960918,960918,958246,958246,0,0,2672
2025|1511|4|1|98|1,0,396000,396000,396000,396000,0,0,0,0,396000
2025|1511|4|0|15|1,0,520000,14505950,520000,519981.19,0,0,0,18.80999999999767,519981.19
2025|1511|4|1|15|1,0,650000,650000,650000,601684.81,9782.19,6700,0,48315.189999999944,591902.6200000001
2025|1511|4|0|46|1,0,1132477.58,1132477.58,1132477.58,879060,441353,441353,0,253417.58000000007,437707
2025|1511|4|0|15|0,0,13985950,0,13985950,13475950,0,0,0,510000,13475950
2025|1511|4|1|60|2,0,20888860,20888860,20888860,10650900,10650900,10650900,0,10237960,0
2025|1511|4|0|10|8,4240000,1060000,1060000,1059999.9999999998,1057906.6900000002,358587.15,340379.88000000006,2.3283064365386963e-10,2093.30999999959,699319.5400000002
2025|1511|4|0|70|1,0,973963.4,1025932.69,963963.3999999999,947910.5,525855.81,524754.47,10000.000000000116,16052.899999999907,422054.68999999994
2025|1511|4|1|10|8,20340819,8101034,8101034,8066906,7715866.37,3463813.1799999997,3345685.54,34128,351039.6299999999,4252053.19
2025|1511|4|0|10|3,0,357104.12,357104.12000000005,297944.82,297905.42000000004,926.83,926.83,59159.29999999999,39.399999999965075,296978.59
2025|1511|4|0|10|4,300000,300000,300000,0,0,0,0,300000,0,0
2025|1511|4|0|9|1,387000,981016,981015.9999999999,360360,360360,360360,360360,620656,0,0
2025|1511|4|0|97|1,0,1452781.82,1452781.82,105154.51000000001,103801.57,44695.880000000005,44695.880000000005,1347627.31,1352.9400000000023,59105.69
2025|1511|4|0|1|1,2103494,2170131.99,2198376.87,239363.39,210226.01,98682.01000000001,98682.01000000001,1930768.6,29137.380000000005,111544
2025|1511|4|0|98|1,0,9552904.74,9974781.290000001,6412940.71,5562615.92,2669857.0599999996,2110384.51,3139964.0300000003,850324.79,2892758.8600000003
2025|1511|4|0|80|1,14445369,3162316,3162316,0,0,0,0,3162316,0,0
2025|1511|4|0|24|1,5965513,5965513,6884665.84,922545.31,922514,272194,35163,5042967.6899999995,31.31000000005588,650320
2025|1511|4|0|25|1,920640,6360918,6360918,960918,960918,899796,899796,5400000,0,61122
2025|1511|4|0|10|1,27445898,34345898,30229013.240000006,27444439.020000003,27444398.689999998,26794416.32,23496256.900000002,6901458.979999997,40.33000000566244,649982.3699999973
2025|1511|4|0|2|1,22974774,27305499.28,27801318.429999996,4330725.279999999,4330725.279999999,1194642.9,1194642.9,22974774,0,3136082.3799999994
2025|1511|4|0|95|1,0,53896618.080000006,53896618.080000006,3519974.46,3391818.6999999997,284885.32999999996,261428.79,50376643.620000005,128155.76000000024,3106933.3699999996
2025|1521|1|0|10|1,64318757,63371172,61745360.232879594,62038811.32999999,61839858.31,61839858.309999995,61839858.30999999,1332360.6700000092,198953.01999998838,7.450580596923828e-09
2025|1521|3|0|95|1,0,27936,20952,27936,27936,25608,25608,0,0,2328
2025|1521|3|0|9|1,0,286676.4,391194.96,286676.4,285264.95999999996,279158.23999999993,279158.24,0,1411.4400000000605,6106.72000000003
2025|1521|3|0|59|1,30000,30000,30000,0,0,0,0,30000,0,0
2025|1521|3|0|10|1,2808334,2864984.76,2627363,2799880.2499999995,2799779.31,2163152.4299999997,2158090.43,65104.51000000024,100.93999999947846,636626.8800000004
2025|1521|3|0|10|7,3689541,3689541,3290204.2175,3279217.7599999993,3279217.76,3279217.76,3279217.76,410323.2400000007,-4.656612873077393e-10,0
2025|1521|4|0|9|1,0,70000,70000,70000,70000,0,0,0,0,70000
2025|1521|4|0|95|1,0,1345549,892552,1335549,1297618.9100000001,771468,771468,10000,37930.08999999985,526150.9100000001
2025|1521|4|0|10|1,2135577,2071926.2400000002,1217079,1067550.8599999999,1067550.86,948799,948799,1004375.3800000004,-2.3283064365386963e-10,118751.8600000001
2025|1541|1|0|10|1,15601413,15993930,15864465.44911918,15801775.809999999,15801775.809999999,15801775.809999999,15801775.81,192154.19000000134,0,0
2025|1541|3|0|10|7,1309352,1439907,1350101.01,1358660.8099999998,1358660.81,1358660.81,1358660.81,81246.19000000018,-2.3283064365386963e-10,0
2025|1541|3|0|10|1,6200000,6161030.46,6161030.46,5970096.789999999,5105469.0200000005,4234065.92,4232192.25,190933.67000000086,864627.7699999986,871403.1000000006
2025|1541|4|0|10|1,1800000,3174785,3174785,3174727.19,3086100.59,2186890.1799999997,1973138.64,57.81000000005588,88626.6000000001,899210.4100000001
2025|1631|1|0|10|1,8250294,8648148,8624537.708772246,8639825.330000002,8604825.33,8549831.700000001,8549831.700000001,8322.669999998063,35000.00000000186,54993.62999999896
2025|1631|3|0|10|1,1829064,3329064,3329064,3328679.55,3292385.0300000003,3254335.5700000003,3254335.5700000003,384.45000000018626,36294.51999999955,38049.45999999996
2025|1631|3|0|10|7,569772,598022,594378.02,596345.52,596345.52,596345.52,596345.52,1676.4799999999814,0,0
2025|1631|4|0|10|1,4500,4500,0,0,0,0,0,4500,0,0
2025|1711|1|0|10|1,10626803,10916201,10758207.911784615,10785935.490000002,10785935.490000002,10785935.490000002,10785935.49,130265.50999999791,0,0
2025|1711|3|0|69|1,0,450000,456103.89,450000,325000,325000,325000,0,125000,0
2025|1711|3|0|95|1,0,12000000,12000000,12000000,11175609,0,0,0,824391,11175609
2025|1711|3|0|10|1,157782641,157608545.76,157518545.76,157599743.49,157313200.93,88938093.35,88701237.42000002,8802.269999980927,286542.5600000024,68375107.58000001
2025|1711|3|0|10|7,1545004,1589801,1480894.3900000001,1488100.3900000001,1488100.3900000001,1488100.3900000001,1488100.39,101700.60999999987,0,0
2025|1711|4|0|10|1,0,168095.24,168095.24,160875.24,93818.06999999999,83608.51000000001,83608.51,7220,67057.17,10209.559999999983
2025|1721|1|0|10|1,7391806,7391806,6860737.340739651,6850540.580000001,6850540.58,6762740.79,6762740.79,541265.419999999,9.313225746154785e-10,87799.79000000004
2025|1721|3|0|10|7,940982,940982,850871.4099999999,861541.91,861541.91,861541.91,861541.91,79440.08999999997,0,0
2025|1721|3|0|10|1,4290432,4146611.38,3606267,3516422.38,2900871.45,2667548.38,2541423.4300000006,630189,615550.9299999997,233323.0700000003
2025|1721|4|0|10|1,79959,79959,79959,78971.29999999999,39619,3694.04,3694.04,987.7000000000116,39352.29999999999,35924.96
2025|1911|3|0|71|1,0,87409382.55,87409382.55,87409382.55,87409382.55,87409382.55,87409382.55,0,0,0
2025|1911|3|0|25|1,0,9000000,9000000,9000000,8973018.66,8973018.66,8973018.66,0,26981.33999999985,0
2025|1911|3|0|51|1,2000000,2000000,2000000,1000000,740148.89,740148.89,740148.89,1000000,259851.11,0
2025|1911|3|0|10|1,890765071,970765071,970765071,962019621.94,961999621.94,878304701.31,878304701.3100001,8745449.059999943,20000,83694920.63000011
2025|1911|5|0|10|1,0,160000000,160000000,160000000,152142173.39,152142173.39,152142173.39,0,7857826.610000014,0
2025|1915|5|0|61|2,110000,110000,110000,110000,20700.059999999998,20700.059999999998,20700.06,0,89299.94,0
2025|1915|5|0|10|1,9000,20034000,20034000,20025000,20022302.5,20022302.5,20022302.5,9000,2697.5,0
2025|1915|5|0|80|1,110000000,70000000,70000000,0,0,0,0,70000000,0,0
2025|1916|2|0|11|1,289215634,289215634,289215634,289215634,289215634,289215634,289215634,0,0,0
2025|1916|2|0|19|1,504269510,504269510,504263510.22,504263510.22,504263510.22,504263510.22,504263510.22,5999.77999997139,0,0
2025|1916|2|0|10|1,1436201000,2969893371,2637371872.9300003,2967371872.5399995,2627177453.2599998,2627177453.26,2569561193.6499996,2521498.460000515,340194419.27999973,-4.76837158203125e-07
2025|1916|5|0|10|1,1000,1000,0,0,0,0,0,1000,0,0
2025|1916|6|0|10|1,5331501222,3305005751.62,3164937337.2499995,3164937336.8799996,3150065033.5800004,3150065033.58,3134821993.95,140068414.74000025,14872303.299999237,4.76837158203125e-07
2025|1941|1|0|10|1,209392623,198672333,192183872.69776553,191999471.16999993,191999471.17000002,191999471.17000002,191999471.17000002,6672861.830000073,-8.940696716308594e-08,0
2025|1941|3|0|94|1,0,20000,20000,20000,20000,3277.95,3277.95,0,0,16722.05
2025|1941|3|0|52|2,0,35000,35000,35000,35000,16806.64,16806.64,0,0,18193.36
2025|1941|3|0|91|2,0,120000,120000,120000,120000,77879.13,77879.13,0,0,42120.869999999995
2025|1941|3|0|60|2,0,677173.36,677173.36,677173.36,677173.36,365784.44999999995,365784.44999999995,0,0,311388.91000000003
2025|1941|3|0|10|1,2453208,3313129.12,3819913.4799999995,1685015.2,1684005.6800000002,805542.2100000001,805542.21,1628113.9200000002,1009.5199999997858,878463.4700000001
2025|1951|3|0|97|1,100000000,0,0,0,0,0,0,0,0,0
2025|1951|3|0|10|3,7000000,1385884.05,1421884.0500000005,0,0,0,0,1385884.05,0,0
2025|1951|3|0|71|3,13498418,6660908.39,6660908.390000001,0,0,0,0,6660908.39,0,0
2025|1951|3|0|98|1,0,65313168.4,0,0,0,0,0,65313168.4,0,0
2025|1951|4|0|10|3,11702339,10948935.25,10948935.249999998,0,0,0,0,10948935.25,0,0
2025|1991|3|0|15|8,15035000,15035000,0,0,0,0,0,15035000,0,0
2025|1991|9|0|10|1,1038063607,495268934.21,0,0,0,0,0,495268934.21,0,0
2025|2011|1|0|60|9,8918214,8918214,8918214,8918214,5289634.119999999,5289522.22,5289522.220000001,0,3628579.880000001,111.8999999994412
2025|2011|1|0|10|9,132252532,189594799.1,132252532,189594799.1,166988691.14999995,166988691.14999998,166988691.14999992,0,22606107.950000048,-2.9802322387695312e-08
2025|2011|1|0|49|1,280522232,281669439,279258135.6250003,279775545.1200002,279775545.12,279724495.35,279724495.35,1893893.8799998164,1.7881393432617188e-07,51049.76999998093
2025|2011|1|0|57|2,9326709,9326709,6744391.250212285,6731077.6,6731077.6,6731077.6,6731077.6,2595631.4000000004,0,0
2025|2011|3|0|60|9,100000,100000,100000,100000,33500.619999999995,33500.619999999995,33500.619999999995,0,66499.38,0
2025|2011|3|0|60|1,120624817,120524817,120524817,120524817,114205516.99999999,114054461.18,114054461.18000002,0,6319300.000000015,151055.81999997795
2025|2011|3|0|50|1,873320096,1291917123,1291917123,1291917122.9999995,1171287009.9899998,969659615.8099996,969604965.9500009,4.76837158203125e-07,120630113.00999975,201627394.1800002
2025|2011|3|0|49|7,36867572,35720365,34184943.465,33860390.86,33860390.86,33860390.86,33860390.86,1859974.1400000006,0,0
2025|2011|3|0|10|9,2352071,2352071,2352071,0,0,0,0,2352071,0,0
2025|2011|3|0|49|1,131668769,279653410,279653410,275490754.15,228873349.45000005,200540437.6600001,200500156.45000005,4162655.850000024,46617404.69999993,28332911.78999996
2025|2011|3|0|10|1,7879430,44425160.18,44425160.18000001,29344559.349999994,28768086.299999997,21549557.77,21549557.770000003,15080600.830000006,576473.049999997,7218528.5299999975
2025|2011|4|0|10|1,560693,3855557,3855557,3829042,3238464,2273003.6,2273003.6,26515,590578,965460.3999999999
2025|2011|4|0|47|1,80000,80000,80000,0,0,0,0,80000,0,0
2025|2011|4|0|50|1,32186752,50542152,50542152,49042151.99999999,27636064.03,11193385.58,11193385.579999998,1500000.0000000075,21406087.96999999,16442678.450000001
2025|2041|1|0|60|1,2082400,2300972,2295545.9828708097,2294741.15,2294741.1499999994,2294741.1499999994,2294741.15,6230.850000000093,4.656612873077393e-10,0
2025|2041|3|0|60|7,364938,352934,350840.33999999997,352658.63999999996,352658.64,352658.64,352658.64,275.36000000004424,-5.820766091346741e-11,0
2025|2041|3|0|60|9,1000,1000,1000,0,0,0,0,1000,0,0
2025|2041|3|0|60|1,2374097,2475219.79,2475219.79,466779.98,254161.82999999996,217688.97,215996.58,2008439.81,212618.15000000002,36472.85999999996
2025|2041|4|0|60|1,29520,29520,29520,0,0,0,0,29520,0,0
2025|2061|1|0|10|9,457299,984554.01,984554.0100000001,984554.0100000001,968685.23,968685.23,968685.23,-1.1641532182693481e-10,15868.780000000144,0
2025|2061|1|0|10|1,52260317,51796116,49030873.991785124,49059629.16000002,49059629.16,49059629.16,49059629.16,2736486.839999981,2.2351741790771484e-08,0
2025|2061|3|0|10|3,0,7507.6,7507.6,7507.6,0,0,0,0,7507.6,0
2025|2061|3|0|10|9,0,57299,57299,57299,35.4,35.4,35.4,0,57263.6,0
2025|2061|3|0|47|1,10000,10000,10000,0,0,0,0,10000,0,0
2025|2061|3|0|10|7,3587574,3985425,3685963.5474999994,3653772.1899999995,3653772.1900000004,3653772.1900000004,3653772.19,331652.8100000005,-9.313225746154785e-10,0
2025|2061|3|0|60|1,2807600,5995279.930000001,5995279.930000001,5373075.369999998,4416177.64,3638530.49,3626625.389999999,622204.5600000024,956897.7299999986,777647.1499999994
2025|2061|3|0|24|1,653641,1021513.4,1021513.4,367872.4,39800.58999999998,39800.59,39800.59,653641,328071.81000000006,-1.4551915228366852e-11
2025|2061|3|0|10|1,14944788,14340742.540000001,12551425.170000002,11604671.420000007,10498970.189999998,9903068.19,9894870.190000005,2736071.1199999936,1105701.2300000098,595901.9999999981
2025|2061|4|0|10|1,12000,2182000,1282000,2174935.6,2169563.2199999997,1062384,1062384,7064.399999999907,5372.380000000354,1107179.2199999997
2025|2061|4|0|24|1,24597,24597,24597,0,0,0,0,24597,0,0
2025|2071|1|0|60|9,90543,51498.82,51498.82,27392.23,27392.23,27392.23,27392.23,24106.59,0,0
2025|2071|1|0|10|1,10460634,10460634,9901712.46147199,9797494.790000003,9797494.79,9792591.2,9792591.199999997,663139.2099999972,3.725290298461914e-09,4903.589999999851
2025|2071|3|0|10|8,500000,0,0,0,0,0,0,0,0,0
2025|2071|3|0|10|3,2550013,62100,3459313,62100,62100,0,0,0,0,62100
2025|2071|3|0|60|9,0,39044.18,39044.18,39044.18,32263.17,32263.17,32263.17,0,6781.010000000002,0
2025|2071|3|0|10|7,1434136,1434136,1298298.33,1295298.34,1295298.34,1295298.34,1295298.34,138837.65999999992,0,0
2025|2071|3|0|69|1,215000,215000,1614024.09,0,0,0,0,215000,0,0
2025|2071|3|0|68|1,295357,6563585.93,8280827.1899999995,6268228.930000001,6268228.93,6059772.88,6032603.78,295356.99999999907,9.313225746154785e-10,208456.0499999998
2025|2071|3|1|10|1,48626809,54230014.19,43359055.730000004,51460956.45,51460956.449999996,50671759.33,49586330.75,2769057.7399999946,7.450580596923828e-09,789197.1199999973
2025|2071|3|0|24|1,5525015,6065198.529999999,6065198.529999999,540183.53,540183.53,540183.53,540183.53,5525014.999999999,0,0
2025|2071|3|0|10|1,358820206,392802360.23999995,385268805.66999996,383685871.96000004,383685871.9599997,382790740.07000005,380480733.49000007,9116488.279999912,3.5762786865234375e-07,895131.8899996281
2025|2071|4|0|10|3,1600000,0,1600000,0,0,0,0,0,0,0
2025|2071|4|0|47|1,11000,11000,11000,0,0,0,0,11000,0,0
2025|2071|4|0|68|1,203713,5265058.38,5265058.38,5061345.38,5061345.38,4788564.22,4767836.77,203713,0,272781.16000000015
2025|2071|4|0|10|1,90870481,96626178.26,92974271.09,96018453.59000002,96018453.59,93923347.75999999,93792300.66,607724.6699999869,1.4901161193847656e-08,2095105.830000013
2025|2071|4|1|10|1,27247570,32540553.240000002,33116982.79,31033959.960000005,31033959.96,30653678.46,30314178.46,1506593.2799999975,3.725290298461914e-09,380281.5
2025|2071|4|0|24|1,3200000,3200000,3200000,0,0,0,0,3200000,0,0
2025|2071|5|0|10|1,350000,319500,319500,319500,319500,135000,135000,0,0,184500
2025|2091|1|0|60|9,1304420,1504420,1504420,1500000,1418534.8600000003,1418534.8600000003,1418534.8600000003,4420,81465.13999999966,0
2025|2091|1|0|72|1,12500010,10162201,3417632.78354984,3413367.25,3413367.25,3413367.25,3413367.250000001,6748833.75,0,0
2025|2091|1|0|52|1,16492440,16492440,4860201.579999999,4860201.58,4860201.58,4860201.58,4860201.579999999,11632238.42,0,0
2025|2091|1|0|60|1,10900741,58900741,40240689.55705062,40242778.02,40242778.02,40242778.02,40242778.019999996,18657962.979999997,0,0
2025|2091|3|0|10|8,3000,3000,3000,0,0,0,0,3000,0,0
2025|2091|3|0|52|1,531428,496428,330536.7341976088,445537,361906.54000000004,350574.13,350574.13,50891,83630.45999999996,11332.410000000033
2025|2091|3|0|60|9,0,500000,500000,389922.4,316044.92,316044.92,316044.92,110077.59999999998,73877.48000000004,0
2025|2091|3|0|45|1,224000,224000,224000,0,0,0,0,224000,0,0
2025|2091|3|0|72|7,7701932,10039741,9072618.13,8940351.629999999,8940351.63,8940351.63,8940351.629999999,1099389.370000001,-1.862645149230957e-09,0
2025|2091|3|0|72|1,18538173,18538173,15381268.451602638,17098134,16061918.44,14589546.88,14588095.820000002,1440039,1036215.5600000005,1472371.5599999987
2025|2091|3|0|9|1,2971000,6271000,6326937.08,0,0,0,0,6271000,0,0
2025|2091|4|0|60|1,17287,17287,11890.667266448252,6914,6130.639999999999,2611.6400000000003,2611.6400000000003,10373,783.3600000000006,3518.999999999999
2025|2091|4|0|72|1,2096140,2096140,2095774.1469333186,837284,495,495,495,1258856,836789,0
2025|2101|1|0|60|9,2741667,2441667,2441667,2355000,2146363.24,2146363.2399999998,2146363.24,86667,208636.75999999978,4.656612873077393e-10
2025|2101|1|0|26|1,100222000,107601052,107333766.4302452,107394167.77000003,107394167.77000001,107394167.77000001,107394167.77000001,206884.22999997437,1.4901161193847656e-08,0
2025|2101|1|0|72|1,4170057,26434881,9909413.300000003,9982833.050000003,9982833.049999999,9982833.049999999,9982833.05,16452047.949999997,3.725290298461914e-09,0
2025|2101|1|0|91|1,20421000,20421000,0,0,0,0,0,20421000,0,0
2025|2101|3|0|91|1,0,15000,15000,15000,10194.43,10194.43,10194.43,0,4805.57,0
2025|2101|3|0|68|1,3500,3500,99821.86,0,0,0,0,3500,0,0
2025|2101|3|0|74|1,7500,7500,7500,0,0,0,0,7500,0,0
2025|2101|3|0|26|1,0,30000,30000,20000,17000,11403.51,11403.51,10000,3000,5596.49
2025|2101|3|0|72|3,10385,10385,10385,0,0,0,0,10385,0,0
2025|2101|3|0|10|8,1205000,345000,345000,320528,320528,320528,320528,24472,0,0
2025|2101|3|0|60|9,77111,577111,377111,527111,424844.64,424844.64,424844.64,50000,102266.35999999999,0
2025|2101|3|0|69|1,74000,74000,74000,0,0,0,0,74000,0,0
2025|2101|3|0|72|1,69209908,68932108,68917108,68577889.53000002,67352469.39999999,57496993.17999999,57142039.95000002,354218.4699999839,1225420.130000025,9855476.219999999
2025|2101|3|0|24|1,552090,552090,552090,0,0,0,0,552090,0,0
2025|2101|3|0|9|1,832694,850082.63,850082.63,17388.63,1258,1258,1258,832694,16130.630000000001,0
2025|2101|3|0|61|1,5156224,5146224,3996224,3566622.32,3349906.3799999994,2982578.2800000003,2977979.4900000016,1579601.6800000002,216715.9400000004,367328.09999999916
2025|2101|3|0|72|7,20368309,21031285,19362996.925,19150765.349999998,19150765.35,19150765.35,19150765.35,1880519.6500000022,-3.725290298461914e-09,0
2025|2101|3|0|95|1,0,7253418.53,7253418.53,4505230.51,4505230.51,3125058.5300000003,3125058.53,2748188.0200000005,0,1380171.9799999995
2025|2101|3|0|80|1,200149234,165725455.61,165725455.60999998,0,0,0,0,165725455.61,0,0
2025|2101|4|0|72|3,10000,10000,10000,0,0,0,0,10000,0,0
2025|2101|4|0|10|8,1000000,568226.4,568226.4,556871.9299999999,553698.27,553698.27,553698.27,11354.470000000088,3173.659999999916,0
2025|2101|4|0|95|1,0,554985.82,554985.82,527092.08,526403.28,12628.5,12628.5,27893.73999999999,688.7999999999302,513774.78
2025|2101|4|0|72|1,76004,226004,226004,167101.25,144368.13,81025.55,81025.55,58902.74999999997,22733.120000000024,63342.58
2025|2101|4|0|24|1,517132,517132,517132,0,0,0,0,517132,0,0
2025|2101|4|0|9|1,0,1974483.91,2100727.5700000003,1056000,934473.38,731226.94,730178.08,918483.9099999999,121526.62,203246.44000000006
2025|2101|4|0|61|1,1500000,1510000,1510000,397730.99,397697.99,339908.56,216089.03000000003,1112269.01,33,57789.42999999999
2025|2101|5|0|61|1,16150000,16150000,0,0,0,0,0,16150000,0,0
2025|2121|1|0|10|1,0,92485761.38,92485761.38,92485761.38,92485761.38,92485761.38,92485761.38,0,0,0
2025|2121|1|0|50|9,0,25500000,22000000,25500000,25499690.669999994,25499690.669999994,25499690.669999994,0,309.33000000566244,0
2025|2121|1|0|49|9,16626371,8426207.89,8426207.89,8426207.89,8423662.849999998,8423662.849999998,8423662.849999998,0,2545.040000002831,0
2025|2121|1|0|57|2,110652,110652,59278.555745127116,59163.030000000006,59163.03,59163.03,59163.03,51488.969999999994,7.275957614183426e-12,0
2025|2121|1|0|50|1,954163826,914107679.32,862341165.8711886,876065711.2700001,876065711.2699999,876065711.2699999,876065711.2700001,38041968.04999995,2.384185791015625e-07,0
2025|2121|1|0|49|1,1307526464,1310766947.23,1151326812.4400003,1137557857.3199997,1137089931.24,1137089931.24,1137089891.529999,173209089.91000032,467926.0799996853,0
2025|2121|3|0|49|9,355705,13555868.11,13555868.11,13555868.11,13555831.889999999,13555831.889999999,13495416.689999998,0,36.22000000067055,0
2025|2121|3|0|50|9,0,1500000,5000000,1500000,1499948.7099999995,1499948.7099999995,755271.7299999997,0,51.290000000502914,0
2025|2121|3|0|10|1,0,67686225,67686225,67686225,67684145.99999993,67503714.56999992,67500775.02999991,0,2079.000000074506,180431.43000000715
2025|2121|3|0|50|1,3046600,35006750.370000005,3046600,35006750.36999999,35001868.04999999,34960149.889999986,32704923.389999997,1.4901161193847656e-08,4882.320000000298,41718.160000003874
2025|2121|3|0|60|1,96759008,96616392.38,96616392.38,96479527.43000002,93337884.48999985,83097962.86999992,82723776.52000044,136864.94999997318,3141642.9400001764,10239921.61999993
2025|2121|3|0|50|7,3030730,3051062,2715623.470000001,2720728.2300000004,2720728.23,2720728.23,2720728.2300000004,330333.76999999955,4.656612873077393e-10,0
2025|2121|3|0|49|1,872383563,980918639.03,970918639.03,947931885.2799996,947826589.3399994,907893164.3399992,890900821.3700008,32986753.750000358,105295.94000017643,39933425.00000024
2025|2121|4|0|60|1,0,92615.62,92615.62,92615.62,92615.62000000001,25600.91,0,0,-1.4551915228366852e-11,67014.71
2025|2121|4|0|47|1,8000,723089,723089,723089,721733.7,2957.7,2957.7,0,1355.3000000000466,718776
2025|2121|4|0|49|1,193607,271570.5,271570.5,271570.5,263221.32,263221.32,196206.61000000002,0,8349.179999999993,0
2025|2121|4|0|50|1,61978,61978,61978,61977.99999999999,61978,61978,61978,7.275957614183426e-12,-7.275957614183426e-12,0
2025|2151|1|0|10|1,37216466,37300978,34426194.705822706,34325045.730000004,34325045.72999998,34325045.72999998,34325045.73,2975932.269999996,2.2351741790771484e-08,0
2025|2151|3|0|60|9,1000,1000,1000,753,752.67,752.67,752.67,247,0.3300000000000409,0
2025|2151|3|0|10|1,41608399,41608399,41608399,41568398.999999985,40195297.650000006,35530203.72,35529984.79,40000.0000000149,1373101.3499999791,4665093.930000007
2025|2151|3|0|60|1,242000,242000,242000,0,0,0,0,242000,0,0
2025|2151|3|0|10|4,300000,300000,300000,0,0,0,0,300000,0,0
2025|2151|3|0|10|7,7607335,7540823,6164554.059999999,6166097.5600000005,6166097.56,6166097.56,6166097.56,1374725.4399999995,9.313225746154785e-10,0
2025|2151|4|0|10|1,1623000,1623000,1623000,1185149.49,1063205.25,262894.25,262894.25,437850.51,121944.23999999999,800311
2025|2161|1|0|10|9,201914,153219.29,153219.29,48695.71,0,0,0,104523.58000000002,48695.71,0
2025|2161|1|0|10|1,3860595,4002678,3764587.8708230196,3765534.430000001,3765534.4299999997,3765534.4299999997,3765534.429999999,237143.5699999989,1.3969838619232178e-09,0
2025|2161|3|0|10|9,0,48694.71,48694.71,48694.71,0,0,0,0,48694.71,0
2025|2161|3|0|47|1,2000,2000,2000,0,0,0,0,2000,0,0
2025|2161|3|0|10|7,786071,755433,706801.6200000001,709766.12,709766.1199999999,709766.1199999999,709766.12,45666.880000000005,1.1641532182693481e-10,0
2025|2161|3|0|10|1,6237266,4281558.51,4281558.510000001,3362642.88,1878736.6599999997,1472539.2000000002,1440312.82,918915.6299999999,1483906.2200000002,406197.4599999995
2025|2161|4|0|10|1,77082,79111.83,79111.83,52681.23,2857.83,2857.83,2857.83,26430.6,49823.4,0
2025|2171|1|0|10|9,1000,1000,1000,0,0,0,0,1000,0,0
2025|2171|1|0|10|1,2388655,2450278,2443961.7415009793,2445588.0599999996,2445588.0599999996,2445588.0599999996,2445588.06,4689.94000000041,0,0
2025|2171|3|0|45|1,0,443.44,443.44,443.44,443.44,443.44,443.44,0,0,0
2025|2171|3|1|59|2,0,4700000,4700000,4700000,4700000,4680000,4620000,0,0,20000
2025|2171|3|1|10|1,1000,1000,1000,0,0,0,0,1000,0,0
2025|2171|3|0|60|1,800000,800000,800000,798999.6699999998,567516.82,395274.5999999999,393742.16,1000.3300000001909,231482.84999999986,172242.22000000003
2025|2171|3|0|10|7,634738,586946,581999.99,574274.99,574274.99,574274.99,574274.99,12671.01000000001,0,0
2025|2171|3|0|10|1,1216820,1216820,1216820,1193756.4899999998,1151925.31,1130309.31,1129679.77,23063.510000000242,41831.1799999997,21616
2025|2171|3|0|24|1,287905,287905,287905,0,0,0,0,287905,0,0
2025|2171|3|0|59|1,0,1682081.48,0,0,0,0,0,1682081.48,0,0
2025|2171|4|0|10|1,31680,31680,31680,31680,0,0,0,0,31680,0
2025|2171|4|0|68|1,1552000,1552000,1552000,0,0,0,0,1552000,0,0
2025|2171|4|0|24|1,3100000,3100000,3100000,0,0,0,0,3100000,0,0
2025|2181|1|0|60|9,0,1550181.6,1550181.6,1550181.6,1550181.6,1550181.6,1550181.6,0,0,0
2025|2181|1|0|10|9,73293,668091.51,668091.51,667091.51,579568.3999999999,579568.3999999999,291327.97,1000,87523.1100000001,0
2025|2181|1|0|10|1,21829227,22719279,22099531.457473654,22054798.99999999,22054799,22054799,22054798.999999993,664480.0000000112,-1.1175870895385742e-08,0
2025|2181|3|1|59|2,0,7150000,7150000,7150000,7150000,7150000,7150000,0,0,0
2025|2181|3|1|10|1,1000,1000,1000,0,0,0,0,1000,0,0
2025|2181|3|0|47|1,2000,2000,2000,0,0,0,0,2000,0,0
2025|2181|3|0|10|9,0,393436.1,393436.1,373436.1,329957.56,329957.56,329957.55999999994,20000,43478.53999999998,0
2025|2181|3|0|10|1,26329856,26308393.81,25842692.54,25865314.48,25053860.919999994,23498579.389999997,22912798.12999999,443079.3299999982,811453.5600000061,1555281.5299999975
2025|2181|3|0|60|1,3150000,3150000,2498054.2115,2498053.77,1941243.7299999997,1222619.2800000003,1192605.24,651946.23,556810.0400000003,718624.4499999995
2025|2181|3|0|10|7,4920443,5601573,4586057.404999999,4546601.920000002,4546601.92,4546601.92,4546601.92,1054971.0799999982,1.862645149230957e-09,0
2025|2181|4|0|47|1,0,2000,2000,2000,1778,1778,1778,0,222,0
2025|2181|4|0|10|1,0,10000,10000,10000,9561.8,6482.8,6482.8,0,438.2000000000007,3078.999999999999
2025|2201|1|0|10|9,382495,898470.43,767855.88,898470.43,898470.4299999999,898470.4299999999,885185.96,0,1.1641532182693481e-10,0
2025|2201|1|0|95|1,0,12562.02,0,0,0,0,0,12562.02,0,0
2025|2201|1|0|10|1,10014752,10246026,10141638.123554824,10130879.530000005,10130879.53,10130879.53,10130879.529999997,115146.46999999508,5.587935447692871e-09,0
2025|2201|3|0|10|9,55571,0,0,0,0,0,0,0,0,0
2025|2201|3|0|10|8,600000,100000,100000,100000,100000,0,0,0,0,100000
2025|2201|3|0|15|1,0,28658.76,28658.76,28658.76,28658.75,28658.75,28658.75,0,0.00999999999839929,0
2025|2201|3|0|59|2,0,3600000,3600000,3600000,3520000,3520000,3400000,0,80000,0
2025|2201|3|0|60|2,0,850.7,850.7,0,0,0,0,850.7,0,0
2025|2201|3|0|60|1,10680,80723.02,80723.02,78043.02,63943.969999999994,63943.97,63943.97,2680,14099.05000000001,-7.275957614183426e-12
2025|2201|3|0|10|3,0,7000,7000,0,0,0,0,7000,0,0
2025|2201|3|0|95|1,0,8016.82,8016.82,545,545,545,545,7471.82,0,0
2025|2201|3|0|10|7,1518684,1518684,1427782.65,1430114.15,1430114.15,1430114.15,1430114.15,88569.8500000001,0,0
2025|2201|3|0|9|1,180536,181663.72,181663.72,1127.72,1127.72,1127.72,1127.72,180536,0,0
2025|2201|3|0|24|1,345000,345000,345000,0,0,0,0,345000,0,0
2025|2201|3|0|1|1,561131,561131,561131,0,0,0,0,561131,0,0
2025|2201|3|0|10|1,7819219,7775067.86,6958539.86,6904036.369999998,6115739.319999999,5561279.62,4929585.980000001,871031.4900000021,788297.0499999989,554459.6999999993
2025|2201|3|0|45|1,1057792,887557.38,887557.38,0,0,0,0,887557.38,0,0
2025|2201|4|0|59|2,0,4500000,4500000,4500000,4500000,4500000,4500000,0,0,0
2025|2201|4|0|10|8,0,70000,70000,70000,70000,0,0,0,0,70000
2025|2201|4|0|15|1,0,250000,250000,250000,248000,0,0,0,2000,248000
2025|2201|4|0|45|1,0,170234.62,170234.62,170234.62,158808.25,158808.25,158808.25,0,11426.369999999995,0
2025|2201|4|0|95|1,0,228100,228100,52321.229999999996,52321.229999999996,47949.979999999996,47949.979999999996,175778.77000000002,0,4371.25
2025|2201|4|0|1|1,250000,250000,250000,0,0,0,0,250000,0,0
2025|2201|4|0|9|1,980000,2001971.41,2001971.41,1106224.9000000001,980000,980000,980000,895746.5099999998,126224.90000000014,0
2025|2201|4|0|24|1,2709813,2709813,2934738.6,60563.5,60563.5,0,0,2649249.5,0,60563.5
2025|2211|1|0|10|9,1000,115827.12999999999,115827.13,109473.17,99206.19999999998,99206.19999999998,99206.19999999998,6353.959999999992,10266.970000000016,0
2025|2211|1|0|10|1,6658578,7689578,6335389.719578954,6393260.67,6393260.67,6393260.67,6393260.670000001,1296317.33,0,0
2025|2211|3|0|60|2,0,550000,550000,550000,546823.0599999999,498562.43,498255.17,0,3176.9400000000605,48260.62999999995
2025|2211|3|0|60|1,3830000,3830000,3830000,3829999.4499999997,3829474.92,3741006.8,3741006.8,0.5500000002793968,524.5299999997951,88468.12000000011
2025|2211|3|0|10|1,2952945,3844984.12,3844984.12,3844960.2399999998,3728090.6700000004,3154152.56,3121361.1799999997,23.880000000353903,116869.56999999937,573938.1100000003
2025|2211|3|0|10|7,2241547,2241547,1786347.75,1779472.25,1779472.25,1779472.25,1779472.25,462074.75,0,0
2025|2241|1|0|60|1,1365349,1365349,1309125.18,1309125.18,1309125.18,1309125.18,1309125.1800000002,56223.820000000065,0,0
2025|2241|1|0|91|9,0,1190000,1190000,1040720,1040405.1399999999,1040405.1399999999,1040405.1399999999,149280,314.86000000010245,0
2025|2241|1|0|72|1,26659059,26267343,24130027.68803433,24174375.090000004,24174375.089999996,24174375.089999996,24174375.09,2092967.9099999964,7.450580596923828e-09,0
2025|2241|1|0|91|1,0,13144400.86,0,0,0,0,0,13144400.86,0,0
2025|2241|3|0|91|9,1000,101000,101000,101000,100984.31,100984.31,89656.83,0,15.690000000002328,0
2025|2241|3|0|31|3,0,15000,15000,15000,0,0,0,0,15000,0
2025|2241|3|0|60|3,0,180000,180000,180000,0,0,0,0,180000,0
2025|2241|3|0|10|8,5000,5000,5000,0,0,0,0,5000,0,0
2025|2241|3|0|72|3,105000,550000,550000,445000,0,0,0,105000,445000,0
2025|2241|3|0|95|1,0,1747130.63,1747130.63,1260000,1250000,828314.69,828314.69,487130.6299999999,10000,421685.31000000006
2025|2241|3|0|72|7,4109869,4501585,4021433.0125,3973492.21,3973492.21,3973492.21,3973492.21,528092.79,0,0
2025|2241|3|0|61|1,123569205,155754777.94,155754777.94,151781610.17000002,150308437.85000002,140720063.24,140720063.24,3973167.769999981,1473172.3199999928,9588374.610000014
2025|2241|3|0|72|1,17649764,17129963,13456161.092567801,12659962,12018381.129999997,9372832.209999995,9365944.649999999,4470001,641580.8700000029,2645548.920000002
2025|2241|3|0|73|1,4555700,9404722.87,9404722.87,4849022.87,472339.42,413262.89999999997,412962.89999999997,4555699.999999999,4376683.45,59076.52000000002
2025|2241|3|0|24|1,4629453,5733129.32,5733129.32,1103676.32,551716.44,551716.44,551716.44,4629453,551959.8800000001,0
2025|2241|3|0|80|1,0,9193000,9193000,0,0,0,0,9193000,0,0
2025|2241|4|0|72|1,136555,656356,627932.0494321962,608130,0,0,0,48226,608130,0
2025|2241|4|0|73|1,191700,691700,691700,500000,57806.08,38242,38242,191700,442193.92,19564.08
2025|2251|1|0|60|9,451532,4448673.779999999,3391348,4448673.779999999,3308226.7300000004,3308226.7300000004,3090555.46,0,1140447.0499999989,0
2025|2251|1|0|60|1,16154634,17104516,17065788.88318959,17080848.15,17080848.150000002,17080848.150000002,17080848.15,23667.85000000149,-3.725290298461914e-09,0
2025|2251|3|0|60|7,4504931,4370248,4340603.015,4286967.289999999,4286967.29,4286967.29,4286967.29,83280.7100000009,-9.313225746154785e-10,0
2025|2251|3|0|60|9,802080,802080,802080,361142,285679.33999999997,285679.33999999997,285679.33999999997,440938,75462.66000000003,0
2025|2251|3|0|60|1,8568513,9408162.3,9408162.3,8948161.9,8468217.700000001,6897319.99,6760302.38,460000.4000000004,479944.19999999925,1570897.710000001
2025|2251|4|0|60|1,8551488,8551488,7301488,7761487,7675260.859999999,6900696.97,6039718.089999999,790001,86226.1400000006,774563.8899999997
2025|2261|1|0|57|2,13849,28849,18111.771630426283,18105.72,18105.72,18105.72,18105.72,10743.279999999999,0,0
2025|2261|1|0|10|1,95864443,98392734,97869381.46534988,97916222.07000002,97841114.85,97841114.85,97841114.85000001,476511.92999997735,75107.22000002861,0
2025|2261|1|0|60|9,8630047,8230047,8230047,7003138.84,5835615.6800000025,5835615.6800000025,5835615.6800000025,1226908.1600000001,1167523.1599999974,0
2025|2261|3|0|60|9,55782,455782,455782,415782,277021.65,277021.65,277021.64,40000,138760.34999999998,0
2025|2261|3|0|10|1,402000000,424374343.06,438921334.77,424096595.9399999,423750123.2399997,249428410.41000032,242056266.8900001,277747.120000124,346472.7000001669,174321712.8299994
2025|2261|3|0|10|7,14966097,14063345,13412374.125,13443689.580000002,13443689.579999998,13443689.579999998,13443689.58,619655.4199999981,3.725290298461914e-09,0
2025|2261|4|0|10|1,98000000,12055805.2,29650000,12055805.200000001,12045936.629999999,2619587.29,2609402.42,-1.862645149230957e-09,9868.57000000216,9426349.34
2025|2261|4|0|47|1,35500,35500,35500,0,0,0,0,35500,0,0
2025|2261|4|0|24|1,4031000,4031000,4045526.55,0,0,0,0,4031000,0,0
2025|2271|1|0|60|9,27787026,38787026,38787026,38787026,34799405.80999999,34799405.80999998,34794817.62999998,0,3987620.1900000125,7.450580596923828e-09
2025|2271|1|0|10|1,1255155649,1311548231,1306497487.9139016,1311386003.7900002,1311386003.7900002,1311079354.15,1311079354.1499999,162227.20999979973,0,306649.6400001049
2025|2271|1|0|57|2,31102717,30602717,24700694.355456017,24519406.900000002,24519406.9,24519406.9,24519406.9,6083310.099999998,3.725290298461914e-09,0
2025|2271|3|0|10|8,0,180000,180000,180000,179995.48,179995.48,179995.48,0,4.519999999989523,0
2025|2271|3|0|9|1,52500,52500,52500,0,0,0,0,52500,0,0
2025|2271|3|0|60|9,1356404,6356404,6356404,6280209.91,3414301.3099999996,3414301.3099999996,3414301.31,76194.08999999985,2865908.6000000006,0
2025|2271|3|0|10|1,681404254,790710700.3,786777629.45,790616968.8999997,788325459.1600007,707353863.96,703778283.9799994,93731.40000021458,2291509.739999056,80971595.20000064
2025|2271|3|0|95|1,0,27928393.93,23855685.87,27812505.48,24177619.89,12319064.48,11806323.9,115888.44999999925,3634885.59,11858555.41
2025|2271|3|0|10|3,558873,558873,558873,0,0,0,0,558873,0,0
2025|2271|3|0|10|7,182698450,186770934,185496268.14749998,185301455.37,185301455.37,185301455.37,185301455.37000003,1469478.6299999952,0,0
2025|2271|3|0|68|1,7589669,19745866.740000002,19866204.630000006,13830829.520000001,13289073.27,11705419.819999998,11393695.870000001,5915037.220000001,541756.2500000019,1583653.4500000011
2025|2271|3|0|70|1,56979825,70020906.55,68769652.77000001,28936752.539999995,23710256.06999999,13829811.34,13382720.15,41084154.010000005,5226496.470000006,9880444.72999999
2025|2271|4|0|10|8,0,360000,360000,360000,0,0,0,0,360000,0
2025|2271|4|0|70|1,0,1711437.3800000001,1711437.38,1711437.38,1662852.21,1241924.38,1241924.38,2.3283064365386963e-10,48585.169999999925,420927.8300000001
2025|2271|4|0|10|1,28000000,9438208.79,10171279.639999999,9436695.790000001,9355906,5865227.859999999,5840459.8,1512.9999999981374,80789.79000000097,3490678.1400000006
2025|2271|4|0|45|1,5542,5542,5542,0,0,0,0,5542,0,0
2025|2271|4|0|47|1,186829,186829,186829,0,0,0,0,186829,0,0
2025|2271|4|0|1|1,279927,279927,279927,0,0,0,0,279927,0,0
2025|2271|4|0|95|1,0,64899235.07000001,68971943.13000001,59485517.7,58363852.239999995,35819369.57,34413974.13,5413717.370000005,1121665.4600000083,22544482.669999994
2025|2271|4|0|24|1,153000000,153000000,153000000,0,0,0,0,153000000,0,0
2025|2281|1|0|10|9,0,44706.86,44706.86,44706.86,44706.86,44706.86,44706.86,0,0,0
2025|2281|1|0|60|9,1000,1000,1000,0,0,0,0,1000,0,0
2025|2281|1|0|10|1,2008908,2356096,2350773.2775360798,2341225.0700000003,2341225.07,2341225.07,2341225.07,14870.929999999702,4.656612873077393e-10,0
2025|2281|3|0|10|9,0,9214.25,9214.25,9214.25,9214.25,9214.25,9214.25,0,0,0
2025|2281|3|0|10|7,444189,440359,430924,436384,436384,436384,436384,3975,0,0
2025|2281|3|0|10|1,3618348,3613363.0300000003,3609348,3570687.7199999997,3347308.93,2888748.05,2888748.0500000003,42675.31000000052,223378.78999999957,458560.88000000035
2025|2281|3|0|36|1,325191,5354388.57,5807687.600000001,5029197.57,1104806.08,1094806.0799999998,1094806.08,325191,3924391.49,10000.000000000233
2025|2281|4|0|47|1,1000,1000,1000,0,0,0,0,1000,0,0
2025|2281|4|0|10|1,1239353,1239353,1239353,1051730,133472.03,44698.149999999994,44698.15,187623,918257.97,88773.88
2025|2301|1|0|10|9,27024653,86641752.5,86641752.5,86641752.5,78372216.39999998,78372216.39999998,78372216.39999998,0,8269536.100000024,0
2025|2301|1|0|10|1,127522669,134762580,134372709.97904542,133825543.76999995,133813966.76999998,133813966.76999998,133813966.76999998,937036.2300000489,11576.999999970198,0
2025|2301|3|0|91|1,4376003,4376003,4376003,4376003.000000002,4200781.73,2839256.9399999995,2839256.94,-1.862645149230957e-09,175221.27000000142,1361524.790000001
2025|2301|3|0|91|2,0,443550.86,443550.86,443550.86,443550.86,0,0,0,0,443550.86
2025|2301|3|0|69|1,0,249289.75,666660.1,249289.75,92349.75,92349.75,70437.17,0,156940,0
2025|2301|3|0|60|1,2197729,7287382.09,7287382.09,7287382.089999999,7285090.44,4464545.29,4464545.289999999,9.313225746154785e-10,2291.64999999851,2820545.1500000004
2025|2301|3|0|10|9,6313216,5280765.94,5280765.939999998,5280765.939999998,3641236.8899999997,3641236.8899999997,3641236.89,2.7939677238464355e-09,1639529.049999998,0
2025|2301|3|0|10|7,34655862,33938173,32474901.534999996,32180881.310000002,32180881.31,32180881.31,32180881.31,1757291.6899999976,3.725290298461914e-09,0
2025|2301|3|0|10|1,100915092,116329320.66000001,88239667.57000001,97613928.80999997,96692914.86,75905159.6,75897916.02000004,18715391.85000004,921013.9499999732,20787755.260000005
2025|2301|4|0|32|1,227804692,261983338.99,261983338.99,261983338.99000004,261983288.72,255910791.83999997,254669396.61000004,-2.9802322387695312e-08,50.27000004053116,6072496.880000025
2025|2301|4|0|51|1,74149366,120508398.46,120508398.46000001,120508398.46000001,120508398.46,116998883.68,116998883.68,-1.4901161193847656e-08,1.4901161193847656e-08,3509514.7799999863
2025|2301|4|0|10|0,0,23915166.47,0,23915166.47,23915166.47,0,0,0,0,23915166.47
2025|2301|4|0|54|2,0,12465174.33,12465174.33,12465174.33,12465174.329999998,3169282.9699999997,3169282.9699999997,0,1.862645149230957e-09,9295891.36
2025|2301|4|0|33|1,36352549,36352549,31656422.197428074,36352549,36352509,23846276.909999996,23846276.91,0,40,12506232.090000004
2025|2301|4|0|15|1,0,29533711.8,29533711.800000004,29533711.8,29495718.68,29495718.68,29495718.679999996,0,37993.12000000104,0
2025|2301|4|0|69|1,0,8123948.42,8123948.42,8123948.42,7646521.99,7646521.99,7646521.99,0,477426.4299999997,0
2025|2301|4|0|74|1,0,26789542.54,30416808.16,26789542.54,5380256.07,5380256.07,5380256.07,0,21409286.47,0
2025|2301|4|0|10|8,5000,5000,5000,0,0,0,0,5000,0,0
2025|2301|4|0|10|9,1954064,35813917.45,35813917.45,35785425.43,26259614.04,26259614.04,26259614.04,28492.02000000328,9525811.39,0
2025|2301|4|0|47|1,1115301,2230602,2230602,1115301,1086053.76,708859.5,708859.5,1115301,29247.23999999999,377194.26
2025|2301|4|0|10|3,3612000,3687695.85,3687695.85,75695.85,26996.370000000003,26996.37,26996.37,3612000,48699.48,3.637978807091713e-12
2025|2301|4|0|70|1,4002000,4682550.89,5430718.129999999,840550.89,840550.89,840550.89,0,3841999.9999999995,0,0
2025|2301|4|0|25|1,11730913,52318948.51,52318948.51,47366610.510000005,47366610.51,40377009.349999994,39525290.620000005,4952337.999999993,7.450580596923828e-09,6989601.160000004
2025|2301|4|0|68|1,8002000,9414539.21,10412952.549999999,1412539.21,1412539.21,1282772.5,1282772.5,8002000,0,129766.70999999996
2025|2301|4|0|83|2,28040838,98040838,83040838,78344711,78344690.88,31391510.939999998,29989944.5,19696127,20.12000000476837,46953179.94
2025|2301|4|0|95|1,211539750,497476085.18,491645809.8299999,422622565.11999995,421941776.7900001,189074928.34999996,187976953.92000002,74853520.06000006,680788.3299998641,232866848.44000012
2025|2301|4|0|80|1,200000000,334600000,334600000,159811527.91,159811527.91000003,124828482.05999999,119737955.72999999,174788472.09,-2.9802322387695312e-08,34983045.85000004
2025|2301|4|0|10|1,889170698,733181302.8700001,554284970.26622,551804044.19,551766974.6099999,467333540.14,464761667.7799999,181377258.68000007,37069.580000162125,84433434.46999991
2025|2311|1|0|60|9,2548849,3081898.17,2862460.39,3081898.17,3081898.1700000004,3081898.17,3081898.170000001,0,-4.656612873077393e-10,4.656612873077393e-10
2025|2311|1|0|57|2,780000,1680000,1523633.3213096603,1514735.3800000001,1514735.3800000001,1514735.3800000001,1514735.38,165264.61999999988,0,0
2025|2311|1|0|60|1,1788961,1788961,1477831.3392271134,1475600.1700000002,1475600.17,1475600.17,1475600.17,313360.82999999984,2.3283064365386963e-10,0
2025|2311|1|0|10|1,315790155,335346919,330514802.5063102,330065057.42000014,330065057.4200001,330065057.4200001,330065057.4200001,5281861.579999864,5.960464477539063e-08,0
2025|2311|3|0|60|3,0,233.2,233.2,233.2,233.2,233.2,233.2,0,0,0
2025|2311|3|0|10|8,2050000,2577860,2577860,2577860,2241239.2600000002,2176236.35,2158520.43,0,336620.73999999976,65002.91000000015
2025|2311|3|0|60|9,51519,541486.67,526519,541486.6699999999,541486.67,541486.67,541486.67,1.1641532182693481e-10,-1.1641532182693481e-10,0
2025|2311|3|0|10|3,180246,180246,180246,0,0,0,0,180246,0,0
2025|2311|3|0|1|1,698419,698419,698419,0,0,0,0,698419,0,0
2025|2311|3|0|60|1,8104286,10378160,8678160,9028160,9028144.71,7674900.7299999995,7674900.379999999,1350000,15.28999999910593,1353243.9800000014
2025|2311|3|0|10|7,40507790,44412559,42985450.7875,42693202.129999995,42693202.13,42693202.13,42693202.13,1719356.8700000048,-7.450580596923828e-09,0
2025|2311|3|0|10|1,111354395,111771532.53999999,108575807,109299637.19000001,108431521.19000003,86060451.61999999,85969170.79999998,2471895.349999979,868115.9999999851,22371069.570000038
2025|2311|3|0|24|1,3050400,3500299.68,3500299.68,449899.68,171227.18,137739.62000000002,137739.62,3050400,278672.5,33487.55999999997
2025|2311|3|0|70|1,39066186,54690212.13,62432357.74,25915257.27,21594882.030000005,19489509.46000001,19467891.009999998,28774954.860000003,4320375.239999995,2105372.5699999966
2025|2311|3|0|36|1,30627021,37443030.87,37443030.87,6816009.87,4181516.3200000003,1739691.7199999997,1739291.7200000002,30627020.999999996,2634493.55,2441824.6000000006
2025|2311|4|0|10|8,0,178900,178900,178900,18662.620000000003,9862.62,9862.62,0,160237.38,8800
2025|2311|4|0|10|1,796428,6705416.46,7627268,6705416.46,6138168.4,4996896.600000001,4996896.600000001,0,567248.0599999996,1141271.7999999998
2025|2311|4|0|70|1,2280744,5597903.78,5597903.78,5597903.779999999,1927813.29,1791221.3800000001,1791221.38,9.313225746154785e-10,3670090.4899999993,136591.90999999992
2025|2311|4|0|10|3,6025,6025,6025,6.84,0,0,0,6018.16,6.84,0
2025|2311|4|0|24|1,124300,124300,124300,0,0,0,0,124300,0,0
2025|2311|4|0|1|1,799299,799299,799299,54562.16,45375.47,0,0,744736.84,9186.690000000002,45375.47
2025|2311|4|0|36|1,7311390,7311390,7311390,0,0,0,0,7311390,0,0
2025|2321|1|0|60|9,1938171,6878171,6288171,6878171,6800762.379999999,6800762.379999999,6800762.379999999,0,77408.62000000104,0
2025|2321|1|0|57|2,727204,841204,649411.6558020577,647525.8200000001,647525.82,647525.82,647525.82,193678.17999999993,1.1641532182693481e-10,0
2025|2321|1|0|10|1,167551675,163894607,161557753.4940741,162131533.32,162131533.32,162131533.32,162090495.65,1763073.6800000072,0,0
2025|2321|3|0|60|9,0,560000,950000,560000,522445.65,522445.65,522445.65,0,37554.34999999998,0
2025|2321|3|0|10|3,80538,80538,80538,0,0,0,0,80538,0,0
2025|2321|3|0|70|1,208266,359339.06,359339.06,151073.06,151073.06,151073.06,151073.06,208266,0,0
2025|2321|3|0|24|1,968856,1503996.83,1503996.83,535140.83,535140.83,535140.83,535140.83,968856,0,0
2025|2321|3|0|10|7,26865649,26865649,25420259.79,25401516.55000001,25401516.549999997,25401516.549999997,25401516.55,1464132.4499999918,1.1175870895385742e-08,0
2025|2321|3|0|10|1,175770947,187259366.14,184466444.44,185020478.98999995,184984304.96000007,154267750.35000005,150890607.31999993,2238887.1500000358,36174.02999988198,30716554.610000014
2025|2321|4|0|10|8,751000,375500,375500,375500,0,0,0,0,375500,0
2025|2321|4|0|10|3,5214113,3597178.57,5214113,3597178.57,2396622.0100000002,1995571.7,1995571.7,0,1200556.5599999996,401050.3100000003
2025|2321|4|0|47|1,115000,115000,115000,0,0,0,0,115000,0,0
2025|2321|4|0|10|1,17419969,8548484.29,8724471.559999999,8385419.24,8385419.24,5248489.76,5133920.699999999,163065.04999999888,0,3136929.4800000004
2025|2321|4|0|1|1,338371,338371,338371,39690,39690,39690,39690,298681,0,0
2025|2321|4|0|24|1,7604933,7604933,7604933,2553564.9899999998,2553564.99,1854524.01,1852375.46,5051368.01,-4.656612873077393e-10,699040.9800000002
2025|2331|1|0|10|1,198964,399696.39,392093.04000000004,392093.04000000004,392093.04000000004,392093.04000000004,392093.04000000004,7603.349999999977,0,0
2025|2331|1|0|73|9,102255,222255,222255,141862.55,141862.55,141862.55,141862.55,80392.45000000001,0,0
2025|2331|1|0|73|1,13516045,13395416,12126437.379999995,13310279.540000005,13310279.54,13310279.54,13310279.54,85136.4599999953,5.587935447692871e-09,0
2025|2331|3|0|73|7,5461066,6719426.88,7557496.41,6719426.879999998,6719426.88,6719426.88,6719426.880000001,1.862645149230957e-09,-1.862645149230957e-09,0
2025|2331|3|0|73|1,17770634,21403075.12,21977462.68,15040250.46,14864840.169999998,13443289.330000002,13436958.82,6362824.66,175410.29000000283,1421550.8399999961
2025|2331|4|0|73|1,1150000,1225000,1225000,312268.13,311201.56,311201.56,311201.56,912731.87,1066.570000000007,0
2025|2351|1|0|10|9,4037512,9528976.040000001,3737512,9490474.84,3467499.93,3467499.93,3457133.21,38501.20000000112,6022974.91,0
2025|2351|1|0|60|9,1862000,1862000,1862000,0,0,0,0,1862000,0,0
2025|2351|1|0|10|1,243500634,260568377,254818551.24655995,252172147.01000005,252165244.76,252128179.35999998,252128179.35999995,8396229.98999995,6902.250000059605,37065.40000000596
2025|2351|3|0|10|1,137397618,121062183.35,120532232.25,121062183.35000005,115025229.89000005,95165030.72,95131041.61999997,-5.960464477539063e-08,6036953.460000008,19860199.170000046
2025|2351|3|0|60|9,0,26768.32,26768.32,26768.32,26768.32,26768.32,26768.32,0,0,0
2025|2351|3|0|97|1,0,30000,30000,30000,0,0,0,0,30000,0
2025|2351|3|0|10|9,0,300000,300000,300000,213648.03,213648.03,213648.03,0,86351.97,0
2025|2351|3|0|70|1,0,515075,515075,515075,397967.65,333183.05,312138.25,0,117107.34999999998,64784.600000000035
2025|2351|3|0|10|8,1820000,3008834,3008834,3008834,2684447.9499999997,2633760.3899999997,2630211.22,0,324386.0500000003,50687.560000000056
2025|2351|3|0|10|3,179781,199401.15,199401.15,26361.64,9402.82,9402.82,0,173039.51,16958.82,0
2025|2351|3|0|1|1,0,370000,370000,56066.65,118.8,118.8,118.8,313933.35,55947.85,0
2025|2351|3|0|3|1,1000000,1000000,1000000,0,0,0,0,1000000,0,0
2025|2351|3|0|10|7,32429651,38779900,37508274.05,37169357.360000014,37169357.36,37169357.36,37169357.36,1610542.6399999857,1.4901161193847656e-08,0
2025|2351|3|0|24|1,12846807,14607728.24,14838504.94,2456742.24,1181298.1099999999,1141159.98,167015.33,12150986,1275444.1300000004,40138.12999999989
2025|2351|4|0|70|1,0,122000,136550.27,122000,122000,122000,122000,0,0,0
2025|2351|4|0|15|1,0,150000,150000,150000,103530,0,0,0,46470,103530
2025|2351|4|0|97|1,0,100000,100000,100000,0,0,0,0,100000,0
2025|2351|4|0|10|8,821000,1001000,1001000,1000000,605199.23,0,0,1000,394800.77,605199.23
2025|2351|4|0|24|1,201500,403000,403000,201500,131205.9,131205.9,131205.9,201500,70294.1,0
2025|2351|4|0|10|1,4682250,19667684.65,20197635.75,19307684.65,18253745.73,6818783.37,6670766.42,360000,1053938.919999998,11434962.36
2025|2351|4|0|10|3,569820,559602.67,559602.67,4223.58,1425,1425,1425,555379.0900000001,2798.58,0
2025|2351|4|0|3|1,1140000,1140000,1140000,0,0,0,0,1140000,0,0
2025|2351|4|0|1|1,1633154,1263154,1365545.69,9035.04,2850,2850,2850,1254118.96,6185.040000000001,0
2025|2361|1|0|60|1,1241000,1241000,0,1241000,327866.02,327866.02,327866.02,0,913133.98,0
2025|2361|3|0|60|1,83859777,83859777,83859777,83859777,68137976.07000001,68137976.07000001,68137976.07000001,0,15721800.929999992,0
2025|2361|3|0|60|9,321836,321836,321836,321835.99999999994,0,0,0,5.820766091346741e-11,321835.99999999994,0
2025|2361|4|0|60|1,7237137,7237137,7237137,7237137.000000001,0,0,0,-9.313225746154785e-10,7237137.000000001,0
2025|2361|5|0|60|1,16854750,16854750,16854750,16854750,0,0,0,0,16854750,0
2025|2371|1|0|60|9,0,775365.98,775365.98,775365.98,774983.24,774983.24,774983.24,0,382.7399999999907,0
2025|2371|1|0|91|9,0,1562943.69,1562943.69,1562943.69,1561444.1499999992,1561444.1499999992,1561444.1499999992,0,1499.5400000007357,0
2025|2371|1|0|10|9,6633896,6333896,6333896,3048115.24,2892989.4799999986,2892989.4799999986,2892989.4799999986,3285780.76,155125.76000000164,0
2025|2371|1|0|91|1,37723800,88843482.76,83609826.94,83609826.94000001,83609826.94,83593130.73,83593130.73,5233655.819999993,1.4901161193847656e-08,16696.209999993443
2025|2371|1|0|60|1,11468870,11468870,0,776.23,776.23,0,0,11468093.77,0,776.23
2025|2371|1|0|10|1,175084245,183616996,139671270.44145346,139737660.92999995,139737660.92999998,139737660.92999998,139737660.93,43879335.07000005,-2.9802322387695312e-08,0
2025|2371|3|0|60|9,0,520687.56,520687.55999999994,520687.55999999994,512205.4700000001,512205.4700000001,512205.4700000001,5.820766091346741e-11,8482.089999999851,0
2025|2371|3|0|91|9,0,384928.83,384928.82999999996,384928.82999999996,356263.84,356263.84,356263.84,5.820766091346741e-11,28664.989999999932,0
2025|2371|3|1|91|1,1000,1000,1000,0,0,0,0,1000,0,0
2025|2371|3|0|10|9,77592,377592,377592,358695.33,354443.24999999994,354443.24999999994,354443.24999999994,18896.669999999984,4252.0800000000745,0
2025|2371|3|0|91|1,13992752,13429201.14,12673453.999999998,13338070,13334942.77,10224253.099999994,9853753.179999994,91131.1400000006,3127.230000000447,3110689.6700000055
2025|2371|3|0|91|3,101188,106868,106868,5680,1269.84,1269.84,1269.84,101188,4410.16,0
2025|2371|3|0|24|1,829672,954443.2,988203.1399999999,311305.16,202372.44,202372.44,202372.44,643138.04,108932.71999999997,0
2025|2371|3|0|1|1,951200,951200,951200,0,0,0,0,951200,0,0
2025|2371|3|0|60|1,8946826,8902307,8174435,7893121.589999999,7840680.9899999965,6795214.329999999,6651130.2299999995,1009185.4100000011,52440.60000000242,1045466.6599999974
2025|2371|3|0|10|7,31914469,31914469,30728786.180000003,30591599.05000001,30591599.05,30591599.05,30591599.05,1322869.9499999918,7.450580596923828e-09,0
2025|2371|3|1|95|1,0,6618507.38,6155480.4,4880255.7,4663009.000000001,2339437.19,2339437.19,1738251.6799999997,217246.69999999925,2323571.810000001
2025|2371|3|0|95|1,0,2054480.52,2054480.52,0,0,0,0,2054480.52,0,0
2025|2371|4|0|91|3,80062,80062,80062,0,0,0,0,80062,0,0
2025|2371|4|0|47|1,300000,300000,108067.3,108067.3,108067.3,108067.3,108067.3,191932.7,0,0
2025|2371|4|0|24|1,228232,228232,228232,0,0,0,0,228232,0,0
2025|2371|4|1|95|1,0,8060363.94,8060363.94,3769687.9999999995,3769688,3769688,3769688,4290675.940000001,-4.656612873077393e-10,0
2025|2421|1|0|71|1,8415298,8648698.7,8248083.297296251,8220510.339999999,8220510.339999999,8220510.339999999,8220510.340000001,428188.36000000034,0,0
2025|2421|3|0|71|3,0,477.98,477.98,477.98,0,0,0,0,477.98,0
2025|2421|3|0|15|1,0,7189151.47,7189151.47,7189151.47,7033050.970000001,2368930.79,2325011.07,0,156100.49999999907,4664120.180000001
2025|2421|3|0|10|3,0,9056216.049999999,9056216.05,9056216.049999999,8265364.03,7894762.790000001,7065256.529999999,0,790852.0199999986,370601.2399999993
2025|2421|3|0|10|9,1000,1000,1000,0,0,0,0,1000,0,0
2025|2421|3|0|71|1,6872012,9046746.98,9109291.78,9041846.920000002,8965798.819999997,5192241.409999999,5024052.050000001,4900.059999998659,76048.10000000522,3773557.4099999974
2025|2421|3|0|10|8,7391000,4244596.78,4244596.78,4232419.58,4232419.58,4061554.7199999997,4061554.7199999997,12177.200000000186,0,170864.86000000034
2025|2421|3|0|71|7,1614729,1917676.25,1880278.0700000003,1879284.98,1879284.98,1879284.98,1879284.9800000002,38391.27000000002,0,0
2025|2421|3|0|9|1,10256000,4026097.69,10791512.260000002,0,0,0,0,4026097.69,0,0
2025|2421|3|0|24|1,21122669,28485470.689999998,28485470.689999998,19944914.82,16715646.6,12952475.32,12952475.32,8540555.869999997,3229268.2200000007,3763171.2799999993
2025|2421|4|0|10|8,3910000,0,0,0,0,0,0,0,0,0
2025|2421|4|0|15|1,0,5525875.54,5525875.54,5525875.54,4419572.46,501592.76,501592.76,0,1106303.08,3917979.7
2025|2421|4|0|1|1,2000,2000,2000,0,0,0,0,2000,0,0
2025|2421|4|0|71|1,0,1807787.04,758342.24,1804378.7599999998,1733193.3399999999,7100,7100,3408.2800000002608,71185.41999999993,1726093.3399999999
2025|2421|4|0|10|4,160000,160000,160000,0,0,0,0,160000,0,0
2025|2421|4|0|9|1,3100000,2564487.74,2564487.7399999998,0,0,0,0,2564487.74,0,0
2025|2421|4|0|24|1,23937771,25937771,25937771,2000000,45801.52,45801.52,45801.52,23937771,1954198.48,0
2025|2431|1|0|10|9,1000,1000,1000,0,0,0,0,1000,0,0
2025|2431|1|0|10|1,4439010,4439010,4027740.6682291823,4024555.0600000005,4024555.0599999996,4024555.0599999996,4024555.0600000005,414454.9399999995,9.313225746154785e-10,0
2025|2431|3|0|10|1,337725,366430.86,366430.86,366430.86,336430.86,336430.86,336430.86,0,30000,0
2025|2431|3|0|60|1,1100000,2614625.94,2614625.94,2614625.94,1614013.2199999997,1460977.0799999998,1283639,0,1000612.7200000002,153036.1399999999
2025|2431|3|0|10|7,578444,578444,530454,530477,530477,530477,530477,47967,0,0
2025|2431|3|0|95|1,0,1893172.27,1893172.27,1404006.63,1404006.6300000001,1404006.6300000001,1404006.6300000001,489165.64000000013,-2.3283064365386963e-10,0
2025|2431|4|0|60|1,0,40000,40000,40000,22545,0,0,0,17455,22545
2025|2441|1|0|59|9,32087,48781.97,48781.97,21176.56,21176.559999999998,21176.559999999998,21176.559999999998,27605.41,3.637978807091713e-12,0
2025|2441|1|0|59|1,14653501,15014949,14979263.313683009,14964745.8,14964745.799999999,14964745.799999999,14964745.799999999,50203.199999999255,1.862645149230957e-09,0
2025|2441|3|0|59|7,1291779,1116787,1109983.435,1090421.34,1090421.3399999999,1090421.3399999999,1090421.34,26365.659999999916,2.3283064365386963e-10,0
2025|2441|3|0|59|1,3153714,5128647.33,5128647.33,3103988.7899999996,2935432.68,2617161.87,2607748.3100000005,2024658.5400000005,168556.1099999994,318270.81000000006
2025|2441|4|0|59|1,0,25066.67,25066.67,19700,19700,0,0,5366.669999999998,0,19700
2025|2461|1|0|10|9,1000,1000,1000,0,0,0,0,1000,0,0
2025|2461|1|0|10|1,1948289,1928350,1821261.5640130413,1816031.6199999999,1816031.62,1816031.62,1816031.62,112318.38000000012,-2.3283064365386963e-10,0
2025|2461|3|0|10|7,251163,271102,262659.5,263237,263237,263237,263237,7865,0,0
2025|2461|3|0|60|1,60000,60000,60000,38497.08,18758.5,18758.5,18758.5,21502.92,19738.58,0
2025|2461|3|1|32|1,2430568,2230568,2230568,2202511.4800000004,1616977.1600000001,1277723.97,1259781.8699999996,28056.519999999553,585534.3200000003,339253.1900000002
2025|2461|3|0|32|1,458892,458892,458892,423712.35000000003,349886.78,148113.29,148113.29,35179.649999999965,73825.57,201773.49000000002
2025|2461|3|0|10|1,416010,583593.06,583593.06,530922.3800000001,492574.07,366003.64,198420.58000000002,52670.679999999935,38348.310000000114,126570.43
2025|2461|3|1|10|3,96325,96325,96325,0,0,0,0,96325,0,0
2025|2461|3|1|24|1,3433022,3433022,3433022,0,0,0,0,3433022,0,0
2025|2461|4|0|10|1,100100,100100,100100,100100,84826.98000000001,13764,13764,0,15273.01999999999,71062.98000000001
2025|2461|4|1|32|1,0,200000,200000,195420,147000,0,0,4580,48420,147000
2025|2471|1|0|10|1,0,4819797.3100000005,4176452.0368611966,3992027.500000001,3992027.4999999995,3777249.1999999993,3777249.2,827769.8099999996,1.3969838619232178e-09,214778.30000000028
2025|2471|3|0|10|1,0,2495592.8,2495592.8,2495592.8000000003,1984990.17,1014565.7799999999,1014565.7799999999,-4.656612873077393e-10,510602.63000000035,970424.39
2025|2471|3|0|60|2,0,1079229.52,1079229.52,1079229.52,1073986.26,734034.45,734034.45,0,5243.260000000009,339951.81000000006
2025|2471|3|0|10|7,0,404163.64,372735.68666666665,366969.16000000003,366969.16,366969.16,366969.16,37194.47999999998,5.820766091346741e-11,0
2025|2471|3|0|59|1,0,1840000,1840000,0,0,0,0,1840000,0,0
2025|2471|4|0|10|1,0,3420390.7,3420390.7,1608648.57,1558875.9000000001,1295157.42,1295157.42,1811742.1300000001,49772.669999999925,263718.4800000002
2025|2471|4|0|60|2,0,11030725.24,11030725.24,4433029.06,4018332.75,2357251.79,2357251.79,6597696.180000001,414696.3099999996,1661080.96
2025|3041|1|0|60|1,16954703,16954703,15985901.835563246,16954703,14359302.64,14359302.64,14359302.64,0,2595400.3599999994,0
2025|3041|1|0|67|1,47230958,47230958,48953206.26237431,47230958,43879519.22,43879519.22,43879519.22,0,3351438.780000001,0
2025|3041|1|0|10|1,231192439,231192439,198080269.12452433,231192439,204774904.14999998,204774904.14999998,204774904.14999998,0,26417534.850000024,0
2025|3041|1|0|60|9,34950,34950,34950,0,34950,34950,34950,34950,-34950,0
2025|3041|3|0|10|1,0,329660.96,329660.96,329660.96,329660.96,329660.96,329660.96,0,0,0
2025|3041|3|0|79|2,0,90000,90000,90000,90000,90000,90000,0,0,0
2025|3041|3|0|80|1,63496554,0,0,0,0,0,0,0,0,0
2025|3041|3|0|15|1,0,2715844.05,314386,2715844.05,2715844,2715844,2715844,0,0.049999999813735485,0
2025|3041|3|0|10|8,8888500,3244326.59,3244326.59,3223144.1100000003,3024884.88,3024884.88,3024884.88,21182.479999999516,198259.23000000045,0
2025|3041|3|0|1|1,286500,286500,286500,0,0,0,0,286500,0,0
2025|3041|3|0|60|3,136817,290574.78,290574.77999999997,0,83587.3,83587.3,83587.3,290574.78,-83587.3,0
2025|3041|3|0|60|1,22858530,36831367,35758530,36389684.15,35343453.8,35343453.8,35343453.8,441682.8500000015,1046230.3500000015,0
2025|3041|3|0|24|1,0,615031.13,615031.13,0,0,0,0,615031.13,0,0
2025|3041|3|0|2|1,6380400,6380400,6380400,0,4008550,4008550,4008550,6380400,-4008550,0
2025|3041|3|0|67|1,52879042,52879042,52879042,22696146.06,52484390.97,52484390.97,52484390.97,30182895.94,-29788244.91,0
2025|3041|4|0|71|1,0,6325000,6325000,6325000,6325000,6325000,6325000,0,0,0
2025|3041|4|0|15|1,0,16962230.08,9391640,16962230.08,16923711.419999998,16923711.419999998,16923711.419999998,0,38518.66000000015,0
2025|3041|4|0|60|1,9896062,15805324.32,10996062,15796324.32,15790324.32,15790324.32,15790324.32,9000,6000,0
2025|3041|4|0|10|8,15553000,9148575.13,9148575.129999999,9113754.46,8869576.690000001,8869576.690000001,8869576.690000001,34820.669999999925,244177.76999999955,0
2025|3041|4|0|10|4,70000,70000,70000,0,0,0,0,70000,0,0
2025|3041|4|0|60|3,118938,297915.64,297915.64,0,126821,126821,126821,297915.64,-126821,0
2025|3041|4|0|24|1,0,715910.56,715910.56,0,545957.6,545957.6,545957.6,715910.56,-545957.6,0
2025|3041|4|0|1|1,839887,839887,6675235.62,0,257850,257850,257850,839887,-257850,0
2025|3041|4|0|97|1,0,1156881.78,1156881.78,0,0,0,0,1156881.78,0,0
2025|3041|4|0|2|1,2322158,2322158,2322158,0,0,0,0,2322158,0,0
2025|3041|4|0|80|1,0,57668317.33,57668317.33,1678613.63,1678613.63,1678613.63,1678613.63,55989703.699999996,0,0
2025|3051|1|0|10|1,109293915,109293915,100431131.00332023,109293915,100394695.35,100394695.35,100394695.35,0,8899219.650000006,0
2025|3051|1|0|10|9,1000,1000,1000,0,0,0,0,1000,0,0
2025|3051|3|0|10|8,100000,0,0,0,0,0,0,0,0,0
2025|3051|3|0|60|1,15026992,17556173.619999997,18900659.52,17556173.17,13314109.7,13314109.7,13314109.7,0.44999999552965164,4242063.4700000025,0
2025|3051|3|0|60|3,0,11560.05,11560.05,7068.87,7068.870000000001,7068.870000000001,7068.870000000001,4491.179999999999,-9.094947017729282e-13,0
2025|3051|3|0|10|3,1747,86399,86399,1747,0,0,0,84652,1747,0
2025|3051|3|0|2|1,0,85431.75,85431.75,0,0,0,0,85431.75,0,0
2025|3051|3|0|1|1,0,144024.31,144024.31,23925.82,87429.59,87429.59,87429.59,120098.48999999999,-63503.77,0
2025|3051|3|0|70|1,214500,214500,214500,0,13211.52,13211.52,13211.52,214500,-13211.52,0
2025|3051|3|0|59|1,0,349412.37,349412.37,61304.26,54060.27,54060.27,54060.27,288108.11,7243.990000000005,0
2025|3051|3|0|10|1,17482968,18112344.130000003,16696532.23,17820823.18,17658095.810000002,17658095.810000002,17658095.810000002,291520.950000003,162727.36999999732,0
2025|3051|3|0|24|1,879320,1560317.25,1560317.25,459842.49,1018466.14,1018466.14,1018466.14,1100474.76,-558623.65,0
2025|3051|4|0|15|1,0,555000,555000,555000,555000,555000,555000,0,0,0
2025|3051|4|0|10|8,500000,350000,350000,350000,349999.99,349999.99,349999.99,0,0.010000000009313226,0
2025|3051|4|0|59|1,0,166667.76,166667.76,166667.76,49607.73,49607.73,49607.73,0,117060.03,0
2025|3051|4|0|10|1,12754717,14342042.17,15411368.17,14342042.17,13411094.26,13411094.26,13411094.26,0,930947.9100000001,0
2025|3051|4|0|60|1,500000,2951383.01,2951383.01,2951383.01,1065546.58,1065546.58,1065546.58,0,1885836.4299999997,0
2025|3051|4|0|47|1,2230200,5520000,5520000,5520000,1258537.33,1258537.33,1258537.33,0,4261462.67,0
2025|3051|4|0|10|3,59779,67948.22,67948.22,49169.22,8169.22,8169.22,8169.22,18779,41000,0
2025|3051|4|0|70|1,37500,37500,37500,0,0,0,0,37500,0,0
2025|3051|4|0|2|1,0,400463.25,400463.25,0,148587.63,148587.63,148587.63,400463.25,-148587.63,0
2025|3051|4|0|1|1,479500,479500,479500,0,0,0,0,479500,0,0
2025|3051|4|0|24|1,4805877,5217234,4217198,11387,1309114.77,1309114.77,1309114.77,5205847,-1297727.77,0
2025|3151|1|0|10|1,13950160,14707564,13360690.795673778,14707560,12640614.26,12640614.26,12640614.26,4,2066945.7400000002,0
2025|3151|1|0|10|9,0,952052.82,952052.8200000001,500000,517855.95,517855.95,517855.95,452052.81999999995,-17855.95000000001,0
2025|3151|3|0|60|1,1200000,1681000,1681000,1681000,1673976.04,1673976.04,1673976.04,0,7023.959999999963,0
2025|3151|3|0|10|1,19956803,16361749.95,16361812.410000004,16361744,15141727.67,15141727.67,15141727.67,5.949999999254942,1220016.33,0
2025|3151|3|1|59|2,1000,1000,1000,0,0,0,0,1000,0,0
2025|3151|3|0|10|9,1000,96957.18,96957.18,0,24405.69,24405.69,24405.69,96957.18,-24405.69,0
2025|3151|4|0|10|1,0,4989.99,4989.99,4989.99,4989.99,4989.99,4989.99,0,0,0
2025|4031|3|0|60|7,220000000,220000000,220000000,220000000.00000006,220000000,220000000,220000000,-5.960464477539063e-08,5.960464477539063e-08,0
2025|4031|3|0|61|1,67798609,67798609,67798609,67798609,53317930.36,50810091.61,50810091.61,0,14480678.64,2507838.75
2025|4031|3|0|77|1,1513155213,1513155213,1513155213,1513155213,1352909812.2300043,1185555436.3999968,1178178214.5599952,0,160245400.7699957,167354375.83000755
2025|4031|3|0|60|1,963014659,960714659,960714659,960714659,394649087.85,314668614.28,314668614.28000003,0,566065571.15,79980473.57000005
2025|4031|3|0|70|1,964009,964009,964009,712867.6900000001,653051.63,599853.48,599853.48,251141.30999999994,59816.060000000056,53198.15000000002
2025|4031|3|0|60|2,88357413,88357413,88357413,67491154,80593.78,70981.9,70981.9,20866259,67410560.22,9611.880000000005
2025|4031|4|0|60|1,231489895,231289895,231289895,231289895.00000003,124345115.59999998,80221607.89,80221607.89,-2.9802322387695312e-08,106944779.40000005,44123507.70999998
2025|4031|4|0|70|1,0,0,10967,0,0,0,0,0,0,0
2025|4031|4|0|47|1,351360,351360,351360,351360,0,0,0,0,351360,0
2025|4031|4|0|77|1,530203993,530203993,530203993,530203993,443818736.71000004,323737237.27,323737237.27,0,86385256.28999996,120081499.44000006
2025|4091|3|0|45|1,4639000,6346771.24,2246504.58,2246504.9300000006,610536.65,323136.66000000003,323136.66,4100266.3099999996,1635968.2800000007,287399.99
2025|4091|4|0|45|1,0,748190.07,748190.07,748190.07,0,0,0,0,748190.07,0
2025|4101|3|0|60|1,1391000,1391000,1391000,1390000,1155000,1155000,505000,1000,235000,0
2025|4101|5|0|60|1,16823595,16823595,16823595,15721796,15715000,15714999.999999998,15065000,1101799,6796,1.862645149230957e-09
2025|4111|5|0|60|1,3000,3000,3000,0,0,0,0,3000,0,0
2025|4121|3|0|60|1,1000,1000,1000,1000,0,0,0,-1.1368683772161603e-13,1000,0
2025|4121|5|0|60|1,17999000,17999000,17999000,17999000,7461545.4399999995,5846301.4399999995,5846301.4399999995,0,10537454.56,1615244
2025|4141|3|0|10|3,0,1020.21,1020.21,1020.21,0,0,0,0,1020.21,0
2025|4141|3|0|39|1,5920000,1020000,1420000,260600,260600,0,0,759400,0,260600
2025|4141|3|0|57|1,996034,3190358.91,3190358.91,2194324.91,1483863.88,1483863.8800000001,1483863.88,996034,710461.0300000003,-2.3283064365386963e-10
2025|4141|4|0|39|1,0,4900000,4500000,3871724,2232720.06,44890,44890,1028276,1639003.94,2187830.06
2025|4141|4|0|57|1,8723497,22394464.4,23834600.900000002,16517940.55,6430067.2299999995,4959835.62,4959835.62,5876523.849999998,10087873.32,1470231.6099999994
2025|4151|3|0|10|1,1000,1000,1000,0,0,0,0,1000,0,0
2025|4251|3|0|10|8,1450000,425694.14,425694.14,425694.14,425693.80000000005,425693.80000000005,425693.80000000005,0,0.3399999999674037,0
2025|4251|3|0|71|1,167429997,167344169.8,167344169.8,166051021.57,163865432.99000004,162086240.58999997,161625817.67000002,1293148.230000019,2185588.5799999535,1779192.4000000656
2025|4251|3|0|56|1,7986059,9822862.82,9822862.819999997,4800050.039999999,4332756.380000001,4078667.919999999,4076024.0500000003,5022812.780000001,467293.6599999983,254088.46000000183
2025|4251|3|0|80|1,0,34902955,34902955,143286.12,97624.08,28182.739999999998,28182.739999999998,34759668.88,45662.03999999999,69441.34
2025|4251|4|0|10|8,2600000,1400000,1400000,1400000,1400000,1400000,1400000,0,0,0
2025|4251|4|0|5|1,100000,695872.05,695872.05,695872.05,90842.05,90842.05,90842.05,0,605030,0
2025|4251|4|0|6|1,2000,2000,2000,0,0,0,0,2000,0,0
2025|4251|4|0|71|1,1924840,2279960,2279960,2135632,2135632,1819000,1675846,144328,0,316632
2025|4251|4|0|56|1,868527,1015567,1320819.2799999989,59735,59735,22666.57,22666.57,955832,0,37068.43
2025|4291|1|0|57|1,103830,134830,104219.466578097,107195.48000000001,107195.48,107195.48,107195.48,27634.51999999999,1.4551915228366852e-11,0
2025|4291|1|0|10|1,411884493,389945993,387211146.998357,387679117.71,387629438.62000006,387244647.44000006,387244647.43999994,2266875.2900000215,49679.08999991417,384791.18000000715
2025|4291|3|1|10|1,671350,2578304.13,7617949,2578304.130000001,2578304.130000001,1459813.24,1459813.2399999998,-9.313225746154785e-10,0,1118490.8900000008
2025|4291|3|0|15|1,113007766,0,0,0,0,0,0,0,0,0
2025|4291|3|1|95|1,0,1534968,1534968,1534968,1534968,0,0,0,0,1534968
2025|4291|3|0|71|1,0,62803820,62803820,62803820,62580345.48000015,51686116.02999988,48631120.02999994,0,223474.51999984682,10894229.450000271
2025|4291|3|0|57|1,29197167,28351167,74271841.7434219,28348646.929999996,28312453.770000003,28312453.770000003,28312453.770000003,2520.0700000040233,36193.1599999927,0
2025|4291|3|0|64|1,0,585916.84,585916.84,97251.32,97250.68000000001,97250.68000000001,97250.68000000001,488665.51999999996,0.6399999999994179,0
2025|4291|3|0|10|4,1050000,1050000,1050000,0,0,0,0,1050000,0,0
2025|4291|3|0|37|1,2501000,3146419.91,3146419.91,1336173.75,1336173.75,1336173.75,1336173.75,1810246.1600000001,0,0
2025|4291|3|0|10|8,784495594,805934343.78,805934343.78,804097681.0999999,804097681.0999998,803877408.3499999,803377408.3499998,1836662.6800000668,1.1920928955078125e-07,220272.7499998808
2025|4291|3|0|24|1,1846945,1846945,1846945,0,0,0,0,1846945,0,0
2025|4291|3|0|93|1,0,2566005.15,2566005.15,75407.94,75407.94,75407.94,75407.94,2490597.21,0,0
2025|4291|3|0|10|7,50134521,49611449,46696374.85999999,46292688.260000005,46292688.260000005,46292688.260000005,46292688.26,3318760.7399999946,0,0
2025|4291|3|0|63|1,10188627,13632759.29,13632759.290000001,3746121.67,3746121.67,3746121.67,3746121.67,9886637.62,0,0
2025|4291|3|0|10|1,9315536230,9455801358.87,9726706059.130003,9441070232.57,9405039875.759953,8988672095.12001,8920433438.879988,14731126.300001144,36030356.81004715,416367780.63994217
2025|4291|3|0|60|1,22587635,22587635,10000000,6413908.75,4173000,3500665.6,3430000,16173726.25,2240908.75,672334.3999999999
2025|4291|3|0|62|1,42477661,53408737.55,53408737.550000004,11952806.200000001,11758709.71,11758709.71,11758709.71,41455931.349999994,194096.49000000022,0
2025|4291|3|0|92|1,570034780,952789328.72,989527304.6800001,755566409.4799999,561700485.6399999,503345494.36000013,500188139.6899999,197222919.24000013,193865923.84000003,58354991.27999973
2025|4291|4|0|15|1,92144772,0,0,0,0,0,0,0,0,0
2025|4291|4|0|80|1,110000000,0,0,0,0,0,0,0,0,0
2025|4291|4|0|71|1,65169228,2365408,2365408,2365408,2365408,1371342.3299999998,761742.33,0,0,994065.6700000002
2025|4291|4|0|10|1,349900383,870720823.68,534751318.75,870634502.5099999,868278998.2799995,812379630.8399992,803863255.2200009,86321.1700000763,2355504.2300003767,55899367.440000296
2025|4291|4|0|64|1,1511346,1011346,1011346,0,0,0,0,1011346,0,0
2025|4291|4|0|10|8,212482779,205931252.11,205931252.10999998,204618356.47,204618353.3,204238356.47,204238356.47,1312895.6400000155,3.169999986886978,379996.8300000131
2025|4291|4|0|65|1,18655950,18655950,18655950,0,0,0,0,18655950,0,0
2025|4291|4|1|95|1,0,415425081.09000003,410425349.75,316601568.81000006,285010029.22999996,214449803.45,214449803.45,98823512.27999997,31591539.580000103,70560225.77999997
2025|4291|4|0|93|1,153951000,157151000,157151000,5700000,2667390,2522390,2180390,151451000,3032610,145000
2025|4321|3|0|10|1,1000,1000,1000,0,0,0,0,1000,0,0
2025|4331|3|0|10|1,90000,90000,90000,89200,62210.08,62210.08,62210.08,800,26989.92,0
2025|4331|3|0|59|1,90000,3028013,3028013,3027213,2973231.37,35218.37,35218.37,800,53981.62999999989,2938013
2025|4341|3|0|31|1,30456503,30456503,1518397.277178281,2391535,2288740.7399999993,1318579.4000000001,1180960.4199999995,28064968,102794.26000000071,970161.3399999992
2025|4341|4|0|31|1,677004,677004,73188.4356272486,0,0,0,0,677004,0,0
2025|4381|3|0|83|1,25263473,29273473,29263473,29255822.799999993,27390782.740000002,24932106.14,24932106.14,17650.200000006706,1865040.0599999912,2458676.6000000015
2025|4381|4|0|54|1,3871712,3871712,3871712,3734551.32,3132463.9,2932463.8999999994,2932463.9,137160.68000000017,602087.4199999999,200000.00000000047
2025|4381|4|0|83|1,127318288,129308288,97318288,97318288,96647329.31,75020800.41,75020800.41,31990000,670958.6899999976,21626528.900000006
2025|4421|3|0|39|1,465300,465300,465300,365300,3658.6200000000003,3658.62,3658.62,100000,361641.38,4.547473508864641e-13
2025|4421|4|0|39|1,4187700,4187700,4187700,3932175.71,0,0,0,255524.29000000004,3932175.71,0
2025|4441|3|0|60|1,24000000,25500000,24000000,25500000,16809743.690000035,7413233.9799999995,7289459.619999998,0,8690256.309999965,9396509.710000034
2025|4441|4|0|60|1,25950000,35950000,25950000,35950000,22816462.9,9513626.89,8023799.29,0,13133537.100000001,13302836.009999998
2025|4441|4|0|47|1,50000,50000,50000,0,0,0,0,50000,0,0
2025|4451|3|0|60|1,25000000,26500000,25000000,26499999.999999996,23038949.58,11540420.12,11510177.579999996,3.725290298461914e-09,3461050.419999998,11498529.459999999
2025|4451|4|0|60|1,19950000,44950000,19950000,44950000,25592363,391899.85,391899.85,0,19357637,25200463.15
2025|4451|4|0|47|1,50000,50000,50000,0,0,0,0,50000,0,0
2025|4491|3|1|59|1,17962294,2637482.38,2502867,2637482.38,2634653.32,2500037.94,2500037.94,0,2829.060000000056,134615.3799999999
2025|4491|4|1|59|1,4490573,0,0,0,0,0,0,0,0,0
2025|4541|3|0|60|1,454863,454863,454863,454863,350405,318593.91000000003,318593.91,0,104458,31811.089999999967
2025|4551|3|0|10|1,59326424,64857045.81,49272332.43,64857045.81,64857045.809999995,64823192.25,64823192.25,0,7.450580596923828e-09,33853.55999999493
2025|4551|3|0|59|9,369334,369334,369334,369334,324923.12000000005,324923.12000000005,324923.12000000005,0,44410.87999999995,0
2025|4551|3|0|59|1,79468059,83965482.33,79468059,83965482.33,83701080.27,83207374.97,83207374.96999997,0,264402.0600000024,493705.299999997
2025|4601|3|0|45|1,6330000,7875141.66,2158729.66,2158729.66,1473191.28,1033455.88,1033455.88,5716412,685538.3800000001,439735.4
2025|4611|3|0|60|1,3000000,3000000,3000000,3000000,0,0,0,0,3000000,0
2025|4611|4|0|60|1,3000000,3000000,3000000,3000000,0,0,0,0,3000000,0
2025|4621|5|0|60|1,2000,10002000,10002000,0,0,0,0,10002000,0,0
2025|4631|3|0|59|2,1114825,7032676,7032676,7032676,7032676,5823208.11,5823208.109999999,0,0,1209467.8899999997
2025|4631|3|0|10|1,198913271,219508838.82999998,222995420,219090987.83,219089189.07,200197485.32,200197485.31999996,417850.9999999702,1798.7600000202656,18891703.75
2025|4631|5|0|60|2,105699643,177114717.35,170699643,177112717.35,177112717.35,167848717.35000002,167848717.35,2000,0,9263999.99999997
2025|4631|5|0|10|1,391676411,416253027.98,355569472.02,302362514.7,299452986.19,267870117.98000002,190323116.16000003,113890513.28000003,2909528.5099999905,31582868.20999998
2025|4631|5|0|80|1,0,355000000,355000000,0,0,0,0,355000000,0,0
2025|4631|5|0|95|1,737946767,938635934,938635934,10000000,10000000,3688689.7800000003,3688689.78,928635934,0,6311310.22
2025|4641|3|0|10|1,1000,1000,1000,0,0,0,0,1000,0,0
2025|4651|3|0|10|1,2000,2000,2000,0,0,0,0,2000,0,0
2025|4661|3|0|60|1,1000,1000,1000,0,0,0,0,1000,0,0
2025|4671|3|0|10|1,1000,1000,1000,0,0,0,0,1000,0,0
2025|4691|3|0|57|1,34781860,54496241.26,54496241.260000005,34530414.14,14778723.580000002,6430858.33,4993612.55,19965827.119999997,19751690.56,8347865.250000002
2025|4691|4|0|57|1,58154341,84111736.56,84838502.37388662,57441465.440000005,49926740.82,8005891.49,4796698.53,26670271.119999997,7514724.620000005,41920849.33
2025|4701|3|0|10|3,0,156000,120000,156000,0,0,0,0,156000,0
2025|4701|3|1|10|3,2720802,2720802,2720802,0,0,0,0,2720802,0,0
2025|4701|3|1|57|1,6295828,6295828,6295828,0,0,0,0,6295828,0,0
2025|4701|3|0|57|1,6659902,11638502,13380896.68,4978600,883106.3899999999,781389.39,781389.39,6659902,4095493.6100000003,101716.99999999988
2025|4701|4|0|57|1,2530048,2530048,2530048,1500000,1224080,0,0,1030048,275920,1224080
2025|4711|1|0|10|9,1500000,10000000,10000000,10000000,7986834.01,7976928.470000001,7909418.640000001,0,2013165.9900000002,9905.539999999106
2025|4711|1|0|52|2,4599592,4599592,4518356.179590186,4518880.9,4518880.9,4518880.9,4518880.9,80711.09999999963,0,0
2025|4711|1|0|60|1,166588,166588,0,0,0,0,0,166588,0,0
2025|4711|1|0|61|1,68579821,68579821,64409845.54000001,65363807.99,65323692.860000014,65323692.860000014,65323692.86,3216013.009999998,40115.12999998778,0
2025|4711|1|0|15|1,1393551364,3529950000.22,3525000000,3525000000,3525000000,3525000000,3525000000,4950000.21999979,0,0
2025|4711|1|0|60|2,222233104,297443104,290597329.70558196,290649725.97,290649725.97,290649725.97,290649725.97,6793378.029999971,0,0
2025|4711|1|0|44|1,41641705,91189779.17,75000000,75000000,75000000,75000000,75000000,16189779.170000002,0,0
2025|4711|1|0|42|1,5271385798,5271385798,5239972011.011456,5240053416.189997,5238902247.3,5238902247.3,5238902247.299999,31332381.81000328,1151168.8899965286,0
2025|4711|1|0|43|1,2338114463,2433709639.51,2387014299.7175417,2386469671.660001,2385532326.92,2385532326.92,2385532326.92,47239967.84999943,937344.7400007248,0
2025|4711|1|0|10|1,9759184836,6948429527,6671327946.202414,6648026940.369993,6648026940.37,6648026940.37,6648026940.369999,300402586.6300068,-6.67572021484375e-06,0
2025|4711|3|0|10|1,7563054,23365953,23365953,23365953,17411833.21000001,15720816.44,15720816.439999998,0,5954119.789999992,1691016.7700000089
2025|4721|3|0|10|1,1000,1000,1000,0,0,0,0,1000,0,0
2025|4731|3|0|59|1,0,63942000,63942000,63942000,0,0,0,0,63942000,0
2025|4741|3|0|60|1,0,10550000,10550000,10550000,0,0,0,0,10550000,0
2025|4741|3|0|59|1,0,30000000,30000000,30000000,0,0,0,0,30000000,0
2025|4741|4|0|60|1,0,10000000,10000000,10000000,0,0,0,0,10000000,0
2025|4741|4|0|59|1,0,20000000,20000000,20000000,0,0,0,0,20000000,0
2024|1011|1|0|10|9,1000,1001000,0,1001000,1001000,0,0,0,0,1001000
2024|1011|1|0|10|5,317200000,328200000,0,328200000,328199798.38,328199798.38,328199798.38,0,201.62000000476837,0
2024|1011|1|0|10|1,1106863000,1140863000,0,1140863000,1140860608.2200003,1140860608.2200003,1140860608.2200003,0,2391.779999732971,0
2024|1011|1|0|42|5,102000000,104000000,0,104000000,103672412.03,103672412.03,103672412.03,0,327587.9699999988,0
2024|1011|1|0|43|5,123820000,98820000,0,98820000,96969503.66999999,96969503.66999999,96969503.67,0,1850496.330000013,0
2024|1011|3|0|60|1,21918227,21918227,0,21918227,21918227,21918227,21918227,0,0,0
2024|1011|3|0|10|9,30000,30000,0,30000,7579.110000000001,7579.110000000001,7579.110000000001,0,22420.89,0
2024|1011|3|0|10|7,61000000,58000000,0,58000000,57235887.49,57235887.49,57235887.49000001,0,764112.5099999979,0
2024|1011|3|0|10|1,243036970,223036970,0,223036969.99999994,222345333.51000002,189790554.71000004,189789791.74,5.960464477539063e-08,691636.4899999201,32554778.799999982
2024|1011|4|0|10|1,10585000,10585000,0,10585000,9184780.4,3310014.7099999995,3310014.71,0,1400219.5999999996,5874765.690000001
2024|1011|5|0|10|1,11953000,11953000,0,11953000,11953000,11953000,11953000,0,0,0
2024|1021|1|0|10|5,218750672,230750672,0,230750672,230748678.97,230748678.97,230748678.97,0,1993.030000001192,0
2024|1021|1|0|42|5,101083596,101083596,0,101083596,97047165.69,97047165.69,97047165.69,0,4036430.3100000024,0
2024|1021|1|0|43|5,108552329,108552329,0,108552329,98735142.1,98735142.1,98735142.1,0,9817186.900000006,0
2024|1021|1|0|10|1,614709106,602709106,0,602709105.95,602152656.2600001,602152656.2600001,602152656.26,0.04999995231628418,556449.689999938,0
2024|1021|3|0|10|8,2100000,2100000,0,2100000,1509164.79,480881.63,480881.63,0,590835.21,1028283.16
2024|1021|3|0|10|7,22730000,22730000,0,22730000,21343195.090000004,21343195.090000004,21343195.09,0,1386804.9099999964,0
2024|1021|3|0|10|1,148621698,148621698,0,148621698,144958018.3,115256362.60000001,115250606.02000003,0,3663679.699999988,29701655.700000003
2024|1021|3|0|60|1,3801000,3801000,0,3801000,0,0,0,0,3801000,0
2024|1021|3|0|10|9,1000,1000,0,0,0,0,0,1000,0,0
2024|1021|4|0|10|1,14211960,14211960,0,14211960,14168310.57,10285976.069999998,10285976.07,0,43649.4299999997,3882334.500000002
2024|1021|4|0|60|1,3801000,3801000,0,3801000,0,0,0,0,3801000,0
2024|1031|1|0|10|5,599392952,599392952,0,599392952,599392952,599392952,599392952,0,0,0
2024|1031|1|0|43|5,777479336,777479336,0,777479335.9999999,753102298.27,753102298.27,753102298.2699999,1.1920928955078125e-07,24377037.7299999,0
2024|1031|1|0|10|9,1000,1000,0,0,0,0,0,1000,0,0
2024|1031|1|0|42|5,1103569901,1103569901,0,1103429792.5799997,991505176.13,991505176.13,991505176.1300001,140108.4200003147,111924616.44999969,0
2024|1031|1|0|10|1,6361963026,6360630631.900001,0,6360188030.330002,6360174236.18,6360174236.18,6360174236.18,442601.56999874115,13794.150001525879,0
2024|1031|3|0|60|1,91773192,91773192,0,91773192,91773192.00000001,91773192.00000001,91773192,0,-1.4901161193847656e-08,0
2024|1031|3|0|10|1,135387345,135387345,0,135387345,135387345,135387345,135387345,0,0,0
2024|1031|3|0|10|7,406120529,406120529,0,406120528.9999999,406120528.99999994,406120528.99999994,406120529,1.1920928955078125e-07,-5.960464477539063e-08,0
2024|1051|1|0|10|5,19334416,19334416,0,19334416,19334416,19334416,19334415.999999996,0,0,0
2024|1051|1|0|43|5,7233016,7233016,0,7233016,7013224.2700000005,7013224.2700000005,7013224.2700000005,0,219791.72999999952,0
2024|1051|1|0|42|5,9600038,9600038,0,9600038,7991553.290000001,7991553.290000001,7991553.29,0,1608484.709999999,0
2024|1051|1|0|10|1,78353986,76253986,0,76253985.99999999,76253985.99999997,76253985.99999997,76253986,1.4901161193847656e-08,1.4901161193847656e-08,0
2024|1051|3|0|10|1,9780107,11680107,0,11680107,11680107,8533770.350000001,8533770.349999998,0,0,3146336.6499999985
2024|1051|3|0|60|1,300000,300000,0,300000,298950.06999999995,209800.81,209800.80999999997,0,1049.9300000000512,89149.25999999995
2024|1051|3|0|10|7,7760636,7760636,0,7760636,7758837.82,7758837.82,7758837.82,0,1798.179999999702,0
2024|1051|3|0|60|7,700000,700000,0,700000,544844.93,544844.93,544844.93,0,155155.06999999995,0
2024|1051|3|0|10|9,1000,1000,0,0,0,0,0,1000,0,0
2024|1051|4|0|60|1,2098800,2098800,0,2098800,2052917.6700000004,906379.06,906379.0599999999,0,45882.32999999961,1146538.6100000003
2024|1051|4|0|10|1,3053992,3253992,0,3253992,3201487.99,1935251.9100000001,1935251.91,0,52504.00999999978,1266236.08
2024|1071|1|0|10|1,8455234,8496068,0,7659481.840000001,7659481.839999994,7659481.839999994,7659481.839999999,836586.1599999992,6.51925802230835e-09,0
2024|1071|3|0|10|8,491000,491000,0,491000,490976.4,430978,430978,0,23.599999999976717,59998.40000000002
2024|1071|3|0|60|2,0,1792993.87,0,1792993.87,1792949.8000000003,1792949.8,1792949.8,0,44.06999999983236,2.3283064365386963e-10
2024|1071|3|0|10|1,24133537,26170276.77,0,26163565.740000006,26086377.750000015,21429368.180000026,21429368.180000003,6711.0299999937415,77187.98999999091,4657009.569999989
2024|1071|3|0|10|7,1679778,1638944,0,1468193.1900000002,1468193.1900000002,1468193.1900000002,1468193.19,170750.80999999982,0,0
2024|1071|3|0|95|1,0,394180.13,0,128753.36,10103.17,10103.17,10103.17,265426.77,118650.19,0
2024|1071|3|0|57|1,12501000,12960296.17,0,2316102.52,2316102.52,2316102.52,2316102.52,10644193.65,0,0
2024|1071|4|0|10|1,2000,5452.4,0,5452.4,5452.4,0,0,0,0,5452.4
2024|1071|4|0|95|1,10000000,10217063.11,0,217063.11,63135.25,59183.82000000001,59183.82,10000000,153927.86,3951.429999999993
2024|1081|1|0|10|1,327812064,342952607,0,341774996.96,341774996.96,341774996.96,341774996.96000004,1177610.0400000215,0,0
2024|1081|1|0|10|9,1546186695,1335033841.5900002,0,600064000,519254172.1399992,519254172.1399994,509378264.50999945,734969841.5900002,80809827.86000079,-1.7881393432617188e-07
2024|1081|3|0|60|2,0,38531.32,0,38531.32,25605.14,21531.940000000002,21531.940000000002,0,12926.18,4073.199999999997
2024|1081|3|0|9|1,0,3026163.58,0,3026163.58,1002312.0099999999,813864.55,813864.5499999999,0,2023851.5700000003,188447.45999999985
2024|1081|3|0|10|9,286661111,286661111,0,286661111,257411789.85005373,254951649.33006635,253789030.1000081,0,29249321.149946272,2460140.5199873745
2024|1081|3|0|95|1,436099,1978335,0,1746679.3900000001,1291679.3900000001,687979.14,687979.14,231655.60999999987,455000,603700.2500000001
2024|1081|3|0|10|7,22421211,24064865,0,23829679.839999996,23829679.840000004,23829679.840000004,23829679.84,235185.16000000387,-7.450580596923828e-09,0
2024|1081|3|0|10|1,25533116,25465616,0,24421081.560000002,23462331.03,21878980.93000001,21270985.419999994,1044534.4399999976,958750.5300000012,1583350.0999999903
2024|1081|4|0|10|1,4080000,4080000,0,4080000,4080000,3529291.16,3529291.16,0,0,550708.8399999999
2024|1081|4|0|9|1,0,4136217.4400000004,0,4121440.08,3244715.73,1428496.27,1428496.27,14777.360000000335,876724.3500000001,1816219.46
2024|1081|4|0|57|1,0,152009.07,0,98500,98500,98500,98500,53509.07000000001,0,0
2024|1081|4|0|95|1,17000000,16295000,0,930251.55,907358.2,780051.4400000001,780051.44,15364748.45,22893.350000000093,127306.7599999999
2024|1091|1|0|10|1,2433700000,2401700000,0,2401700000,2401700000,2401700000,2401700000.0000005,0,0,0
2024|1091|1|0|10|5,76000000,93000000,0,93000000,93000000,93000000,93000000,0,0,0
2024|1091|1|0|43|5,224112640,224112640,0,224112640,224112640,224112640,224112640,0,0,0
2024|1091|1|0|42|5,331458483,331458483,0,331458483,331458482.99999994,331458482.99999994,331458483,0,5.960464477539063e-08,0
2024|1091|1|0|60|1,2630000,2630000,0,2630000,712835.96,712835.96,712835.96,0,1917164.04,0
2024|1091|1|0|10|9,1000,1000,0,0,0,0,0,1000,0,0
2024|1091|3|0|10|7,169999000,187999000,0,187999000.00000006,186380470.42000002,186380470.42000002,186380470.42,-5.960464477539063e-08,1618529.580000043,0
2024|1091|3|0|10|1,408572000,405572000,0,405572000,405571857.4000009,345376161.6800009,342669210.60999733,0,142.5999991297722,60195695.71999997
2024|1091|3|0|60|1,19950000,29950000,0,29950000,3149292.68,581849.96,581849.96,0,26800707.32,2567442.72
2024|1091|4|0|10|1,64000000,64000000,0,64000000,64000000,12128709.08,12128709.08,0,0,51871290.92
2024|1091|4|0|60|1,40000000,60000000,0,60000000,3280710.32,6102.07,6102.07,0,56719289.68,3274608.25
2024|1091|4|0|47|1,1600000,1600000,0,0,0,0,0,1600000,0,0
2024|1091|5|0|10|1,6000000,6000000,0,6000000,6000000,0,0,0,0,6000000
2024|1101|1|0|10|1,12891237,13683678,0,13049604.810000006,13049604.809999999,13049604.809999999,13049604.810000004,634073.1899999939,7.450580596923828e-09,0
2024|1101|3|0|95|1,228190,259209.05,0,259209.05,259209.05,259209.05,259209.05,0,0,0
2024|1101|3|0|10|1,2068757,2060322.38,0,2023415.88,1868917.7300000002,1806362.5399999998,1806362.5399999998,36906.5,154498.14999999967,62555.19000000041
2024|1101|3|0|10|7,1511584,1768353,0,1567747.72,1567747.72,1567747.72,1567747.72,200605.28000000003,0,0
2024|1101|4|0|10|1,32490,69490,0,69490,29605.44,3105.44,3105.44,0,39884.56,26500
2024|1191|1|0|10|1,360684336,191940527,0,149037528.84999993,148297556.15,148204607.20000002,148111658.24999997,42902998.150000066,739972.6999999285,92948.94999998808
2024|1191|1|0|15|1,1034496044,1283491810,0,1232286392.3,1232286392.3,1232286392.3,1232286392.3000002,51205417.70000005,0,0
2024|1191|3|0|29|1,35854007,35854007,0,35854007.00000001,35443518.42,21795954.300000004,21330584.699999996,-7.450580596923828e-09,410488.58000000566,13647564.119999997
2024|1191|3|0|83|2,1300000,1300000,0,1300000,1300000,772016.8499999999,772016.8500000001,0,0,527983.1500000001
2024|1191|3|0|27|1,21000000,21000000,0,21000000,21000000,15186254.92,15186254.92,0,0,5813745.08
2024|1191|3|1|10|1,5136846,7031043.58,0,7031043.58,7031027.339999999,3600034.83,3407654.7,0,16.24000000115484,3430992.509999999
2024|1191|3|0|9|1,0,1742269.47,0,1742269.47,1481027.8399999999,1481027.8399999999,1481027.84,0,261241.63000000012,0
2024|1191|3|0|10|1,217112487,224203522.23,0,217998913.41999993,206910055.959999,146292285.24999905,141354164.84999922,6204608.810000062,11088857.460000932,60617770.70999995
2024|1191|3|0|10|7,69482751,86723613,0,78432147.71,78432147.71000001,78432147.71000001,78432147.71,8291465.290000007,-1.4901161193847656e-08,0
2024|1191|4|0|10|1,14331049,13171797.41,0,6943106.89,5535048.289999999,3473518.86,3473518.8600000003,6228690.5200000005,1408058.6000000006,2061529.4299999992
2024|1191|4|0|48|1,27684921,27684921,0,20684921.000000004,19880316,15094693.8,15094693.8,6999999.999999996,804605.0000000037,4785622.199999999
2024|1191|4|0|9|1,0,10517610.96,0,0,0,0,0,10517610.96,0,0
2024|1191|4|0|74|1,30501000,57073661.769999996,0,21111072.84,16408447.760000002,9124162.01,9124162.010000002,35962588.92999999,4702625.079999998,7284285.750000002
2024|1221|1|1|10|1,1267224,1286190,0,1214941.89,1214941.8900000001,1214941.8900000001,1214941.89,71248.1100000001,-2.3283064365386963e-10,0
2024|1221|1|0|95|1,0,214936,0,0,0,0,0,214936,0,0
2024|1221|1|0|10|1,19758836,20663424,0,19246412.76,19246412.759999998,19246412.759999998,19246412.760000005,1417011.2399999984,3.725290298461914e-09,0
2024|1221|3|0|31|3,0,565480.59,0,565480.59,565480.59,565480.59,565480.59,0,0,0
2024|1221|3|0|71|3,0,62831.18,0,62831.18,62831.18,62831.18,62831.18,0,0,0
2024|1221|3|0|10|4,0,400000,0,400000,400000,310000,310000,0,0,90000
2024|1221|3|0|32|1,4064253,2064253,0,2064253,1557117.24,1405508.7000000002,1405508.7000000002,0,507135.76,151608.5399999998
2024|1221|3|1|32|1,8034412,8960257.64,0,8960257.64,8305399.6499999985,7635808.870000001,7635808.870000001,0,654857.9900000021,669590.7799999975
2024|1221|3|0|95|7,0,48600,0,0,0,0,0,48600,0,0
2024|1221|3|0|1|1,100000,100000,0,0,0,0,0,100000,0,0
2024|1221|3|1|10|7,340408,340408,0,198720.01,198720.01,198720.01,198720.01,141687.99,0,0
2024|1221|3|1|10|1,1816860,2146277,0,1847704.74,1847704.74,1605919.5699999996,1605919.5699999998,298572.26,0,241785.1700000004
2024|1221|3|0|95|1,1100000,638016,0,40167.09,22945.389999999996,10241.16,10241.16,597848.91,17221.7,12704.229999999996
2024|1221|3|0|10|7,3160015,3940247,0,3331942.73,3331942.7300000004,3331942.7300000004,3331942.73,608304.27,-4.656612873077393e-10,0
2024|1221|3|0|24|1,1073519,7818429.62,0,6744910.62,6744910.62,6744910.62,6744910.62,1073519,0,0
2024|1221|3|0|10|1,27533207,27138790,0,17137790,14529831.14,11000860.19,10980098.89,10001000,2607958.8599999994,3528970.950000001
2024|1221|4|0|1|1,0,586055.86,0,586055.86,586055.8600000001,586055.8600000001,586055.8600000001,0,-1.1641532182693481e-10,0
2024|1221|4|0|10|3,0,60692.05,0,60692.05,60692.05,60692.05,60692.05,0,0,0
2024|1221|4|0|10|8,500000,0,0,0,0,0,0,0,0,0
2024|1221|4|0|32|1,0,5416754.59,0,5416754.59,5416754.59,5416754.58,5416754.58,0,0,0.009999999776482582
2024|1221|4|0|71|3,0,16703.88,0,16703.879999999997,16703.879999999997,16703.879999999997,16703.879999999997,3.637978807091713e-12,0,0
2024|1221|4|0|24|1,17382813,28866582.55,0,11483769.55,4815126.77,4815126.77,4815126.77,17382813,6668642.780000001,0
2024|1221|4|0|95|1,0,623744445.5,0,4526471.27,4526471.27,4526471.27,4526471.27,619217974.23,0,0
2024|1231|1|1|10|1,1624367,1609785,0,1523333.3399999999,1523333.3399999999,1523333.3399999999,1523333.34,86451.66000000015,0,0
2024|1231|1|0|10|1,20365869,20237840,0,18006817.769999996,18006817.770000003,18006817.770000003,18006817.769999992,2231022.230000004,-7.450580596923828e-09,0
2024|1231|3|1|10|8,450000,0,0,0,0,0,0,0,0,0
2024|1231|3|0|10|8,480000,294190,0,294190,279654.6,243398,243398,0,14535.400000000023,36256.59999999998
2024|1231|3|1|15|1,0,300000,0,300000,231919.2,0,0,0,68080.79999999999,231919.2
2024|1231|3|0|15|1,0,1326000,0,1326000,1219405.64,1219405.6400000001,1219405.64,0,106594.3600000001,-2.3283064365386963e-10
2024|1231|3|0|71|3,0,237605.61,0,237605.61,0,0,0,0,237605.61,0
2024|1231|3|0|10|4,0,3186724,0,3186724,2647442.7,610569.9,610569.9,0,539281.2999999998,2036872.8000000003
2024|1231|3|0|98|1,0,610730,0,610730,0,0,0,0,610730,0
2024|1231|3|1|10|1,7020865,7146823.13,0,7146823.13,6041886.890000001,1295754.1,1295754.0999999999,0,1104936.2399999993,4746132.790000001
2024|1231|3|0|10|3,0,3432748.95,0,3432748.95,59732.83,59732.83,59732.83,0,3373016.12,0
2024|1231|3|0|1|1,1500,1500,0,0,0,0,0,1500,0,0
2024|1231|3|1|95|1,0,972588.48,0,919460.44,729026.89,539605.58,539605.58,53128.04000000004,190433.54999999993,189421.31000000006
2024|1231|3|1|10|7,277840,277840,0,181821,181821,181821,181821,96019,0,0
2024|1231|3|0|10|1,20496375,13697711.14,0,13467930.840000005,12651259.669999998,8794797.299999999,8765697.600000001,229780.29999999516,816671.1700000074,3856462.369999999
2024|1231|3|0|10|7,3789253,3766475,0,2793641.25,2793641.25,2793641.25,2793641.25,972833.75,0,0
2024|1231|3|0|59|1,3500000,3500000,0,2333333.33,0,0,0,1166666.67,2333333.33,0
2024|1231|3|1|71|1,0,2019168,0,800024,648681.9,648459.11,648459.11,1219144,151342.09999999998,222.79000000003725
2024|1231|3|1|24|1,3040500,3502221.83,0,461721.83,461721.83,461721.83,461721.83,3040500,0,0
2024|1231|3|0|71|1,0,24291721,0,18521865,14283320,5721120,5721120,5769856,4238545,8562200
2024|1231|3|0|24|1,5837431,5837431,0,0,0,0,0,5837431,0,0
2024|1231|4|0|10|8,11360000,927201,0,927201,927201,927201,927201,0,0,0
2024|1231|4|0|10|1,97650,97650,0,97650,61195.119999999995,0,0,0,36454.880000000005,61195.119999999995
2024|1231|4|0|10|3,0,159840,0,159840,0,0,0,0,159840,0
2024|1231|4|0|10|4,0,9518420,0,9518420,9042041.04,8564041.04,8564041.04,0,476378.9600000009,478000
2024|1231|4|0|15|1,50000000,66343563.330000006,0,66343563.33,66222343.81999999,66222343.81999999,61781649.01,7.450580596923828e-09,121219.51000000536,0
2024|1231|4|0|24|1,11703111,21929497.35,0,10226386.35,6297761.869999999,3954844.27,3954844.2700000005,11703111.000000002,3928624.4800000004,2342917.599999999
2024|1251|1|0|27|1,143928869,131547178,0,128148559.82,128148559.82000002,128148559.82000002,128148559.82,3398618.180000007,-2.9802322387695312e-08,0
2024|1251|1|0|10|1,12985315266,13427669941.289999,0,13235157732.580013,13225262901.469994,13225262901.469994,13225262901.470001,192512208.70998573,9894831.110019684,0
2024|1251|3|0|10|3,0,406476.57,0,406476.57000000007,393208.06,381411.64,169489.11,-5.820766091346741e-11,13268.510000000068,11796.419999999984
2024|1251|3|0|2|1,1055000,1227300.66,0,1227300.66,1227300.66,1227300.66,1227300.66,0,0,0
2024|1251|3|0|10|8,250000,0,0,0,0,0,0,0,0,0
2024|1251|3|0|82|1,12000000,12000000,0,12000000,11999872.200000001,10068835.150000002,9914438.440000003,0,127.79999999888241,1931037.0499999989
2024|1251|3|0|45|1,33027,101830.44,0,101830.44,98834.44,74525.44,74525.44,0,2996,24309
2024|1251|3|0|52|2,0,10500004,0,10500004,10496997.949999996,7937416.479999997,7816300.789999998,0,3006.0500000044703,2559581.469999999
2024|1251|3|1|15|1,0,1620726.08,0,1620726.08,1595773.4,297146.9,30559.5,0,24952.680000000168,1298626.5
2024|1251|3|1|10|8,897450,3475172.07,0,3475172.07,3331310.25,1217348.14,153075.31999999998,0,143861.81999999983,2113962.1100000003
2024|1251|3|0|9|1,62438,266027.26,0,266027.26,0,0,0,0,266027.26,0
2024|1251|3|0|97|1,0,2291900.47,0,2291900.4699999997,1833224.8900000001,865998.14,827683.42,4.656612873077393e-10,458675.5799999996,967226.7500000001
2024|1251|3|0|60|1,6528670,6298781.92,0,6298781.919999998,6298535.619999998,2294957.95,1839837.04,1.862645149230957e-09,246.29999999981374,4003577.669999998
2024|1251|3|0|83|2,15000000,15000000,0,14999999.999999996,14999978.28,13191184.069999998,12307560.8,3.725290298461914e-09,21.719999996945262,1808794.210000001
2024|1251|3|1|10|1,1000,1000,0,0,0,0,0,1000,0,0
2024|1251|3|0|60|2,0,104872752.88,0,104848014.34000003,104845862.13999997,78167646.79999997,74523636.77,24738.539999961853,2152.200000062585,26678215.340000004
2024|1251|3|0|68|1,102550,113932.57,0,11382.57,9785,9785,9785,102550,1597.5699999999997,0
2024|1251|3|0|24|1,3489773,11071571.24,0,10763607.259999998,10109355.92,5474198.319999999,5264324.410000001,307963.9800000023,654251.339999998,4635157.600000001
2024|1251|3|0|73|1,16001000,24621000,0,23940974.14,20532529.38,13244551.69,13055226.480000012,680025.8599999994,3408444.7600000016,7287977.6899999995
2024|1251|3|0|69|1,2080544,4273984.24,0,3374272.5100000007,2795511.11,463953.04,448880.64,899711.7299999995,578761.4000000008,2331558.07
2024|1251|3|0|1|1,1088435,2515669.59,0,1427234.5899999999,1427234.59,1427234.59,1427234.59,1088435,-2.3283064365386963e-10,0
2024|1251|3|0|10|1,282667871,268998347.73,0,267888016.47999996,267878758.1900036,215371523.99000037,202810845.47000507,1110331.2500000596,9258.289996355772,52507234.20000324
2024|1251|3|0|70|1,10064150,17120336.31,0,14839506.950000005,10981389.700000001,6782391.359999999,6756395.610000001,2280829.359999994,3858117.2500000037,4198998.340000002
2024|1251|3|0|10|7,377245548,402159496,0,393631413.7799996,393631413.78,393631413.78,393631413.78000003,8528082.220000386,-3.5762786865234375e-07,0
2024|1251|4|0|10|8,1540000,0,0,0,0,0,0,0,0,0
2024|1251|4|0|46|1,0,822322.38,0,822322.38,822100,0,0,0,222.38000000000466,822100
2024|1251|4|0|45|1,9410,99274.2,0,99274.2,98841.5,35811.5,35811.5,0,432.6999999999971,63030
2024|1251|4|0|60|2,0,3314691.01,0,3314691.01,3312692.2199999997,814197.4600000001,389248.2100000001,0,1998.7900000000373,2498494.76
2024|1251|4|1|15|1,0,8784213.6,0,8784213.6,8382936.02,4866486.41,4642835.640000001,0,401277.5800000001,3516449.6099999994
2024|1251|4|0|2|1,37067667,35082670.71,0,35082670.71,29829703.16,19372500,19372500,0,5252967.550000001,10457203.16
2024|1251|4|0|10|3,0,1129835.81,0,1129835.8099999998,628837.93,52418.7,52418.7,2.3283064365386963e-10,500997.8799999998,576419.2300000001
2024|1251|4|0|9|1,486034,3529892.95,0,3529892.9499999997,5209.82,5209.82,5209.82,4.656612873077393e-10,3524683.13,0
2024|1251|4|0|97|1,0,14729536.3,0,14729536.299999995,8057109.859999999,2620092.64,2483425.23,5.587935447692871e-09,6672426.439999996,5437017.219999999
2024|1251|4|0|10|1,5801142,8919869.969999999,0,8917087.02,8916368.26,3933513.1599999997,3627898.2800000003,2782.949999999255,718.7599999997765,4982855.1
2024|1251|4|1|10|8,31510530,24218703.7,0,24137115.7,23696631.099999998,9640810.479999999,8377063.540000001,81588,440484.6000000015,14055820.62
2024|1251|4|0|69|1,1508950,3923915.18,0,3753597.18,2660816.9000000004,498133.01,465416.01,170318,1092780.2799999998,2162683.8900000006
2024|1251|4|0|68|1,611550,934208.41,0,449590.41000000003,325777.11,74387.45000000001,73617.57,484618,123813.30000000005,251389.65999999997
2024|1251|4|0|97|3,0,2600000,0,1021769.67,942694.47,832180.8500000001,832180.8500000001,1578230.33,79075.20000000007,110513.61999999988
2024|1251|4|0|95|1,6667778,7256955.17,0,3970357.1900000004,3962267.86,244277.52,243000,3286597.9799999995,8089.33000000054,3717990.34
2024|1251|4|0|70|1,8755992,18862506.11,0,14713190.110000001,11461755.97,6834767.299999999,6714637.699999999,4149315.999999998,3251434.1400000006,4626988.670000002
2024|1251|4|0|24|1,29258591,25574602.97,0,19390284.21,19041839.990000002,15441102.32,15432649.559999999,6184318.759999998,348444.2199999988,3600737.670000002
2024|1251|4|0|1|1,11804995,12053519.59,0,2353669.54,2267075.13,916370.59,916370.5900000001,9699850.05,86594.41000000015,1350704.54
2024|1251|4|0|73|1,30000000,41913658.05,0,18922870.319999997,16638920.88,1272049.46,1244038.9100000001,22990787.73,2283949.4399999958,15366871.420000002
2024|1261|1|0|23|1,11750416384,11868963331,0,11841706251.720009,11841706251.71999,11841706251.71999,11841706251.720003,27257079.27999115,1.9073486328125e-05,0
2024|1261|1|0|10|1,1811142773,1702256899.1200001,0,1647817673.9,1647817673.9,1645832196.6299999,1645832196.6299996,54439225.22000003,0,1985477.2700002193
2024|1261|3|1|13|1,0,23182824.84,0,23182824.840000004,23182824.840000004,23182824.840000004,23182824.620000005,-3.725290298461914e-09,0,0
2024|1261|3|0|71|1,0,136367764.79,0,136367764.79,136367764.79,136367764.79000014,136367764.79,0,0,-1.4901161193847656e-07
2024|1261|3|0|10|4,0,100000,0,100000,100000,100000,100000,0,0,0
2024|1261|3|1|10|8,1000000,0,0,0,0,0,0,0,0,0
2024|1261|3|1|36|1,0,426000,0,426000,425810,425810,425810,0,190,0
2024|1261|3|0|13|1,0,22276941.4,0,22276941.4,22276523.630000003,22276523.630000003,22276523.630000003,0,417.7699999958277,0
2024|1261|3|1|71|1,0,120186685.21,0,120186685.21,119943501.78,106870077.31999987,106365656.36000001,0,243183.42999999225,13073424.460000128
2024|1261|3|1|21|1,0,4486520.66,0,4486520.66,2950889.3400000003,2153230.78,2031810.94,0,1535631.3199999998,797658.5600000005
2024|1261|3|0|10|8,6734863,37622227.52,0,37621227.52,37621227.519999996,37621227.519999996,37621227.519999996,1000,7.450580596923828e-09,0
2024|1261|3|1|23|1,0,19468.45,0,18468.449999999255,18468.45000000001,10983.7,10983.7,1000.0000000007458,-7.566995918750763e-10,7484.750000000011
2024|1261|3|0|10|7,549838,1046344,0,1010532.6000000001,1010532.6000000001,1010532.6000000001,1010532.6000000001,35811.39999999991,0,0
2024|1261|3|0|21|3,64643,64643,0,0,0,0,0,64643,0,0
2024|1261|3|0|10|3,80000,80000,0,0,0,0,0,80000,0,0
2024|1261|3|0|21|1,668131759,769435827.48,0,769324399.7700001,768010806.5500118,732545137.7199982,732250305.4100106,111427.70999991894,1313593.219988346,35465668.83001351
2024|1261|3|0|24|1,469454,358704.91000000003,0,234250.65,191231.8500000003,191231.85000000033,191231.85000000033,124454.26000000004,43018.7999999997,-2.9103830456733704e-11
2024|1261|3|1|10|1,525000000,495355602.65,0,494629077.86,494312275.4699991,474453145.92000014,473367962.6700002,726524.7899999619,316802.39000093937,19859129.54999894
2024|1261|3|0|23|7,261799817,268046885,0,266036140.97000018,266036140.96999994,266036140.96999994,266036140.96999997,2010744.0299998224,2.384185791015625e-07,0
2024|1261|3|0|3|1,3000000,3000000,0,0,0,0,0,3000000,0,0
2024|1261|3|0|23|1,0,745217987.5299999,0,740753575.1800001,708415821.1200037,655433687.2599959,651937775.9300065,4464412.349999785,32337754.059996367,52982133.86000776
2024|1261|3|0|36|1,274765813,356148185.67,0,349263222.83000004,247907857.2999999,231663733.05999982,231620580.87,6884962.839999974,101355365.53000015,16244124.24000007
2024|1261|3|0|10|1,1301178780,1659814729.6999996,0,1649386804.8099995,1641403090.3900003,1621162911.5800018,1617982653.9699726,10427924.890000105,7983714.419999123,20240178.809998512
2024|1261|4|0|21|1,117351598,131935403.17999999,0,131935403.18,131832161.30999999,40066833.86000001,30412170.210000005,-1.4901161193847656e-08,103241.87000001967,91765327.44999999
2024|1261|4|1|23|1,0,6675005.41,0,6675005.410000009,6665868.090000007,5978791.880000001,5978791.879999999,-9.313225746154785e-09,9137.32000000216,687076.2100000065
2024|1261|4|0|97|1,0,350000,0,350000,350000,350000,350000,0,0,0
2024|1261|4|0|21|3,0,1153.41,0,1153.41,0,0,0,0,1153.41,0
2024|1261|4|0|13|1,50000,50000,0,50000,0,0,0,0,50000,0
2024|1261|4|0|23|1,0,72326151.53,0,72326151.53,71002956.53,63131544.03,63031544.03,0,1323195,7871412.5
2024|1261|4|1|10|1,300000000,305122730.75,0,305122730.75,298964272.45,298260277.80999994,289165422.72,0,6158458.300000012,703994.6400000453
2024|1261|4|1|21|1,47952000,189622571.68,0,189622571.68,166526736.70999998,32687075.24,21830495.16,0,23095834.97000003,133839661.46999998
2024|1261|4|0|36|1,30234187,148295578.41,0,148295578.41,49223037.48,16047279.08,16047279.08,0,99072540.93,33175758.4
2024|1261|4|0|24|1,166902,277651.08999999997,0,110749.09,108570,108570,0,166901.99999999997,2179.0899999999965,0
2024|1261|4|0|10|3,220000,254000,0,34000,34000,34000,0,220000,0,0
2024|1261|4|0|10|1,329058195,512970766.7699999,0,512578111.16,512552038.5100007,482238431.64000213,468764469.7800021,392655.6099998951,26072.649999320507,30313606.869998574
2024|1261|4|0|10|8,100089125,72936759.68,0,69551537.68,68913177.68,65339177.67999999,64498177.68,3385222,638360,3574000.000000015
2024|1261|4|0|3|1,7105000,7105000,0,0,0,0,0,7105000,0,0
2024|1271|1|1|10|1,188403,199403,0,190630.03,190630.03000000003,190630.03000000003,190630.02999999997,8772.970000000001,-2.9103830456733704e-11,0
2024|1271|1|0|95|1,91477,91477,0,5070.58,5070.58,5070.58,5070.58,86406.42,0,0
2024|1271|1|0|10|1,24591423,25480096,0,24149372.469999988,24149372.470000006,24149372.470000006,24149372.469999995,1330723.5300000124,-1.862645149230957e-08,0
2024|1271|3|0|17|1,0,144617955.44,0,144617955.44000003,144617955.44,144021055.77000004,144021055.77,-2.9802322387695312e-08,2.9802322387695312e-08,596899.6699999571
2024|1271|3|0|15|1,0,5113317.97,0,5113317.97,5113063.97,5113063.97,5113063.97,0,254,0
2024|1271|3|0|69|1,0,9340142.67,0,9340142.67,9306717.84,8537717.84,8537717.84,0,33424.830000000075,769000
2024|1271|3|0|57|1,0,52160197.5,0,52160197.5,51921911.11,51228703.78,51228703.78,0,238286.3900000006,693207.3299999982
2024|1271|3|0|10|8,1345158,500000,0,500000,200000,200000,200000,0,300000,0
2024|1271|3|0|10|4,0,3050000,0,3050000,2650000,2550000,2550000,0,400000,100000
2024|1271|3|1|10|1,58159,58159,0,58158.32000000001,35933.74,29909.82,29909.82,0.6799999999930151,22224.58000000001,6023.919999999998
2024|1271|3|1|10|7,79942,38701,0,36510,36510,36510,36510,2191,0,0
2024|1271|3|0|95|7,80101,80101,0,1476,1476,1476,1476,78625,0,0
2024|1271|3|0|24|1,562600,702208.21,0,139608.21,139608.21,139608.21,139608.21,562600,0,0
2024|1271|3|0|10|7,5892944,5206090,0,4301102.010000001,4301102.01,4301102.01,4301102.009999999,904987.9899999993,9.313225746154785e-10,0
2024|1271|3|0|10|1,35149476,33768163.65,0,32818858.719999995,32381071.589999996,31239749.06,31237229.060000002,949304.9300000034,437787.12999999896,1141322.5299999975
2024|1271|3|0|95|1,3222500,4752500,0,2397924.5,2195719.39,2184339.92,2184339.92,2354575.5,202205.10999999987,11379.470000000205
2024|1271|3|0|16|1,170000000,170000000,0,5500000,1028087.2699999999,1015900.23,1015900.23,164500000,4471912.73,12187.03999999992
2024|1271|4|0|10|8,800000,50000,0,50000,50000,50000,50000,0,0,0
2024|1271|4|0|15|1,0,250000,0,250000,250000,250000,250000,0,0,0
2024|1271|4|0|69|1,0,800000,0,800000,0,0,0,0,800000,0
2024|1271|4|0|95|1,0,170000,0,0,0,0,0,170000,0,0
2024|1271|4|0|10|1,0,1500000,0,0,0,0,0,1500000,0,0
2024|1301|1|0|10|1,41457555,45458352,0,42521524.630000025,42521524.41,42330524.41,42330524.40999998,2936827.369999975,0.2200000286102295,191000
2024|1301|3|0|70|1,2000,2000,0,0,0,0,0,2000,0,0
2024|1301|3|0|60|2,6984254,6984254,0,6804254,2485845.93,1641408.08,1641408.08,180000,4318408.07,844437.8500000001
2024|1301|3|0|74|1,281000,281000,0,0,0,0,0,281000,0,0
2024|1301|3|0|59|1,2340000,2340000,0,1560000,307.3000000000029,307.3000000000029,307.3,780000,1559692.7,0
2024|1301|3|0|10|7,4457126,9055634,0,8202557.879999997,8202557.88,8202557.88,8202557.880000001,853076.1200000029,-2.7939677238464355e-09,0
2024|1301|3|0|24|1,3001000,10075899.530000001,0,7074899.53,7074899.52,7074899.52,7074899.52,3001000.000000001,0.010000000707805157,0
2024|1301|3|0|73|1,5087680,5087680,0,0,0,0,0,5087680,0,0
2024|1301|3|0|95|1,0,395253915.32,0,389334980.25,332657999.99,197789000,197789000,5918935.069999993,56676980.25999999,134868999.99
2024|1301|3|0|10|1,30453565,33187829.28,0,25511072.61999999,20138992.709999993,19068269.939999994,17086394.750000004,7676756.660000011,5372079.909999996,1070722.7699999996
2024|1301|4|0|10|8,19503179,800000,0,800000,800000,800000,800000,0,0,0
2024|1301|4|0|10|3,0,2497913.51,0,2497913.51,2370919.61,1822721.8399999999,1822721.8399999999,0,126993.8999999999,548197.77
2024|1301|4|0|15|1,160000000,132054713.39,0,132054713.39,131452129.35,131452129.35,131452129.35,0,602584.0400000066,0
2024|1301|4|0|25|1,0,20395252.32,0,20395252.32,19551487.53,12888069.32,12888069.319999998,0,843764.7899999991,6663418.210000001
2024|1301|4|0|32|3,0,9866914.92,0,9866914.92,8931514.27,0,0,0,935400.6500000004,8931514.27
2024|1301|4|0|15|3,0,7342864.58,0,7342864.58,5427299,0,0,0,1915565.58,5427299
2024|1301|4|0|60|2,11066345,11066345,0,11066345,8040108.45,5392436.420000001,5392436.42,0,3026236.55,2647672.0299999993
2024|1301|4|0|74|1,0,6363266.55,0,6363266.55,1285816.55,0,0,0,5077450,1285816.55
2024|1301|4|0|32|1,23979979,25072311.65,0,24482552.849999998,19307889.810000002,9809317.489999998,2530933.83,589758.8000000007,5174663.039999995,9498572.320000004
2024|1301|4|0|70|1,8418331,8418331,0,0,0,0,0,8418331,0,0
2024|1301|4|0|10|1,130483675,134741858.34,0,95912430.04,65523466.88,37489609.18,35515113.56,38829428.3,30388963.160000004,28033857.700000003
2024|1301|4|0|95|1,75000000,155061665.69,0,83135648.32,45994573.439999975,44834687.19999999,44578086.73,71926017.37,37141074.88000002,1159886.2399999872
2024|1301|4|0|24|1,393411589,400472590.71,0,31948730.67,17247997.68,14442180.570000002,14442180.57,368523860.03999996,14700732.990000002,2805817.1099999975
2024|1301|5|0|95|1,0,400000,0,400000,400000,0,0,0,0,400000
2024|1371|1|0|95|1,225602,823230.55,0,0,0,0,0,823230.55,0,0
2024|1371|1|0|72|1,121622654,106467663.12,0,100425816.15999995,100425816.16000003,100425816.16000003,100425816.16,6041846.960000053,-7.450580596923828e-08,0
2024|1371|3|0|10|4,0,200000,0,200000,200000,200000,0,0,0,0
2024|1371|3|0|10|3,0,1207798.21,0,1207798.21,1207798.21,836052.49,836052.49,0,0,371745.72
2024|1371|3|0|72|3,0,31049.03,0,31049.03,0,0,0,0,31049.03,0
2024|1371|3|0|15|1,0,2520000,0,2520000,2430000,2430000,2430000,0,90000,0
2024|1371|3|0|9|1,0,406893.25,0,289998.19,282265.65,6998,6998,116895.06,7732.539999999979,275267.65
2024|1371|3|0|95|1,250000,252353,0,2353,0,0,0,250000,2353,0
2024|1371|3|0|95|7,103919,367421,0,0,0,0,0,367421,0,0
2024|1371|3|0|29|1,4405444,4405444,0,3649099.04,3605726.5999999996,3587082.38,3587082.3800000004,756344.96,43372.44000000041,18644.21999999974
2024|1371|3|0|94|1,4253660,4223660,0,2825155.4500000007,2814093.75,2500070.7199999997,2500070.7199999997,1398504.5499999993,11061.700000000652,314023.03000000026
2024|1371|3|0|24|1,1981299,4995411.87,0,3014112.87,197686.12,94262.52,94262.52,1981299,2816426.75,103423.59999999999
2024|1371|3|0|52|2,12500004,2000000,0,0,0,0,0,2000000,0,0
2024|1371|3|0|72|1,30289595,32420038.06,0,29009011.07,27662352.81000001,21584563.740000002,21493835.099999994,3411026.9899999984,1346658.2599999905,6077789.070000008
2024|1371|3|0|10|8,24116358,22103457.29,0,8853128.22,8853128.219999999,8853128.219999999,8853128.219999999,13250329.069999998,1.862645149230957e-09,0
2024|1371|3|0|31|7,36876184,36876184,0,19791792.7,19791792.69999999,19791792.69999999,19791792.7,17084391.3,7.450580596923828e-09,0
2024|1371|4|0|10|4,0,400000,0,400000,400000,400000,400000,0,0,0
2024|1371|4|0|15|1,0,5683600,0,5683600,5473500,5473500,5473500,0,210100,0
2024|1371|4|0|72|3,0,3985120.78,0,3985120.78,3217242.4700000007,2300255.54,2300255.54,0,767878.3099999991,916986.9300000006
2024|1371|4|0|24|1,388574,6836433.24,0,6447859.239999999,3919430.8899999997,3919430.8899999997,3919430.8899999997,388574.00000000093,2528428.3499999996,0
2024|1371|4|0|72|1,3046061,915617.94,0,154544.62,154544.62,132201.12,39451.56,761073.32,0,22343.5
2024|1371|4|0|95|1,5625517,3625517,0,2330624,2330624,1594516,1493564.5,1294893,0,736108
2024|1371|4|0|10|8,1950000,1949670.93,0,200000,200000,200000,200000,1749670.93,0,0
2024|1371|4|0|9|1,0,8413395.3,0,4934248.93,1564262.0299999998,290389.37,290389.37,3479146.370000001,3369986.9,1273872.6599999997
2024|1401|1|0|10|1,1480800371,1543266127.63,0,1517485957.1899998,1517485957.1899998,1517485957.1899998,1517485957.19,25780170.440000296,0,0
2024|1401|3|0|53|1,0,6670.73,0,6670.73,6670.73,6670.73,6670.73,0,0,0
2024|1401|3|1|60|1,0,200000,0,200000,200000,85061.88,85061.88,0,0,114938.12
2024|1401|3|0|60|2,0,6751093.24,0,6751093.24,6749589.8100000005,4763973.7299999995,4663749.140000001,0,1503.429999999702,1985616.080000001
2024|1401|3|0|15|1,0,700000,0,700000,698093.1199999999,23918.53,23918.530000000002,0,1906.880000000121,674174.5899999999
2024|1401|3|0|10|8,1810000,1531300,0,1531300,1526435.13,423515.25,419202.58999999997,0,4864.870000000112,1102919.88
2024|1401|3|0|66|1,179765,925391.73,0,925391.73,416686.9300000002,384376.74000000017,384376.7400000002,0,508704.79999999976,32310.19000000006
2024|1401|3|0|97|1,0,936.97,0,936.9,0,0,0,0.07000000000005002,936.9,0
2024|1401|3|1|10|1,1000,1000,0,0,0,0,0,1000,0,0
2024|1401|3|0|27|1,15311093,12069626.97,0,11847058.230000002,11844896.719999997,8900913.009999998,8884056.569999991,222568.73999999836,2161.5100000053644,2943983.709999999
2024|1401|3|0|60|1,4468014,13914626.44,0,13633885.439999998,13618370.76,9618332.670000004,9540556.259999998,280741.00000000186,15514.67999999784,4000038.089999996
2024|1401|3|0|70|1,1611250,995734.8499999999,0,624671.57,405479.00999999995,318215.73000000004,318215.73,371063.2799999999,219192.56,87263.27999999991
2024|1401|3|0|10|1,37697087,37563327,0,36816406.309999995,36785994.9099999,30655789.29999986,29672739.06999992,746920.6900000051,30411.400000095367,6130205.61000004
2024|1401|3|0|24|1,2631200,3133353.66,0,649799.29,546510.5199999999,546510.52,546510.52,2483554.37,103288.77000000014,-1.1641532182693481e-10
2024|1401|3|0|95|1,0,6058689.57,0,959752.2,946790.34,427571.24,394942.33,5098937.37,12961.859999999986,519219.1
2024|1401|3|0|10|7,50384991,58377117,0,52519318.400000006,52519318.400000006,52519318.400000006,52519318.4,5857798.599999994,0,0
2024|1401|4|0|66|1,0,60146.49,0,60146.49000000001,59106.159999999996,30890.18,30890.18,-1.4551915228366852e-11,1040.3300000000163,28215.979999999996
2024|1401|4|0|9|1,206000,0,0,0,0,0,0,0,0,0
2024|1401|4|0|10|1,0,37260,0,37260,37260,37260,3134,0,0,0
2024|1401|4|1|10|8,190000,0,0,0,0,0,0,0,0,0
2024|1401|4|0|10|4,0,400000,0,400000,399995.48,28560,28560,0,4.5200000000186265,371435.48
2024|1401|4|0|15|1,0,7939793,0,7939793,7937746.309999999,400585.76,359743.01,0,2046.690000001341,7537160.549999999
2024|1401|4|0|60|2,0,1926918,0,1926918,1923699.0399999998,1571348.44,919297.02,0,3218.9600000001956,352350.59999999986
2024|1401|4|0|98|1,0,480000,0,480000,0,0,0,0,480000,0
2024|1401|4|0|10|3,0,586461.92,0,586302.46,514174.4,0,0,159.46000000007916,72128.05999999994,514174.4
2024|1401|4|0|10|8,20064950,16857801.59,0,16855801.59,16841935.11,1836294.7499999998,1634727.39,2000,13866.480000000447,15005640.36
2024|1401|4|0|97|1,0,2025180.1,0,2022680.1,862554.19,783321.63,759500.6299999999,2500,1160125.9100000001,79232.55999999994
2024|1401|4|0|27|1,1995267,571990,0,299700,294889,248953,0,272290,4811,45936
2024|1401|4|0|70|1,2048250,3750608.18,0,3324529.1599999997,2745002.24,660114.79,660114.79,426079.0200000005,579526.9199999995,2084887.4500000002
2024|1401|4|0|60|1,0,1193948,0,643150,640131.02,121002,121002,550798,3018.9799999999814,519129.02
2024|1401|4|0|1|1,2587880,2683404.44,0,95524.43999999999,95524.44,95524.44,95524.44,2587880,-1.4551915228366852e-11,0
2024|1401|4|0|24|1,4132200,4857054.55,0,914793.55,913986.62,910314.04,910314.04,3942261,806.9300000000512,3672.579999999958
2024|1401|4|0|2|1,16736392,17268853.92,0,12006287.520000001,11937764.06,463938.46,463938.46,5262566.4,68523.4600000009,11473825.6
2024|1401|4|0|95|1,9000000,7112516.17,0,312944.75,292641.74999999994,276117.44999999995,276117.44999999995,6799571.42,20303.000000000116,16524.29999999999
2024|1441|1|0|10|5,1000000,1000000,0,1000000,522533.60000000003,522533.60000000003,522533.60000000003,0,477466.39999999997,0
2024|1441|1|0|43|5,63641237,63641237,0,63641237,58644331.74,58644331.74,58644331.74,0,4996905.259999998,0
2024|1441|1|0|42|5,95066258,95066258,0,95066258,81205092.52,81205092.52,81205092.52000001,0,13861165.480000004,0
2024|1441|1|0|10|9,1000,1000,0,0,0,0,0,1000,0,0
2024|1441|1|0|10|1,660050026,660050026,0,660035081.1000001,649049618.72,649049618.72,649049618.7199999,14944.899999856949,10985462.380000114,0
2024|1441|3|0|10|7,30923900,30923900,0,30923900,26209391.89,26209391.89,26209391.89,0,4714508.109999999,0
2024|1441|3|0|10|1,146502000,146502000,0,146502000,140470917.67999998,118991656.09999992,118754642.8300001,0,6031082.320000023,21479261.580000058
2024|1441|3|0|60|1,12887742,12887742,0,12887742,0,0,0,0,12887742,0
2024|1441|4|0|10|1,14703806,14703806,0,14703806,14380121.499999998,8840031.350000001,8823031.35,0,323684.50000000186,5540090.149999997
2024|1441|4|0|60|1,9000000,9000000,0,9000000,0,0,0,0,9000000,0
2024|1451|1|0|27|1,1428362635,1342092098.6,0,1342092098.06,1342092098.06,1342092098.06,1342092098.0600004,0.5399999618530273,0,0
2024|1451|1|1|57|2,0,61357.52,0,5629.13,5629.13,5629.13,5629.13,55728.39,0,0
2024|1451|1|1|10|1,181437140,190925843,0,190847019.33999997,190769841.98999998,190769841.99,190769841.98999995,78823.66000002623,77177.34999999404,-2.9802322387695312e-08
2024|1451|1|0|57|2,0,1832166.49,0,1495403.8700000003,1495403.87,1495403.87,1495403.87,336762.61999999965,2.3283064365386963e-10,0
2024|1451|1|0|10|1,875735483,1207995383,0,1207051652.460001,1207035397.3900003,1206728949.67,1206652286.499998,943730.5399990082,16255.070000648499,306447.720000267
2024|1451|3|0|9|1,0,1569200.13,0,1569200.13,1569200.13,36760.79,1286.63,0,0,1532439.3399999999
2024|1451|3|0|15|1,0,100000,0,100000,99993.48999999999,17564,17564,0,6.510000000009313,82429.48999999999
2024|1451|3|1|10|8,422738,50950,0,50950,50800,50800,0,0,150,0
2024|1451|3|0|1|1,0,382.44,0,382.44,140.84,140.84,140.84,0,241.6,0
2024|1451|3|1|10|3,0,10316.42,0,10316.42,0,0,0,0,10316.42,0
2024|1451|3|1|27|7,15026233,16785461,0,16785460.71,16785460.71,16785460.71,16785460.71,0.28999999910593033,0,0
2024|1451|3|0|10|3,0,47071.71000000001,0,47068.91,0,0,0,2.8000000000029104,47068.91,0
2024|1451|3|1|10|1,44793266,46909415.370000005,0,46909049.54000003,46572463.529999994,37995089.09,37549535.12,365.8299999758601,336586.01000003517,8577374.43999999
2024|1451|3|1|1|1,1000,1000,0,0,0,0,0,1000,0,0
2024|1451|3|0|60|1,3760773,3760773,0,3746821.090000001,3708319.36,2935017.0100000002,2931980.7600000002,13951.909999999218,38501.73000000091,773302.3499999996
2024|1451|3|0|61|1,59960,59960,0,41972,36606.4,36606.4,36606.4,17988,5365.5999999999985,0
2024|1451|3|0|27|7,177687024,182972699,0,182947281.40999994,182947281.41,182947281.41,182947281.41000003,25417.59000006318,-5.960464477539063e-08,0
2024|1451|3|0|95|1,0,20436128.85,0,20386128.85,20386128.85,16455376.65,15586159.6,50000,0,3930752.200000001
2024|1451|3|0|10|7,5491406,8571829,0,8516658.14,8516658.14,8516658.14,8516658.14,55170.859999999404,0,0
2024|1451|3|1|24|1,576888,2543896,0,2369293.38,1496747.98,1431081.98,1431081.98,174602.6200000001,872545.3999999999,65666
2024|1451|3|0|10|1,1097384743,1074106787.77,0,1073892314.58,1068984998.3299989,979118367.409998,977321027.2400104,214473.19000005722,4907316.250001073,89866630.92000079
2024|1451|3|0|24|1,2052096,2991253.0999999996,0,939157.1,389331.07,259435,259435,2052095.9999999995,549826.03,129896.07
2024|1451|3|0|10|8,9676249,9922745.370000001,0,1122745.37,1121804.52,891454.1200000001,891454.12,8800000,940.8500000000931,230350.3999999999
2024|1451|4|0|10|1,23084055,12584794.799999999,0,12584794.8,12408218.239999998,3881308.76,3754602.4200000004,-1.862645149230957e-09,176576.56000000238,8526909.479999999
2024|1451|4|0|97|1,0,150000,0,150000,150000,150000,150000,0,0,0
2024|1451|4|0|15|1,0,16232.76,0,16232.76,16225.34,15125.34,15125.34,0,7.420000000000073,1100
2024|1451|4|0|10|8,1165791,828042.4299999999,0,828042.4299999999,826365.87,349705.14,349705.14,0,1676.5599999999395,476660.73
2024|1451|4|0|10|4,0,1000000,0,1000000,997689,977349,902349,0,2311,20340
2024|1451|4|1|15|1,0,1828818,0,1828818,1691190,1303200,1303200,0,137628,387990
2024|1451|4|1|10|8,3462986,2723440,0,2723440,2565352.18,1942388.31,1750398.25,0,158087.81999999983,622963.8700000001
2024|1451|4|1|10|3,0,658583.92,0,658540.92,395049.81,386402.80999999994,386402.81,43,263491.11000000004,8647.000000000058
2024|1451|4|0|10|3,0,55864.20999999999,0,55420.23999999999,39875.64,39628.64,39628.64,443.97000000000116,15544.599999999991,247
2024|1451|4|1|10|1,15467108,33599929.02,0,33598574.9,33493008.150000002,11769419.98,11769419.98,1354.1200000047684,105566.74999999627,21723588.17
2024|1451|4|1|97|1,0,659019.2,0,597961,569170.18,266223,227098.56,61058.19999999995,28790.81999999995,302947.18000000005
2024|1451|4|1|3|1,0,117043,0,0,0,0,0,117043,0,0
2024|1451|4|0|1|1,200000,274324.62,0,74324.62,74324.62,74324.62,74324.62,200000,0,0
2024|1451|4|1|1|1,1358909,2044781.14,0,1311713.14,614775.5,551086.46,551086.4600000001,733068,696937.6399999998,63689.040000000154
2024|1451|4|0|95|1,26150000,5713871.15,0,1900000,0,0,0,3813871.1500000004,1900000,0
2024|1451|4|1|2|1,0,5412824,0,0,0,0,0,5412824,0,0
2024|1451|4|0|24|1,7352255,8726637.09,0,1374382.09,765829.54,509286.87,474987.14999999997,7352255,608552.55,256542.67000000004
2024|1451|4|1|24|1,33169100,37079168.36,0,4013287.5600000005,2633843.85,2442249.85,1657563.8499999999,33065880.799999997,1379443.7100000004,191594
2024|1481|1|0|95|1,163683,163683,0,0,0,0,0,163683,0,0
2024|1481|1|1|71|1,0,1268578.6800000002,0,856236.5799999998,856236.5799999998,856236.5799999998,856236.58,412342.1000000003,0,0
2024|1481|1|1|10|1,2718307,1801642,0,537199.1,537199.1,537199.1,537199.1,1264442.9,0,0
2024|1481|1|0|10|1,63128843,46911458.07,0,41802923.169999994,41802923.169999994,41802923.169999994,41802923.169999994,5108534.900000006,0,0
2024|1481|1|0|71|1,0,33983149.440000005,0,20218658.22,20218658.220000006,20194839.10000001,20194839.099999998,13764491.220000006,-7.450580596923828e-09,23819.119999997318
2024|1481|3|1|10|8,8900000,0,0,0,0,0,0,0,0,0
2024|1481|3|1|24|1,0,5639.93,0,5639.93,5639.93,5639.93,5639.93,0,0,0
2024|1481|3|0|71|3,0,3696962.17,0,3696962.17,3696962.17,3696962.17,3696962.17,0,0,0
2024|1481|3|1|15|1,0,965562.02,0,965562.02,963562.02,963562.02,963562.02,0,2000,0
2024|1481|3|1|38|1,1075402,1080402,0,1080402,1076520.55,1076520.55,1076520.55,0,3881.4499999999534,0
2024|1481|3|0|15|1,0,277819.43,0,277819.43,147160.29,147160.29,147160.29,0,130659.13999999998,0
2024|1481|3|0|10|8,13565159,1130000,0,1130000,754407.76,266105.52,266105.52,0,375592.24,488302.24
2024|1481|3|0|10|4,0,2270000,0,2270000,1463183.6800000002,443183.68,195876.38,0,806816.3199999998,1020000.0000000002
2024|1481|3|0|10|3,0,3380344.8000000003,0,3380343.82,3380202.9799999995,3378302.9799999995,3378302.9799999995,0.9800000004470348,140.84000000031665,1900
2024|1481|3|0|95|7,77616,77616,0,0,0,0,0,77616,0,0
2024|1481|3|1|71|7,0,211376,0,114510,114510,114510,114510,96866,0,0
2024|1481|3|0|1|1,102000,350642.4,0,248642.4,248642.4,248642.4,248642.4,102000.00000000003,0,0
2024|1481|3|1|10|7,366971,345307,0,72130.5,72130.5,72130.5,72130.5,273176.5,0,0
2024|1481|3|1|71|1,0,21965211.639999997,0,21676318.490000002,19546400.83,7183430.820000001,188720.44000000003,288893.1499999948,2129917.660000004,12362970.009999998
2024|1481|3|0|10|1,19495499,4162776.9200000004,0,3267895.8499999987,3017802.3800000004,2451924.35,2285097.98,894881.0700000017,250093.46999999834,565878.0300000003
2024|1481|3|0|59|1,3900000,2730000,0,646218.64,646218.64,646218.64,646218.64,2083781.3599999999,0,0
2024|1481|3|1|10|1,6980411,2855683.46,0,445710,12940.57,12940.57,12940.57,2409973.46,432769.43,0
2024|1481|3|0|38|1,22848102,29192712.32,0,26008267.470000003,24437861.22,20585504.669999998,20306754.67,3184444.8499999978,1570406.2500000037,3852356.5500000007
2024|1481|3|0|71|7,0,7897730.26,0,4569010.880000001,4569010.88,4569010.88,4569010.880000001,3328719.379999999,9.313225746154785e-10,0
2024|1481|3|0|10|7,13470053,11065248.35,0,7009035.130000001,7009035.130000001,7009035.130000001,7009035.13,4056213.219999999,0,0
2024|1481|3|0|24|1,9068645,10009557.8,0,4648051.07,4576988.3100000005,4576988.3100000005,4576988.3100000005,5361506.73,71062.75999999978,0
2024|1481|3|0|71|1,0,138652760.89000002,0,123455396.55999997,25055114.049999997,15723753.629999997,15374888.010000005,15197364.330000043,98400282.50999998,9331360.42
2024|1481|4|0|1|1,0,1459391.0499999998,0,1459391.05,1459391.0499999998,1459391.0499999998,1459391.0499999998,-2.3283064365386963e-10,2.3283064365386963e-10,0
2024|1481|4|0|71|3,0,139909.67,0,139909.67,139909.67,139909.67,139909.67,0,0,0
2024|1481|4|0|10|3,0,267548.64,0,267548.64,262811.12,262811.12,262811.12,0,4737.520000000019,0
2024|1481|4|0|15|1,0,15301535.280000001,0,15301535.280000001,15240746.829999998,14514511.66,13914511.659999998,0,60788.45000000298,726235.1699999981
2024|1481|4|0|10|4,0,2659856,0,2659856,2585644.6500000004,2585644.6500000004,2585644.6500000004,0,74211.34999999963,0
2024|1481|4|0|10|8,29988974,1334732.2,0,1319718.25,1291804.4100000001,1027147.03,1027147.03,15013.949999999953,27913.83999999985,264657.3800000001
2024|1481|4|0|10|1,3308218,2558218,0,2498218,477881.95,0,0,60000,2020336.05,477881.95
2024|1481|4|0|71|1,0,3645535.31,0,3458797.9299999927,3082531.9699999997,1666267.55,1666267.55,186737.38000000734,376265.959999993,1416264.4199999997
2024|1481|4|0|38|1,520081,3270081,0,2897026.4,1750000,1750000,1500000,373054.6000000001,1147026.4,0
2024|1481|4|0|24|1,236909,3709234.1199999996,0,2000871.04,1851858.56,1851858.56,1851858.56,1708363.0799999996,149012.47999999998,0
2024|1481|4|1|10|1,127564000,2584000,0,0,0,0,0,2584000,0,0
2024|1481|4|1|71|1,0,15648309.05,0,1040863.6799999997,0,0,0,14607445.370000001,1040863.6799999997,0
2024|1491|1|0|10|1,40105274,45359393,0,44032244.90999997,43965043.34000002,43959001.03000001,43959001.030000016,1327148.0900000334,67201.56999994814,6042.310000009835
2024|1491|3|1|10|8,40357603,39629351.47,0,39629350.97,39629350.95,39629350.95,39629350.95,0.5,0.019999995827674866,0
2024|1491|3|1|10|1,1000,1000,0,0,0,0,0,1000,0,0
2024|1491|3|0|10|7,5708480,5823710,0,5086226.199999999,5086226.199999999,5086226.199999999,5086226.2,737483.8000000007,0,0
2024|1491|3|0|10|1,69031405,40600762.06,0,31747965.060000002,29555390.73,26407505.939999998,25633410.729999997,8852797,2192574.330000002,3147884.790000003
2024|1491|4|0|10|8,51469449,1402215.41,0,1402215.41,1402215.41,1402215.4100000001,1402215.41,0,0,-2.3283064365386963e-10
2024|1491|4|0|10|4,0,500000,0,500000,498698.1,498698.1,498698.1,0,1301.9000000000233,0
2024|1491|4|0|10|1,8736400,10039400,0,10039400,9610780.22,7059869.76,7059869.76,0,428619.77999999933,2550910.460000001
2024|1491|4|0|15|1,140000000,138308869.84,0,138308869.84,137677263.14,110052244.73999998,109752244.74,0,631606.7000000179,27625018.400000006
2024|1491|4|1|10|8,524644078,675828415.08,0,669493753.58,669493753.58,669493753.58,669493753.58,6334661.5,0,0
2024|1501|1|1|10|1,1109448,2010409,0,1876315.6700000002,1876315.6700000004,1876315.6700000004,1876315.67,134093.32999999984,-2.3283064365386963e-10,0
2024|1501|1|0|95|1,877453,2975539,0,976423.4600000001,976423.4600000001,976423.4600000001,976423.46,1999115.54,0,0
2024|1501|1|0|10|1,226339567,265068049.71,0,251266856.66000003,250929888.63000005,250808924.90000004,250808924.90000018,13801193.049999982,336968.0299999714,120963.73000001907
2024|1501|3|0|82|1,89395708,89395708,0,89395707.99999999,88827845.89000002,73017882.33999999,73014432.34,1.4901161193847656e-08,567862.1099999696,15809963.550000027
2024|1501|3|0|15|1,230363386,226043386,0,226043385.99999994,211683201.72000003,198364506.26999998,196037326.92999998,5.960464477539063e-08,14360184.279999912,13318695.450000048
2024|1501|3|0|95|7,5627,5627,0,0,0,0,0,5627,0,0
2024|1501|3|1|10|7,78794,140392,0,119006.87999999999,119006.87999999999,119006.87999999999,119006.87999999999,21385.12000000001,0,0
2024|1501|3|0|59|2,1358703,1358703,0,1009924.05,752817.45,673718.7799999999,611285.51,348778.94999999995,257106.6000000001,79098.67000000004
2024|1501|3|0|52|2,1666102,1666102,0,1307518.6900000002,970897.69,869627.8400000001,788567.26,358583.3099999998,336621.00000000023,101269.84999999986
2024|1501|3|0|91|2,1598748,1598748,0,814277.94,556617.36,512165.2,427562.32,784470.06,257660.57999999996,44452.159999999974
2024|1501|3|0|94|1,5968398,5968398,0,4677869.61,3564060.28,3185962.51,2894135.93,1290528.3899999997,1113809.3300000005,378097.77
2024|1501|3|0|95|1,3138203,2269160,0,779922.68,773780.73,553418.8,553418.8,1489237.3199999998,6141.95000000007,220361.92999999993
2024|1501|3|1|10|1,8074798,7376906.35,0,5764202.9,1408500.4599999997,1241073.8000000003,1117950.72,1612703.4499999993,4355702.44,167426.65999999945
2024|1501|3|0|60|2,9082586,9117747.61,0,7170187.810000001,5967956.999999999,5205493.890000001,4786270.330000001,1947559.799999998,1202230.8100000024,762463.1099999985
2024|1501|3|0|10|7,21339993,23267791.68,0,21007182.11,21007182.11,21007182.11,21007182.11,2260609.5700000003,0,0
2024|1501|3|0|10|1,240561914,247068351.35999995,0,241150939.3300004,215768835.04000014,174382272.38,170641086.29999986,5917412.029999554,25382104.29000026,41386562.660000145
2024|1501|4|0|15|1,8407000,6993359.999999999,0,6993359.999999999,6772437.25,1294891.12,1294891.12,0,220922.74999999907,5477546.13
2024|1501|4|0|74|1,0,1167898.11,0,1137639.45,1137638.35,54152,54152,30258.66000000015,1.0999999998603016,1083486.35
2024|1501|4|0|60|2,78604,43442.39,0,0,0,0,0,43442.39,0,0
2024|1501|4|0|95|1,4500000,3456610.87,0,2030231.1400000001,1854232.6600000001,1209247,637079.95,1426379.73,175998.47999999998,644985.6600000001
2024|1501|4|0|10|1,44715513,38527689.56,0,36573644.06000001,29173627.849999994,17165721.32,16653934.509999996,1954045.4999999925,7400016.210000016,12007906.529999994
2024|1501|4|0|25|1,126269143,120871402.14,0,11721633.669999998,11425527.58,8153975.9,7317279.5,109149768.47,296106.089999998,3271551.6799999997
2024|1501|5|0|10|1,0,12374363.9,0,8474363.9,0,0,0,3900000,8474363.9,0
2024|1511|1|0|57|2,0,29732.16,0,21596.759999999995,21596.76,21596.76,21596.76,8135.400000000005,-3.637978807091713e-12,0
2024|1511|1|0|18|1,0,318250143.45,0,318241733.21,318241733.21000004,318241733.21000004,318241733.2099999,8410.240000009537,-5.960464477539063e-08,0
2024|1511|1|0|11|1,0,861242166.85,0,848329918.44,848329918.4399999,848329918.4399999,848329918.44,12912248.409999967,1.1920928955078125e-07,0
2024|1511|1|0|10|1,2609538002,1818076634.85,0,1404006810.8899999,1404006810.89,1404006810.89,1404006810.8899999,414069823.96000004,-2.384185791015625e-07,0
2024|1511|3|0|1|1,0,89584.81,0,89584.81,89584.81,89584.81,89584.81,0,0,0
2024|1511|3|1|9|1,0,5569675.44,0,5569675.44,5569675.44,5569675.44,5569675.44,0,0,0
2024|1511|3|0|10|3,0,180.36,0,180.36,180.36,180.36,180.36,0,0,0
2024|1511|3|1|10|1,3000,0,0,0,0,0,0,0,0,0
2024|1511|3|0|15|1,0,280000,0,280000,280000,280000,280000,0,0,0
2024|1511|3|0|10|8,2000000,350000,0,350000,349937.7400000001,324049,258949,0,62.2599999998929,25888.740000000107
2024|1511|3|1|10|8,690000,476000,0,476000,468789.04000000004,25425.58,25425.58,0,7210.959999999963,443363.46
2024|1511|3|1|60|2,0,3890534.73,0,3890534.73,1943110,1943110,1943110,0,1947424.73,0
2024|1511|3|0|10|1,150415564,159506343.21,0,159506343.2099999,159104240.75000003,137083095.07000002,135164483.64999998,1.1920928955078125e-07,402102.45999985933,22021145.680000007
2024|1511|3|0|70|1,241000,295514.99,0,74514.98999999999,64394.990000000005,64394.990000000005,64394.990000000005,221000,10119.999999999985,0
2024|1511|3|0|60|1,0,8543000,0,7977260.01,7977260.01,1588137,1588137,565739.9900000002,0,6389123.01
2024|1511|3|0|24|1,901000,1128364.88,0,227364.88,227364.88,227364.88,227364.88,900999.9999999999,0,0
2024|1511|3|0|10|7,114082048,118325189.41,0,111998418.14999996,111920590.79,111920590.79,111919421.39000003,6326771.260000035,77827.3599999547,0
2024|1511|3|0|95|1,21996299,31591299,0,25176985.85,25028304.78,21730700.73,21657090.779999997,6414313.1499999985,148681.0700000003,3297604.0500000007
2024|1511|4|1|10|4,0,300000,0,300000,300000,0,0,0,0,300000
2024|1511|4|0|10|1,30581453,30581453,0,30581453,30568605,22978595.729999997,22978595.73,0,12848,7590009.270000003
2024|1511|4|1|95|1,0,416700,0,416700,272158.32,272158.32,272158.32,0,144541.68,0
2024|1511|4|0|46|1,0,1439125.63,0,1439125.63,1040006.6,225636.13,225636.12999999998,0,399119.0299999999,814370.47
2024|1511|4|0|15|1,0,5843800,0,5843800,5112110.46,1310052.34,1048694.1400000001,0,731689.54,3802058.12
2024|1511|4|1|60|2,0,31251609,0,31251609,10362749,10362749,7788359,0,20888860,0
2024|1511|4|0|10|8,8720200,8280298.68,0,8278705.68,7756730.25,3592726.96,3311383.2600000002,1593,521975.4299999997,4164003.29
2024|1511|4|0|74|1,2000,2000,0,0,0,0,0,2000,0,0
2024|1511|4|0|45|1,0,10604.76,0,0,0,0,0,10604.76,0,0
2024|1511|4|0|10|3,0,695287.1799999999,0,667346.03,538442.01,262124.61000000002,5958.91,27941.149999999907,128904.02000000002,276317.4
2024|1511|4|1|1|1,0,70281.24,0,9900,9900,9900,9900,60381.240000000005,0,0
2024|1511|4|1|10|8,11974387,9017695.04,0,8892266.690000001,8388646.76,4493269.48,4327367.68,125428.34999999776,503619.93000000156,3895377.2799999993
2024|1511|4|0|25|1,0,812500,0,243750,243750,241482,241482,568750,0,2268
2024|1511|4|1|25|1,0,812500,0,243750,243750,241482,241482,568750,0,2268
2024|1511|4|0|70|1,1000000,2830503.64,0,1672525.67,1512418.56,1060857.66,1037986.5700000002,1157977.9700000002,160107.10999999987,451560.90000000014
2024|1511|4|0|97|1,0,2228240.74,0,880160.4299999999,786232.79,611136.79,553225.39,1348080.3100000003,93927.6399999999,175096
2024|1511|4|0|98|1,0,1755062,0,0,0,0,0,1755062,0,0
2024|1511|4|0|2|1,22201000,20358126.4,0,16209565.09,16209565.09,12701859.11,424965.11,4148561.3099999987,0,3507705.9800000004
2024|1511|4|0|24|1,6000000,6168821.47,0,363023.31999999995,356717.66000000003,356717.66,356717.66000000003,5805798.149999999,6305.659999999916,5.820766091346741e-11
2024|1511|4|0|95|1,13643425,12443425,0,2964248.8,2875231.61,1084809.5999999999,1084809.6,9479176.2,89017.18999999994,1790422.01
2024|1511|4|0|1|1,11390512,10428836.12,0,907300.8500000001,907300.85,535360.13,100434.82999999999,9521535.27,1.1641532182693481e-10,371940.72
2024|1521|1|0|10|1,55480361,65727938,0,60644420.410000026,60636820.94000001,60565359.460000016,60565359.46000001,5083517.589999974,7599.470000013709,71461.47999999672
2024|1521|3|0|9|1,0,306706.9,0,306706.9,178557.91,178557.90999999997,172857.51,0,128148.99000000002,2.9103830456733704e-11
2024|1521|3|0|95|1,41105,41105,0,30090,27756,24832,24832,11015,2334,2924
2024|1521|3|0|10|1,2738578,3249246,0,3232458.07,2784520.38,2001097.7099999997,1967069.5799999998,16787.930000000168,447937.68999999994,783422.6700000002
2024|1521|3|0|10|7,3706285,4300396,0,3366317.47,3366317.4699999997,3366317.4699999997,3366317.4700000007,934078.5299999998,4.656612873077393e-10,0
2024|1521|4|0|9|1,0,17035.8,0,17035.8,0,0,0,0,17035.8,0
2024|1521|4|0|10|1,603200,149532,0,149532,113727,113727,113727,0,35805,0
2024|1521|4|0|95|1,1112605,1112605,0,595630,417658,0,0,516975,177972,417658
2024|1541|1|0|10|1,14890304,15256562,0,14895181.050000003,14895181.05,14895181.05,14895181.050000003,361380.9499999974,1.862645149230957e-09,0
2024|1541|3|0|10|1,5462579,4188128.0199999996,0,4188128.02,4151488.999999999,3596474.399999999,3596474.3999999994,-4.656612873077393e-10,36639.02000000095,555014.6000000001
2024|1541|3|0|10|7,1451240,1428419,0,1248997.3599999996,1248997.36,1248997.36,1248997.3599999996,179421.64000000036,-4.656612873077393e-10,0
2024|1541|4|0|10|1,738840,963775.9500000001,0,963775.9500000001,963775.9500000001,854129.13,854129.13,0,0,109646.82000000007
2024|1631|1|0|10|1,7926897,8270939,0,7585225.660000001,7582470.950000001,7495003.029999999,7495003.030000001,685713.3399999989,2754.7099999999627,87467.92000000179
2024|1631|3|0|10|7,921911,577869,0,544292.6,544292.6000000001,544292.6000000001,544292.6,33576.40000000002,-1.1641532182693481e-10,0
2024|1631|3|0|10|1,8192366,8192366,0,1804061.08,1295753.1600000001,1230508.97,1230508.9700000002,6388304.92,508307.9199999999,65244.19000000018
2024|1711|1|0|10|1,13736095,13055820,0,10592058.5,10592058.500000002,10592058.500000002,10592058.499999998,2463761.5,-1.862645149230957e-09,0
2024|1711|3|0|10|1,130736216,135361737.42000002,0,135361359.22,132421726.18,44926529.46,44926529.46,378.2000000178814,2939633.0399999917,87495196.72
2024|1711|3|0|10|7,1904016,2003075,0,1489174.45,1489174.45,1489174.45,1489174.45,513900.55000000005,0,0
2024|1711|4|0|10|1,689818,1389818,0,1389817.9999999998,913012.71,205223.93,205223.93,2.3283064365386963e-10,476805.2899999998,707788.78
2024|1721|1|0|10|1,9459035,8833192,0,7480416.800000001,7447216.59,7359416.8,7359416.8,1352775.1999999993,33200.210000000894,87799.79000000004
2024|1721|3|0|10|1,3618265,3598265,0,3598264.9999999995,2636585.0199999996,2261623.4499999997,2251235.92,4.656612873077393e-10,961679.98,374961.56999999983
2024|1721|3|0|10|8,1000,1000,0,0,0,0,0,1000,0,0
2024|1721|3|0|10|7,515362,1262205,0,1095534.35,1095534.35,1095534.35,1095534.35,166670.6499999999,0,0
2024|1721|4|0|10|8,1000,1000,0,0,0,0,0,1000,0,0
2024|1721|4|0|10|1,271596,271596,0,269775.2,197486.62,108768.93,108768.93,1820.7999999999884,72288.58000000002,88717.69
2024|1911|3|0|71|1,0,36233820.35,0,36233820.35,36233820.35,36233820.35,36233820.35,0,0,0
2024|1911|3|0|10|1,852749929,1518749929,0,1511785154.29,1505790513.83,1388155046.9299998,1388155046.9299998,6964774.710000038,5994640.460000038,117635466.9000001
2024|1915|5|0|61|2,130000,130000,0,130000,48126.520000000004,24181.010000000002,24181.01,0,81873.48,23945.510000000002
2024|1915|5|0|10|1,9000,77331327.56,0,77322327.56,77322327.56,77322327.56,77322327.56,9000,0,0
2024|1916|2|0|11|1,0,292000000,0,292000000,292000000,292000000,292000000,0,0,0
2024|1916|2|0|19|1,0,106497629.98,0,106497629.98,106497629.98,106497629.98,106497629.98,0,0,0
2024|1916|2|0|10|1,2959565429,1653564405,0,1643166915.2100003,1521409397.84,1521409397.84,1259102178.7699997,10397489.789999723,121757517.37000036,0
2024|1916|6|0|15|1,553541699,0,0,0,0,0,0,0,0,0
2024|1916|6|0|10|1,2869615624,1928702601.54,0,1887817096.7600007,1877766663.8700004,1877766663.8700004,1867753596.2200003,40885504.779999256,10050432.890000343,0
2024|1941|1|0|10|1,209950783,206663404,0,193919569.68,193919569.68,193919569.68,193919569.67999998,12743834.319999993,0,0
2024|1941|3|0|52|2,0,45754.24,0,45754.240000000005,45754.240000000005,15764.16,13049.02,-7.275957614183426e-12,0,29990.080000000005
2024|1941|3|0|94|1,0,30000,0,30000,30000,0,0,0,0,30000
2024|1941|3|0|91|2,0,108000,0,108000,108000,57181.67999999999,48208.93,0,0,50818.32000000001
2024|1941|3|0|27|1,0,139359.03,0,139359.03,139359.03,51203.67,50349.61,0,0,88155.36
2024|1941|3|0|60|2,0,472491.08,0,472491.08,472491.07999999996,118800.16,103453.84,0,5.820766091346741e-11,353690.9199999999
2024|1941|3|0|10|1,2340000,4429689.3,0,3354113.4800000004,3353113.48,940135.1400000001,940135.14,1075575.8199999994,1000.0000000004657,2412978.34
2024|1951|3|0|71|3,0,6000000,0,0,0,0,0,6000000,0,0
2024|1951|3|0|97|1,100000000,7000000,0,0,0,0,0,7000000,0,0
2024|1951|3|0|10|3,18134743,14115609.63,0,0,0,0,0,14115609.63,0,0
2024|1951|3|0|98|1,0,90154208,0,0,0,0,0,90154208,0,0
2024|1951|4|0|71|3,0,1000000,0,0,0,0,0,1000000,0,0
2024|1951|4|0|10|3,14540008,8171814.67,0,0,0,0,0,8171814.67,0,0
2024|1991|9|0|10|1,1034854433,335342867.7,0,0,0,0,0,335342867.7,0,0
2024|2011|1|0|60|9,4900000,6900000,0,6900000,6171277.130000004,6169208.130000002,6161228.200000002,0,728722.8699999964,2069.0000000018626
2024|2011|1|0|10|9,132054526,155670671.35,0,155670671.35,154070642.09000003,154070642.09,154055679.72000003,0,1600029.2599999607,2.9802322387695312e-08
2024|2011|1|0|57|2,0,9483577.579999998,0,8468939.459999999,8468939.46,8468939.46,8468939.459999999,1014638.1199999992,-1.862645149230957e-09,0
2024|2011|1|0|49|1,267781494,275349547,0,274248958.34999996,274248955.35,274207265.85,274207265.85,1100588.6500000358,2.9999999403953552,41689.5
2024|2011|3|0|49|1,109605084,136373265,0,136373265,136373265,113879382.02999997,113879382.02999999,0,0,22493882.97000003
2024|2011|3|0|60|9,100000,100000,0,100000,15771.079999999998,14761.079999999998,14761.079999999998,0,84228.92,1010
2024|2011|3|0|60|1,174172943,172087943,0,172087943,154618829.73999995,151785053.95999992,151785053.95999995,0,17469113.26000005,2833775.780000031
2024|2011|3|0|10|1,10059246,56376068.34,0,56376068.339999996,52641218.660000004,37400025.93,37330104.77,7.450580596923828e-09,3734849.6799999923,15241192.730000004
2024|2011|3|0|50|1,756107826,882057453.02,0,881969443.8400002,878459909.99,804948271.7700007,803960903.220001,88009.17999982834,3509533.850000143,73511638.21999931
2024|2011|3|0|49|7,38975700,36118254,0,35172004.18000006,35172004.18,35172004.18,35172004.18,946249.8199999407,5.960464477539063e-08,0
2024|2011|3|0|10|9,1235155,1235155,0,0,0,0,0,1235155,0,0
2024|2011|4|0|10|8,0,120000,0,120000,119902.5,89302.5,89302.5,0,97.5,30600
2024|2011|4|0|10|1,8757504,8757504,0,8757504,2969647.82,2143217.88,2134427.86,0,5787856.18,826429.94
2024|2011|4|0|50|1,23959813,23209813,0,23209812.94,22144592.8,10614348.02,10614348.02,0.05999999865889549,1065220.1400000006,11530244.780000001
2024|2011|4|0|47|1,1000,1000,0,0,0,0,0,1000,0,0
2024|2041|1|0|60|1,1964103,2057844,0,2056016.4299999997,2056016.43,2056016.43,2056016.4300000004,1827.570000000298,-2.3283064365386963e-10,0
2024|2041|3|0|60|7,404413,342172,0,342171.63,342171.63,342171.63,342171.63,0.3699999999953434,0,0
2024|2041|3|0|60|9,245710,245710,0,50.54,0,0,0,245659.46,50.54,0
2024|2041|3|0|60|1,3532260,3500260,0,3021506,348947.05,318012.37,314446.22000000003,478754,2672558.95,30934.679999999993
2024|2041|4|0|47|1,0,7000,0,7000,6150,2760,2760,0,850,3390
2024|2041|4|0|60|1,12040,12040,0,5040,0,0,0,7000,5040,0
2024|2061|1|0|10|9,701975,1234074,0,1233998.9999999998,1225214.98,1225214.98,1225214.98,75.00000000023283,8784.019999999786,0
2024|2061|1|0|10|1,59179809,54351863,0,47934910.89999997,47934910.9,47934910.9,47934910.90000001,6416952.100000031,-2.9802322387695312e-08,0
2024|2061|3|0|10|3,0,7507.6,0,7507.6,0,0,0,0,7507.6,0
2024|2061|3|0|10|9,0,75000,0,75000,41656.78999999999,41656.78999999999,41656.78999999999,0,33343.21000000001,0
2024|2061|3|0|10|8,370000,220000,0,220000,3996.7200000000003,3996.7200000000003,1342.74,0,216003.28,0
2024|2061|3|0|24|1,2000,52220,0,50220,34221.65,34221.65,34221.649999999994,2000,15998.349999999999,0
2024|2061|3|0|10|7,4824270,3736588.05,0,3427217.57,3427217.57,3427217.57,3427217.5700000008,309370.48,0,0
2024|2061|3|0|60|1,5000000,5016357,0,4424111.94,4131365.4999999995,2923923.88,2923923.8799999994,592245.0599999996,292746.4400000009,1207441.6199999996
2024|2061|3|0|10|1,12072026,12989761.2,0,11973601.150000006,11604673.079999998,9829879.990000002,9820537.880000003,1016160.0499999933,368928.07000000775,1774793.0899999961
2024|2061|4|0|10|1,49400,747459,0,747459,744038.71,676909.93,676909.9299999999,0,3420.2900000000373,67128.77999999991
2024|2071|1|0|60|9,37346,37346,0,24936.02,23476.46,23476.46,23476.46,12409.98,1459.5600000000013,0
2024|2071|1|0|10|1,10336886,10409301,0,10043358.299999999,10043358.299999999,10011879.290000001,10011879.29,365942.7000000011,0,31479.009999997914
2024|2071|3|0|10|8,500001,199961.52,0,199961.52,199961.52,199961.52,199961.52,0,0,0
2024|2071|3|0|60|9,0,4000,0,4000,0,0,0,0,4000,0
2024|2071|3|0|10|3,6350013,363074.28,0,363074.28,349979.08,261189,261189,0,13095.200000000012,88790.07999999999
2024|2071|3|0|47|1,1000,1000,0,0,0,0,0,1000,0,0
2024|2071|3|0|69|1,1800000,100000,0,0,0,0,0,100000,0,0
2024|2071|3|0|10|7,1612255,1539840,0,1375832.48,1375832.48,1375832.48,1375832.48,164007.52000000002,0,0
2024|2071|3|0|68|1,4495357,4534537,0,39180,38860.079999999994,38860.08,22051.18,4495357,319.92000000000553,-7.275957614183426e-12
2024|2071|3|0|10|1,326848257,361905116.00000006,0,354365624.6,354365624.5999992,347327617.3899998,346765061.6100015,7539491.400000036,8.344650268554688e-07,7038007.2099993825
2024|2071|3|0|24|1,9025015,11054517.620000001,0,2344614.39,2324971.8200000003,2191786.71,2191786.71,8709903.23,19642.569999999832,133185.11000000034
2024|2071|3|1|10|1,189174298,79868046.58,0,68371040.80000001,68371040.8,67331644.41,67016903.010000005,11497005.779999986,1.4901161193847656e-08,1039396.3900000006
2024|2071|4|0|24|1,2500000,2500000,0,0,0,0,0,2500000,0,0
2024|2071|4|0|68|1,2603713,2603713,0,0,0,0,0,2603713,0,0
2024|2071|4|0|10|1,84731228,79324369,0,74343678.2,74343678.20000002,73085494.31000002,73038454.31000002,4980690.799999997,-1.4901161193847656e-08,1258183.8900000006
2024|2071|4|1|10|1,90245368,28745368,0,21844613.890000004,21844613.889999997,21441863.889999997,21145063.889999997,6900754.109999996,7.450580596923828e-09,402750
2024|2071|5|0|10|1,1200000,550000,0,313186,313186,313186,313186,236814,0,0
2024|2091|1|0|60|1,12366117,36911180.870000005,0,36911178.339999996,36911178.34,36911178.34,36911178.339999996,2.5300000086426735,-7.450580596923828e-09,0
2024|2091|1|0|60|9,528883,728883,0,508361.06,391568.47,391568.47,383207.41000000003,220521.94,116792.59000000003,0
2024|2091|1|0|95|1,436258,436258,0,38278.91,38278.91,38278.91,38278.91,397979.08999999997,0,0
2024|2091|1|0|72|1,16412866,14085567.83,0,7514658.040000002,7514658.04,7514658.04,7514658.040000003,6570909.789999998,1.862645149230957e-09,0
2024|2091|3|0|60|1,0,10000,0,10000,2126.6899999999996,2126.6899999999996,2126.6899999999996,0,7873.31,0
2024|2091|3|0|10|8,0,270000,0,270000,68499.96,0,0,0,201500.03999999998,68499.96
2024|2091|3|0|72|7,5631293,8429160.27,0,8381889.459999999,8381889.46,8381889.46,8381889.46,47270.81000000052,-9.313225746154785e-10,0
2024|2091|3|0|52|1,389782,344027.76,0,285839.47,704.33,704.33,704.33,58188.29000000004,285135.13999999996,0
2024|2091|3|0|60|9,0,600000,0,528883,302887.72000000003,302887.72000000003,302887.72000000003,71117,225995.27999999997,0
2024|2091|3|0|95|7,132000,132000,0,17706.96,17706.96,17706.96,17706.96,114293.04000000001,0,0
2024|2091|3|0|95|1,300000,301991.52,0,56579.619999999995,56579.619999999995,29285.570000000003,29285.57,245411.90000000002,0,27294.049999999992
2024|2091|3|0|45|1,281000,281000,0,0,0,0,0,281000,0,0
2024|2091|3|0|24|1,693272,693272,0,0,0,0,0,693272,0,0
2024|2091|3|0|72|1,24535731,24535731,0,13570882.030000003,10090456.230000002,7861033.33,7840232.26,10964848.969999997,3480425.8000000007,2229422.9000000022
2024|2091|4|0|47|1,5000,5000,0,0,0,0,0,5000,0,0
2024|2091|4|0|72|1,5489611,5489611,0,5123637,3697.99,2769.99,2769.99,365974,5119939.01,928
2024|2101|1|0|72|1,11036132,913238.7199999999,0,912283.8200000001,912283.8200000001,912283.8200000001,912283.82,954.8999999997905,0,0
2024|2101|1|0|26|1,110222000,112150279.84,0,112077193.23999995,112077193.23999998,112077193.23999998,112077193.24,73086.60000005364,-2.9802322387695312e-08,0
2024|2101|1|0|95|1,571511,571511,0,0,0,0,0,571511,0,0
2024|2101|1|0|60|9,6032399,5032399,0,3129083.45,2155625.96,2143122.93,2143122.9299999997,1903315.5499999998,973457.4900000002,12503.029999999795
2024|2101|3|0|10|8,200000,0,0,0,0,0,0,0,0,0
2024|2101|3|0|60|1,1752700,0,0,0,0,0,0,0,0,0
2024|2101|3|0|15|1,0,230000,0,230000,229211.29,229211.29,229211.29,0,788.7099999999919,0
2024|2101|3|0|26|1,0,1000,0,1000,116.47,116.47,116.47,0,883.53,0
2024|2101|3|0|68|1,3500,3500,0,0,0,0,0,3500,0,0
2024|2101|3|0|9|1,7500,7500,0,0,0,0,0,7500,0,0
2024|2101|3|0|72|3,10385,10385,0,0,0,0,0,10385,0,0
2024|2101|3|0|69|1,74000,74000,0,0,0,0,0,74000,0,0
2024|2101|3|1|95|1,170000,170000,0,0,0,0,0,170000,0,0
2024|2101|3|0|95|7,292504,292504,0,0,0,0,0,292504,0,0
2024|2101|3|0|60|9,748881,1748881,0,1448881,1126345.45,1126345.4500000002,1126345.45,300000,322535.55000000005,-2.3283064365386963e-10
2024|2101|3|0|24|1,552090,552090,0,0,0,0,0,552090,0,0
2024|2101|3|0|72|1,70435902,64971644.699999996,0,64222457.78,63442488.51999995,56502596.949999936,55810070.24000003,749186.9199999943,779969.2600000501,6939891.570000015
2024|2101|3|0|91|1,1718108,1718108,0,622723.16,593441.95,381926.21,45638.91,1095384.8399999999,29281.21000000008,211515.73999999993
2024|2101|3|0|52|1,2978156,2934156,0,369412.73,369412.73,369412.73,0,2564743.27,0,0
2024|2101|3|0|72|7,27908322,23754894.97,0,21020445.590000004,21020445.590000004,21020445.590000004,21020445.59,2734449.379999995,0,0
2024|2101|3|0|61|1,23049038,22911680,0,4419915.07,4236730.06,3114062.08,3048538.209999999,18491764.93,183185.0100000007,1122667.9799999995
2024|2101|3|0|95|1,32030262,31905109.430000003,0,8665379,8664048.68,7988296.4399999995,7988296.4399999995,23239730.430000003,1330.320000000298,675752.2400000002
2024|2101|4|0|60|1,4156993,0,0,0,0,0,0,0,0,0
2024|2101|4|0|91|1,52599,52599,0,43341.12,0,0,0,9257.879999999997,43341.12,0
2024|2101|4|0|72|3,9550,9550,0,0,0,0,0,9550,0,0
2024|2101|4|0|52|1,0,44000,0,0,0,0,0,44000,0,0
2024|2101|4|0|72|1,727090,106000,0,53333,47953,32215.15,32215.15,52667,5380,15737.849999999999
2024|2101|4|0|10|8,0,183520.8,0,58520.8,54365.9,54365.9,54365.9,124999.99999999999,4154.9000000000015,0
2024|2101|4|0|61|1,2252367,2389725,0,1996075.7799999998,1993236.2799999998,923637.2999999999,923637.3,393649.2200000002,2839.5,1069598.98
2024|2101|4|0|24|1,517132,517132,0,0,0,0,0,517132,0,0
2024|2101|4|0|9|1,0,1048630.34,0,0,0,0,0,1048630.34,0,0
2024|2101|4|0|95|1,8228563,8543144.11,0,431508.76999999996,422081.68,203868.91,203868.91,8111635.34,9427.089999999967,218212.77
2024|2101|5|0|95|1,2114756,2114756,0,0,0,0,0,2114756,0,0
2024|2121|1|0|60|9,16602878,19877691.89,0,19877691.89,19877399.61,19877399.61,19877399.609999996,0,292.2800000011921,0
2024|2121|1|0|57|2,0,113558.03,0,87666.09,87666.09000000001,87666.09000000001,87666.09,25891.940000000002,-1.4551915228366852e-11,0
2024|2121|1|0|49|1,0,165289393,0,165000000,165000000,165000000,165000000,289393,0,0
2024|2121|1|0|10|1,507016267,374119079.04999995,0,370192552.59999996,370192552.59999996,370192552.59999996,370192552.6000003,3926526.449999988,0,0
2024|2121|1|0|50|1,0,163629519,0,146844082.21999994,146844082.22000003,146844082.22000003,146844082.22000003,16785436.78000006,-8.940696716308594e-08,0
2024|2121|1|0|78|1,1561549133,1613104514.32,0,1344971178.5299997,1344940804.3,1344933379.15,1344932668.3200004,268133335.7900002,30374.229999780655,7425.149999856949
2024|2121|3|0|50|1,5392800,5392800,0,5392800,5392797.999999999,4047392.49,4047392.49,0,2.0000000009313226,1345405.5099999988
2024|2121|3|0|60|9,101935,3151935,0,3151934.9999999995,3151924.7800000007,3151924.7800000007,3119670.6800000006,4.656612873077393e-10,10.219999998807907,0
2024|2121|3|0|60|1,170048643,63393932.230000004,0,63393932.03,63345641.989999995,59988875.37000002,59947959.18,0.20000000298023224,48290.04000000656,3356766.619999975
2024|2121|3|0|10|7,3660945,2669076.81,0,2641535.81,2641535.81,2641535.81,2641535.81,27541,0,0
2024|2121|3|0|50|7,0,270481,0,218286,218286,218286,218286,52195,0,0
2024|2121|3|0|49|1,20278256,60827057.08,0,60759534.44999999,60460108.22000003,53025707.790000014,52904481.43000001,67522.63000001013,299426.22999995947,7434400.430000015
2024|2121|3|0|10|1,747464764,852943506.94,0,827289483.2999998,827267998.2700006,819939723.6100004,819761787.9800038,25654023.640000224,21485.029999256134,7328274.660000205
2024|2121|4|0|60|1,312307,0,0,0,0,0,0,0,0,0
2024|2121|4|0|49|1,0,1251042.8900000001,0,1251042.8900000001,1020010.75,88060.79,88060.79,0,231032.14000000013,931949.96
2024|2121|4|0|10|1,0,1460555.84,0,209512.95,209512.94999999998,145494.81,145494.81,1251042.8900000001,2.9103830456733704e-11,64018.139999999985
2024|2151|1|0|60|9,1000,1000,0,0,0,0,0,1000,0,0
2024|2151|1|0|10|1,34412239,37366978,0,36535212.7,36535212.7,36535212.7,36535212.70000001,831765.299999997,0,0
2024|2151|3|0|60|9,0,17455.28,0,7470.2699999999995,7470.27,7470.27,7470.27,9985.009999999998,-9.094947017729282e-13,0
2024|2151|3|0|10|1,19302012,26563762.7,0,26368681.01,26176545.21,18934653.55000001,18909761.91,195081.68999999762,192135.80000000075,7241891.659999993
2024|2151|3|0|60|1,242000,242000,0,0,0,0,0,242000,0,0
2024|2151|3|0|10|7,7454434,8217262,0,7434588.679999998,7434588.679999999,7434588.679999999,7434588.68,782673.3200000022,-9.313225746154785e-10,0
2024|2151|4|0|10|1,2607420,18084126.049999997,0,18084126.05,18026735.529999997,17339310.78,17339310.779999997,-3.725290298461914e-09,57390.52000000328,687424.7499999963
2024|2151|4|0|47|1,10000,10000,0,0,0,0,0,10000,0,0
2024|2161|1|0|10|9,390920,390746.12,0,390746.12,59800.83,59800.83,49063.22,0,330945.29,0
2024|2161|1|0|10|1,9751911,5669406,0,3912252.2600000002,3912252.26,3912252.26,3912252.260000001,1757153.7399999998,4.656612873077393e-10,0
2024|2161|3|0|10|9,0,173.88,0,173.88,0,0,0,0,173.88,0
2024|2161|3|0|47|1,1000,1000,0,0,0,0,0,1000,0,0
2024|2161|3|0|10|3,34079,57429.02,0,23350.02,23350.02,23350.02,23350.02,34079,0,0
2024|2161|3|0|1|1,272000,314205.66,0,97040.06,97040.06,97040.06,97040.06,217165.59999999998,0,0
2024|2161|3|0|10|7,2059040,1949567,0,757692.8,757692.8,757692.8,757692.8,1191874.2,0,0
2024|2161|3|0|10|1,7808974,5656351.05,0,3755630.0500000003,3432047.879999999,2799698.2199999993,2798901.139999999,1900720.9999999995,323582.1700000013,632349.6599999997
2024|2161|3|0|24|1,3088643,3088643,0,0,0,0,0,3088643,0,0
2024|2161|4|0|10|1,428314,179998.31000000003,0,179998.31000000006,179998.31,66548.26000000001,66548.26000000001,-2.9103830456733704e-11,5.820766091346741e-11,113450.04999999999
2024|2161|4|0|1|1,30000,30000,0,0,0,0,0,30000,0,0
2024|2161|4|0|24|1,342960,342960,0,0,0,0,0,342960,0,0
2024|2171|1|0|10|9,1000,1000,0,0,0,0,0,1000,0,0
2024|2171|1|0|10|1,2252600,2570921,0,2409738.5400000005,2409738.54,2409738.54,2409738.5399999996,161182.4599999995,4.656612873077393e-10,0
2024|2171|3|0|59|2,0,2400000,0,2400000,2400000,2380000,2380000,0,0,20000
2024|2171|3|0|10|7,704476,657400,0,600725,600725,600725,600725,56675,0,0
2024|2171|3|0|45|1,115000,115000,0,55000,54412.95,54412.95,54412.95,60000,587.0500000000029,0
2024|2171|3|0|60|1,100000,1443912,0,1373712,945481.07,742479.54,742479.5399999999,70200,428230.93000000005,203001.5299999999
2024|2171|3|0|10|1,1794544,1717444,0,1619188.76,1527174.81,1325877.2600000002,1325877.2600000002,98255.23999999999,92013.94999999995,201297.5499999998
2024|2171|3|0|24|1,479175,479175,0,0,0,0,0,479175,0,0
2024|2171|3|0|68|1,777000,777000,0,0,0,0,0,777000,0,0
2024|2171|4|0|60|1,0,5000,0,5000,4301,3654,3654,0,699,647
2024|2171|4|0|45|1,100000,100000,0,33333,0,0,0,66667,33333,0
2024|2171|4|0|68|1,775000,775000,0,0,0,0,0,775000,0,0
2024|2171|4|0|24|1,4650000,4650000,0,0,0,0,0,4650000,0,0
2024|2181|1|0|10|1,21336696,21640179,0,21243225.789999995,21243225.790000007,21243225.790000007,21243225.789999995,396953.2100000046,-1.1175870895385742e-08,0
2024|2181|1|0|10|9,796181,4629787.619999999,0,3838406.7199999997,3455974.8599999994,3434330.7299999995,3434281.2299999995,791380.8999999994,382431.86000000034,21644.12999999989
2024|2181|3|0|59|2,0,5800000,0,5800000,5797495.960000004,5797495.959999998,5640243.71,0,2504.039999996312,5.587935447692871e-09
2024|2181|3|0|10|1,22870233,23172548,0,23172547.959999997,22944044.140000004,21491129.700000003,21490349.34000001,0.04000000283122063,228503.81999999285,1452914.4400000013
2024|2181|3|0|60|1,3150000,3150000,0,3149999.8799999994,2996958.1599999997,1495895.7999999998,1495895.8000000003,0.12000000057742,153041.71999999974,1501062.3599999999
2024|2181|3|0|10|9,58372,402904.18,0,344774.64999999997,53516.68,53516.68,53516.68,58129.53000000003,291257.97,0
2024|2181|3|0|10|7,5250762,5530573,0,4690913.330000002,4690913.33,4690913.33,4690913.33,839659.6699999981,1.862645149230957e-09,0
2024|2181|4|0|10|1,0,20000,0,20000,18509.690000000002,11527.720000000001,11527.720000000001,0,1490.3099999999977,6981.970000000001
2024|2181|4|0|47|1,10000,10000,0,0,0,0,0,10000,0,0
2024|2201|1|0|95|1,58879,58879,0,0,0,0,0,58879,0,0
2024|2201|1|0|10|9,2525130,2525130,0,2203153.25,1840569.3399999999,1780615.37,1780575.37,321976.75,362583.91000000015,59953.96999999974
2024|2201|1|0|10|1,10177409,10355891,0,9505528.95,9505528.950000001,9505528.950000001,9505528.950000001,850362.0500000007,-1.862645149230957e-09,0
2024|2201|3|0|10|3,0,10080,0,10080,9571.44,0,0,0,508.5599999999995,9571.44
2024|2201|3|0|9|1,0,87870.75,0,87870.75,84615.12000000001,52530.8,49300,0,3255.62999999999,32084.320000000007
2024|2201|3|0|59|2,0,4600000,0,4600000,4590000,4590000,4549792,0,10000,0
2024|2201|3|0|60|1,20393,391277.96,0,391277.96,257368.84,38495.24,38495.240000000005,0,133909.12000000002,218873.6
2024|2201|3|0|10|8,1695159,1250000,0,1250000,1023000,0,0,0,227000,1023000
2024|2201|3|0|10|1,7552885,6481570.74,0,6481528.51,6110969.570000001,5554379.439999999,5554379.439999996,42.230000000447035,370558.93999999855,556590.1300000027
2024|2201|3|0|95|7,13352,13352,0,0,0,0,0,13352,0,0
2024|2201|3|0|45|1,1260860,92081.33,0,0,0,0,0,92081.33,0,0
2024|2201|3|0|1|1,604097,604097,0,473331,439791.76,73893.64,73893.64,130766,33539.23999999999,365898.12
2024|2201|3|0|95|1,150000,150000,0,0,0,0,0,150000,0,0
2024|2201|3|0|10|7,1787814,1609332,0,1423395.5,1423395.5,1423395.5,1423395.5,185936.5,0,0
2024|2201|4|0|59|2,0,4400000,0,4400000,4400000,4400000,4400000,0,0,0
2024|2201|4|0|60|3,0,46600,0,46600,46598.41,46598.41,46598.41,0,1.5899999999965075,0
2024|2201|4|0|60|1,0,98398.04,0,98398.04,89433.87999999999,89433.87999999999,89433.87999999999,0,8964.160000000003,0
2024|2201|4|0|10|8,0,250000,0,250000,0,0,0,0,250000,0
2024|2201|4|0|9|1,0,1500790,0,1500790,520790,520790,520790,0,980000,0
2024|2201|4|0|10|1,0,1053642.25,0,1053641.35,1018296.35,1018191.54,1018191.54,0.8999999999068677,35345.00000000012,104.80999999993946
2024|2201|4|0|1|1,250000,250000,0,0,0,0,0,250000,0,0
2024|2201|4|0|45|1,0,1168778.67,0,791433.45,791432.6399999999,757425.7,757425.7,377345.22,0.8100000000558794,34006.939999999944
2024|2211|1|0|10|9,860933,1156911.16,0,1152927.5699999998,1152927.57,1152927.57,1152927.5699999998,3983.590000000084,-2.3283064365386963e-10,0
2024|2211|1|0|10|1,6532922,6783464.669999999,0,6489127.34,6489127.340000001,6489127.340000001,6489127.339999997,294337.32999999914,-9.313225746154785e-10,0
2024|2211|3|0|10|9,0,143242.58,0,143242.58,143242.54,143242.54,143242.54,0,0.03999999997904524,0
2024|2211|3|0|60|2,0,349600,0,349600,301600,233177.43,233177.43,0,48000,68422.57
2024|2211|3|0|60|1,2400000,2400000,0,2399999.9999999995,2395137.95,2363336.26,2363336.2600000002,4.656612873077393e-10,4862.049999999348,31801.69000000041
2024|2211|3|0|10|1,4448282,6167799.92,0,6158716.049999999,5657286.73,4377052.949999999,4290423.33,9083.870000001043,501429.31999999844,1280233.7800000012
2024|2211|3|0|10|7,3569771,3319228.33,0,1955202.01,1955202.01,1955202.01,1955202.01,1364026.32,0,0
2024|2211|4|0|10|1,0,4960,0,4960,4960,0,0,0,0,4960
2024|2241|1|0|91|9,1065772,735772,0,0,0,0,0,735772,0,0
2024|2241|1|0|95|1,531998,1049942.72,0,0,0,0,0,1049942.72,0,0
2024|2241|1|0|60|1,3611000,3611000,0,1159038.91,1159038.9099999997,1159038.9099999997,1159038.91,2451961.09,2.3283064365386963e-10,0
2024|2241|1|0|72|1,23211530,27590695.670000006,0,23007423.159999993,23007423.159999996,23007423.159999996,23007423.16,4583272.510000013,-3.725290298461914e-09,0
2024|2241|3|1|31|3,0,15000,0,15000,0,0,0,0,15000,0
2024|2241|3|1|60|3,0,180000,0,180000,0,0,0,0,180000,0
2024|2241|3|1|72|3,0,445000,0,445000,0,0,0,0,445000,0
2024|2241|3|0|91|9,0,330000,0,80000,39978.490000000005,39978.490000000005,39978.490000000005,250000,40021.509999999995,0
2024|2241|3|0|95|7,244534,472902.39999999997,0,0,0,0,0,472902.39999999997,0,0
2024|2241|3|0|72|7,5635575,4587494,0,4080448.7599999984,4080448.7600000002,4080448.7600000002,4080448.76,507045.2400000016,-1.862645149230957e-09,0
2024|2241|3|0|95|1,0,1848416.76,0,1326270,1261954.8,835755.4299999999,835755.4299999999,522146.76,64315.19999999995,426199.3700000001
2024|2241|3|1|24|1,723265,2005842.51,0,1282577.51,1103432.8599999999,1103432.8599999999,1103432.8599999999,723265,179144.65000000014,0
2024|2241|3|0|73|1,1408400,5487974,0,4079574,887863.9099999999,731625.46,693623.77,1408400,3191710.09,156238.44999999995
2024|2241|3|0|72|1,18529800,16102800,0,14626081.95,13285181.760000002,10173435.149999991,10163100.569999993,1476718.0500000007,1340900.1899999976,3111746.6100000106
2024|2241|3|0|61|1,115125000,151199456.64000002,0,120234486.64,116984275.21,116244324.89999999,116164197.07,30964970.000000015,3250211.430000007,739950.3100000024
2024|2241|4|0|72|1,70000,129000,0,129000,128900.22,128900.22,128900.22,0,99.77999999999884,0
2024|2241|4|0|47|1,2000,2000,0,0,0,0,0,2000,0,0
2024|2241|4|0|73|1,300000,2533610,0,2233610,1844516.47,1841126.47,1841126.47,300000,389093.53,3390
2024|2251|1|0|60|9,870632,570632,0,436000,428032.12,428032.12,428032.12,134632,7967.880000000005,0
2024|2251|1|0|60|1,16453358,16414425,0,16245993.410000002,16245993.410000002,16245993.410000002,16245993.409999998,168431.589999998,0,0
2024|2251|3|0|60|9,34364,334364,0,334364,288361.89,288361.89,288361.89,0,46002.109999999986,0
2024|2251|3|0|60|1,7949827,8254239,0,8254238.5,8187685.889999998,6802540.399999999,6802540.400000002,0.5,66552.6100000022,1385145.4899999984
2024|2251|3|0|60|7,5030296,5069229,0,4390186.050000002,4390186.05,4390186.05,4390186.05,679042.9499999983,1.862645149230957e-09,0
2024|2251|4|0|60|1,3978576,3978576,0,3978576,3915131.64,3249048.94,3249048.94,0,63444.35999999987,666082.7000000002
2024|2251|4|0|47|1,0,4497132,0,4497132,645638.9999999999,645639,645639,0,3851493,-1.1641532182693481e-10
2024|2261|1|0|60|9,3867901,4867901,0,4867901,4596527.73,4596527.73,4596527.73,0,271373.26999999955,0
2024|2261|1|0|57|2,0,12183.1,0,11594.35,11594.349999999999,11594.349999999999,11594.35,588.75,1.8189894035458565e-12,0
2024|2261|1|0|10|1,92706272,95274431,0,94744616.07999994,94717902.74000001,94712618.26,94712618.25999999,529814.9200000614,26713.33999992907,5284.480000004172
2024|2261|3|0|60|9,92590,592590,0,592590,460053.58999999997,460053.58999999997,460053.58999999997,0,132536.41000000003,0
2024|2261|3|0|10|1,341153848,480694848,0,480478198.1700001,477398720.0399998,323886052.80999994,285322745.4400002,216649.8299999237,3079478.1300002933,153512667.22999984
2024|2261|3|0|10|7,16226814,14998826,0,14051112.849999994,14051112.850000003,14051112.850000003,14051112.850000001,947713.150000006,-9.313225746154785e-09,0
2024|2261|3|0|24|1,2002000,2002000,0,0,0,0,0,2002000,0,0
2024|2261|4|0|10|1,58846152,22805152,0,22799386.779999997,22727653.59,17046280.47,16827991.900000002,5765.220000002533,71733.18999999762,5681373.120000001
2024|2261|4|0|24|1,6001371,9237632.16,0,3256879.99,3115893.8,3115893.8,3115893.78,5980752.17,140986.1900000004,0
2024|2271|1|0|60|9,23389515,46589515,0,46589515,44027659.309999995,44003870.03000001,44003553.61999999,0,2561855.690000005,23789.27999998629
2024|2271|1|0|10|1,1250545327,1252766548,0,1250728444.6999996,1250728444.6999998,1250501120.2599995,1250501120.2600007,2038103.3000004292,-2.384185791015625e-07,227324.44000029564
2024|2271|1|0|57|2,0,38633147.32,0,31916601.950000007,31916601.949999996,31916601.949999996,31916601.950000003,6716545.369999994,1.1175870895385742e-08,0
2024|2271|3|0|10|8,400000,1249943,0,1249943,1249611.06,1248856.29,1248856.29,0,331.9399999999441,754.7700000000186
2024|2271|3|0|1|1,2000,2000,0,0,0,0,0,2000,0,0
2024|2271|3|0|24|1,9103,9103,0,0,0,0,0,9103,0,0
2024|2271|3|0|10|1,591591930,677757068.63,0,677724400.2800003,676798833.1000007,619539429.0300007,603484376.5099992,32668.349999666214,925567.1799995899,57259404.07000005
2024|2271|3|0|70|1,49278549,111021209.99999999,0,110335383.54,100216527.90000004,88762353.20999998,88029893.11999995,685826.4599999785,10118855.63999997,11454174.690000057
2024|2271|3|0|60|9,420396,7825496,0,7071026.76,5543558.3100000005,5517964.21,5403935.730000001,754469.2400000002,1527468.4499999993,25594.10000000056
2024|2271|3|0|10|7,196525003,180709809,0,179436196.75000012,179436196.75000003,179436196.75000003,179436196.75000003,1273612.2499998808,8.940696716308594e-08,0
2024|2271|3|0|68|1,5966412,13153367.92,0,8369792.210000002,5938972.61,3561772.3,3561772.3,4783575.709999998,2430819.6000000015,2377200.3100000005
2024|2271|4|0|60|9,0,6900,0,6900,4998.99,0,0,0,1901.0100000000002,4998.99
2024|2271|4|0|15|1,0,140000,0,140000,134308.79000000004,134308.78999999998,134308.79,0,5691.209999999963,5.820766091346741e-11
2024|2271|4|0|10|8,0,349998.98,0,349998.98,189517.28,182953.28,180150.97999999998,0,160481.69999999998,6564
2024|2271|4|0|70|1,0,2906549,0,2906549,1348472.9,421431.3,421431.3,0,1558076.1,927041.5999999999
2024|2271|4|0|10|1,25034000,17434552.37,0,17434552.369999997,17350072,14865017.33,14392617.199999997,3.725290298461914e-09,84480.36999999732,2485054.67
2024|2271|4|0|45|1,13033,13033,0,0,0,0,0,13033,0,0
2024|2271|4|0|47|1,130734,130734,0,0,0,0,0,130734,0,0
2024|2271|4|0|95|1,15429745,35489745,0,18710981.2,17978827.070000004,10004524.68,8574088.270000001,16778763.8,732154.1299999952,7974302.390000004
2024|2281|1|0|10|9,42998,42601.89,0,0,0,0,0,42601.89,0,0
2024|2281|1|0|10|1,2171554,2184432,0,2093381.5800000003,2093381.5799999996,2093381.5799999996,2093381.5800000003,91050.41999999969,6.984919309616089e-10,0
2024|2281|3|0|10|1,4460334,4446531.5600000005,0,4446531.560000001,3202580.49,2708755.2399999998,2708755.2399999998,-9.313225746154785e-10,1243951.0700000012,493825.25000000047
2024|2281|3|0|10|9,0,396.11,0,396.11,396.11,396.11,396.11,0,0,0
2024|2281|3|0|36|1,290100,5053257.95,0,5053257.95,614080.9500000002,598896.3200000002,598871.3200000001,0,4439177,15184.630000000005
2024|2281|3|0|60|1,500,500,0,0,0,0,0,500,0,0
2024|2281|3|0|10|7,583417,570539,0,443634.43,443634.43,443634.43,443634.43,126904.57,0,0
2024|2281|4|0|10|1,219157,223746.44,0,223746.44,216994.15000000002,161053.01,161053.01,0,6752.289999999979,55941.140000000014
2024|2281|4|0|47|1,1000,1000,0,0,0,0,0,1000,0,0
2024|2301|1|0|10|9,29406760,142903104.54999998,0,142903104.55,141490406.65,141490406.65,141206641.71000004,-2.9802322387695312e-08,1412697.900000006,0
2024|2301|1|0|10|1,136201996,130164763.59,0,129402090.17999998,129402090.18,129402090.18,129402090.18000004,762673.4100000262,-2.9802322387695312e-08,0
2024|2301|3|0|68|1,0,1495386.2,0,1495386.2,1495386.2,1495386.2,1495386.2,0,0,0
2024|2301|3|0|70|1,0,6217605.86,0,6217605.86,6217605.86,6217605.86,6217605.86,0,0,0
2024|2301|3|0|60|2,0,2400000,0,2400000,2369653.87,58238.33,58238.33,0,30346.12999999989,2311415.54
2024|2301|3|0|69|1,0,903604.82,0,903604.82,4758.44,4758.44,4758.44,0,898846.38,0
2024|2301|3|0|10|9,14911384,64510127.99,0,64510127.99,60855864.78,60855864.78,52689942.96000001,0,3654263.210000001,0
2024|2301|3|0|60|1,2066839,4564727.2700000005,0,4564727.27,4559005.22,2779627.21,2779627.21,9.313225746154785e-10,5722.049999999814,1779378.0099999998
2024|2301|3|0|91|1,3996732,9596732,0,9596731.999999998,9596732,4819240.77,4819240.7700000005,1.862645149230957e-09,-1.862645149230957e-09,4777491.23
2024|2301|3|0|10|1,55613783,78471846,0,78336088.11000001,77514832.65999995,58356648.66999997,58348012.660000026,135757.8899999857,821255.4500000626,19158183.98999998
2024|2301|3|0|10|7,26213915,33095181.41,0,32714398.560000002,32714398.56,32714398.56,32714398.56,380782.84999999776,3.725290298461914e-09,0
2024|2301|4|0|15|1,307389849,391418805.41999996,0,391418805.4200001,384874005.63,235317398.89,235079785.45,-1.1920928955078125e-07,6544799.790000081,149556606.74
2024|2301|4|0|10|1,0,119577292.22999999,0,119577292.22999999,119577292.23,0,0,0,-1.4901161193847656e-08,119577292.23
2024|2301|4|0|10|3,0,1500000,0,1500000,1500000,0,0,0,0,1500000
2024|2301|4|0|97|1,0,1500000,0,1500000,1500000,0,0,0,0,1500000
2024|2301|4|0|54|2,0,29372207.37,0,29372207.37,29372207.37,20084663.669999998,19935678.92,0,0,9287543.700000003
2024|2301|4|0|32|1,388591107,573423882.96,0,573423882.96,573423882.96,497699304.3099999,496428899.81,0,0,75724578.65000015
2024|2301|4|0|10|9,6639987,20775951.46,0,20775951.46,20449087.039999995,20449087.039999995,19950661.93,0,326864.4200000055,0
2024|2301|4|0|60|2,135429523,180429523,0,180429523,179946657.99000004,145040003.4,144908431.35999995,0,482865.00999996066,34906654.59000003
2024|2301|4|0|33|1,47849865,38849865,0,38849865,36542025.31,26258674.349999998,26258674.349999998,0,2307839.6899999976,10283350.960000005
2024|2301|4|0|10|8,1000,1000,0,0,0,0,0,1000,0,0
2024|2301|4|0|69|1,1197014,5222038.01,0,5165166.680000001,187478.53,187478.53,187478.53,56871.32999999914,4977688.15,0
2024|2301|4|0|83|2,113696149,66123695.93,0,64821602.36,61956322.75999999,15079344.350000001,15079344.35,1302093.5700000003,2865279.600000009,46876978.40999999
2024|2301|4|0|47|1,2400000,9101143.85,0,6871266.3,1469457.02,333723.44999999995,333723.44999999995,2229877.55,5401809.279999999,1135733.57
2024|2301|4|0|51|1,32186277,88526686,0,83880509,59008808.57,58315778.510000005,58315778.510000005,4646177,24871700.43,693030.0599999949
2024|2301|4|0|74|1,10651000,27766898.06,0,17115898.06,4413907.209999999,2785994.83,2785994.829999999,10651000,12701990.85,1627912.379999999
2024|2301|4|0|25|1,18031636,48547981.26,0,35451863.88,35450189.21,34884928.97,34884928.97,13096117.379999995,1674.6700000017881,565260.2400000021
2024|2301|4|0|68|1,35738810,39305163.78,0,23851448.669999998,23683629.930000003,15432705.38,15076581.46,15453715.110000003,167818.73999999464,8250924.550000003
2024|2301|4|0|70|1,39246698,38992292.15,0,16873276.259999998,16868276.240000002,14738328.22,14738328.219999999,22119015.89,5000.019999995828,2129948.0200000014
2024|2301|4|0|95|1,30000000,410844372.05,0,382852668.93999994,150463686.55,89604738.52,89571542.26999998,27991703.110000074,232388982.38999993,60858948.030000016
2024|2311|1|0|60|9,1654720,2212177.1,0,2212177.1,2188793.7400000007,2188793.74,2188793.7400000007,0,23383.359999999404,4.656612873077393e-10
2024|2311|1|0|60|1,1278924,1583337,0,1516158.2200000002,1516158.2200000002,1516158.2200000002,1516158.22,67178.7799999998,0,0
2024|2311|1|0|57|2,0,1063137.49,0,866546.7799999998,866546.78,866546.78,866546.78,196590.7100000002,-2.3283064365386963e-10,0
2024|2311|1|0|10|1,288304134,317008382,0,315226932.80999994,315226932.81,315226932.81,315226932.81,1781449.1900000572,-5.960464477539063e-08,0
2024|2311|3|0|60|3,0,747.09,0,747.09,747.09,747.09,747.09,0,0,0
2024|2311|3|0|15|1,0,150000,0,150000,145587.66,97587.66,97587.66,0,4412.3399999999965,48000
2024|2311|3|0|60|9,382219,1194161,0,1194161,1174666.9599999995,1174666.96,1174666.9599999997,0,19494.040000000503,-4.656612873077393e-10
2024|2311|3|0|10|8,2198648,2515831,0,2515831,2414509.2999999993,2317795.4,2312808.37,0,101321.70000000065,96713.89999999944
2024|2311|3|0|24|1,0,1069466.3900000001,0,1069466.39,619566.71,607648.79,607648.79,2.3283064365386963e-10,449899.67999999993,11917.919999999925
2024|2311|3|0|10|3,0,10350.130000000001,0,100,0,0,0,10250.130000000001,100,0
2024|2311|3|0|10|1,85000000,93212551.47,0,93200885.12999998,93170137.19999997,74270751.84,74001051.14999992,11666.340000018477,30747.930000007153,18899385.35999997
2024|2311|3|0|1|1,301999,301999,0,0,0,0,0,301999,0,0
2024|2311|3|0|36|1,868713,8269035.37,0,7400322.37,1451714.6500000004,917641.79,917641.79,868713,5948607.72,534072.8600000003
2024|2311|3|0|10|7,42571437,41474203,0,40037089.01000002,40037089.00999999,40037089.00999999,40037089.01000001,1437113.9899999797,2.9802322387695312e-08,0
2024|2311|3|0|70|1,7585028,21367173.96,0,19875262.880000003,17559586.979999993,15592019.56,15580341.559999995,1491911.0799999982,2315675.9000000097,1967567.4199999925
2024|2311|3|0|60|1,8844100,11792133,0,8844100,7914588.849999999,7192374.77,7192374.7700000005,2948033,929511.1500000013,722214.0799999991
2024|2311|4|0|97|1,0,300000,0,300000,300000,0,0,0,0,300000
2024|2311|4|0|10|1,0,12900000,0,12900000,12898760.900000002,7807.24,7807.24,0,1239.0999999977648,12890953.660000002
2024|2311|4|0|15|1,0,30000,0,30000,3775,0,0,0,26225,3775
2024|2311|4|0|10|8,100000,663147.08,0,663114.6799999999,551865,66393.18,66393.18,32.40000000002328,111249.67999999993,485471.82
2024|2311|4|0|10|3,177822,177822,0,0,0,0,0,177822,0,0
2024|2311|4|0|1|1,199299,199299,0,0,0,0,0,199299,0,0
2024|2311|4|0|70|1,577339,3863124.58,0,3285785.5800000005,1291495.5399999998,361444.54000000004,361444.54000000004,577338.9999999995,1994290.0400000007,930050.9999999998
2024|2311|4|0|24|1,17799335,17267991.27,0,0,0,0,0,17267991.27,0,0
2024|2321|1|0|60|9,2412419,4812419,0,4812371.51,4631489.3100000005,4614768.65,4591010.819999999,47.49000000022352,180882.19999999925,16720.66000000015
2024|2321|1|0|57|2,0,889786.51,0,808646.8999999999,808646.8999999999,808646.8999999999,808646.9,81139.6100000001,0,0
2024|2321|1|0|10|1,154767303,160495146,0,160029460.17,160028863.67999998,159956439.00999996,159956439.01000002,465685.8300000131,596.4900000095367,72424.67000001669
2024|2321|3|0|10|8,0,300000,0,300000,289551.36,289551.36,289551.36,0,10448.640000000014,0
2024|2321|3|0|10|1,174975544,180562516.56,0,180562516.56,180406902.88,146011795.71000013,145449251.39000002,0,155613.68000000715,34395107.16999987
2024|2321|3|0|60|9,0,1280000,0,1180164.96,1155265.75,1155265.75,1154031.71,99835.04000000004,24899.209999999963,0
2024|2321|3|0|70|1,0,356266,0,206266,206258,206258,206258,150000,8,0
2024|2321|3|0|10|7,28453960,26102504,0,25824457.179999996,25824457.179999996,25824457.179999996,25824457.18,278046.820000004,0,0
2024|2321|3|0|24|1,1719517,2494818,0,775301,775241.97,775241.97,775241.97,1719517,59.03000000002794,0
2024|2321|4|0|10|1,12097000,16054328.25,0,16054328.25,16052051.060000002,9285286.020000001,9277932.66,0,2277.189999997616,6766765.040000001
2024|2321|4|0|10|8,450000,150000,0,150000,89523,0,0,0,60477,89523
2024|2321|4|0|10|3,5294651,2449666.56,0,2449661.56,2449661.56,1034267.22,184460.96,5,0,1415394.34
2024|2321|4|0|47|1,70000,70000,0,0,0,0,0,70000,0,0
2024|2321|4|0|24|1,5182510,5288719.72,0,498525.70999999996,498525.70999999996,250440.72,250440.72,4790194.01,0,248084.98999999996
2024|2331|1|0|10|1,137641,393750.04,0,323697.4,323697.4,323697.4,323697.4,70052.63999999996,0,0
2024|2331|1|0|73|9,423723,543723,0,127150,127119.19,127119.19,127119.19,416573,30.80999999999767,0
2024|2331|1|0|73|1,13351292,13340146,0,12797692.000000004,12797692,12797692,12797692,542453.9999999963,3.725290298461914e-09,0
2024|2331|3|0|73|7,2760036,5307682,0,5165348.22,5165348.22,5165348.22,5165348.22,142333.78000000026,0,0
2024|2331|3|0|73|1,17849949,17813449,0,15555430.620000003,15239778.14,14648366.599999998,14203083.31000001,2258018.379999997,315652.4800000023,591411.5400000028
2024|2331|4|0|73|1,1500000,1400000,0,163890,157405.64,156420.24,156420.24000000002,1236110,6484.359999999986,985.4000000000233
2024|2351|1|0|10|9,4687173,7648508.26,0,7648508.260000001,5173730.64,5173730.64,4931783.109999999,-9.313225746154785e-10,2474777.620000001,0
2024|2351|1|0|10|1,228343854,241848608,0,241787319.94999996,241775754.42000002,241752921.55,241752921.54999992,61288.05000004172,11565.529999941587,22832.87000000477
2024|2351|3|0|15|1,0,490000,0,490000,475733.95,0,0,0,14266.049999999988,475733.95
2024|2351|3|0|10|9,0,338664.74,0,338664.74,279927,279927,279927,0,58737.73999999999,0
2024|2351|3|0|10|8,4846000,4184000,0,4184000,3862812.17,2683035.51,2680896.52,0,321187.8300000001,1179776.6600000001
2024|2351|3|0|10|7,40657686,34726864.75,0,34726863.93,34726863.93,34726863.93,34726863.93,0.8200000002980232,0,0
2024|2351|3|0|97|1,0,30000,0,0,0,0,0,30000,0,0
2024|2351|3|0|10|1,114182685,118127606.61,0,118029069.28999999,117536393.47000006,106395021.22000001,105216782.54999995,98537.32000000775,492675.81999993324,11141372.250000045
2024|2351|3|0|10|3,187783,192783,0,5000,0,0,0,187783,5000,0
2024|2351|3|0|1|1,377000,377000,0,0,0,0,0,377000,0,0
2024|2351|3|0|24|1,9553844,10110521.81,0,1258177.81,446849.87000000005,278326.6,275963.23,8852344,811327.94,168523.27000000008
2024|2351|4|0|10|1,4500000,4690477.1,0,4690477.1,4614232.359999999,4291531.77,4051139,0,76244.74000000022,322700.58999999985
2024|2351|4|0|24|1,0,201500,0,201500,0,0,0,0,201500,0
2024|2351|4|0|15|1,0,670000,0,670000,264206.93,47429.95,18472,0,405793.07,216776.97999999998
2024|2351|4|0|10|8,1837000,2302000,0,2302000,1565366.74,289764.21,272433.7100000001,0,736633.26,1275602.53
2024|2351|4|0|10|3,52108,136073.31,0,94513.77,86221.35,78293.25,76000,41559.53999999999,8292.419999999998,7928.100000000006
2024|2351|4|0|97|1,0,100000,0,0,0,0,0,100000,0,0
2024|2351|4|0|60|1,463450,463450,0,0,0,0,0,463450,0,0
2024|2351|4|0|1|1,1440000,1652020.22,0,211918.2,211610.31999999998,210928.2,200000,1440102.02,307.88000000003376,682.1199999999662
2024|2361|1|0|60|1,1241000,1241000,0,1241000,318522.27,318522.27,318522.27,0,922477.73,0
2024|2361|3|0|60|1,77124958,77124958,0,77124958,65401207.23999999,65401207.23999999,65401207.23999999,0,11723750.760000013,0
2024|2361|3|0|60|9,321836,321836,0,321835.9999999999,0,0,0,1.1641532182693481e-10,321835.9999999999,0
2024|2361|4|0|60|1,25971956,25971956,0,25971956,320386.20999999996,320386.20999999996,320386.20999999996,0,25651569.79,0
2024|2361|5|0|60|1,4854750,4854750,0,4854750,0,0,0,0,4854750,0
2024|2371|1|0|91|9,0,68560.44,0,68560.44,67447.48000000001,67447.48000000001,67447.48000000001,0,1112.9599999999919,0
2024|2371|1|0|60|9,4111179,7532893.37,0,7532893.37,6711268.53,6711268.53,6711268.529999999,0,821624.8399999999,0
2024|2371|1|0|95|1,80000,80000,0,0,0,0,0,80000,0,0
2024|2371|1|0|60|1,5673151,20264659.86,0,17123643.44,17123643.44,17123643.44,17123643.44,3141016.419999998,0,0
2024|2371|1|0|91|1,32004687,50004687,0,42616273.73000001,42616273.730000004,42616273.730000004,42616273.73,7388413.269999988,7.450580596923828e-09,0
2024|2371|1|0|10|1,208195263,169063332.79,0,151457587.31000003,151457587.30999994,151457587.30999994,151457587.30999997,17605745.47999996,8.940696716308594e-08,0
2024|2371|3|0|91|9,0,102443.44,0,102443.44,102126.04000000001,102126.04000000001,102126.04000000001,0,317.3999999999942,0
2024|2371|3|0|60|9,86562,763495.09,0,763495.09,750160.8500000001,750160.8500000001,750160.8500000001,0,13334.239999999874,0
2024|2371|3|0|60|1,8321418,8321418,0,8321418,8297333.7299999995,7509850.819999999,7509850.82,0,24084.270000000484,787482.9100000001
2024|2371|3|0|91|1,10132457,10624330.46,0,10623950.62,10563841.91,8518042.239999996,7862170.859999996,379.84000000171363,60108.70999999903,2045799.6700000037
2024|2371|3|0|10|1,0,55897.21,0,53869.24,53823.31,53823.31,53823.31,2027.9700000000012,45.93000000000029,0
2024|2371|3|0|91|3,0,84916.54,0,65790,60080,27710,27710,19126.539999999994,5710,32370
2024|2371|3|0|24|1,501000,961033,0,925217.19,737340.64,653372.1400000001,653372.14,35815.810000000056,187876.54999999993,83968.49999999988
2024|2371|3|0|95|7,50000,50000,0,0,0,0,0,50000,0,0
2024|2371|3|1|95|1,0,2348949.73,0,2152934.38,2131311.389999999,1533078.7000000002,1533078.6999999993,196015.3500000001,21622.99000000069,598232.689999999
2024|2371|3|0|15|1,0,200000,0,0,0,0,0,200000,0,0
2024|2371|3|0|1|1,0,937200,0,0,0,0,0,937200,0,0
2024|2371|3|0|95|1,1300000,2800000,0,1502985.2,1489545.5399999998,1226133.48,1226133.48,1297014.8,13439.660000000149,263412.0599999998
2024|2371|3|0|10|7,34050371,33373898,0,30469145.320000004,30469145.320000004,30469145.320000004,30469145.319999997,2904752.679999996,0,0
2024|2371|4|0|91|1,3057450,2438450,0,2438450,2416826.74,836871.04,836871.04,0,21623.259999999776,1579955.7000000002
2024|2371|4|0|24|1,501000,40967,0,40967,0,0,0,0,40967,0
2024|2371|4|0|47|1,450000,450000,0,0,0,0,0,450000,0,0
2024|2371|4|1|95|1,1200000,10249493.85,0,6719328.85,5974528.85,2995328.85,2995328.85,3530165,744800,2979199.9999999995
2024|2421|1|0|10|1,8705403,1767668.9300000002,0,1767668.9299999997,1767668.9299999997,1767668.9299999997,1767668.9300000002,4.656612873077393e-10,0,0
2024|2421|1|0|10|9,1000,18280.02,0,17280.47,17094.41,17094.41,17094.41,999.5499999999993,186.0600000000013,0
2024|2421|1|0|71|1,0,7933897.779999999,0,6263672.270000001,6263672.269999999,6263672.269999999,6263672.269999998,1670225.509999998,2.7939677238464355e-09,0
2024|2421|3|0|10|1,4954265,659834.96,0,659834.9600000001,659834.96,659834.96,659834.96,-1.1641532182693481e-10,1.1641532182693481e-10,0
2024|2421|3|0|10|7,2414280,310320.52,0,310320.52,310320.52,310320.52,310320.52,0,0,0
2024|2421|3|0|10|9,0,27015.5,0,27015.5,27015.050000000003,27015.050000000003,27015.050000000003,0,0.4499999999970896,0
2024|2421|3|0|10|8,1400000,290000,0,290000,289850,289850,289850,0,150,0
2024|2421|3|0|15|1,0,600000,0,600000,599420,399900,399900,0,580,199520
2024|2421|3|0|10|3,0,1123818.22,0,1123818.22,49939.23,47835.560000000005,47835.560000000005,0,1073878.99,2103.6699999999983
2024|2421|3|0|71|3,0,3700872.69,0,3700872.69,2458044.81,2458044.81,2458044.81,0,1242827.88,0
2024|2421|3|0|36|1,2000,2000,0,0,0,0,0,2000,0,0
2024|2421|3|0|71|7,0,2098499.7800000003,0,1549608.6300000001,1549608.63,1549608.63,1549608.6300000001,548891.1500000001,2.3283064365386963e-10,0
2024|2421|3|0|71|1,0,17258986.72,0,15591422.080000004,15493342.819999998,4636350.2299999995,4407113.76,1667564.639999995,98079.26000000536,10856992.59
2024|2421|3|0|1|1,2122277,2122277,0,0,0,0,0,2122277,0,0
2024|2421|3|0|24|1,20601034,29499493.48,0,21917537.33,19686916.58,11041647.899999999,10524457.989999998,7581956.150000002,2230620.75,8645268.68
2024|2421|4|0|71|1,0,250000,0,250000,249475,0,0,0,525,249475
2024|2421|4|0|10|8,1800000,100000,0,100000,73818.88,73818.88,73818.88,0,26181.119999999995,0
2024|2421|4|0|24|1,0,9226216.82,0,9226216.82,4328625.119999999,4328625.119999999,4328625.119999999,0,4897591.700000001,0
2024|2421|4|0|1|1,5304192,5304192,0,0,0,0,0,5304192,0,0
2024|2431|1|0|10|9,1000,1000,0,0,0,0,0,1000,0,0
2024|2431|1|0|10|1,3777433,4571882,0,4524351.019999999,4524351.0200000005,4524351.0200000005,4524351.0200000005,47530.98000000138,-1.862645149230957e-09,0
2024|2431|3|0|60|1,1011000,1010000,0,1010000,990204.39,900241.12,852080.3100000002,-1.1641532182693481e-10,19795.610000000102,89963.27000000002
2024|2431|3|0|10|1,99931,89310.31,0,89310.31,29166.53,192.5,192.5,0,60143.78,28974.03
2024|2431|3|0|10|7,620764,597062,0,566902.25,566902.25,566902.25,566902.25,30159.75,0,0
2024|2431|3|0|95|1,1400000,3587526.41,0,2007469.54,1995765.54,816467.55,816467.55,1580056.87,11704,1179297.99
2024|2441|1|0|59|9,1000,1000,0,0,0,0,0,1000,0,0
2024|2441|1|0|59|1,14303233,14465974,0,14256332.440000001,14256332.440000001,14256332.440000001,14256332.439999996,209641.55999999866,0,0
2024|2441|3|0|59|7,1466940,1304199,0,1230340.0499999998,1230340.0499999998,1230340.0499999998,1230340.0499999998,73858.95000000019,0,0
2024|2441|3|0|59|1,3144901,3059901,0,2881532,2757144.08,2414615.79,2322994.23,178368.99999999953,124387.92000000039,342528.29000000004
2024|2441|4|0|59|1,0,85000,0,85000,77000,0,0,0,8000,77000
2024|2441|4|0|95|1,42324,42324,0,0,0,0,0,42324,0,0
2024|2461|1|1|10|1,248600,19460,0,19459.7,19459.7,19459.7,19459.7,0.2999999999992724,0,0
2024|2461|1|0|10|9,1000,1000,0,0,0,0,0,1000,0,0
2024|2461|1|0|10|1,1484089,1920348,0,1874925.3599999996,1874925.3599999996,1874925.3599999996,1874925.3599999994,45422.64000000036,0,0
2024|2461|3|1|10|7,52716,21792,0,9525,9525,9525,9525,12267,0,0
2024|2461|3|0|10|1,550990,549081.5800000001,0,534715.8200000001,423838.06999999995,423033.2,423033.2,14365.76000000001,110877.75000000012,804.8699999999371
2024|2461|3|0|60|1,60000,60000,0,38807.19,14098.32,14098.32,14098.32,21192.809999999998,24708.870000000003,0
2024|2461|3|0|10|7,266118,255312,0,229134,229134,229134,229134,26178,0,0
2024|2461|3|1|32|1,2074377,1963142,0,1630567.0899999999,1325282.18,1246679.35,1232806.72,332574.91000000015,305284.9099999999,78602.82999999984
2024|2461|4|1|32|1,0,111235,0,111235,111235,0,0,0,0,111235
2024|2461|4|0|10|1,20790,20790,0,20790,20723.620000000003,15333.62,15333.62,0,66.37999999999738,5390.000000000002
2024|3041|1|0|67|1,41718286,41718286,0,41718286,41681391.52,41681391.52,41681391.52,0,36894.47999999672,0
2024|3041|1|0|60|1,15260861,15260861,0,15260861,13646764.429999998,13646764.429999998,13646764.429999998,0,1614096.5700000022,0
2024|3041|1|0|60|9,641673,21220813,0,21220813,18138823,18138823,18138823,0,3081990,0
2024|3041|1|0|10|1,205234989,228241952,0,228241952,225104784,225104784,225104784,0,3137168,0
2024|3041|3|0|10|1,0,335792.51,0,335792.51,335792.51,335792.51,335792.51,0,0,0
2024|3041|3|0|71|1,0,360000,0,360000,360000,360000,360000,0,0,0
2024|3041|3|0|15|1,0,170282.3,0,170282.3,59116.8,59116.8,59116.8,0,111165.49999999999,0
2024|3041|3|0|10|8,2933000,2372162.37,0,2372162.37,2127716.5,2127716.5,2127716.5,0,244445.8700000001,0
2024|3041|3|0|60|1,14473707,22923707,0,22923707,22407178.43,22407178.43,22407178.43,0,516528.5700000003,0
2024|3041|3|0|60|3,37979,48464.3,0,0,48464.3,48464.3,48464.3,48464.3,-48464.3,0
2024|3041|3|0|2|1,615962,615962,0,0,0,0,0,615962,0,0
2024|3041|3|0|24|1,763636,1515913.73,0,0,312400.04,312400.04,312400.04,1515913.73,-312400.04,0
2024|3041|3|0|1|1,2067250,2067250,0,0,0,0,0,2067250,0,0
2024|3041|3|0|67|1,48283714,57333714,0,9050000,55383960.16,55383960.16,55383960.16,48283714,-46333960.16,0
2024|3041|4|0|10|1,0,312900,0,312900,312900,312900,312900,0,0,0
2024|3041|4|0|60|1,18922280,18922280,0,18922280,18906982,18906982,18906982,0,15298,0
2024|3041|4|0|15|1,0,546153,0,546153,168100,168100,168100,0,378053,0
2024|3041|4|0|10|8,6484834,1926807,0,1916000,938360,938360,938360,10807,977640,0
2024|3041|4|0|60|3,13500,28810,0,0,28810,28810,28810,28810,-28810,0
2024|3041|4|0|1|1,1810858,1810858,0,0,0,0,0,1810858,0,0
2024|3041|4|0|24|1,1207850,1924100,0,0,0,0,0,1924100,0,0
2024|3041|4|0|97|1,0,2220840,0,220840,0,0,0,2000000,220840,0
2024|3051|1|0|10|9,1000,341000,0,341000,339779.72,339779.72,339779.72,0,1220.280000000028,0
2024|3051|1|0|10|1,106406239,106406239,0,106406238.5,95798379.11999999,95798379.11999999,95798379.11999999,0.5,10607859.38000001,0
2024|3051|3|0|10|8,190000,0,0,0,0,0,0,0,0,0
2024|3051|3|0|10|9,0,4000,0,4000,3223.53,3223.53,3223.53,0,776.4699999999998,0
2024|3051|3|0|10|3,0,82905,0,82905,0,0,0,0,82905,0
2024|3051|3|0|10|1,11900000,15300000,0,15300000,12654591.940000003,12654591.940000003,12654591.940000003,0,2645408.059999997,0
2024|3051|3|0|60|1,16650295,19337464.8,0,19337464.8,13345332.92,13345332.92,13345332.92,0,5992131.880000001,0
2024|3051|3|0|60|3,0,75757.77,0,0,46044.88999999999,46044.88999999999,46044.88999999999,75757.77,-46044.88999999999,0
2024|3051|3|0|1|1,0,187366.64,0,0,175861.06000000003,175861.06000000003,175861.06000000003,187366.64,-175861.06000000003,0
2024|3051|3|0|70|1,94596,187500,0,0,143396.06,143396.06,143396.06,187500,-143396.06,0
2024|3051|3|0|59|1,0,397677.42,0,0,53005.05,53005.05,53005.05,397677.42,-53005.05,0
2024|3051|3|0|24|1,1978219,1978219,0,0,1259954.53,1259954.53,1259954.53,1978219,-1259954.53,0
2024|3051|4|0|10|8,0,340000,0,340000,340000,340000,340000,0,0,0
2024|3051|4|0|97|1,0,33540.44,0,33540.44,33540.44,33540.44,33540.44,0,0,0
2024|3051|4|0|10|3,0,8200,0,8200,0,0,0,0,8200,0
2024|3051|4|0|10|1,13000000,7600000,0,7600000,7246277.930000001,7246277.930000001,7246277.930000001,0,353722.06999999937,0
2024|3051|4|0|15|1,0,1215000,0,1215000,660000,660000,660000,0,555000,0
2024|3051|4|0|60|1,500000,6097926.21,0,6097926.21,3371554.57,3371554.57,3371554.57,0,2726371.64,0
2024|3051|4|0|70|1,15404,39420,0,0,16080,16080,16080,39420,-16080,0
2024|3051|4|0|59|1,0,66704.26,0,0,5400,5400,5400,66704.26,-5400,0
2024|3051|4|0|47|1,0,187364.34,0,0,187364.34,187364.34,187364.34,187364.34,-187364.34,0
2024|3051|4|0|1|1,594100,594100,0,0,0,0,0,594100,0,0
2024|3051|4|0|24|1,2483200,2483200,0,0,15251.779999999999,15251.779999999999,15251.779999999999,2483200,-15251.779999999999,0
2024|3151|1|0|10|1,14158804,14158804,0,14158803.67,12303332.149999999,12303332.149999999,12303332.149999999,0.3300000000745058,1855471.5200000014,0
2024|3151|3|0|60|1,1100000,750400,0,747495.97,657734.8899999999,657734.8899999999,657734.8899999999,2904.030000000028,89761.08000000007,0
2024|3151|3|0|10|9,2000000,2000000,0,1767535.74,1559885.01,1559885.01,1559885.01,232464.26,207650.72999999998,0
2024|3151|3|0|10|1,18122779,16438728.08,0,15712228.079999998,15020625.259999996,15020625.259999996,15020625.259999996,726500.0000000019,691602.8200000022,0
2024|3151|4|0|10|1,148302,143342,0,41311,57684.08,57684.08,57684.08,102031,-16373.080000000002,0
2024|4031|3|0|60|7,101530133,101530133,0,101530133,101530133,101530133,101530133,0,0,0
2024|4031|3|0|24|1,45434,45434,0,45434,25005.99,25005.989999999998,25005.99,0,20428.01,3.637978807091713e-12
2024|4031|3|0|70|1,664363,664363,0,664363,604955.01,562567.6199999999,562567.62,0,59407.98999999999,42387.39000000013
2024|4031|3|0|61|1,55687869,55687869,0,55687869,52152529.28000001,48646156.099999994,48646156.1,0,3535339.7199999914,3506373.1800000146
2024|4031|3|0|77|1,1339362082,1339362082,0,1339362082,1219434273.4000072,1094868375.3900034,1092832055.1199913,0,119927808.59999275,124565898.0100038
2024|4031|3|0|60|1,1117502155,1111674754.9499998,0,1111674754.9499998,369575586.67,291363539.37,290951263.82,0,742099168.2799997,78212047.30000001
2024|4031|3|0|60|2,120000,120000,0,100000,87190.15999999999,84105.62000000001,84105.62,20000,12809.840000000011,3084.539999999979
2024|4031|4|0|60|8,82605803,82605803,0,82605803,64092259.78999999,43823344,43823344.00000001,0,18513543.21000001,20268915.78999999
2024|4031|4|0|60|1,210000000,178413391.00000003,0,178413391.00000003,111732044.63999999,95422202.85000001,95422202.85000001,0,66681346.360000044,16309841.789999977
2024|4031|4|0|77|1,401024206,401024206,0,401024205.99999994,355466919.56,280028634.61,280028634.60999995,5.960464477539063e-08,45557286.43999994,75438284.94999999
2024|4031|4|0|47|1,3680070,3680070,0,0,0,0,0,3680070,0,0
2024|4091|3|0|45|1,5000000,9644201.030000001,0,5000000,4781856.890000001,1781856.8900000001,1781856.8900000001,4644201.030000001,218143.1099999994,3000000
2024|4101|3|0|60|1,1391000,1391000,0,1390000,881921.2100000001,862857.4400000001,843690.85,1000,508078.7899999999,19063.77000000002
2024|4101|5|0|60|1,16823595,16823595,0,16823595,16753292.490000002,16753292.49,15341321.43,0,70302.50999999791,1.862645149230957e-09
2024|4111|5|0|60|1,3000,3000,0,0,0,0,0,3000,0,0
2024|4121|3|0|60|1,1000,1000,0,0,0,0,0,1000,0,0
2024|4121|5|0|60|1,16999000,16999000,0,16999000,9244101.68,8478581.68,8478581.68,0,7754898.32,765520
2024|4141|3|0|10|3,0,1020.21,0,1020.21,0,0,0,0,1020.21,0
2024|4141|3|0|57|1,2009124,3804628.23,0,3195794.91,1001470,0,0,608833.3199999998,2194324.91,1001470
2024|4141|3|0|39|1,4023037,2823037,0,1715448.1800000002,1699977.5,0,0,1107588.8199999998,15470.680000000168,1699977.5
2024|4141|4|0|57|1,5439688,38108274.02,0,38108274.01,28641410.609999996,22248053.569999997,22248053.569999997,0.01000000536441803,9466863.400000002,6393357.039999999
2024|4141|4|0|39|1,0,1200000,0,684970.15,679908.79,664970.15,157955.85,515029.85,5061.359999999986,14938.640000000014
2024|4151|3|0|10|1,1000,1000,0,0,0,0,0,1000,0,0
2024|4171|3|1|60|1,2000,2000,0,0,0,0,0,2000,0,0
2024|4251|3|0|10|8,1000,1000,0,0,0,0,0,1000,0,0
2024|4251|3|0|56|1,4691382,6935486.36,0,5365204.62,4199761.000000001,3808885.07,3577688.74,1570281.7400000002,1165443.6199999992,390875.9300000011
2024|4251|3|0|10|1,100797105,9530464.120000001,0,0,0,0,0,9530464.120000001,0,0
2024|4251|3|0|71|1,0,190396794.66000003,0,139453343.23000002,138093063.51000005,136679611.6000001,136623643.44999996,50943451.43000001,1360279.719999969,1413451.9099999368
2024|4251|4|0|10|8,0,504944.48,0,504944.48,504944.48,504944.48,504944.48,0,0,0
2024|4251|4|0|56|1,0,17800.01,0,17800.01,15291.95,2990,2990,0,2508.0599999999977,12301.95
2024|4251|4|0|60|2,0,45289000,0,45289000,23361355.739999995,23361355.740000002,23361355.740000002,0,21927644.260000005,-7.450580596923828e-09
2024|4251|4|0|6|1,200000,200000,0,0,0,0,0,200000,0,0
2024|4251|4|0|5|1,200000,536330.99,0,336330.99,280123,280123,280123,200000,56207.98999999999,0
2024|4251|4|0|71|1,0,4288242.4,0,3646949.36,3406135.36,2965194.36,2965194.36,641293.0400000005,240814,440941
2024|4251|4|0|10|1,1923840,23152169.1,0,21869609.1,21644213.459999993,16894213.46,16021524.259999998,1282560,225395.64000000805,4749999.999999993
2024|4291|1|0|57|1,0,540334.3800000001,0,310819.11000000004,310819.11000000004,310819.11000000004,310819.11,229515.27000000008,0,0
2024|4291|1|0|10|1,400022698,390694193,0,388938030.42,388938030.41999996,388415628.12999994,388413360.36999977,1756162.5799999833,5.960464477539063e-08,522402.29000002146
2024|4291|1|0|95|1,1911911,1911911,0,0,0,0,0,1911911,0,0
2024|4291|3|0|93|1,0,4105937.45,0,4105937.45,4105937.4499999997,4105937.4499999997,4105937.4499999997,0,4.656612873077393e-10,0
2024|4291|3|0|95|1,0,2300,0,2300,2293.85,2293.85,2293.85,0,6.150000000000091,0
2024|4291|3|0|64|1,0,491412.38,0,491412.38,491353.44999999995,491353.44999999995,491353.44999999995,0,58.93000000005122,0
2024|4291|3|0|29|1,0,1007.38,0,1007.38,0,0,0,0,1007.38,0
2024|4291|3|0|10|4,0,1015000,0,1015000,998700,0,0,0,16300,998700
2024|4291|3|0|55|1,0,12205495.31,0,12205495.31,0,0,0,0,12205495.31,0
2024|4291|3|1|10|1,2828000,1866588.9100000001,0,1865588.9100000001,1759990.7800000003,1467466.9700000002,1467466.9700000002,1000,105598.12999999989,292523.81000000006
2024|4291|3|0|37|1,0,5208498.03,0,5120749.77,1529591.8599999999,1529591.8599999999,1529591.86,87748.26000000071,3591157.9099999997,0
2024|4291|3|0|10|1,8547776299,9090390827.670002,0,9090229019.619993,9058534479.250032,8781448108.410013,8726422236.060003,161808.0500087738,31694540.369960785,277086370.8400192
2024|4291|3|0|24|1,350644,1254333.5899999999,0,903689.59,903689.59,903689.59,0,350643.9999999999,0,0
2024|4291|3|0|95|7,1170299,1170299,0,0,0,0,0,1170299,0,0
2024|4291|3|0|10|7,48875153,47916334,0,45797691.710000016,45797691.71,45797691.71,45797691.71,2118642.289999984,1.4901161193847656e-08,0
2024|4291|3|0|57|1,0,78099291.03,0,75416586.46000001,74422523.52000001,74422523.52000001,74422523.52000001,2682704.569999993,994062.9399999976,0
2024|4291|3|0|10|8,550580277,593719000.7,0,590804867.4200001,590804867.4200001,590119805.4200001,584084031.13,2914133.2799999714,0,685062
2024|4291|3|0|60|1,11380000,21917582,0,13728474,9400474,9400474,9358474,8189108,4328000,0
2024|4291|3|0|63|1,14400263,17966629.41,0,4245452.87,4245452.87,4245452.87,4245452.87,13721176.54,0,0
2024|4291|3|0|62|1,32307643,51400414.099999994,0,29578165.86,29556132.86,28739208.86,25789208.86,21822248.239999995,22033,816924
2024|4291|3|0|71|1,0,23146136,0,0,0,0,0,23146136,0,0
2024|4291|3|0|92|1,885280043,1160372050.57,0,738926606.4099998,615090881.6300001,570312878.29,564181716.4299996,421445444.1600001,123835724.77999973,44778003.34000015
2024|4291|4|0|46|1,0,4161604,0,4161604,4161604,4161604,4161604,0,0,0
2024|4291|4|0|71|1,0,100000000,0,100000000,100000000,100000000,100000000,0,0,0
2024|4291|4|0|93|1,2378260,2800000,0,2800000,0,0,0,0,2800000,0
2024|4291|4|0|10|1,401224760,654504455.58,0,654498514.6999999,654329028.5299995,642027885.49,641089330.8399994,5940.880000114441,169486.17000043392,12301143.039999485
2024|4291|4|0|1|1,65894,65894,0,0,0,0,0,65894,0,0
2024|4291|4|0|65|1,1889040,1889040,0,0,0,0,0,1889040,0,0
2024|4291|4|0|95|1,3560000,3560000,0,0,0,0,0,3560000,0,0
2024|4291|4|0|64|1,4363593,4324913.4,0,0,0,0,0,4324913.4,0,0
2024|4291|4|0|10|8,192066936,151979395.60999998,0,147500522.48000002,147500522.48000002,146752977.48,144305106.48000002,4478873.129999965,0,747545.0000000298
2024|4291|4|1|95|1,320000000,405329797.35,0,104206747.31,96620549.85999998,11752067.580000002,10680153.64,301123050.04,7586197.450000018,84868482.27999999
2024|4321|3|0|10|1,1000,1000,0,0,0,0,0,1000,0,0
2024|4331|3|0|9|1,797275,0,0,0,0,0,0,0,0,0
2024|4331|3|0|59|1,396788,695863,0,695863,645863,451825,451825,0,50000,194038
2024|4331|3|0|10|1,396788,396788,0,395788,395696.93999999994,371817.04,371817.04,1000,91.06000000005588,23879.899999999965
2024|4341|3|0|31|1,38190637,13550284,0,4466112.680000001,4415220.160000002,3506542.6299999994,3260153.8099999996,9084171.32,50892.51999999862,908677.5300000026
2024|4341|4|0|31|1,12496070,12496070,0,0,0,0,0,12496070,0,0
2024|4381|3|0|83|1,34003851,26417044.07,0,26417044.069999997,23652350.160000004,18214143.74,18214112.48,3.725290298461914e-09,2764693.9099999927,5438206.4200000055
2024|4381|4|0|54|1,3955905,3955905,0,3955905,3446164.76,1757084.51,1757084.51,0,509740.2400000002,1689080.2499999998
2024|4381|4|0|83|1,121000000,99159259.99999999,0,99159259.99999999,93991756.66,62903278.03000001,62903278.029999994,0,5167503.339999989,31088478.629999988
2024|4421|3|0|39|1,854555,1808012.64,0,1808012.6400000001,190000,170895.13,170000,-2.3283064365386963e-10,1618012.6400000001,19104.869999999995
2024|4421|4|0|39|1,2500000,1546542.36,0,1488076.89,300000,300000,300000,58465.470000000205,1188076.89,0
2024|4441|3|0|60|1,39600000,69600000,0,69600000,15901183.389999997,10064277.360000001,10020642.449999997,0,53698816.61,5836906.029999996
2024|4441|4|0|60|1,26300000,56300000,0,56300000,5853379.96,2483584.19,2483584.19,0,50446620.04,3369795.77
2024|4441|4|0|47|1,100000,100000,0,0,0,0,0,100000,0,0
2024|4451|3|0|60|1,28200000,58200000,0,58200000,9007799.579999998,6956557.809999999,6953551.679999992,0,49192200.42,2051241.7699999996
2024|4451|4|0|60|1,18700000,48700000,0,48700000,5304760.850000001,1986565.87,1986565.87,0,43395239.15,3318194.9800000004
2024|4451|4|0|47|1,100000,100000,0,0,0,0,0,100000,0,0
2024|4491|3|1|59|1,17962294,5252294,0,5252294,5173333.280000001,5153333.280000001,5153333.280000001,0,78960.71999999881,20000
2024|4491|4|1|59|1,4490573,573,0,0,0,0,0,573,0,0
2024|4541|3|0|60|1,437158,437158,0,437157.99,391438.19999999995,305805.64,305805.64,0.010000000009313226,45719.79000000004,85632.55999999994
2024|4551|3|0|60|1,71162817,77828278.88,0,77828278.88,77779502.64,77161334.67,77161334.67000002,0,48776.239999994636,618167.9699999988
2024|4551|3|0|60|9,1000,2000000,0,2000000,866931.4800000001,666931.4800000001,666931.4800000001,0,1133068.52,200000
2024|4551|3|0|10|1,0,160972124.08,0,160972124.07999998,160791742.95,160789905.66000003,160789905.66,2.9802322387695312e-08,180381.12999999523,1837.289999961853
2024|4601|3|0|45|1,4925964,9418972,0,5240964,5060964,1670773.97,1670773.97,4178008,180000,3390190.0300000003
2024|4611|3|0|60|1,420000,420000,0,420000,0,0,0,0,420000,0
2024|4611|4|0|60|1,3000000,3000000,0,3000000,0,0,0,0,3000000,0
2024|4621|5|0|60|1,2000,2000,0,0,0,0,0,2000,0,0
2024|4631|3|0|10|1,186093482,197784903,0,197784903.00000003,197608530.92000002,176861332.22,176861332.22,-2.9802322387695312e-08,176372.0800000131,20747198.700000018
2024|4631|3|0|59|2,0,6815428,0,6815428,6807428,5052357.14,5052357.14,0,8000,1755070.8600000003
2024|4631|5|0|60|2,141092118,141092118,0,141091451.32999998,47030372.67,19689400.009999998,19689400.01,666.6700000166893,94061078.65999998,27340972.660000004
2024|4631|5|0|10|1,300952794,282545945,0,237812599.26000005,231492869.84,170146668.17999998,170146668.18,44733345.73999995,6319729.4200000465,61346201.660000026
2024|4631|5|0|95|1,825000000,825000000,0,15000000,15000000,8246288.68,8246288.68,810000000,0,6753711.32
2024|4641|3|0|10|1,1000,1000,0,0,0,0,0,1000,0,0
2024|4651|3|0|10|1,2000,2000,0,0,0,0,0,2000,0,0
2024|4661|3|0|60|1,1000,1000,0,0,0,0,0,1000,0,0
2024|4671|3|0|10|1,1000,1000,0,0,0,0,0,1000,0,0
2024|4691|3|0|57|1,13361530,27191235.21,0,22856225.669999998,14192403.8,3809474.28,3297816.35,4335009.540000003,8663821.869999997,10382929.520000001
2024|4691|4|0|57|1,25936146,49122086.92,0,39230087.82,35197236.410000004,12091690.290000001,10517339.920000002,9891999.100000001,4032851.4099999964,23105546.120000005
2024|4701|3|0|10|3,0,82042.96,0,1666,0,0,0,80376.96,1666,0
2024|4701|3|1|60|1,166442,332883.39,0,166441.39,0,0,0,166442,166441.39,0
2024|4701|3|1|10|3,0,1624397.4,0,812198.7,812198.7,812198.7,812198.7,812198.7,0,0
2024|4701|3|0|57|1,2401290,2901290,0,500000,430176.6,109417.51000000001,109417.51,2401290,69823.40000000002,320759.08999999997
2024|4701|3|1|57|1,6295828,6295828,0,0,0,0,0,6295828,0,0
2024|4711|1|0|10|9,0,3200000,0,3200000,3199664.09,3199664.09,3199664.09,0,335.910000000149,0
2024|4711|1|0|60|9,1000,1500000,0,1500000,1499052.8200000003,1499052.8200000003,1499052.8200000003,0,947.179999999702,0
2024|4711|1|0|44|1,37732510,262071514.55,0,262000000,262000000,262000000,262000000,71514.55000001192,0,0
2024|4711|1|0|52|2,4795372,4795372,0,4331554.08,4331554.08,4331554.08,4331554.08,463817.9199999999,0,0
2024|4711|1|0|15|1,1430813190,2683659942,0,2683129610.51,2683129610.51,2683129610.51,2683129610.51,530331.4899997711,0,0
2024|4711|1|0|60|1,0,15000000,0,0,0,0,0,15000000,0,0
2024|4711|1|0|61|1,67817391,67817391,0,30757579.22,30757579.22,30757579.22,30757579.22,37059811.78,0,0
2024|4711|1|0|43|1,2140168105,2427099181.87,0,2157038524.2599993,2156945411.4300003,2156945411.4300003,2156945411.43,270060657.6100006,93112.82999897003,0
2024|4711|1|0|60|2,380310602,375110602,0,82805240.22000003,82805240.22000003,82805240.22000003,82805240.22,292305361.78,0,0
2024|4711|1|0|42|1,4935655980,5328752654.79,0,5017432024.640006,5016607010.44,5016607010.44,5016607010.440001,311320630.1499939,825014.200006485,0
2024|4711|1|0|10|1,9351746698,7846957789.14,0,7206682716.949999,7206682716.949999,7206682716.949999,7206682716.95,640275072.1900015,0,0
2024|4711|3|0|10|1,1000000,61000000,0,61000000,61000000,20885982.969999995,20839917.310000002,0,0,40114017.03
2024|4721|3|0|10|1,1000,1000,0,0,0,0,0,1000,0,0
