chave_acao,vlr_credito_inicial,vlr_credito_autorizado,vlr_reestimativa,vlr_cota_aprovada,vlr_empenhado,vlr_liquidado,vlr_pago_orcamentario,vlr_saldo_credito,vlr_saldo_cota,vlr_saldo_empenho
2026|1011|7004|1|0|10|9,2000000,2000000,2000000,0,0,0,0,2000000,0,0
2026|1011|7004|3|0|10|9,30000,30000,30000,0,0,0,0,30000,0,0
2026|1011|7006|1|0|10|1,1726000,1726000,1726000,0,501617.85000000003,501617.85000000003,501617.85,1726000,-501617.85000000003,0
2026|1011|7006|1|0|42|5,112000000,112000000,112000000,0,33682120.37,33682120.37,33682120.37,112000000,-33682120.37,0
2026|1011|7006|1|0|43|5,126400000,126400000,126400000,0,37438096.48,37438096.48,37438096.48,126400000,-37438096.48,0
2026|1011|7006|1|0|10|5,378228000,378228000,378228000,0,104064756.94,104064756.94,104064756.94000001,378228000,-104064756.94,0
2026|1011|4239|1|0|10|1,1290195833,1290195833,1290195833,0,337801385.81000006,337801385.81000006,337801385.81,1290195833,-337801385.81000006,0
2026|1011|4239|3|0|60|1,24896769,24896769,24896769,0,6496893.49,6496893.49,6496893.49,24896769,-6496893.49,0
2026|1011|4239|3|0|10|7,69355000,69355000,69355000,0,33811981.14,33811981.14,33811981.14,69355000,-33811981.14,0
2026|1011|4239|3|0|10|1,276497900,276497900,276497900,0,197926069.5399999,54919480.400000006,47492688.199999996,276497900,-197926069.5399999,143006589.1399999
2026|1011|4239|4|0|10|1,14800000,14800000,14800000,0,2929894.8200000003,706965.14,670636.6799999999,14800000,-2929894.8200000003,2222929.68
2026|1011|4239|5|0|10|1,11953000,11953000,11953000,0,3984332,3984332,3984332,11953000,-3984332,0
2026|1021|2157|3|0|60|1,12000000,12000000,12000000,0,0,0,0,12000000,0,0
2026|1021|2157|3|0|10|7,74343439,74343439,74343439,0,22551157.31,22551157.31,22551157.31,74343439,-22551157.31,0
2026|1021|7004|3|0|10|9,1000,1000,1000,0,0,0,0,1000,0,0
2026|1021|7006|1|0|10|1,3037853,3037853,3037853,0,265271.52,265271.52,265271.52,3037853,-265271.52,0
2026|1021|7006|1|0|42|5,104407495,104407495,104407495,0,33503155.1,33503155.1,33503155.1,104407495,-33503155.1,0
2026|1021|7006|1|0|43|5,118906754,118906754,118906754,0,38996564.1,38996564.1,38996564.1,118906754,-38996564.1,0
2026|1021|7006|1|0|10|5,320369648,320369648,320369648,0,111106423.28,111106423.28,111106423.28,320369648,-111106423.28,0
2026|1021|4445|1|0|10|1,684321031,684321031,684321031,0,211672925.48000002,211672925.48000002,211672925.48000005,684321031,-211672925.48000002,0
2026|1021|4445|3|0|10|1,3491579,3491579,3491579,0,1682524.3599999999,458835.9,453177,3491579,-1682524.3599999999,1223688.46
2026|1021|2009|3|0|10|8,3410666,3410666,3410666,0,2978331.95,1472385.9,1444455.9000000004,3410666,-2978331.95,1505946.0500000003
2026|1021|2009|3|0|60|1,35545000,35545000,35545000,0,0,0,0,35545000,0,0
2026|1021|2009|3|0|10|1,130249525,130249525,130249525,0,44365781.70999999,17415537.869999997,16625857.290000003,130249525,-44365781.70999999,26950243.839999996
2026|1021|2009|4|0|60|1,15000000,15000000,15000000,0,0,0,0,15000000,0,0
2026|1021|2009|4|0|10|1,18432210,18432210,18432210,0,6140088.42,5426541.97,5409008.859999999,18432210,-6140088.42,713546.4500000002
2026|1021|2145|3|0|60|1,3200000,3200000,3200000,0,0,0,0,3200000,0,0
2026|1021|2145|3|0|10|8,4200000,4200000,4200000,0,2340123.04,1442231.2,1408536.2,4200000,-2340123.04,897891.8400000001
2026|1021|2145|3|0|10|1,5262193,5262193,5262193,0,500773.18,25332.37,23465.04,5262193,-500773.18,475440.81
2026|1031|7004|1|0|10|9,1000,1000,1000,0,0,0,0,1000,0,0
2026|1031|7006|1|0|10|1,172700941,172700941,172700941,0,40193554.480000004,40193554.480000004,40193554.48,172700941,-40193554.480000004,0
2026|1031|7006|1|0|43|5,891570030,891570030,891570030,0,242135627.35999998,242135627.35999998,242135627.36,891570030,-242135627.35999998,0
2026|1031|7006|1|0|42|5,1081813774,1081813774,1081813774,0,314629013.72,314629013.72,314629013.71999997,1081813774,-314629013.72,0
2026|1031|7006|1|0|10|5,1146518247,1146518247,1146518247,0,238754808.76999998,238754808.76999998,238754808.77,1146518247,-238754808.76999998,0
2026|1031|7006|3|0|10|7,94764705,94764705,94764705,0,51940588.17,51940588.17,51940588.17,94764705,-51940588.17,0
2026|1031|2053|1|0|10|1,1808951231,1808951231,1808951231,0,481685725.37,481685725.37,481685725.37,1808951231,-481685725.37,0
2026|1031|2053|3|0|60|7,39876582,39876582,39876582,0,6348390.9,6348390.9,6348390.9,39876582,-6348390.9,0
2026|1031|2053|3|0|10|7,62179105,62179105,62179105,0,30394974.66,30394974.66,30394974.66,62179105,-30394974.66,0
2026|1031|2054|1|0|10|1,6412613803,6412613803,6412613803,0,1780583714.8000002,1780583714.8000002,1780583714.7999997,6412613803,-1780583714.8000002,0
2026|1031|2054|3|0|60|7,186571029,186571029,186571029,0,35404050.56,35404050.56,35404050.56,186571029,-35404050.56,0
2026|1031|2054|3|0|10|7,599318989,599318989,599318989,0,229926608.69,229926608.69,229926608.69,599318989,-229926608.69,0
2026|1051|7004|1|0|10|9,1000,1000,1000,0,0,0,0,1000,0,0
2026|1051|7006|1|0|10|1,7211532,7211532,7211532,0,266261.76,266261.76,266261.76,7211532,-266261.76,0
2026|1051|7006|1|0|43|5,9665367,9665367,9665367,0,2212674.71,2212674.71,2212674.71,9665367,-2212674.71,0
2026|1051|7006|1|0|42|5,9851943,9851943,9851943,0,2714148.75,2714148.75,2714148.75,9851943,-2714148.75,0
2026|1051|7006|1|0|10|5,14629453,14629453,14629453,0,2061802.94,2061802.94,2061802.94,14629453,-2061802.94,0
2026|1051|7007|1|0|10|1,6769464,6769464,6769464,0,684637.4800000001,684637.4800000001,684637.48,6769464,-684637.4800000001,0
2026|1051|4003|3|0|60|1,405000,405000,405000,0,215662,106812.2,106812.2,405000,-215662,108849.8
2026|1051|4003|4|0|60|1,18000,18000,18000,0,0,0,0,18000,0,0
2026|1051|1019|4|0|60|1,500000,500000,500000,0,247342.59,246342.59,246342.59,500000,-247342.59,1000
2026|1051|2047|3|0|10|7,11475660,11475660,11475660,0,4901068.87,4901068.87,4901068.87,11475660,-4901068.87,0
2026|1051|4355|3|0|60|1,382500,382500,382500,0,0,0,0,382500,0,0
2026|1051|4355|3|0|10|1,15583054,15583054,15583054,0,3248579.25,2531098.4000000004,2436334.04,15583054,-3248579.25,717480.8499999996
2026|1051|4355|4|0|60|1,894500,894500,894500,0,0,0,0,894500,0,0
2026|1051|4355|4|0|10|1,8396854,8396854,8396854,0,1145002.3800000001,812738.3899999999,599528.83,8396854,-1145002.3800000001,332263.9900000002
2026|1051|2077|1|0|10|1,37188374,37188374,37188374,0,9938244.3,9938244.3,9938244.299999997,37188374,-9938244.3,0
2026|1051|2078|1|0|10|1,66437521,66437521,66437521,0,16802143.51,16802143.51,16802143.51,66437521,-16802143.51,0
2026|1071|4341|3|0|10|1,4363804,4363804,4363804,2032966.3100000003,1312946.12,908311.02,733251.0399999997,2330837.6899999995,720020.1900000002,404635.1000000001
2026|1071|4426|3|0|10|1,8615267,8615267,8615267,4612043.299999999,2023287.5400000003,387660.5699999999,244635.72000000006,4003223.700000001,2588755.759999999,1635626.9700000004
2026|1071|4381|3|0|10|1,856560,13856560,13856560,13849582.3,13165326.15,5517359.600000001,5454208.599999998,6977.699999999255,684256.1500000004,7647966.55
2026|1071|4381|3|0|10|8,0,100000,100000,0,0,0,0,100000,0,0
2026|1071|4381|4|0|10|8,0,900000,900000,0,0,0,0,900000,0,0
2026|1071|4390|3|0|10|1,589645,589645,589645,250157.82,82796.41,67248.13,67067.56999999999,339487.18,167361.41,15548.279999999999
2026|1071|4155|3|1|10|1,1000,1000,1000,0,0,0,0,1000,0,0
2026|1071|4155|3|1|10|8,600000,769050,769050,0,0,0,0,769050,0,0
2026|1071|4155|3|1|80|1,0,12291807.84,12291807.84,8691807.83,3500000,0,0,3600000.01,5191807.83,3500000
2026|1071|4155|4|1|98|1,0,1188000,1188000,1188000,0,0,0,0,1188000,0
2026|1071|4155|4|1|25|1,130000,130000,130000,0,0,0,0,130000,0,0
2026|1071|4155|4|1|10|8,1000000,2025600,2025600,0,0,0,0,2025600,0,0
2026|1071|4356|3|0|57|1,0,4633578.02,4633578.02,4633578.02,4633578.02,4633578.02,4633578.02,0,0,0
2026|1071|4356|3|0|10|1,663184,663184,663184,275749,59696.37000000001,56596.37000000001,56596.37,387435,216052.63,3100
2026|1071|4354|3|0|10|1,5451914,5451914,5451914,2694096.7899999996,1491994.37,1453733.47,1444929.7999999998,2757817.2100000004,1202102.4199999995,38260.90000000014
2026|1071|4335|3|0|10|1,4345985,4342988.28,4342988.28,2223083.38,1663363.2000000007,1581399.65,1534228.2700000012,2119904.9000000004,559720.1799999992,81963.55000000075
2026|1071|4335|4|0|10|1,0,2996.72,2996.72,2660,0,0,0,336.7199999999998,2660,0
2026|1071|4099|3|0|10|1,1158533,1158533,1158533,1891.62,0,0,0,1156641.38,1891.62,0
2026|1071|4099|3|0|57|1,5002000,5002000,5002000,0,0,0,0,5002000,0,0
2026|1071|1008|3|0|95|1,0,160914.8,160914.8,160914.8,4326.7,4326.7,4326.7,0,156588.09999999998,0
2026|1071|1008|3|0|10|1,970,970,970,108.39,0,0,0,861.61,108.39,0
2026|1071|1008|4|0|10|8,1000000,0,0,0,0,0,0,0,0,0
2026|1071|1008|4|0|95|1,0,7114078.86,7114078.86,7114078.86,4602362.67,0,0,0,2511716.1900000004,4602362.67
2026|1071|1008|4|0|80|1,14800000,14800000,14800000,14800000,11399338.2,0,0,0,3400661.8000000007,11399338.2
2026|1071|1008|4|0|10|4,1260000,1260000,1260000,0,0,0,0,1260000,0,0
2026|1071|2500|3|0|10|1,1332111,1332111,1332111,719807.34,467432.81,315554.82,296064.20000000007,612303.66,252374.52999999997,151877.99
2026|1071|2417|1|0|10|1,8330350,8330350,8249314.356723703,2496897.07,2496897.0700000003,2496897.0700000003,2496897.07,5833452.93,-4.656612873077393e-10,0
2026|1071|2417|3|0|10|7,1448485,1448485,1644338.825043043,437165.12,437165.12,437165.12,437165.12,1011319.88,0,0
2026|1081|1010|3|0|10|1,36744,36744,36744,12248,10124,0,0,24496,2124,10124
2026|1081|2030|3|0|10|1,312840,312840,312840,285920,198871.3,198871.3,198871.3,26920,87048.70000000001,0
2026|1081|1014|3|0|95|1,0,7700001.68,7700001.68,7700001.68,7479407.54,1172532.14,1128503.54,0,220594.13999999966,6306875.4
2026|1081|1014|3|0|10|1,1000,1000,1000,0,0,0,0,1000,0,0
2026|1081|1014|4|0|95|1,0,412740,412740,412740,409228.36,0,0,0,3511.640000000014,409228.36
2026|1081|1012|3|0|10|1,6796050,6796050,6796050,941146.02,788506.8300000001,382366.04000000004,382366.04000000004,5854903.98,152639.18999999994,406140.79000000004
2026|1081|1012|4|0|9|1,500000,530178,530178,0,0,0,0,530178,0,0
2026|1081|1012|4|0|10|1,3136462,3136462,3136462,1568232,1568232,701316.5,599112.5,1568230,0,866915.5
2026|1081|1013|3|0|9|1,0,1100821.98,1100821.98,1100821.98,286626.17000000004,272014.00999999995,272014.01,0,814195.8099999999,14612.16000000009
2026|1081|1013|3|0|10|1,12827915,12827915,6827915,5327972.6899999995,3549822.74,2460284.37,2330768.41,7499942.3100000005,1778149.9499999993,1089538.37
2026|1081|1013|4|0|57|1,0,6404.14,6404.14,6404.14,5968,0,0,0,436.1400000000003,5968
2026|1081|1013|4|0|60|2,0,30000,30000,0,0,0,0,30000,0,0
2026|1081|1013|4|0|9|1,0,499504,499504,0,0,0,0,499504,0,0
2026|1081|7803|1|0|10|9,747417922,674609060.48,674609060.48,358000000.01,184268277.77000013,66523268.97999999,63138486.70000002,316609060.47,173731722.23999986,117745008.79000014
2026|1081|7803|3|0|10|9,564929952,564830215.07,564830215.0699999,223000000,151682273.46002716,129107322.10000256,122078630.06998307,341830215.07000005,71317726.53997284,22574951.3600246
2026|1081|2500|3|0|9|1,351000,516878.31,516878.31,148984.1,91146.22,63298.09999999999,63298.09999999999,367894.20999999996,57837.880000000005,27848.12000000001
2026|1081|2500|3|0|10|1,8332908,8332908,8332908,4745808.890000001,3860422.049999999,2663359.94,2246523.0500000003,3587099.1099999994,885386.8400000017,1197062.109999999
2026|1081|2500|4|0|9|1,250000,528523.57,528523.57,67121.9,67121.9,67121.9,67121.9,461401.6699999999,0,0
2026|1081|2417|1|0|10|1,371866796,371866796,374503963.9913671,113237327.69999997,113237327.69999999,113237327.69999999,113237327.7,258629468.3,-1.4901161193847656e-08,0
2026|1081|2417|3|0|60|2,0,14229,14229,9189.5,9189.5,9189.5,9189.5,5039.5,0,0
2026|1081|2417|3|0|10|1,1350000,1350000,1350000,610952.85,311122.04000000004,311122.04000000004,311122.04,739047.15,299830.80999999994,0
2026|1081|2417|3|0|10|7,24168517,24168517,23201177.550871424,7343000.260000001,7343000.26,7343000.26,7343000.26,16825516.74,9.313225746154785e-10,0
2026|1091|2028|1|0|60|1,5000000,5000000,5000000,0,0,0,0,5000000,0,0
2026|1091|2028|3|0|60|1,10000000,10000000,10000000,0,0,0,0,10000000,0,0
2026|1091|2028|4|0|60|1,14256000,14256000,14256000,0,0,0,0,14256000,0,0
2026|1091|4493|1|0|10|1,1478000000,1478000000,1638000000,0,650968502.45,650968502.45,650968502.45,1478000000,-650968502.45,0
2026|1091|4493|3|0|24|1,1915000,1915000,1915000,0,0,0,0,1915000,0,0
2026|1091|4493|3|0|60|7,23315000,23315000,53315000,0,0,0,0,23315000,0,0
2026|1091|4493|3|0|10|7,128000000,128000000,128000000,0,84125754.55000001,84125754.55000001,84125754.55,128000000,-84125754.55000001,0
2026|1091|4493|4|0|24|1,0,0,518913.91,0,0,0,0,0,0,0
2026|1091|4493|4|0|10|3,39025,39025,39025,0,0,0,0,39025,0,0
2026|1091|2009|1|0|10|1,1338000000,1338000000,1378000000,0,424317676.26,424317676.26,424317676.26000005,1338000000,-424317676.26,0
2026|1091|2009|3|0|60|2,0,0,40000000,0,0,0,0,0,0,0
2026|1091|2009|3|0|60|7,21685000,21685000,51685000,0,0,0,0,21685000,0,0
2026|1091|2009|3|0|60|1,40000000,40000000,90000000,0,0,0,0,40000000,0,0
2026|1091|2009|3|0|10|7,185000000,185000000,185000000,0,66013469.82,66013469.82,66013469.82,185000000,-66013469.82,0
2026|1091|2009|3|0|10|1,390172255,390172255,300172255,0,147670251.43000004,94361271.53999999,92144770.7499999,390172255,-147670251.43000004,53308979.890000045
2026|1091|2009|4|0|60|1,0,0,20000000,0,0,0,0,0,0,0
2026|1091|2009|4|0|47|1,3080000,3080000,3080000,0,0,0,0,3080000,0,0
2026|1091|2009|4|0|10|1,20000000,20000000,20000000,0,5609955.880000001,2835226.0200000005,2794615.58,20000000,-5609955.880000001,2774729.8600000003
2026|1091|7004|1|0|10|9,1000,1000,1000,0,0,0,0,1000,0,0
2026|1091|7006|1|0|10|1,69700000,69700000,39700000,0,15684861.67,15684861.67,15684861.67,69700000,-15684861.67,0
2026|1091|7006|1|0|10|5,124799000,124799000,44799000,0,0,0,0,124799000,0,0
2026|1091|7006|1|0|43|5,260748891,260748891,260748891,0,81198466.1,81198466.1,81198466.1,260748891,-81198466.1,0
2026|1091|7006|1|0|42|5,391082727,391082727,391082727,0,118885501.78,118885501.78,118885501.78,391082727,-118885501.78,0
2026|1091|7006|3|0|60|7,5000000,5000000,11000000,0,0,0,0,5000000,0,0
2026|1091|7006|3|0|10|7,35000000,35000000,35000000,0,16201469.8,16201469.8,16201469.8,35000000,-16201469.8,0
2026|1091|1064|3|0|10|1,2000000,2000000,2000000,0,1997065.15,1143397.99,1143397.99,2000000,-1997065.15,853667.1599999999
2026|1091|1064|4|0|10|3,1624200,1624200,1624200,0,0,0,0,1624200,0,0
2026|1091|1064|4|0|70|1,4500000,4500000,7000000,0,0,0,0,4500000,0,0
2026|1091|1064|4|0|10|1,13336775,13336775,13336775,0,1104336.5,411588.18,397065.47,13336775,-1104336.5,692748.3200000001
2026|1091|1064|5|0|10|1,5000000,5000000,5000000,0,0,0,0,5000000,0,0
2026|1101|2020|3|0|10|1,10113,10113,10113,0,0,0,0,10113,0,0
2026|1101|4104|3|0|10|1,20000,20000,20000,0,0,0,0,20000,0,0
2026|1101|4109|3|0|10|1,18948,18948,18948,6640,2560,1150.2,1150.2,12308,4080,1409.8
2026|1101|4012|3|0|10|1,17159,17159,17159,0,0,0,0,17159,0,0
2026|1101|4101|3|0|10|1,95708,193708,165708,134523.79,105031.37000000001,64519.869999999995,64519.869999999995,59184.20999999999,29492.42,40511.500000000015
2026|1101|4102|3|0|10|1,48808,48808,48808,15273.16,15149.47,9974.56,9974.56,33534.84,123.69000000000051,5174.91
2026|1101|4110|3|0|10|1,616114,952966,952966,756701.22,502023.81,304910.12,304910.12,196264.78000000003,254677.40999999997,197113.69
2026|1101|2500|3|0|10|1,1176996,770144,770144,537351.82,252184.43,172520.27000000002,172520.27,232792.18000000005,285167.38999999996,79664.15999999997
2026|1101|2417|1|0|10|1,15149831,15149831,16402279.219486803,5096935.41,5096935.41,5096935.41,5096935.409999999,10052895.59,0,0
2026|1101|2417|3|0|10|7,1521152,1521152,1770125.604709992,482335.86,482335.86,482335.86,482335.86,1038816.14,0,0
2026|1191|1002|3|1|10|1,6415694,6415694,6415694,3097978.0300000003,2154723.75,1367444.9000000001,809150.6000000001,3317715.9699999997,943254.2800000003,787278.8499999999
2026|1191|2004|3|0|10|1,6061984,6061984,6061984,2970240,1940800,1270400,940400,3091744,1029440,670400
2026|1191|2005|3|0|9|1,0,72597.3,72597.3,72597.3,72597.3,72597.3,72597.3,0,0,0
2026|1191|2005|4|0|9|1,0,440094.4,440094.4,440094.4,440094.4,185086.43,115502.57,0,0,255007.97000000003
2026|1191|2005|4|0|74|1,20000000,55000000,55000000,22225007.990000002,20539319.15,3200727.54,3191927.54,32774992.009999998,1685688.8400000036,17338591.61
2026|1191|2007|3|0|29|1,8709376,8709376,8709376,2749116.7300000004,1249181.65,692730.0800000001,692730.0800000001,5960259.27,1499935.0800000005,556451.5699999998
2026|1191|2007|3|0|10|1,51795251,55139339.53,80582852,22304769.930000007,17247647.08,10263653.92,7616670.029999999,32834569.599999994,5057122.850000009,6983993.159999998
2026|1191|2007|4|0|10|1,0,25443512.47,0,9017799.32,0,0,0,16425713.149999999,9017799.32,0
2026|1191|2006|3|0|29|1,9700000,9700000,9700000,4152492.74,2615414.73,2177261.4,2177261.4,5547507.26,1537078.0100000002,438153.3300000001
2026|1191|2006|3|0|10|1,83743040,83743040,83743040,47598248.03999999,33312589.91,11662249.84,8274311.04,36144791.96000001,14285658.129999992,21650340.07
2026|1191|2016|3|0|10|1,42800,42800,42800,0,0,0,0,42800,0,0
2026|1191|2032|3|0|10|1,42484,42484,42484,39792,6000,0,0,2692,33792,6000
2026|1191|4107|3|0|10|1,42484,42484,42484,39392,6000,0,0,3092,33392,6000
2026|1191|2019|3|0|10|1,134320,134320,134320,15000,5776.84,5776.84,5776.84,119320,9223.16,0
2026|1191|4096|3|0|10|1,48480,48480,48480,0,0,0,0,48480,0,0
2026|1191|4106|3|0|10|1,42484,42484,42484,39792,6000,0,0,2692,33792,6000
2026|1191|4097|3|0|10|1,29980,29980,29980,0,0,0,0,29980,0,0
2026|1191|4105|3|0|10|1,1290005,1290005,1290005,624781.18,261240.18,200255.03,200255.03,665223.82,363541,60985.149999999994
2026|1191|4098|3|0|10|1,2688000,2688000,2688000,1400393.12,890199.48,828977.6799999999,621199.4,1287606.88,510193.64000000013,61221.80000000005
2026|1191|4103|3|0|10|1,21000000,21000000,21000000,10650000,6486789.26,4718240.010000001,4688504.5600000005,10350000,4163210.74,1768549.249999999
2026|1191|4103|4|0|10|1,4544374,4544374,4544374,1736628.47,799860,183044,183044,2807745.5300000003,936768.47,616816
2026|1191|4103|4|0|48|1,17220626,17220626,17220626,8610313,3500000,2220104.8,2220104.8,8610313,5110313,1279895.2000000002
2026|1191|4095|3|0|83|2,960000,960000,960000,960000,960000,592409.0599999999,592409.0599999999,0,0,367590.94000000006
2026|1191|4095|3|0|27|1,20000000,20000000,20000000,20000000,20000000,8330495.4399999995,8330495.44,0,0,11669504.56
2026|1191|4095|3|0|10|1,23437963,23437963,23437963,22726877.19,22714402.54,8140731.610000001,8140731.61,711085.8099999987,12474.650000002235,14573670.929999998
2026|1191|4085|4|0|74|1,3801000,8435049.61,8435049.61,0,0,0,0,8435049.61,0,0
2026|1191|1015|3|0|10|1,1000,1000,1000,0,0,0,0,1000,0,0
2026|1191|4079|3|0|10|1,1683197,1936581.4,1683197,752254.64,416712.47,325306.94,264090.98,1184326.7599999998,335542.17000000004,91405.52999999997
2026|1191|4081|3|0|10|1,8084773,8084773,8084773,3831301.39,1654332.129999979,1597975.649999983,1403479.269999986,4253471.609999999,2176969.260000021,56356.47999999602
2026|1191|4083|3|0|29|1,305182,305182,305182,135000,45000,35773.55,35773.55,170182,90000,9226.449999999997
2026|1191|4083|3|0|10|1,7673697,7420312.6,7673697,1983101.28,1187896.2100000002,349386.09,339331.45000000007,5437211.319999999,795205.0699999998,838510.1200000001
2026|1191|4082|3|0|29|1,9092393,9092393,9092393,6934234.010000001,4972063.18,2703131.08,2627685.7499999986,2158158.9899999993,1962170.830000001,2268932.0999999996
2026|1191|4082|3|0|10|1,16029674,16029674,16029674,9223717.480000002,4953792.119999997,3239288.5599999996,2894169.6200000043,6805956.519999998,4269925.360000005,1714503.5599999977
2026|1191|2500|3|0|9|1,5000,5000,5000,0,0,0,0,5000,0,0
2026|1191|2500|3|0|29|1,1425736,1425736,1425736,645500.02,477000,235345.85000000003,235345.85,780235.98,168500.02000000002,241654.14999999997
2026|1191|2500|3|0|10|1,6342425,6342425,6342425,4446506.430000001,2823809.77,1744099.63,1663154.1400000001,1895918.5699999994,1622696.6600000006,1079710.1400000001
2026|1191|2500|4|0|10|1,2140,2140,2140,0.03,0,0,0,2139.97,0.03,0
2026|1191|2417|1|0|10|1,1202693,1202693,135679.25,140000,135679.25,116625.13,99179.25,1062693,4320.75,19054.119999999995
2026|1191|2417|1|0|15|1,1596505386,1596505386,1614637009.6276548,465287529.66,465287529.66,463775316.62,463775316.61999995,1131217856.34,0,1512213.0400000215
2026|1191|2417|3|0|10|1,159389,159389,159389,25572.66,25572.66,25572.66,25572.66,133816.34,0,0
2026|1191|2417|3|0|10|7,76904128,76904128,78123150.44499035,22173813.05,22173813.05,22173813.05,22173813.05,54730314.95,0,0
2026|1221|1049|3|0|95|1,0,187748.52,187748.52,187748.52,46019.11,34545,34545,0,141729.40999999997,11474.11
2026|1221|1049|3|0|10|1,1000,1000,1000,0,0,0,0,1000,0,0
2026|1221|1049|4|0|95|1,0,587028537.99,587028537.99,27193856.009999998,15546877.820000002,610280.47,586062.2799999999,559834681.98,11646978.189999996,14936597.350000001
2026|1221|1100|4|0|24|1,3009520,3009520,3009520,0,0,0,0,3009520,0,0
2026|1221|4544|3|0|10|1,58943,58943,58943,21515,2500,0,0,37428,19015,2500
2026|1221|1083|3|0|10|1,79534,79534,79534,36354,9587.97,6587.969999999999,6456.45,43180,26766.03,3000
2026|1221|4482|3|0|10|1,5818477,5818477,5818477,4605264,1472561.84,1337140,1053370.05,1213213,3132702.16,135421.83999999985
2026|1221|1082|3|1|10|4,780000,780000,780000,0,0,0,0,780000,0,0
2026|1221|1082|3|1|10|8,0,1746000,1746000,0,0,0,0,1746000,0,0
2026|1221|1082|3|1|80|1,47501208,47501208,47501208,4056201,3291919.93,58086.92,0,43445007,764281.0699999998,3233833.0100000002
2026|1221|1059|5|0|80|1,30000000,30000000,30000000,0,0,0,0,30000000,0,0
2026|1221|1057|5|0|80|1,40200000,40200000,40200000,0,0,0,0,40200000,0,0
2026|1221|1056|3|0|80|1,9703876,10134968.68,10134968.68,625025.99,195631.46000000002,125781.15,125781.15,9509942.69,429394.52999999997,69850.31000000003
2026|1221|1056|4|0|80|1,4000000,4000000,4000000,0,0,0,0,4000000,0,0
2026|1221|1072|3|0|32|1,319236,319236,319236,159616,51269.69,43796.39,43796.39,159620,108346.31,7473.300000000003
2026|1221|1071|3|1|10|1,964177,964177,964177,964177,204205.53999999998,204205.53999999998,147789.47999999998,0,759971.46,0
2026|1221|1071|3|1|32|1,122073,122073,122073,60858,39201.729999999996,24668.379999999997,24668.38,61215,21656.270000000004,14533.349999999999
2026|1221|4474|3|0|24|1,0,97.1,0,97.1,97.1,97.1,97.1,0,0,0
2026|1221|4474|3|0|32|1,308992,308992,308992,240847,188658.14,185327.1,182322.6,68145,52188.859999999986,3331.040000000008
2026|1221|4474|3|0|98|1,308341,308341,308341,0,0,0,0,308341,0,0
2026|1221|4474|3|0|10|4,500000,500000,500000,0,0,0,0,500000,0,0
2026|1221|1073|3|0|32|1,470784,470784,470784,235392,114973.67,97011.48999999999,97011.48999999999,235392,120418.33,17962.180000000008
2026|1221|1081|3|1|32|1,1000,1000,1000,0,0,0,0,1000,0,0
2026|1221|4499|3|0|10|1,25483,25483,25483,12094,0,0,0,13389,12094,0
2026|1221|1078|3|0|32|1,76122,76122,76122,38061,3000,0,0,38061,35061,3000
2026|1221|1079|3|0|32|1,207156,207156,207156,127052,80265.03,44886.490000000005,44886.49,80104,46786.97,35378.53999999999
2026|1221|1091|3|0|32|1,175574,175574,175574,102358,74695.56,44716.52,44716.52,73216,27662.440000000002,29979.04
2026|1221|1076|3|0|32|1,2828249,2828249,928249,1289473,20050,6550,6550,1538776,1269423,13500
2026|1221|1077|3|0|32|1,47545,47545,47545,24709,8000,390.4,390.4,22836,16709,7609.6
2026|1221|1090|3|0|10|1,1000,1000,1000,0,0,0,0,1000,0,0
2026|1221|1055|3|0|10|1,51001,51001,51001,21766,3627.93,738.6300000000001,738.6300000000001,29235,18138.07,2889.2999999999997
2026|1221|1075|3|0|10|1,339102,339102,339102,339102,86697.86,86697.86,58535.810000000005,0,252404.14,0
2026|1221|1075|3|0|32|1,100006,100006,100006,50002,7000,0,0,50004,43002,7000
2026|1221|1075|4|0|32|1,11192448,11192448,11192448,5616224,3768830.88,3768830.88,3768830.88,5576224,1847393.12,0
2026|1221|4449|3|0|10|1,266197,266197,266197,126419,89231.45,48610.34,48229.04,139778,37187.55,40621.11
2026|1221|4472|3|0|10|1,1597057,1597057,1597057,1529587,493964.54,465407.61,393010.35,67470,1035622.46,28556.929999999993
2026|1221|2500|3|0|10|1,8849643,8849643,8849643,8129987,2409729.7099999995,1639006.43,1638883.8999999994,719656,5720257.290000001,770723.2799999996
2026|1221|2500|4|0|10|1,250000,250000,250000,125000,0,0,0,125000,125000,0
2026|1221|2417|1|0|95|1,0,126750.57,126750.57,0,0,0,0,126750.57,0,0
2026|1221|2417|1|0|10|1,21940165,21940165,22798566.0192827,6899387.54,6893995.620000001,6892131.870000001,6892131.87,15040777.46,5391.919999998994,1863.75
2026|1221|2417|3|0|95|7,0,38060,38060,0,0,0,0,38060,0,0
2026|1221|2417|3|0|10|7,3277097,3277097,3808390.779095987,1024687.5,1024687.5,1024687.5,1024687.5,2252409.5,0,0
2026|1231|4358|3|0|15|1,0,250000,250000,150000,0,0,0,100000,150000,0
2026|1231|4358|3|0|10|4,572000,572000,572000,0,0,0,0,572000,0,0
2026|1231|4358|3|0|71|1,2103844,2103844,2103844,38844,28844,20573.600000000002,20573.6,2065000,10000,8270.399999999998
2026|1231|4358|3|0|80|1,2132231,2132231,2132231,0,0,0,0,2132231,0,0
2026|1231|4358|3|0|10|8,112500,3075000,3075000,650000,650000,500000,500000,2425000,0,150000
2026|1231|4358|3|0|69|1,5205873,6392199.97,6392199.97,1186326.97,237172.5,64450,64450,5205873,949154.47,172722.5
2026|1231|4358|4|0|10|4,350000,350000,350000,0,0,0,0,350000,0,0
2026|1231|4358|4|0|10|8,850000,1050000,1050000,0,0,0,0,1050000,0,0
2026|1231|4363|1|1|71|1,1618259,1618259,1482254.516217819,465037.52999999997,465037.52999999997,465037.52999999997,465037.52999999997,1153221.47,0,0
2026|1231|4363|3|1|95|1,0,1632000,1632000,1632000,501907.82999999996,300748.64,300748.64,0,1130092.17,201159.18999999994
2026|1231|4363|3|1|71|7,241849,241849,298326.5412018589,78055.69,78055.69,78055.69,78055.69,163793.31,0,0
2026|1231|4363|3|1|10|8,750000,300000,300000,0,0,0,0,300000,0,0
2026|1231|4363|3|1|71|1,6451745,6451745,6451745,3087134,925461.24,416283.19,289040.75,3364611,2161672.76,509178.05
2026|1231|1053|3|0|59|1,3522082,3522082,3522082,5000,5000,912.7,0,3517082,0,4087.3
2026|1231|4383|3|0|10|3,0,2767301.53,2767301.5300000003,2767301.5300000003,2767301.5300000003,2767301.5300000003,2767301.5300000003,-4.656612873077393e-10,0,0
2026|1231|4383|3|0|10|1,41207,41207,41207,17207,17207,5706.900000000001,5081.2,24000,0,11500.099999999999
2026|1231|4383|3|0|10|4,150000,150000,150000,0,0,0,0,150000,0,0
2026|1231|4383|3|0|10|8,0,540000,540000,0,0,0,0,540000,0,0
2026|1231|4383|3|0|1|1,766000,766000,766000,0,0,0,0,766000,0,0
2026|1231|4383|3|0|80|1,2042676,11393496,11393496,9350820,9350820,0,0,2042676,0,9350820
2026|1231|4383|3|0|98|1,2889657,5647605.95,5647605.95,2757948.95,0,0,0,2889657,2757948.95,0
2026|1231|4383|3|0|24|1,7648402,13688331.96,13688331.96,8533363.06,8533363.06,8533363.06,8533363.06,5154968.9,0,0
2026|1231|4383|4|0|98|1,0,397000,397000,395136,77364,0,0,1864,317772,77364
2026|1231|4383|4|0|10|8,0,496177.42,496177.42,0,0,0,0,496177.42,0,0
2026|1231|4383|4|0|24|1,0,2493433.1,2493433.1,0,0,0,0,2493433.1,0,0
2026|1231|4420|4|0|98|1,0,145182.06,145182.06,145182.06,136698,0,0,0,8484.059999999998,136698
2026|1231|4420|4|0|15|1,0,15411026.02,15411026.02,13467399.35,4044506.94,0,0,1943626.67,9422892.41,4044506.94
2026|1231|4420|4|0|10|4,4999908,4999908,4999908,0,0,0,0,4999908,0,0
2026|1231|4420|4|0|80|1,30000000,18932295.35,18932295.35,0,0,0,0,18932295.35,0,0
2026|1231|4420|4|0|10|8,18592970,27307845,27307845,0,0,0,0,27307845,0,0
2026|1231|4403|3|0|10|1,78458,78458,78458,56458,16458,6202.499999999999,6202.5,22000,40000,10255.5
2026|1231|4403|3|0|80|1,5641567,5641567,5641567,0,0,0,0,5641567,0,0
2026|1231|4403|4|0|98|1,0,108317.94,108317.94,108317.94,57929.85,6990,6990,0,50388.090000000004,50939.85
2026|1231|4403|4|0|10|4,90210,90210,90210,0,0,0,0,90210,0,0
2026|1231|4403|4|0|10|8,0,564000,564000,0,0,0,0,564000,0,0
2026|1231|4399|3|0|71|1,6342734,6342734,6342734,6342734,5975280,2390112,2390112,0,367454,3585168
2026|1231|4394|3|0|10|1,8653,8653,8653,4653,4653,3445.5,3445.5,4000,0,1207.5
2026|1231|4394|4|0|10|1,0,1500000,1500000,1500000,0,0,0,0,1500000,0
2026|1231|4398|3|1|10|8,0,150000,150000,0,0,0,0,150000,0,0
2026|1231|4398|3|1|10|4,1974606,1974606,1974606,0,0,0,0,1974606,0,0
2026|1231|4398|3|1|15|1,0,2254919,0,0,0,0,0,2254919,0,0
2026|1231|4398|3|1|71|1,11866753,11866753,11866753,3120275.25,308324.07,195722.31999999998,195722.31999999998,8746477.75,2811951.18,112601.75000000003
2026|1231|4419|3|0|10|1,232193,232193,232193,64193,56478,9251.7,9251.7,168000,7715,47226.3
2026|1231|4419|3|0|71|1,1144999,1144999,1144999,630000,16587.6,16587.6,16587.6,514999,613412.4,0
2026|1231|4419|4|0|15|1,0,61758927.2,61758927.2,58938131.870000005,9821210.69,0,0,2820795.329999998,49116921.18000001,9821210.69
2026|1231|4419|4|0|10|8,1000000,17396685.07,17396685.07,449790,449790,0,0,16946895.07,0,449790
2026|1231|4386|3|0|10|1,57796,57796,57796,33796,33796,16132.050000000001,16132.05,24000,0,17663.949999999997
2026|1231|2500|3|0|10|8,1500000,0,0,0,0,0,0,0,0,0
2026|1231|2500|3|0|80|1,440000,838070.6,838070.6,188539.56,188539.56,125372.89000000001,125372.89,649531.04,0,63166.669999999984
2026|1231|2500|3|0|10|1,11976443,11976443,11976443,6019519.25,2676515.2,2098205.3200000003,2092917.2399999995,5956923.75,3343004.05,578309.8799999999
2026|1231|2500|4|0|10|1,14440,14440,14440,0,0,0,0,14440,0,0
2026|1231|2417|1|0|10|1,21572634,21572634,20613851.294522893,6524626.700000001,6524626.7,6524626.7,6524626.699999999,15048007.299999999,9.313225746154785e-10,0
2026|1231|2417|3|0|10|1,100362,100362,100362,45000,30231.340000000004,30231.340000000004,30231.34,55362,14768.659999999996,0
2026|1231|2417|3|0|10|7,2979943,2979943,3553706.861735225,933837.02,933837.02,933837.02,933837.02,2046105.98,0,0
2026|1251|4372|1|0|10|1,45139997,45139997,31650562.631145824,8773860.9,8773860.899999999,8773860.899999999,8773860.9,36366136.1,1.862645149230957e-09,0
2026|1251|4372|3|0|10|1,17201298,0,0,0,0,0,0,0,0,0
2026|1251|4372|3|0|60|1,1936,1936,1936,0,0,0,0,1936,0,0
2026|1251|4372|3|0|70|1,450000,450000,450000,6080,0,0,0,443920,6080,0
2026|1251|4372|3|0|69|1,1550000,1606413.65,1606413.65,56413.65,56408.93,56408.93,56408.93,1550000,4.720000000001164,0
2026|1251|4372|3|0|10|7,5170571,5170571,3871291.503405909,1525666.62,1525666.62,1525666.62,1525666.62,3644904.38,0,0
2026|1251|4372|3|0|60|2,0,19501298,19501298,11488339.6,4780964.33,1095390.3300000003,867885.94,8012958.4,6707375.27,3685574
2026|1251|4372|4|0|60|2,0,200000,200000,0,0,0,0,200000,0,0
2026|1251|4372|4|0|69|1,600000,600000,600000,0,0,0,0,600000,0,0
2026|1251|4372|4|0|70|1,800000,882692.51,882692.51,91192.51,74279.70000000001,48686.4,48686.4,791500,16912.809999999983,25593.30000000001
2026|1251|2065|3|0|10|1,132077,132077,132077,0,0,0,0,132077,0,0
2026|1251|2106|3|0|10|8,1000,1000,1000,0,0,0,0,1000,0,0
2026|1251|2057|3|0|10|1,68557,68557,68557,45350.92,26045.46,18126.65,16159.21,23206.08,19305.46,7918.809999999998
2026|1251|2060|1|0|10|1,324401852,324401852,313456466.6861653,89774274.50999999,89774274.51,89774274.51,89774274.51,234627577.49,-1.4901161193847656e-08,0
2026|1251|2060|3|0|10|7,37395663,37395663,39027720.47328942,15293815.86,15293815.86,15293815.86,15293815.86,22101847.14,0,0
2026|1251|2060|3|0|60|2,134472993,134472993,134472993,55856281.22999998,27080532.290000007,12869199.170000004,6762438.720000001,78616711.77000001,28775748.939999975,14211333.120000003
2026|1251|2060|4|0|60|2,9754107,9754107,9754107,2284658.87,349667.25,183317.04,0,7469448.13,1934991.62,166350.21
2026|1251|2058|1|0|10|1,21085035,21085035,2904051.5370765286,3302794.3600000003,3302794.36,3302794.36,3302794.36,17782240.64,4.656612873077393e-10,0
2026|1251|2058|3|0|60|1,645,645,645,0,0,0,0,645,0,0
2026|1251|2058|3|0|10|1,4530007,4530007,4530007,2103965.89,445337.1600000001,152444.41000000003,99429.02,2426041.11,1658628.73,292892.75
2026|1251|2058|3|0|10|7,3293309,3293309,2875468.768060217,379725,379725,379725,379725,2913584,0,0
2026|1251|2059|1|0|10|1,202265840,202265840,192225136.14570644,54277355,54277354.99999999,54277354.99999999,54277355,147988485,7.450580596923828e-09,0
2026|1251|2059|3|0|10|1,1313301,1313301,1313301,864389.75,266692.1,250815.24000000002,201495.03999999998,448911.25,597697.65,15876.859999999957
2026|1251|2059|3|0|10|7,55291571,55291571,49315501.25977285,11607338.26,11607338.26,11607338.26,11607338.26,43684232.74,0,0
2026|1251|4373|3|0|10|1,3600,3600,3600,0,0,0,0,3600,0,0
2026|1251|4373|4|0|10|4,100000,100000,100000,0,0,0,0,100000,0,0
2026|1251|2063|3|0|10|1,4483910,0,0,0,0,0,0,0,0,0
2026|1251|2063|3|0|68|1,100000,100000,100000,0,0,0,0,100000,0,0
2026|1251|2063|3|0|60|2,0,4483910,4483910,3180000,1886017.67,1886017.67,1193958.2699999998,1303910,1293982.33,0
2026|1251|2063|4|0|68|1,500000,569286.87,569286.87,71093.08,0,0,0,498193.79,71093.08,0
2026|1251|2063|4|0|70|1,900000,900000,900000,0,0,0,0,900000,0,0
2026|1251|4366|3|1|10|8,748000,3253255.7,3253255.7,3253255.7,0,0,0,0,3253255.7,0
2026|1251|4366|3|1|10|1,1050,1050,1050,0,0,0,0,1050,0,0
2026|1251|4366|4|1|10|8,39594128,26985940.75,26985940.75,26740195.75,119890.62,0,0,245745,26620305.13,119890.62
2026|1251|2061|1|0|10|1,198397152,198397152,254702279.17441297,70377941.47999999,70377941.48,70377941.48,70377941.47999999,128019210.52000001,-1.4901161193847656e-08,0
2026|1251|2061|3|0|69|1,500000,0,0,0,0,0,0,0,0,0
2026|1251|2061|3|0|10|1,13319521,0,0,0,0,0,0,0,0,0
2026|1251|2061|3|0|60|1,185877,185877,185877,0,0,0,0,185877,0,0
2026|1251|2061|3|0|24|1,1174405,1174405,1174405,0,0,0,0,1174405,0,0
2026|1251|2061|3|0|60|2,0,13319521,13319521,9600385.029999996,3801280.0300000017,1501793.0100000007,1285120.0499999998,3719135.9700000044,5799104.999999994,2299487.020000001
2026|1251|2061|3|0|10|7,30035881,30035881,57756413.827271454,22254974.09,22254974.090000004,22254974.090000004,22254974.09,7780906.91,-3.725290298461914e-09,0
2026|1251|2061|4|0|69|1,1000000,37354.38,37354.38,37354.380000000005,28384.38,28384.38,28384.38,-7.275957614183426e-12,8970.000000000004,0
2026|1251|2061|4|0|24|1,300000,300000,300000,0,0,0,0,300000,0,0
2026|1251|4374|1|0|27|1,135219284,135219284,161849543.10222873,36653009.09,36653009.089999996,36653009.089999996,36653009.09,98566274.91,7.450580596923828e-09,0
2026|1251|4374|1|0|10|1,460117571,460117571,416184539.405731,128954003.56,128954003.56,128954003.56,128954003.56000002,331163567.44,0,0
2026|1251|4374|3|0|10|1,6986081,0,0,0,0,0,0,0,0,0
2026|1251|4374|3|0|60|1,6617,6617,6617,993,0,0,0,5624,993,0
2026|1251|4374|3|0|68|1,50000,50000,50000,0,0,0,0,50000,0,0
2026|1251|4374|3|0|60|2,0,6986081,6986081,6898044.380000001,1458536.0199999998,746157.7899999999,623801.3999999999,88036.61999999918,5439508.360000001,712378.2299999999
2026|1251|4374|3|0|24|1,1250000,1453492.08,1453492.08,203492.08,0,0,0,1250000,203492.08,0
2026|1251|4374|3|0|83|2,15000000,15000000,15000000,12273578.67,2152907.8400000003,1302485.8000000005,721123.85,2726421.33,10120670.83,850422.0399999998
2026|1251|4374|3|0|52|2,0,13000000,13000000,9906863.45,1510777.6599999997,769609.1,424466.9,3093136.5500000007,8396085.79,741168.5599999997
2026|1251|4374|3|0|70|1,21500000,25009642.35,25009642.349999998,3370391.1599999997,1292227.77,423700.16000000003,348589.68,21639251.19,2078163.3899999997,868527.61
2026|1251|4374|3|0|73|1,30000000,37285750,37285750,7285750,1976880.9099999997,706525.2400000002,213573.52000000002,30000000,5308869.09,1270355.6699999995
2026|1251|4374|3|0|10|7,86923140,86923140,91061952.92679852,35657582.54,35657582.54,35657582.54,35657582.54,51265557.46,0,0
2026|1251|4374|4|0|68|1,50000,50000,50000,0,0,0,0,50000,0,0
2026|1251|4374|4|0|24|1,1000000,1465000,1465000,465000,0,0,0,1000000,465000,0
2026|1251|4374|4|0|98|1,13581975,13581975,13581975,0,0,0,0,13581975,0,0
2026|1251|4374|4|0|70|1,19200000,21356430.99,21311084.080000002,2666699.9899999998,386741.75,251949.27,251949.27000000002,18689731,2279958.2399999998,134792.48
2026|1251|4374|4|0|73|1,43191777,48992527.92,48992527.92,5800750.92,0,0,0,43191777,5800750.92,0
2026|1251|4365|1|0|10|1,5052080248,5052080248,4973837385.899129,1504854558.4099998,1452099256.3500004,1452099256.3500004,1452099256.3499997,3547225689.59,52755302.059999466,0
2026|1251|4365|3|0|10|1,235599635,742214.58,742214.5799999941,742214.5800000001,742214.58,716773.3099999999,716773.3099999999,-1.1641532182693481e-10,1.1641532182693481e-10,25441.27000000002
2026|1251|4365|3|0|97|1,0,60000,60000,60000,0,0,0,0,60000,0
2026|1251|4365|3|0|82|1,15000000,15000000,15000000,14999999.999999996,1639137.55,359277.8,318296.41000000003,3.725290298461914e-09,13360862.449999996,1279859.75
2026|1251|4365|3|0|45|1,71605,71605,71605,18218.75,0,0,0,53386.25,18218.75,0
2026|1251|4365|3|0|98|1,1000000,1000000,1000000,0,0,0,0,1000000,0,0
2026|1251|4365|3|0|60|1,1819892,1819892,1819892,606630.9700000001,17720.59,0,0,1213261.0299999998,588910.3800000001,17720.59
2026|1251|4365|3|0|68|1,1528872,1567396.06,1567396.0599999998,38524.06,0,0,0,1528872,38524.06,0
2026|1251|4365|3|0|9|1,2837655,2802655,2802655,0,0,0,0,2802655,0,0
2026|1251|4365|3|0|1|1,4369510,4083651.6,4083651.6,0,0,0,0,4083651.6,0,0
2026|1251|4365|3|0|69|1,8942459,9936433.82,9936433.82,3678978.9899999998,169535.98,0,0,6257454.83,3509443.01,169535.98
2026|1251|4365|3|0|2|1,10623211,10623211,10623211,0,0,0,0,10623211,0,0
2026|1251|4365|3|0|70|1,17778323,18730909.75,18730909.75,1272205.62,478191.47000000003,144094.55,144094.55,17458704.13,794014.1500000001,334096.92000000004
2026|1251|4365|3|0|24|1,23200000,24921364.3,24921364.3,1736008.71,570852.14,106.36,106.36,23185355.59,1165156.5699999998,570745.78
2026|1251|4365|3|0|60|2,0,237410167,221410167,187676227.45999998,53297524.97999985,47141500.7999998,44792127.72000067,49733939.54000002,134378702.48000014,6156024.180000044
2026|1251|4365|3|0|10|7,799216064,799216064,871282551.1784288,342088711.66999996,342088711.66999996,342088711.66999996,342088711.66999996,457127352.33000004,0,0
2026|1251|4365|4|0|97|1,0,819177.83,819177.83,819177.8300000001,231647.87,2124,2124,-1.1641532182693481e-10,587529.9600000001,229523.87
2026|1251|4365|4|0|10|8,500000,0,0,0,0,0,0,0,0,0
2026|1251|4365|4|0|10|1,6334208,144346.83,144346.83,144346.83,129950,0,0,0,14396.829999999987,129950
2026|1251|4365|4|0|10|3,0,28730.14,28730.14,28730.14,4108.25,0,0,0,24621.89,4108.25
2026|1251|4365|4|0|98|1,0,6806320.74,6806320.74,6806320.74,2228960.8,217410,0,0,4577359.94,2011550.7999999998
2026|1251|4365|4|0|48|0,0,226540676,226540676,226540676,182247896.07999998,64865513.44,64270241.54,0,44292779.92000002,117382382.63999999
2026|1251|4365|4|0|45|1,239721,648885.01,648885.01,581870.46,0,0,0,67014.55000000005,581870.46,0
2026|1251|4365|4|0|10|4,200000,200000,200000,0,0,0,0,200000,0,0
2026|1251|4365|4|0|68|1,314432,346458.99,346458.99,32026.99,3295.72,3295.72,3295.72,314432,28731.27,0
2026|1251|4365|4|0|9|1,1216138,928993.53,928993.5300000001,411251.45,19.86,19.86,0,517742.08,411231.59,0
2026|1251|4365|4|0|60|2,0,6334208,6334208,2876946.4,830720,503760.51,0,3457261.6,2046226.4,326959.49
2026|1251|4365|4|0|69|1,4384400,6415193.7,6415193.7,2030793.7,16441.98,0,0,4384400,2014351.72,16441.98
2026|1251|4365|4|0|70|1,9207727,9824767.47,9824767.469999999,728743.1599999999,80652.79999999999,28812.6,28812.6,9096024.31,648090.3599999999,51840.19999999999
2026|1251|4365|4|0|24|1,40181242,40427132.84,40427132.84,245890.84,0,0,0,40181242,245890.84,0
2026|1251|4365|4|0|1|1,42371253,42371253,42371253,2096883.6700000002,1916278.5399999998,0,0,40274369.33,180605.13000000035,1916278.5399999998
2026|1251|4365|4|0|2|1,55850129,49473025.36,49473025.36,1181709.83,282054.24,0,0,48291315.53,899655.5900000001,282054.24
2026|1251|7010|3|0|10|7,48634747,48634747,30657860.744230133,7864080.610000001,7864080.61,7864080.61,7864080.61,40770666.39,9.313225746154785e-10,0
2026|1251|2500|1|0|10|1,326186953,326186953,319493401.6016216,91757958.89000002,91757958.89,91757958.89,91757958.89,234428994.10999998,1.4901161193847656e-08,0
2026|1251|2500|3|0|10|8,1500000,0,0,0,0,0,0,0,0,0
2026|1251|2500|3|0|60|1,5168157,5168157,5168157,2983938.0300000003,525390.56,201495.66,194392.78000000003,2184218.9699999997,2458547.47,323894.9
2026|1251|2500|3|0|10|1,8849683,8849683,8849683,4140282.5599999963,2538359.590000001,2250968.8400000003,1871124.4900000007,4709400.440000003,1601922.9699999955,287390.75000000047
2026|1251|2500|3|0|10|7,36656284,36656284,37809365.83233049,14620360.780000001,14620360.780000001,14620360.780000001,14620360.780000001,22035923.22,0,0
2026|1251|7007|1|0|30|1,158202401,158202401,202589999.82999998,64000000,64000000,64000000,64000000,94202401,0,0
2026|1251|7007|1|0|75|1,580294911,580294911,613871243.52,195000000,195000000,195000000,195000000,385294911,0,0
2026|1251|7007|1|0|10|1,9813236495,9813236495,9770221849.986288,2882457295.340002,2796870391.42,2796870391.42,2796870391.42,6930779199.659998,85586903.92000198,0
2026|1261|2067|3|1|10|1,7500000,7500000,7500000,30000,20000,20000,20000,7470000,10000,0
2026|1261|2067|4|1|10|1,7500000,7500000,7500000,0,0,0,0,7500000,0,0
2026|1261|4108|3|0|10|1,1300000,1300000,1300000,850000,850000,850000,850000,450000,0,0
2026|1261|4108|4|0|10|1,3000000,3000000,3000000,850000,850000,850000,850000,2150000,0,0
2026|1261|4418|3|0|10|8,1000,1000,1000,0,0,0,0,1000,0,0
2026|1261|2040|3|0|10|1,10000000,8000000,8000000,3850000,3846171.53,2438473.62,2438473.62,4150000,3828.470000000205,1407697.9099999997
2026|1261|2084|1|0|10|1,10028944,10028944,1759883.299615633,111640.71,111640.70999999999,111640.70999999999,111640.70999999999,9917303.29,1.4551915228366852e-11,0
2026|1261|2084|1|0|23|1,609639750,609639750,45497372.17537453,11074857.45,11074857.45,11074857.45,11074857.45,598564892.55,0,0
2026|1261|2084|3|0|10|7,0,50000,0,0,0,0,0,50000,0,0
2026|1261|2084|3|0|23|7,7853369,7853369,1885993.8957318757,418133.8,418133.8,418133.8,418133.8,7435235.2,0,0
2026|1261|2092|1|0|10|1,5326830,5326830,4640499.382690936,1460920.98,1460920.9800000002,1460920.9800000002,1460920.9799999997,3865909.02,-2.3283064365386963e-10,0
2026|1261|2092|3|0|10|7,75338,75338,68027.44115906376,16637.5,16637.5,16637.5,16637.5,58700.5,0,0
2026|1261|2098|1|0|10|1,10088091,10088091,7972082.79925547,2327463.92,2327463.92,2327463.92,2327463.9200000004,7760627.08,0,0
2026|1261|2098|3|0|10|7,758522,659624.33,940867.5958907005,253452.82,253452.82,253452.82,253452.81999999998,406171.50999999995,0,0
2026|1261|2038|3|0|10|1,18480000,12480000,12480000,4642000,2213656.3,28401.12,14200.56,7838000,2428343.7,2185255.1799999997
2026|1261|2038|4|0|10|1,5760000,3000000,3000000,1100000,1007556.09,587639.6,356137.52,1900000,92443.91000000003,419916.49
2026|1261|2099|3|1|10|1,29947450,29947450,29947450,28215000,16406951.700000018,6192238.489999987,6136397.260000023,1732450,11808048.299999982,10214713.21000003
2026|1261|2095|3|0|10|1,4987500,4987500,4987500,2133000,1747769.8,984867.4900000002,984183.1299999999,2854500,385230.19999999995,762902.3099999998
2026|1261|2095|4|0|10|1,4000000,4000000,4000000,0,0,0,0,4000000,0,0
2026|1261|2080|1|0|10|1,2522483,2522483,2900881.2481294395,759567.76,759567.76,759567.76,759567.76,1762915.24,0,0
2026|1261|2080|1|0|23|1,72342532,72342532,71233326.26833534,21164789.55,21164789.549999997,21164789.549999997,21164789.550000004,51177742.45,3.725290298461914e-09,0
2026|1261|2080|3|0|10|7,0,50000,0,0,0,0,0,50000,0,0
2026|1261|2080|3|0|23|7,1220789,1220789,1534329.8621316946,344608.76999999996,344608.77,344608.77,344608.77,876180.23,-5.820766091346741e-11,0
2026|1261|2096|1|0|10|1,1113679,1113679,1155620.9610805141,358837.44,358837.44,358837.44,358837.44,754841.56,0,0
2026|1261|2096|1|0|23|1,79959068,79959068,104295149.69853023,30978293.42,30978293.42,30978293.42,30978293.42,48980774.58,0,0
2026|1261|2096|3|0|10|7,10330,174689.06,782257.9439900251,174689.06,174689.06,174689.06,174689.06,0,0,0
2026|1261|2096|3|0|10|1,3800000,3800000,3800000,1522500.91,1522500.9100000001,1522500.9100000001,1522500.91,2277499.09,-2.3283064365386963e-10,0
2026|1261|2096|3|0|23|7,12795329,12795329,14404886.019268082,4013292.05,4013292.05,4013292.05,4013292.0500000003,8782036.95,0,0
2026|1261|2093|1|0|10|1,1381922,1381922,1524086.9861552927,473541.48,473541.48,473541.48,473541.48,908380.52,0,0
2026|1261|2093|1|0|23|1,100634718,100634718,146932226.30560082,40573316.11,40573316.11,40573316.11,40573316.10999999,60061401.89,0,0
2026|1261|2093|3|0|10|7,0,50000,0,0,0,0,0,50000,0,0
2026|1261|2093|3|0|23|7,1072866,1072866,2592054.291211233,600109.9099999999,600109.9099999999,600109.9099999999,600109.9099999999,472756.0900000001,0,0
2026|1261|2082|1|0|10|1,1488706,1488706,1063898.439928873,323628.75,323628.75,323628.75,323628.75,1165077.25,0,0
2026|1261|2082|1|0|23|1,108988172,108988172,93769319.49849911,25648014.86,25648014.859999996,25648014.859999996,25648014.859999992,83340157.14,3.725290298461914e-09,0
2026|1261|2082|3|0|10|7,0,50000,0,0,0,0,0,50000,0,0
2026|1261|2082|3|0|23|7,1384730,1384730,1880996.0670506272,350055.4,350055.39999999997,350055.39999999997,350055.4,1034674.6,5.820766091346741e-11,0
2026|1261|2094|1|0|10|1,1375552,1375552,652680.3604711713,248514.86,248514.86,248514.86,248514.86,1127037.1400000001,0,0
2026|1261|2094|1|0|23|1,164495364,164495364,101153037.59994344,34023094.57,34023094.57000001,34023094.57000001,34023094.57,130472269.43,-7.450580596923828e-09,0
2026|1261|2094|3|0|10|7,472,472,472,0,0,0,0,472,0,0
2026|1261|2094|3|0|23|7,3218198,3218198,2065217.5708187593,462877.34,462877.33999999997,462877.33999999997,462877.34,2755320.66,5.820766091346741e-11,0
2026|1261|2100|1|0|10|1,19236445,19236445,23146627.363793872,5537287.470000001,5537287.47,5537287.47,5537287.470000001,13699157.53,9.313225746154785e-10,0
2026|1261|2100|1|0|23|1,1226929010,1226929010,1657244870.0181417,514538050.68999994,514538050.68999994,514538050.68999994,514538050.6899999,712390959.3100001,0,0
2026|1261|2100|3|0|10|7,0,50000,0,0,0,0,0,50000,0,0
2026|1261|2100|3|0|23|7,15969770,15969770,25199042.179274574,5763869.619999998,5763869.619999999,5763869.619999999,5763869.619999999,10205900.380000003,-9.313225746154785e-10,0
2026|1261|2088|1|0|10|1,4230017,4230017,3152265.126065388,1024210.99,1024210.99,1024210.99,1024210.99,3205806.01,0,0
2026|1261|2088|1|0|23|1,276452921,276452921,250693729.65212214,76162799.59,76162799.59,76162799.59,76162799.59,200290121.41,0,0
2026|1261|2088|3|0|10|7,0,50000,0,0,0,0,0,50000,0,0
2026|1261|2088|3|0|23|7,3544141,3544141,3941107.0366804665,894401.0299999999,894401.0299999999,894401.0299999999,894401.03,2649739.97,0,0
2026|1261|2097|1|0|10|1,160050409,160050409,63224071.708314784,16129131.82,16129131.82,16129131.82,16129131.819999998,143921277.18,0,0
2026|1261|2097|1|0|23|1,516115443,516115443,631022766.8329717,187761691.5100001,187761691.51000002,187761691.51000002,187761691.50999996,328353751.4899999,8.940696716308594e-08,0
2026|1261|2097|3|0|10|7,46417,46417,46417,0,0,0,0,46417,0,0
2026|1261|2097|3|0|23|7,68633239,68633239,82403032.64950946,22214361.360000003,22214361.36,22214361.36,22214361.360000003,46418877.64,3.725290298461914e-09,0
2026|1261|2086|1|0|10|1,14020462,14020462,13257214.463081423,4182268.3599999994,4182268.36,4182268.36,4182268.36,9838193.64,-4.656612873077393e-10,0
2026|1261|2086|1|0|23|1,921539525,921539525,989234800.9746404,285700578.43999994,285700578.43999994,285700578.43999994,285700578.44,635838946.5600001,0,0
2026|1261|2086|3|0|10|7,0,50000,0,0,0,0,0,50000,0,0
2026|1261|2086|3|0|23|7,29095906,29095906,31875172.59274942,8752805.290000001,8752805.29,8752805.29,8752805.290000001,20343100.71,1.862645149230957e-09,0
2026|1261|2081|1|0|10|1,24669938,24669938,23270611.30970458,7163398.38,7163398.38,7163398.38,7163398.38,17506539.62,0,0
2026|1261|2081|1|0|23|1,1418520117,1418520117,1483638085.4490921,431519450.45000005,431519450.45000005,431519450.45000005,431519450.45,987000666.55,0,0
2026|1261|2081|3|0|10|7,227,227,227,0,0,0,0,227,0,0
2026|1261|2081|3|0|23|7,31295146,31295146,34295498.51018554,9465313.53,9465313.53,9465313.53,9465313.53,21829832.47,0,0
2026|1261|2090|1|0|10|1,57903110,57903110,50903678.660647854,16499818.600000001,16499818.6,16499818.6,16499818.6,41403291.4,1.862645149230957e-09,0
2026|1261|2090|1|0|23|1,3796151656,3796151656,3903512540.559063,1169614539.9599998,1169614539.9599998,1169614539.9599998,1169614539.96,2626537116.04,0,0
2026|1261|2090|3|0|10|7,0,50000,0,0,0,0,0,50000,0,0
2026|1261|2090|3|0|23|7,47646916,47646916,57849469.08797145,13477455.439999998,13477455.440000001,13477455.440000001,13477455.44,34169460.56,-3.725290298461914e-09,0
2026|1261|2085|1|0|10|1,1492627852,1494946623.52,1877153681.0194297,441170399.88999987,435170399.88000005,433174506.6,431875043.46000004,1053776223.6300001,6000000.009999812,1995893.280000031
2026|1261|2085|1|0|23|1,4300817489,4300817489,3750624066.5835876,1282138430.28,1282138430.28,1282138430.28,1282138430.2799997,3018679058.7200003,0,0
2026|1261|2085|3|0|10|7,1039,1039,1039,0,0,0,0,1039,0,0
2026|1261|2085|3|0|23|7,69220151,69220151,73668098.58155623,17784581.18,17784581.18,17784581.18,17784581.18,51435569.82,0,0
2026|1261|2034|3|0|21|1,50400000,50400000,50400000,17900000,17800000,11479952,11479952,32500000,100000,6320048
2026|1261|2102|3|0|36|1,127362838,127362838,127362838,82380211.5,81367214.75,81367214.75,81286434.25,44982626.5,1012996.75,0
2026|1261|2101|3|0|21|1,560000000,550000000,550000000,292099772,281861203.4900001,281861203.4900001,281345804.8900001,257900228,10238568.509999871,0
2026|1261|1060|3|0|21|1,0,2000000,2000000,0,0,0,0,2000000,0,0
2026|1261|1060|3|0|10|1,10000000,10000000,10000000,0,0,0,0,10000000,0,0
2026|1261|2127|3|0|24|1,2000,110702.5,110702.5,108702.5,86712.5,86712.5,86712.5,2000,21990,0
2026|1261|2127|3|0|10|3,88119,88119,88119,0,0,0,0,88119,0,0
2026|1261|2127|3|0|10|1,1078000,1078000,1078000,300000,137900.12,131290.92,131290.91999999998,778000,162099.88,6609.1999999999825
2026|1261|1094|3|0|10|1,1000000,1000000,1000000,0,0,0,0,1000000,0,0
2026|1261|2105|3|1|10|1,9600000,27222185,27222185,5220512.58,5220512.58,5220512.58,5220512.58,22001672.42,0,0
2026|1261|2107|3|0|10|1,33850000,33850000,33850000,6002560,4000000,0,0,27847440,2002560,4000000
2026|1261|4505|3|0|10|8,0,50000,50000,0,0,0,0,50000,0,0
2026|1261|4505|3|0|10|1,1052500,1052500,1052500,0,0,0,0,1052500,0,0
2026|1261|4506|3|0|10|8,0,50000,50000,0,0,0,0,50000,0,0
2026|1261|4506|3|0|10|1,1010000,1010000,1010000,0,0,0,0,1010000,0,0
2026|1261|4507|3|0|10|1,315000,315000,315000,0,0,0,0,315000,0,0
2026|1261|4507|4|0|10|1,210000,210000,210000,0,0,0,0,210000,0,0
2026|1261|1033|3|0|10|1,2050241,2050241,2050241,280000,148586.34,128026.47000000002,127395.18000000002,1770241,131413.66,20559.86999999998
2026|1261|4509|3|0|10|1,100000,100000,100000,0,0,0,0,100000,0,0
2026|1261|4509|4|0|10|1,400000,400000,400000,0,0,0,0,400000,0,0
2026|1261|1093|3|0|10|1,7590000,7590000,7590000,2200000,1240659.4799999995,820112.2599999995,803970.9400000004,5390000,959340.5200000005,420547.22
2026|1261|2119|3|0|10|1,1000000,1000000,1000000,0,0,0,0,1000000,0,0
2026|1261|2123|3|0|10|1,114000000,66000000,66000000,18100000,17655441.370000012,4582412.6000000015,4582412.600000001,47900000,444558.6299999878,13073028.77000001
2026|1261|2123|4|0|10|1,2000000,2000000,2000000,0,0,0,0,2000000,0,0
2026|1261|1092|3|0|21|1,7000000,7000000,7000000,4400000,3874245,3874245,3874245,2600000,525755,0
2026|1261|1092|3|0|10|1,5056000,5056000,5056000,1050000,114177.15,77086.15,77086.15,4006000,935822.85,37091
2026|1261|4508|3|0|10|1,25468900,25468900,25468900,13700000,660294.4999999998,433772.72,415737.8200000001,11768900,13039705.5,226521.7799999998
2026|1261|4508|3|0|36|1,0,47404390.65,47404390.65,0,0,0,0,47404390.65,0,0
2026|1261|2122|3|0|98|1,0,202030.38,202030.38,202030.38,202030.38,202030.38,202030.38,0,0,0
2026|1261|2122|3|0|10|1,117100000,99477815,99477815,82600000,50189248.18,475000,475000,16877815,32410751.82,49714248.18
2026|1261|2122|4|0|10|8,1450000,0,0,0,0,0,0,0,0,0
2026|1261|4512|3|0|10|0,200000000,0,0,0,0,0,0,0,0,0
2026|1261|4512|3|0|36|1,27848427,59421745.88,59421745.88,31573318.88,12019135.19,3732751.309999998,3542136.790000002,27848427.000000004,19554183.689999998,8286383.880000001
2026|1261|4512|3|0|89|1,150000000,150000000,0,0,0,0,0,150000000,0,0
2026|1261|4512|3|0|10|1,200000,200200000,200200000,35500000,34981912.71,29756049.03,5737868.16,164700000,518087.2899999991,5225863.68
2026|1261|4511|3|0|98|1,0,250502.51,250502.51,0,0,0,0,250502.51,0,0
2026|1261|4511|3|0|10|1,62600000,62600000,62600000,56445675,55288834.4,55288709.4,55288709.4,6154325,1156840.6000000015,125
2026|1261|4511|3|0|10|8,2000000,30719319,30719319,0,0,0,0,30719319,0,0
2026|1261|4511|4|0|10|8,2000000,0,0,0,0,0,0,0,0,0
2026|1261|2118|3|1|71|0,141698901,5026980.03,839170,839080,830300,830300,830300,4187900.0300000003,8780,0
2026|1261|2118|3|1|71|1,0,136671920.97,141698901.00000003,65424725.25,47808758.22,24274300,23603340,71247195.72,17615967.03,23534458.22
2026|1261|2118|3|1|10|0,468827690,250827690,5593904.319999993,5593904.32,5398000.569999999,5398000.57,5398000.569999999,245233785.68,195903.75000000093,-9.313225746154785e-10
2026|1261|2118|3|1|10|1,10000000,560000000,778827690,117136291.29999998,99703346.77000007,66617615.99000001,64323674.08999998,442863708.70000005,17432944.52999991,33085730.78000006
2026|1261|4525|4|0|10|1,1000,1000,1000,0,0,0,0,1000,0,0
2026|1261|4510|3|0|10|8,0,50000,50000,0,0,0,0,50000,0,0
2026|1261|4510|3|0|21|1,5000000,5000000,5000000,0,0,0,0,5000000,0,0
2026|1261|4510|3|0|10|1,40000000,40000000,40000000,0,0,0,0,40000000,0,0
2026|1261|2126|3|0|3|1,5915678,5915678,5915678,0,0,0,0,5915678,0,0
2026|1261|2126|4|0|98|1,0,211415.49,211415.49,211415.49,27837.16,27837.16,27837.16,0,183578.33,0
2026|1261|2126|4|0|3|1,2831666,2831666,2831666,0,0,0,0,2831666,0,0
2026|1261|2126|4|0|10|1,83803794,83803794,247400000,53611000,38360847.990000054,37856667.99000002,37856667.990000054,30192794,15250152.009999946,504180.00000003725
2026|1261|2126|4|0|10|8,97710695,56392060.01,56392060.01,0,0,0,0,56392060.01,0,0
2026|1261|2126|4|0|10|0,163596206,163596206,0,0,0,0,0,163596206,0,0
2026|1261|2126|4|0|89|1,200000000,200000000,0,0,0,0,0,200000000,0,0
2026|1261|4519|3|1|10|1,5250000,5250000,5250000,4445000,3856809.7199999997,2430645.39,2430645.39,805000,588190.2800000003,1426164.3299999996
2026|1261|4519|4|1|21|3,283020,283020,283020,0,0,0,0,283020,0,0
2026|1261|4519|4|1|98|1,4224881,4224881,4224881,0,0,0,0,4224881,0,0
2026|1261|4519|4|1|10|8,10011687,14814324,14814324,0,0,0,0,14814324,0,0
2026|1261|4519|4|1|89|1,23231200,23231200,0,0,0,0,0,23231200,0,0
2026|1261|4519|4|1|10|1,115410635,115410635,260410635,25425001,21772882.97,16621453.090000002,16621453.089999996,89985634,3652118.030000001,5151429.879999997
2026|1261|4519|4|1|10|0,145000000,145000000,0,0,0,0,0,145000000,0,0
2026|1261|4519|4|1|36|1,231304479,231951480.83,231951480.83,0,0,0,0,231951480.83,0,0
2026|1261|4527|3|0|36|1,0,139219278.2,139219278.2,139219278.2,3446177.73,0,0,0,135773100.47,3446177.73
2026|1261|4527|3|0|10|8,4616317,21340614.439999998,21340614.439999998,0,0,0,0,21340614.439999998,0,0
2026|1261|4527|3|0|21|1,67500000,67500000,67500000,158000,0,0,0,67342000,158000,0
2026|1261|4527|3|0|10|1,567476000,367626000,249626000,156379276,151568808.8499999,112960590.26000004,109263832.22999999,211246724,4810467.150000095,38608218.58999987
2026|1261|4527|4|0|10|8,1000000,0,0,0,0,0,0,0,0,0
2026|1261|4527|4|0|36|1,0,50128483.31,50128483.31,50128483.31,9669499.59,0,0,0,40458983.72,9669499.59
2026|1261|4527|5|0|10|1,10000000,10000000,10000000,0,0,0,0,10000000,0,0
2026|1261|2129|3|0|10|1,1757450,1757450,1757450,355000,256864.06999999998,163998.68999999997,158004.13999999998,1402450,98135.93000000002,92865.38
2026|1261|2129|4|0|10|1,194000,194000,194000,65000,54900,54900,54900,129000,10100,0
2026|1261|2064|3|0|21|1,0,5000000,5000000,150000,40237.93,40237.92,40237.92,4850000,109762.07,0.010000000002037268
2026|1261|2064|3|0|10|1,130000000,130000000,130000000,82071239.00999999,43372768.30999993,28767841.650000084,28191154.039999932,47928760.99000001,38698470.70000006,14604926.659999844
2026|1261|2064|4|0|10|1,5000000,5000000,5000000,3470000,213266.72999999998,62755.14,62568.09000000001,1530000,3256733.27,150511.58999999997
2026|1261|2064|5|0|10|1,0,14850000,14850000,14850000,14850000,14850000,14850000,0,0,0
2026|1261|2128|3|0|13|1,2194500,2194500,2194500,0,0,0,0,2194500,0,0
2026|1261|2128|3|0|21|1,0,5000000,5000000,10000,0,0,0,4990000,10000,0
2026|1261|2128|3|0|10|1,163110324,128110324,128110324,72661012,53411369.110000014,37519442.00999998,37321028.35999999,55449312,19249642.889999986,15891927.100000031
2026|1261|2128|4|0|10|1,88048770,23048770,23048770,12140000,7115994.42,582421.37,366705.56,10908770,5024005.58,6533573.05
2026|1261|4543|3|1|10|1,3898200,3898200,3898200,0,0,0,0,3898200,0,0
2026|1261|4543|4|1|10|1,1101800,1101800,1101800,0,0,0,0,1101800,0,0
2026|1261|4545|3|0|10|8,0,2.01,2.01,0,0,0,0,2.01,0,0
2026|1261|4545|4|0|10|1,45000000,248760000,248760000,248760000,55378394.44,55378394.44,55124538.47,0,193381605.56,0
2026|1261|4545|4|0|10|8,324049,38052563.6,38052563.6,0,0,0,0,38052563.6,0,0
2026|1261|4547|3|0|10|1,392400000,437400000,337400000,346361408.28,333150294.8599998,333150294.8599998,329906113.7500001,91038591.72000003,13211113.420000196,0
2026|1261|4547|3|0|21|1,210084480,208084480,208084480,0,0,0,0,208084480,0,0
2026|1261|0|3|0|10|1,0,0,-222945453.45000002,0,0,0,0,0,0,0
2026|1261|0|4|0|10|1,0,0,-58950636.55,0,0,0,0,0,0,0
2026|1271|4328|3|1|10|1,57600,57600,57600,30000,29720,11165.48,11165.48,27600,280,18554.52
2026|1271|4479|3|0|10|1,440000,440000,440000,356155,77082.93,28296.059999999998,28296.06,83845,279072.07,48786.869999999995
2026|1271|4327|3|0|10|1,102000,102000,102000,30800,30800,9682.95,9682.95,71200,0,21117.05
2026|1271|4330|3|0|10|1,1000,1000,1000,0,0,0,0,1000,0,0
2026|1271|4330|3|0|95|1,0,1846530,1846530,1776530,119700,119700,119700,70000,1656830,0
2026|1271|4324|3|0|69|1,2000,0,0,0,0,0,0,0,0,0
2026|1271|4324|3|0|10|1,58000,58000,58000,57000,5085.9,875.6999999999999,875.6999999999999,1000,51914.1,4210.2
2026|1271|4324|3|0|95|1,0,2146851.66,2146851.66,177200,168704.65,87691.16,85871.66,1969651.6600000001,8495.350000000006,81013.48999999999
2026|1271|4324|4|0|69|1,1486073,690541.73,690541.73,690541.73,405000,221357.72999999998,221357.72999999998,0,285541.73,183642.27000000002
2026|1271|4331|3|0|10|1,440000,440000,440000,279234.68,273782.73,52028.97,52028.97,160765.32,5451.950000000012,221753.75999999998
2026|1271|4332|3|0|69|1,0,6127383.25,6127383.25,6127383.25,2836582.62,1091247.32,1091247.32,0,3290800.63,1745335.3
2026|1271|4332|3|0|10|1,1000,1000,1000,0,0,0,0,1000,0,0
2026|1271|4332|3|0|24|1,1052638,1052638,1052638,0,0,0,0,1052638,0,0
2026|1271|4332|3|0|10|4,5650000,5650000,5650000,0,0,0,0,5650000,0,0
2026|1271|4332|3|0|10|8,8250000,26990435.4,26990435.4,0,0,0,0,26990435.4,0,0
2026|1271|4332|4|0|10|4,1450000,1450000,1450000,0,0,0,0,1450000,0,0
2026|1271|4332|4|0|10|8,1500000,18332611.49,18332611.49,0,0,0,0,18332611.49,0,0
2026|1271|4332|4|0|24|1,32090594,32090594,32090594,0,0,0,0,32090594,0,0
2026|1271|4343|3|0|10|8,1000,1000,1000,0,0,0,0,1000,0,0
2026|1271|4343|3|0|10|1,566000,566000,566000,536160,168492.88,104675.52,104675.52,29840,367667.12,63817.36
2026|1271|4343|3|0|16|1,170002000,280241836.56,280241836.56,110239836.56,3783943.2299999995,947594.8799999999,947594.88,170002000,106455893.33,2836348.3499999996
2026|1271|4326|3|0|10|1,91000,91000,91000,0,0,0,0,91000,0,0
2026|1271|4322|3|0|10|1,10500000,9829789.6,10800000,8500353.709999999,3643410.8000000003,2796110.8100000005,2796110.81,1329435.8900000006,4856942.909999998,847299.9899999998
2026|1271|4322|4|0|10|8,300000,0,0,0,0,0,0,0,0,0
2026|1271|4322|4|0|10|1,0,5000,0,5000,0,0,0,0,5000,0
2026|1271|4322|4|0|97|1,0,5472.15,5472.15,5400,0,0,0,72.14999999999964,5400,0
2026|1271|4329|3|0|10|1,19500000,19500000,19500000,19500000,11375000,7371004,7371004,0,8125000,4003996
2026|1271|4337|3|0|10|1,58000,58000,58000,0,0,0,0,58000,0,0
2026|1271|4336|3|0|10|1,58000,58000,58000,5400,5400,0,0,52600,0,5400
2026|1271|4342|3|0|10|1,114000,114000,114000,0,0,0,0,114000,0,0
2026|1271|4339|3|0|10|1,227000,227000,227000,90000,90000,34673.45,34673.45,137000,0,55326.55
2026|1271|4338|3|0|10|1,114000,114000,114000,15574.89,15573.780000000002,5086.89,5086.89,98425.11,1.109999999996944,10486.890000000003
2026|1271|2500|3|0|10|8,500000,0,0,0,0,0,0,0,0,0
2026|1271|2500|3|0|10|1,2820327,2820327,1820327,2423685.7199999997,965794.97,602045.16,602045.16,396641.28000000026,1457890.7499999998,363749.80999999994
2026|1271|2417|1|0|10|1,26984745,26984745,26780629.017579243,8153737.21,8153737.210000001,8153737.210000001,8153737.210000001,18831007.79,-9.313225746154785e-10,0
2026|1271|2417|3|0|10|7,4627740,4627740,4955775.752386727,1349587.46,1349587.46,1349587.46,1349587.46,3278152.54,0,0
2026|1301|4266|4|0|10|1,1000,1000,1000,0,0,0,0,1000,0,0
2026|1301|1037|3|0|98|1,0,700000,700000,700000,700000,0,0,0,0,700000
2026|1301|1037|3|0|24|1,2427685,2427685,2427685,0,0,0,0,2427685,0,0
2026|1301|1037|4|0|10|0,22337,22337,22337,11168.48,0,0,0,11168.52,11168.48,0
2026|1301|1037|4|0|10|1,1518189,1518189,1518189,759094.5,0,0,0,759094.5,759094.5,0
2026|1301|1037|4|0|98|1,1255803,1750803,1750803,495000,0,0,0,1255803,495000,0
2026|1301|1037|4|0|32|0,5802129,5802129,5802129,2449787.79,512603.31,0,0,3352341.21,1937184.48,512603.31
2026|1301|1037|4|0|10|3,0,43674598.68,43674598.68,1632625.59,941377.07,0,0,42041973.089999996,691248.5200000001,941377.07
2026|1301|1037|4|0|24|1,65030285,76534842.37,76534842.37,12160482.55,4829276.91,1396978,1396978,64374359.82000001,7331205.640000001,3432298.91
2026|1301|4156|3|0|10|1,1000,1000,1000,0,0,0,0,1000,0,0
2026|1301|4503|3|0|10|1,3000000,3000000,3000000,1500000.01,0,0,0,1499999.99,1500000.01,0
2026|1301|4346|3|0|10|1,28251586,15301586,15301586,3637616.52,0,0,0,11663969.48,3637616.52,0
2026|1301|4345|3|0|10|1,3535668,3535668,3535668,1767833.9999999998,0,0,0,1767834,1767833.9999999998,0
2026|1301|4345|4|0|10|1,2137402,0,0,0,0,0,0,0,0,0
2026|1301|4345|4|0|95|1,324155748,324155748,324155748,0,0,0,0,324155748,0,0
2026|1301|4253|3|0|10|1,2660000,2660000,2660000,1329999.99,156189.21,22687.42,22687.42,1330000.01,1173810.78,133501.78999999998
2026|1301|4205|3|0|74|1,1201000,1201000,1201000,0,0,0,0,1201000,0,0
2026|1301|4205|4|0|10|1,6354910,6318506,6354910,3177454.98,0,0,0,3141051.02,3177454.98,0
2026|1301|1042|4|0|95|1,1000,1000,1000,0,0,0,0,1000,0,0
2026|1301|4261|3|0|10|1,200000,200000,200000,99999.98000000001,99999.98,78216,78216,100000.01999999999,1.4551915228366852e-11,21783.979999999996
2026|1301|4261|3|0|70|1,1386000,1386000,1386000,0,0,0,0,1386000,0,0
2026|1301|4261|4|0|10|8,3000000,0,0,0,0,0,0,0,0,0
2026|1301|4261|4|0|10|1,1554411,691813,691813,691813,250164.12,0,0,0,441648.88,250164.12
2026|1301|4261|4|0|70|1,4000000,3840000,3840000,0,0,0,0,3840000,0,0
2026|1301|1040|4|0|95|1,1000,8501000,8501000,5000000,0,0,0,3501000,5000000,0
2026|1301|1038|3|0|10|1,248700,248700,248700,124350,84100,84100,57900,124350,40250,0
2026|1301|1038|4|0|24|1,0,677748.46,677748.46,677748.46,677748.46,271706.47,271706.47,0,0,406041.99
2026|1301|1038|4|0|10|1,687010,687010,687010,343504.97,0,0,0,343505.03,343504.97,0
2026|1301|1038|4|0|32|0,2018300,2018300,2018300,859827.36,0,0,0,1158472.6400000001,859827.36,0
2026|1301|1039|3|0|10|1,504200,504200,504200,252599.99000000005,204863.28,135813.28,135813.28,251600.00999999995,47736.71000000005,69050
2026|1301|1039|4|0|24|1,0,1826269.14,1826269.14,1826269.14,0,0,0,0,1826269.14,0
2026|1301|1039|4|0|10|1,1987186,1987186,1987186,993592.98,11050.29,0,0,993593.02,982542.69,11050.29
2026|1301|1039|4|0|32|0,2750222,2750222,2750222,1167871.48,0,0,0,1582350.52,1167871.48,0
2026|1301|4265|3|0|10|1,50000,70000,70000,56666.66,56544.63,47762.60999999999,47762.61,13333.339999999997,122.03000000000611,8782.020000000004
2026|1301|4265|4|0|74|1,0,1399773.16,1399773.16,1399773.16,610151.75,24661.739999999998,24661.74,0,789621.4099999999,585490.01
2026|1301|4265|4|0|10|1,403800,403800,403800,201900,100950,37459.39,37459.39,201900,100950,63490.61
2026|1301|1035|3|0|10|1,80000,60000,60000,33333.3,0,0,0,26666.699999999997,33333.3,0
2026|1301|1035|3|0|24|1,261007,261007,261007,0,0,0,0,261007,0,0
2026|1301|1035|4|0|32|1,0,263867.62,263868,263867.62,0,0,0,0,263867.62,0
2026|1301|1035|4|0|32|0,263868,0.38,0,0.37999999999738066,0,0,0,2.619349181998132e-12,0.37999999999738066,0
2026|1301|1035|4|0|10|1,568179,568179,568179,284089.44999999995,0,0,0,284089.55000000005,284089.44999999995,0
2026|1301|1035|4|0|24|1,6991593,9505053.59,9505053.59,2513460.59,0,0,0,6991593,2513460.59,0
2026|1301|1036|3|0|24|1,2413193,2413193,2413193,0,0,0,0,2413193,0,0
2026|1301|1036|4|0|10|0,6246984,2246984,2246984,1251759.44,832931.18,591592.81,591592.81,995224.56,418828.2599999999,241338.37
2026|1301|1036|4|0|10|1,5476734,9476734,9476734,4747521.23,0,0,0,4729212.77,4747521.23,0
2026|1301|1036|4|0|24|1,64643088,96314641.7,96314641.7,18410465.47,8501894.98,7007506.71,7007506.710000001,77904176.23,9908570.489999998,1494388.2700000005
2026|1301|1041|3|0|10|1,50000,50000,50000,24999.98,0,0,0,25000.02,24999.98,0
2026|1301|1041|4|0|32|0,2371788,2371788,2371788,2371788,2371788,2371788,2371788,0,0,0
2026|1301|1041|4|0|25|1,0,6692750.54,6692750.54,6692750.54,2050000,1516995.7800000003,1323220.6,0,4642750.54,533004.2199999997
2026|1301|1041|4|0|10|1,2799856,2799856,2799856,1399927.9600000002,70184.39,70184.39,70184.39,1399928.0399999998,1329743.5700000003,0
2026|1301|4262|4|0|10|0,16016092,16016092,16016092,8008045.970000001,0,0,0,8008046.029999999,8008045.970000001,0
2026|1301|4262|4|0|10|1,0,13950000,13950000,3000000,3000000,3000000,3000000,10950000,0,0
2026|1301|4262|4|0|15|1,0,38237103.79,38237103.79,18282868.810000002,14004029.969999999,14004029.969999999,1100000,19954234.979999997,4278838.840000004,0
2026|1301|4262|4|0|95|1,0,32128411.25,9034895.13,9034895.13,0,0,0,23093516.119999997,9034895.13,0
2026|1301|4262|4|0|10|8,19000000,528937901.99,528937901.99,3000000,3000000,3000000,0,525937901.99,0,0
2026|1301|4501|3|0|10|1,1000,1000,1000,0,0,0,0,1000,0,0
2026|1301|4292|3|0|73|1,1268000,1268000,1268000,0,0,0,0,1268000,0,0
2026|1301|4290|3|0|10|1,3000000,3000000,3000000,1500000.01,0,0,0,1499999.99,1500000.01,0
2026|1301|4290|3|0|24|1,2048116,2048116,2048116,0,0,0,0,2048116,0,0
2026|1301|4290|4|0|10|0,3000000,3000000,3000000,1319209.74,0,0,0,1680790.26,1319209.74,0
2026|1301|4290|4|0|24|1,54862791,54862791,54862791,0,0,0,0,54862791,0,0
2026|1301|2500|3|0|10|1,27934847,29928505,29934847,13975059.02,4776208.859999999,4544869.369999999,4543760.070000001,15953445.98,9198850.16,231339.49000000022
2026|1301|2500|4|0|74|1,0,2000000,2000000,2000000,0,0,0,0,2000000,0
2026|1301|2500|4|0|10|1,5937158,5937158,5937158,2968578.98,1416153.28,1415803.28,1415803.28,2968579.02,1552425.7,350
2026|1301|2417|1|0|10|1,46038568,46038568,42055715.390580945,12386752.65,12386752.65,12384698.190000001,12384698.190000001,33651815.35,0,2054.4599999990314
2026|1301|2417|3|0|10|7,7452917,7452917,6903606.830398902,2182582.44,2182582.44,2182582.44,2182582.44,5270334.5600000005,0,0
2026|1371|4044|3|0|10|8,400000,200000,200000,0,0,0,0,200000,0,0
2026|1371|4044|3|0|72|1,3819644,3819644,3819644,1076957.69,162728.92,162728.92,162728.92,2742686.31,914228.7699999999,0
2026|1371|4037|3|0|94|1,13304,13304,13304,8400,1057.75,1056.75,1056.75,4904,7342.25,1
2026|1371|4037|3|0|10|3,0,6579.71,6579.71,0,0,0,0,6579.71,0,0
2026|1371|4037|3|0|10|8,0,100000,100000,0,0,0,0,100000,0,0
2026|1371|4037|3|0|24|1,0,328985.51,328985.51,0,0,0,0,328985.51,0,0
2026|1371|4037|3|0|72|1,1221692,1221692,1221692,114433.14,62664.479999999996,38884.49,38684.49,1107258.86,51768.66,23779.989999999998
2026|1371|4037|4|0|10|3,0,249112.95,249112.95,0,0,0,0,249112.95,0,0
2026|1371|4037|4|0|15|1,0,2252146.8,2077253.4,0,0,0,0,2252146.8,0,0
2026|1371|4037|4|0|10|8,0,4788000,4788000,0,0,0,0,4788000,0,0
2026|1371|4037|4|0|24|1,0,12455647.49,12455647.49,0,0,0,0,12455647.49,0,0
2026|1371|4028|3|0|24|1,0,2419511.5,2419511.5,2419511.5,1098150.43,742096.9299999999,711369.16,0,1321361.07,356053.5
2026|1371|4028|3|0|94|1,473538,473538,473538,198736,141221.01,24293.01,24293.01,274802,57514.98999999999,116928
2026|1371|4028|3|0|72|1,1955597,1955597,1955597,1613243.87,360308.83,354920.67,354920.67,342353.1299999999,1252935.04,5388.160000000033
2026|1371|4028|3|0|10|8,0,1150000,1150000,0,0,0,0,1150000,0,0
2026|1371|4028|4|0|10|8,1208000,12029000,12029000,0,0,0,0,12029000,0,0
2026|1371|4028|4|0|24|1,47802340,38220700.96,38220700.96,2814419.95,2814419.95,0,0,35406281.01,0,2814419.95
2026|1371|4053|3|0|94|1,18101,18101,18101,7600,1,0,0,10501,7599,1
2026|1371|4053|3|0|72|1,148800,148800,148800,90000,25764.7,20060.5,20060.5,58800,64235.3,5704.200000000001
2026|1371|4039|3|0|72|1,10317,10317,10317,10317,10317,0,0,0,0,10317
2026|1371|4038|3|0|52|2,13000000,0,0,0,0,0,0,0,0,0
2026|1371|4038|3|0|9|1,0,1779227.82,1779227.82,1779227.82,229798.68000000005,223488.29000000004,204008.99,0,1549429.1400000001,6310.390000000014
2026|1371|4038|3|0|94|1,545837,545837,545837,386646,344009.79999999993,215270.02000000002,206346.42000000004,159191,42636.20000000007,128739.77999999991
2026|1371|4038|3|0|72|1,4925186,4925186,4925186,4214756.38,1088471.5499999998,1014957.4599999998,986226.6600000001,710429.6200000001,3126284.83,73514.08999999997
2026|1371|4038|4|0|72|1,36123,36123,36123,14000,0,0,0,22123,14000,0
2026|1371|4038|4|0|80|1,3160000,3160000,3160000,0,0,0,0,3160000,0,0
2026|1371|4124|3|0|79|8,800000,800000,800000,0,0,0,0,800000,0,0
2026|1371|4124|3|0|79|1,3200000,3200000,3200000,0,0,0,0,3200000,0,0
2026|1371|4046|3|1|10|8,1000,1000,1000,0,0,0,0,1000,0,0
2026|1371|4046|3|1|94|1,160989,160989,160989,16500,94.37,93.37,93.37,144489,16405.63,1
2026|1371|4046|3|1|72|1,396968,396968,396968,171800,67321.69,64546.32,64546.32,225168,104478.31,2775.3700000000026
2026|1371|4045|3|0|29|1,34620,34620,34620,25500,11300,6489.8,6489.8,9120,14200,4810.2
2026|1371|4045|3|0|72|1,378378,378378,378378,95000,43981.95,43981.95,43981.95,283378,51018.05,0
2026|1371|4045|3|0|94|1,394636,394636,394636,52100,1,0,0,342536,52099,1
2026|1371|4045|3|0|10|8,0,550000,550000,0,0,0,0,550000,0,0
2026|1371|4045|4|0|10|8,2000000,750000,750000,0,0,0,0,750000,0,0
2026|1371|4047|3|0|94|1,65920,65920,65920,2100,1,0,0,63820,2099,1
2026|1371|4047|3|0|29|1,619720,619720,619720,16000,6500,5255.639999999999,5255.64,603720,9500,1244.3600000000006
2026|1371|4047|3|0|15|1,0,939102.75,939102.75,149997.52000000002,149997.51,149997.51,0,789105.23,0.010000000009313226,0
2026|1371|4047|3|0|10|8,30500000,29500000,29500000,21809190,21809190,21809190,21809190,7690810,0,0
2026|1371|4047|4|0|97|1,0,117492,117492,117492,117492,117492,0,0,0,0
2026|1371|4047|4|0|15|1,0,150000,150000,150000,150000,150000,0,0,0,0
2026|1371|4047|4|0|10|8,3200000,5321333,5321333,1250000,1250000,1250000,1250000,4071333,0,0
2026|1371|4118|3|0|29|1,1000,1000,1000,0,0,0,0,1000,0,0
2026|1371|4118|3|0|24|1,544272,544272,544272,0,0,0,0,544272,0,0
2026|1371|4118|3|0|72|3,0,550000,550000,0,0,0,0,550000,0,0
2026|1371|4118|4|0|24|1,10660728,10660728,10660728,0,0,0,0,10660728,0,0
2026|1371|1074|3|0|29|1,1000,1000,1000,0,0,0,0,1000,0,0
2026|1371|1074|4|0|95|1,0,6854345.08,6854345.08,1836607.77,1237609.4,1049553.4,1049553.4,5017737.3100000005,598998.3700000001,188056
2026|1371|2500|3|0|9|1,0,1363379.04,1363379.04,1363379.04,522100,460189.8300000001,460189.83,0,841279.04,61910.169999999925
2026|1371|2500|3|0|94|1,632774,337974,632774,285036,189930.74,60780.92,60780.92,52938,95105.26000000001,129149.81999999999
2026|1371|2500|3|0|72|1,14036794,15442307,11936794,10360904.4,2308116.7600000002,1879901.9800000002,1844985.0899999999,5081402.6,8052787.640000001,428214.78
2026|1371|2500|3|0|80|1,14656357,14656357,14656357,7164851.61,3735781.37,3735679.69,2843488.8899999997,7491505.39,3429070.24,101.68000000016764
2026|1371|2500|3|0|95|1,0,11416215.3,11416215.3,0,0,0,0,11416215.3,0,0
2026|1371|2500|4|0|72|1,322528,322528,322528,21000,20040,20040,20040,301528,960,0
2026|1371|2500|4|0|9|1,8150603,10969108.38,10969108.38,3037612.8,117073.45,45848.45,45848.45,7931495.580000001,2920539.3499999996,71225
2026|1371|2417|1|0|72|1,107485536,107485536,104988641.79108715,31596039.049999997,31596039.049999997,31596039.049999997,31596039.05,75889496.95,0,0
2026|1371|2417|3|0|31|7,18435280,18435280,19341112.087953426,6177127.48,6177127.4799999995,6177127.4799999995,6177127.4799999995,12258152.52,9.313225746154785e-10,0
2026|1401|4142|3|0|70|1,35250,0,0,0,0,0,0,0,0,0
2026|1401|4142|3|0|10|1,2481922,3100922,3100922,3100922,2921603.2799999984,568628.28,566910.93,0,179318.7200000016,2352974.999999998
2026|1401|4142|4|0|70|1,44750,0,0,0,0,0,0,0,0,0
2026|1401|4117|3|0|10|1,35163,35163,35163,17581.510000000002,396.75,396.75,396.75,17581.489999999998,17184.760000000002,0
2026|1401|4116|3|0|10|1,147911,147911,147911,43953.5,778.25,778.25,778.25,103957.5,43175.25,0
2026|1401|4141|3|0|10|1,1000,1000,1000,0,0,0,0,1000,0,0
2026|1401|4140|3|0|10|1,1000,1000,1000,0,0,0,0,1000,0,0
2026|1401|4140|3|0|95|1,0,6503428.05,6503428.05,177507.75,177507.75,0,0,6325920.3,-2.9103830456733704e-11,177507.75
2026|1401|4140|4|0|95|1,0,5000000,5000000,0,0,0,0,5000000,0,0
2026|1401|1098|3|1|27|1,1129277,1129277,1129277,564639,564639,205846.36,205846.36,564638,0,358792.64
2026|1401|1098|4|1|27|1,2160000,2160000,2160000,1080000,1080000,0,0,1080000,0,1080000
2026|1401|4120|3|0|70|1,30000,25522.81,25522.809999999998,25522.81,16625.83,16625.83,16625.83,0,8896.98,0
2026|1401|4120|3|0|10|1,1471473,1471473,1471473,1061473,386081.57999999996,30996.469999999994,30996.469999999994,410000,675391.42,355085.11
2026|1401|4120|3|0|10|8,300000,1272387.5,1272387.5,0,0,0,0,1272387.5,0,0
2026|1401|4120|4|0|9|1,0,53668.34,53668.34,53668.34,0,0,0,0,53668.34,0
2026|1401|4120|4|0|70|1,70000,229963.17,229963.17,229963.17,19501.260000000002,19501.260000000002,19501.260000000002,0,210461.91,0
2026|1401|4120|4|0|10|0,0,1094540.56,1094540.56,1094540.56,822956.8,193051.11,193051.11,0,271583.76,629905.6900000001
2026|1401|4120|4|0|97|1,0,965000,965000,965000,0,0,0,0,965000,0
2026|1401|4120|4|0|10|1,290000,290000,290000,145864,0,0,0,144136,145864,0
2026|1401|4120|4|0|24|1,151000,151000,151000,0,0,0,0,151000,0,0
2026|1401|4120|4|0|10|8,800000,1306423.5,1306423.5,0,0,0,0,1306423.5,0,0
2026|1401|4120|4|0|10|4,2030000,2030000,2030000,0,0,0,0,2030000,0,0
2026|1401|4120|4|0|98|1,4356461,6510947.73,6510947.73,2154486.73,0,0,0,4356461,2154486.73,0
2026|1401|4120|4|0|25|1,4661665,4661665,4661665,0,0,0,0,4661665,0,0
2026|1401|4113|3|0|70|1,35000,0,0,0,0,0,0,0,0,0
2026|1401|4113|3|0|95|1,0,1500000,1500000,0,0,0,0,1500000,0,0
2026|1401|4113|3|0|10|1,8117312,8117312,8117312,4177513.88,3550139.840000001,1041610.7000000002,1033727.79,3939798.12,627374.0399999991,2508529.1400000006
2026|1401|4113|4|0|70|1,40000,20000,20000,20000,0,0,0,0,20000,0
2026|1401|4113|4|0|98|1,0,43926,43926,43926,0,0,0,0,43926,0
2026|1401|4113|4|0|10|1,1148645,1148645,1148645,725857.97,724057.2000000001,191970.22000000003,4799.6,422787.03,1800.7699999999022,532086.98
2026|1401|4113|4|0|95|1,0,7919246.59,7919246.59,0,0,0,0,7919246.59,0,0
2026|1401|4138|1|0|10|1,3019145,3019145,1429686.1845092014,291021.0799999992,291021.07999999996,291021.07999999996,291021.08,2728123.920000001,-7.566995918750763e-10,0
2026|1401|4138|3|0|10|8,1000000,0,0,0,0,0,0,0,0,0
2026|1401|4138|3|0|10|1,526261,526261,526261,469273.03,10645.140000000001,8729.34,8729.34,56987.96999999997,458627.89,1915.800000000001
2026|1401|4138|3|0|10|7,1463440,1463440,453935.3120891979,55322.69000000001,55322.69,55322.69,55322.69,1408117.31,7.275957614183426e-12,0
2026|1401|4138|3|0|60|2,6682057,6682057,6682057,4577460.49,1383976.8,115331.4,0,2104596.51,3193483.6900000004,1268645.4000000001
2026|1401|2021|1|0|10|1,33932321,33932321,32631916.08437934,10317205.39,9977124.39,9977124.39,9977124.39,23615115.61,340081,0
2026|1401|2021|3|0|10|1,131704,131704,131704,69430,13433.25,11996.409999999998,11996.41,62274,55996.75,1436.840000000002
2026|1401|2021|3|0|60|2,822699,822699,822699,387250.01,302033.62000000005,55329.5,48535.37,435448.99,85216.38999999996,246704.12000000005
2026|1401|2021|3|0|10|7,4281288,4281288,4348055.996823385,1658747.5599999998,1658747.56,1658747.56,1658747.56,2622540.4400000004,-2.3283064365386963e-10,0
2026|1401|2021|4|0|60|2,48202,48202,48202,48202,0,0,0,0,48202,0
2026|1401|4119|1|0|10|1,48952075,48952075,31492682.720908113,8514486.98,7979876.749999999,7979876.749999999,7979876.750000002,40437588.019999996,534610.2300000014,0
2026|1401|4119|3|0|70|1,40000,0,0,0,0,0,0,0,0,0
2026|1401|4119|3|0|10|1,4995722,4995722,4995722,4580018.4,3662559.0500000007,3612511.940000005,2722293.7800000003,415703.5999999996,917459.3499999996,50047.10999999568
2026|1401|4119|3|0|60|1,2094122,2094122,2094122,0.23000000000000007,0,0,0,2094121.77,0.23000000000000007,0
2026|1401|4119|3|0|10|7,15482773,15482773,10179702.90578546,2742306.25,2742306.25,2742306.25,2742306.25,12740466.75,0,0
2026|1401|4119|4|0|70|1,60000,25000,25000,25000,0,0,0,0,25000,0
2026|1401|4114|1|0|60|2,0,163200,163200,0,0,0,0,163200,0,0
2026|1401|4114|1|0|10|1,422918452,422918452,415713182.27238876,134371817.93,130799170.36000001,130799170.36000001,130799170.36000001,288546634.07,3572647.569999993,0
2026|1401|4114|3|0|70|1,60000,4334.64,4334.639999999999,4334.64,0,0,0,0,4334.64,0
2026|1401|4114|3|0|15|1,0,200000,0,0,0,0,0,200000,0,0
2026|1401|4114|3|0|10|8,1550001,770071.64,770071.64,0,0,0,0,770071.64,0,0
2026|1401|4114|3|0|10|1,16913346,16913346,16913346,9838050.57,6619752.470000001,2972866.67,2774301.3400000017,7075295.43,3218298.0999999996,3646885.8000000007
2026|1401|4114|3|0|10|7,46664516,46664516,55141785.06160729,21811475.310000002,21811475.310000002,21811475.310000002,21811475.310000002,24853040.689999998,0,0
2026|1401|4114|4|0|70|1,80000,5495.4,5495.399999999994,5495.4,0,0,0,0,5495.4,0
2026|1401|4114|4|0|15|1,0,550000,0,0,0,0,0,550000,0,0
2026|1401|4114|4|0|10|8,6536999,2341929.36,2341929.3600000003,0,0,0,0,2341929.36,0,0
2026|1401|4115|1|0|10|1,554239879,554239879,549368558.2421217,172331484.6,167070092.40999997,167070092.40999997,167070092.41000003,381908394.4,5261392.190000027,0
2026|1401|4115|3|0|9|1,0,35000,35000,35000,15450,0,0,0,19550,15450
2026|1401|4115|3|0|60|2,0,45196.61,45196.61,45196.61,0,0,0,0,45196.61,0
2026|1401|4115|3|0|70|1,111750,153311.81,153311.81,153311.78,36454.05,14040.07,14040.070000000002,0.029999999998835847,116857.73,22413.980000000003
2026|1401|4115|3|0|45|1,100,100,100,0,0,0,0,100,0,0
2026|1401|4115|3|0|66|1,29866,29866,29866,0,0,0,0,29866,0,0
2026|1401|4115|3|0|24|1,220000,220000,220000,0,0,0,0,220000,0,0
2026|1401|4115|3|0|10|1,17467866,17467866,17467866,14729582.519999998,12191159.520000003,2025832.8299999973,1883876.1100000013,2738283.4800000023,2538422.9999999944,10165326.690000005
2026|1401|4115|3|0|10|7,96793135,96793135,106166925.31099868,40402034.309999995,40402034.31,40402034.31,40402034.31,56391100.690000005,-7.450580596923828e-09,0
2026|1401|4115|4|0|70|1,250000,878550.83,878550.83,878550.8300000001,79961.78,77646.98,77646.98,-1.1641532182693481e-10,798589.05,2314.800000000003
2026|1401|4115|4|0|10|8,500000,0,0,0,0,0,0,0,0,0
2026|1401|4115|4|0|53|3,0,40.8,40.8,40.8,0,0,0,0,40.8,0
2026|1401|4115|4|0|60|2,0,236227.25,236227.25,236227.25,0,0,0,0,236227.25,0
2026|1401|4115|4|0|9|1,0,644727.58,644727.5800000001,644727.58,291632.57999999996,0,0,0,353095,291632.57999999996
2026|1401|4115|4|0|10|3,0,52022.08,20802.47,20802.47,20802.47,20802.47,20802.47,31219.61,0,0
2026|1401|4115|4|0|66|1,46125,46125,46125,0,0,0,0,46125,0,0
2026|1401|4115|4|0|24|1,140000,1511669.31,1511669.31,1371669.31,1371669.31,1371669.31,1371669.31,140000,0,0
2026|1401|4115|4|0|2|1,7576202,7643140.48,7638870.4799999995,1910338.3,43378.9,43378.9,43378.9,5732802.180000001,1866959.4000000001,0
2026|1401|4115|4|0|98|1,10800000,11402029,11402029,803978,795949,0,0,10598051,8029,795949
2026|1401|4094|3|0|10|1,960756,960756,960756,20967.84,0,0,0,939788.16,20967.84,0
2026|1401|4094|3|0|10|8,1930000,1253763,1253763,0,0,0,0,1253763,0,0
2026|1401|4094|4|0|10|8,5390991,3466808,3466808,0,0,0,0,3466808,0,0
2026|1401|2104|3|0|10|8,1000,1000,1000,0,0,0,0,1000,0,0
2026|1401|2103|3|0|10|8,1000,1000,1000,0,0,0,0,1000,0,0
2026|1401|4556|3|0|10|1,1000,1000,1000,0,0,0,0,1000,0,0
2026|1401|7010|3|0|10|7,1094156,1094156,831008.7158514976,271956.27,271956.27,271956.27,271956.27,822199.73,0,0
2026|1401|2500|1|0|10|1,2339846,2339846,1488371.551938488,482038.37,482038.37,482038.37,482038.37,1857807.63,0,0
2026|1401|2500|3|0|10|7,440740,440740,427195.1128228759,117265.93000000001,117265.93000000001,117265.93000000001,117265.93000000001,323474.07,0,0
2026|1401|2500|3|0|27|1,7703604,7703604,7703604,4721000.229999999,2018455.4000000001,1876044.1400000001,1051131.81,2982603.7700000014,2702544.829999998,142411.26
2026|1401|2500|3|0|10|1,7343232,6724232,6724232,2097984.76,2092272.02,2092249.4300000002,2088701.5499999998,4626247.24,5712.739999999758,22.58999999985099
2026|1401|7007|1|0|10|1,904930876,904930876,901315032.721604,273997718.62,263773008.07,263773008.07,263773008.07,630933157.38,10224710.550000012,0
2026|1441|7004|1|0|10|9,1000,1000,1000,0,0,0,0,1000,0,0
2026|1441|7006|1|0|10|5,1000000,1000000,1000000,0,270029.96,270029.96,270029.96,1000000,-270029.96,0
2026|1441|7006|1|0|43|5,67978647,67978647,67978647,0,20000000,20000000,20000000,67978647,-20000000,0
2026|1441|7006|1|0|42|5,101210335,101210335,101210335,0,26318900.08,26318900.08,26318900.080000002,101210335,-26318900.08,0
2026|1441|7006|3|0|10|7,16514824,16514824,16514824,0,4623788.62,4623788.62,4623788.62,16514824,-4623788.62,0
2026|1441|1099|3|0|10|1,1000,1000,1000,0,0,0,0,1000,0,0
2026|1441|1050|3|0|10|1,1000,1000,1000,0,0,0,0,1000,0,0
2026|1441|4033|3|0|10|1,1000,1000,1000,0,0,0,0,1000,0,0
2026|1441|2068|3|0|10|1,400000,400000,400000,0,113452.98,40362.46,37962.46,400000,-113452.98,73090.51999999999
2026|1441|4150|3|0|60|1,5500000,5500000,5500000,0,0,0,0,5500000,0,0
2026|1441|4150|3|0|10|1,156101884,156101884,156101884,0,53149111.189999975,44905610.309999965,38644978.419999994,156101884,-53149111.189999975,8243500.88000001
2026|1441|4150|4|0|10|1,5000000,5000000,5000000,0,1843242.65,1481118.54,1321340.75,5000000,-1843242.65,362124.10999999987
2026|1441|4150|4|0|60|1,7254323,7254323,7254323,0,0,0,0,7254323,0,0
2026|1441|4193|1|0|10|1,776270300,776270300,776270300,0,245324118.5,244953753.22000003,244953753.21999997,776270300,-245324118.5,370365.2799999714
2026|1441|4193|3|0|10|7,74388536,74388536,74388536,0,23836055.65,23836055.65,23836055.65,74388536,-23836055.65,0
2026|1451|4347|3|0|10|8,1000,1000,1000,0,0,0,0,1000,0,0
2026|1451|4347|3|0|24|1,2002000,2002000,2002000,0,0,0,0,2002000,0,0
2026|1451|4344|3|0|10|1,8998093,0,0,0,0,0,0,0,0,0
2026|1451|4344|3|0|1|1,1000,1000,1000,0,0,0,0,1000,0,0
2026|1451|4344|3|0|10|8,440990,106990,106990,0,0,0,0,106990,0,0
2026|1451|4344|3|0|10|4,260000,260000,260000,0,0,0,0,260000,0,0
2026|1451|4344|3|0|24|1,800000,800000,800000,0,0,0,0,800000,0,0
2026|1451|4344|3|0|60|2,41865210,50863303,50863303,29546941.100000005,28828889.180000003,14414574.530000001,14330799.160000002,21316361.899999995,718051.9200000018,14414314.650000002
2026|1451|4344|4|0|10|8,0,153710.7,153710.7,153710.7,0,0,0,0,153710.7,0
2026|1451|4344|4|0|1|1,314498,314498,314498,0,0,0,0,314498,0,0
2026|1451|1047|3|0|10|1,1000,1000,1000,0,0,0,0,1000,0,0
2026|1451|1047|3|0|95|1,0,3882897.12,3882897.12,0,0,0,0,3882897.12,0,0
2026|1451|4350|3|0|10|3,0,128180.85,128180.85,128180.85,0,0,0,0,128180.85,0
2026|1451|4350|3|0|24|1,2000000,2000000,2000000,0,0,0,0,2000000,0,0
2026|1451|4350|3|0|60|2,25746347,25746347,25746347,12194181.9,12194181.9,7423738.29,7423738.29,13552165.1,0,4770443.61
2026|1451|1048|3|1|10|3,0,1669.42,1669.42,1669.42,0,0,0,0,1669.42,0
2026|1451|1048|3|1|10|8,200000,28910,28910,28910,0,0,0,0,28910,0
2026|1451|1048|3|1|60|2,1778147,1778147,1778147,932873.0900000001,333168.96,0,0,845273.9099999999,599704.1300000001,333168.96
2026|1451|1048|3|1|24|1,3675000,4351602.96,4351602.96,676602.96,137800,0,0,3675000,538802.96,137800
2026|1451|1048|4|1|10|1,491673,0,0,0,0,0,0,0,0,0
2026|1451|1048|4|1|10|3,0,378778.62,378778.62,378778.62,0,0,0,0,378778.62,0
2026|1451|1048|4|1|2|1,0,8442152.61,8442152.61,8442152.61,0,0,0,0,8442152.61,0
2026|1451|1048|4|1|1|1,0,206228.79,206228.78999999998,206228.78999999998,0,0,0,2.9103830456733704e-11,206228.78999999998,0
2026|1451|1048|4|1|10|8,4772942,3330837.14,3330837.1399999997,3330437.14,11787.85,0,0,400,3318649.29,11787.85
2026|1451|1048|4|1|60|2,0,313218028.04,313218028.04,313000000.04,0,0,0,218028,313000000.04,0
2026|1451|1048|4|1|98|1,915391,1165515.55,1165515.55,250124.55,0,0,0,915391,250124.55,0
2026|1451|1048|4|1|24|1,51951426,54600606.92,54600606.919999994,2649180.92,277949,0,0,51951426,2371231.92,277949
2026|1451|4351|3|0|10|8,0,100000,100000,0,0,0,0,100000,0,0
2026|1451|4351|3|0|60|2,124967835,124967835,124967835,58685022.81,35503631.489999995,35503631.489999995,34282037.58,66282812.19,23181391.320000008,0
2026|1451|4351|4|0|10|4,100000,100000,100000,0,0,0,0,100000,0,0
2026|1451|4351|4|0|10|8,0,200000,200000,0,0,0,0,200000,0,0
2026|1451|4353|1|0|57|2,922564,922564,870402.722979072,260993.94,260993.94,260993.94,260993.94,661570.06,0,0
2026|1451|4353|1|0|10|1,126825206,126825206,117625639.34439985,37204708.69,37204708.69,37204708.69,37204708.690000005,89620497.31,0,0
2026|1451|4353|3|0|10|1,26037031,26037031,26037031,17685258.930000007,10498461.250000002,3233282.3599999994,2908371.0700000003,8351772.069999993,7186797.680000005,7265178.890000002
2026|1451|4353|3|0|10|7,20502997,20502997,19730688.193151988,7337435.930000001,7337435.93,7337435.93,7337435.930000001,13165561.07,9.313225746154785e-10,0
2026|1451|4353|4|0|10|1,6011666,6011666,6011666,4687545.999999999,4274289.100000001,3502.95,3502.95,1324120.000000001,413256.8999999985,4270786.15
2026|1451|4348|3|0|10|8,932000,94039.16,94039.16000000003,94039.16,0,0,0,0,94039.16,0
2026|1451|4348|3|0|61|1,61000,61000,61000,0.2700000000000001,0,0,0,60999.73,0.2700000000000001,0
2026|1451|4348|3|0|24|1,1656443,2193167.99,2193167.99,536724.99,231672.62,105774.5,0,1656443,305052.37,125898.12
2026|1451|4348|3|0|60|1,8027237,8027237,8027237,0,0,0,0,8027237,0,0
2026|1451|4348|3|0|10|1,42350386,38318601.95,58357812.21,10311266.8,10311266.8,10311266.8,10311266.8,28007335.150000002,0,0
2026|1451|4348|3|0|60|2,682642461,718308872.8,678308872.8,585012631.89,460216957.97999984,191650119.17000002,175924956.36999995,133296240.90999997,124795673.91000015,268566838.8099998
2026|1451|4348|4|0|10|1,504738,0,0,0,0,0,0,0,0,0
2026|1451|4348|4|0|10|3,0,347.5,347.5,347.5,0,0,0,0,347.5,0
2026|1451|4348|4|0|10|8,0,37960.84,37960.84,37960.84,0,0,0,0,37960.84,0
2026|1451|4348|4|0|24|1,0,325171.38,325171.38,325171.38,98518.25,0,0,0,226653.13,98518.25
2026|1451|4348|4|0|60|2,0,504738,504738,385283.92,383500.17,251834.1,251834.1,119454.08000000002,1783.75,131666.06999999998
2026|1451|4348|4|0|60|1,0,3099884.17,3099884.17,0,0,0,0,3099884.17,0,0
2026|1451|4375|3|0|10|1,172149,166103.46,166103.46,56000,37085,26741.25,26741.25,110103.45999999999,18915,10343.75
2026|1451|4377|3|0|10|1,88959,88959,88959,88959,60261.6,21650.35,19428.83,0,28697.4,38611.25
2026|1451|1054|3|0|10|1,1000,1000,1000,0,0,0,0,1000,0,0
2026|1451|1054|3|0|60|2,0,4050000,4050000,2070000,2070000,225000,0,1980000,0,1845000
2026|1451|4379|3|0|24|1,0,114303.93,114303.93,114303.93,0,0,0,0,114303.93,0
2026|1451|4379|3|0|10|1,3245315,11480000,11480000,11480000,0,0,0,0,11480000,0
2026|1451|4379|3|0|60|2,0,3245315,3245315,192600,65000,28757.75,24757.75,3052715,127600,36242.25
2026|1451|4379|4|0|10|3,0,6217.16,6217.16,6217.16,0,0,0,0,6217.16,0
2026|1451|4379|4|0|24|1,0,409250.99,409250.99,409250.99,0,0,0,0,409250.99,0
2026|1451|4378|3|1|10|1,14277063,0,0,0,0,0,0,0,0,0
2026|1451|4378|3|1|1|1,1000,1000,1000,0,0,0,0,1000,0,0
2026|1451|4378|3|1|2|1,2000,2000,2000,0,0,0,0,2000,0,0
2026|1451|4378|3|1|60|2,0,14604179,14604179,10362789.57,9881001.05,4239626.43,3356731.0799999996,4241389.43,481788.51999999955,5641374.620000001
2026|1451|4378|4|1|10|1,4377116,0,0,0,0,0,0,0,0,0
2026|1451|4378|4|1|10|3,0,39500.97,39500.97,39500.97,0,0,0,0,39500.97,0
2026|1451|4378|4|1|15|1,0,250000,250000,250000,0,0,0,0,250000,0
2026|1451|4378|4|1|1|1,32794,293909.09,293909.08999999997,261115.09,0,0,0,32794.00000000003,261115.09,0
2026|1451|4378|4|1|2|1,1103209,1190239,1190239,87030,0,0,0,1103209,87030,0
2026|1451|4378|4|1|60|2,0,4377116,4377116,0,0,0,0,4377116,0,0
2026|1451|4378|4|1|10|8,0,7913580,7913580,0,0,0,0,7913580,0,0
2026|1451|4376|3|0|10|1,37257991,0,0,0,0,0,0,0,0,0
2026|1451|4376|3|0|60|2,0,37257991,37257991,18743500,12209959.379999997,12209959.379999997,9436294.709999999,18514491,6533540.620000003,0
2026|1451|4438|3|0|10|1,6775354,0,0,0,0,0,0,0,0,0
2026|1451|4438|3|0|60|2,0,6775354,6775354,2753285.58,490513.2000000001,253199.20000000013,253199.2,4022068.42,2262772.38,237314
2026|1451|4438|4|0|10|8,500000,0,0,0,0,0,0,0,0,0
2026|1451|4437|3|0|10|1,19529872,19529872,19529872,9585349.82,4574485.750000001,4095395.2399999998,3390341.8000000003,9944522.18,5010864.069999999,479090.5100000012
2026|1451|4443|1|0|57|2,45558,45558,55996.641967071206,16849.02,16849.02,16849.02,16849.02,28708.98,0,0
2026|1451|4443|1|0|10|1,19040423,19040423,18896297.259897843,5896788.06,5896788.059999999,5896788.059999999,5896788.0600000005,13143634.940000001,9.313225746154785e-10,0
2026|1451|4443|3|0|10|7,3507920,3507920,3151859.800553801,1240776.24,1240776.2399999998,1240776.2399999998,1240776.2399999998,2267143.76,2.3283064365386963e-10,0
2026|1451|4443|3|0|10|1,2689261,2689261,2689261,297625,73791.53,6128.79,5358.3099999999995,2391636,223833.47,67662.74
2026|1451|4443|4|0|10|1,201825,201825,201825,167000,86980.51,3763.12,0,34825,80019.49,83217.39
2026|1451|4441|3|1|10|1,26839079,0,0,0,0,0,0,0,0,0
2026|1451|4441|3|1|10|8,0,1770,1770,1770,0,0,0,0,1770,0
2026|1451|4441|3|1|60|2,0,26839079,26839079,16222905.219999999,13080120.250000002,5818803.319999999,5047179.57,10616173.780000001,3142784.969999997,7261316.9300000025
2026|1451|4441|4|1|10|8,0,32208.02,32208.02,32208.02,0,0,0,0,32208.02,0
2026|1451|4441|4|1|70|1,0,85020,85020,85020,0,0,0,0,85020,0
2026|1451|4441|4|1|24|1,29500000,31977471,31977471,2477471,0,0,0,29500000,2477471,0
2026|1451|4442|3|0|10|8,0,7537.05,7537.05,7537.05,0,0,0,0,7537.05,0
2026|1451|4442|3|0|70|1,2000,2000,2000,0,0,0,0,2000,0,0
2026|1451|4442|3|0|24|1,1807899,1807899,1807899,0,0,0,0,1807899,0,0
2026|1451|4442|3|0|10|1,134284901,186284901.76,186284901.76,54863915.44,54863915.44,50236135.08,50236135.08,131420986.32,0,4627780.359999999
2026|1451|4442|4|0|70|1,45020,0,0,0,0,0,0,0,0,0
2026|1451|4442|4|0|10|8,0,80569,80569,80569,0,0,0,0,80569,0
2026|1451|2500|3|0|10|1,20277357,147233.33,20108023.07,147233.33000000002,147233.33000000002,147233.33000000002,147233.33,-2.9103830456733704e-11,0,0
2026|1451|2500|3|0|24|1,856350,856350,856350,0,0,0,0,856350,0,0
2026|1451|2500|3|0|60|2,0,20277357,20277357,11352777.309999995,8371963.9799999995,5503166.4,4560778.57,8924579.690000005,2980813.3299999954,2868797.579999999
2026|1451|2500|4|0|24|1,2,2,2,0,0,0,0,2,0,0
2026|1451|2417|1|0|57|2,170845,170845,0,0,0,0,0,170845,0,0
2026|1451|2417|1|0|27|1,1082032369,1082032369,1013302007.5277711,410000000,410000000,410000000,410000000,672032369,0,0
2026|1451|2417|1|0|10|1,1780134668,1780134668,1908064904.3487895,443329944.2800001,443068027.84000015,443060639.6200001,442790377.52,1336804723.7199998,261916.439999938,7388.22000002861
2026|1451|2417|3|0|10|1,0,1000,1000,0,0,0,0,1000,0,0
2026|1451|2417|3|0|60|2,0,2306858.2,2306858.2,139587.65,139587.65,139587.65,139587.65,2167270.5500000003,0,0
2026|1451|2417|3|0|27|7,30183513,30183513,30183513,0,0,0,0,30183513,0,0
2026|1451|2417|3|0|10|7,502103878,502103878,508446172.29331887,192168149.86,192168149.86,192168149.86,192168149.85999998,309935728.14,0,0
2026|1481|4480|3|0|71|1,1000,1000,1000,0,0,0,0,1000,0,0
2026|1481|4301|3|0|71|1,1000,1000,1000,0,0,0,0,1000,0,0
2026|1481|4270|3|0|71|1,1000,1000,1000,0,0,0,0,1000,0,0
2026|1481|4352|3|0|71|1,1000,1000,1000,0,0,0,0,1000,0,0
2026|1481|4321|3|0|71|1,1000,1000,1000,0,0,0,0,1000,0,0
2026|1481|4186|3|0|71|1,1000,1000,1000,0,0,0,0,1000,0,0
2026|1481|4186|3|0|24|1,2002000,2002000,2002000,0,0,0,0,2002000,0,0
2026|1481|4154|1|0|71|1,730871,730871,685703.6942754756,200554.96,200554.96,200554.96,200554.96,530316.04,0,0
2026|1481|4154|3|0|71|1,365052,365052,365052,325053.81,107264.10999999999,93385.84,93385.84,39998.19,217789.7,13878.26999999999
2026|1481|4154|3|0|71|7,97695,97695,70196.07847516816,20744.34,20744.34,20744.34,20744.34,76950.66,0,0
2026|1481|4154|3|0|10|8,0,250000,250000,0,0,0,0,250000,0,0
2026|1481|4154|3|0|80|1,7098500,7298636,7298636,63042.880000000005,47110.33,47110.33,47110.33,7235593.12,15932.550000000003,0
2026|1481|4154|4|0|10|8,0,402000,402000,0,0,0,0,402000,0,0
2026|1481|4157|3|1|71|1,419732,419732,419732,384257.94000000006,113024.57,101940.18,101940.18,35474.05999999994,271233.37000000005,11084.390000000014
2026|1481|4157|4|1|10|8,0,100000,100000,0,0,0,0,100000,0,0
2026|1481|4153|1|0|71|1,4340490,4340490,3876813.2664905014,1207627.62,1207627.6199999999,1207627.6199999999,1207627.62,3132862.38,2.3283064365386963e-10,0
2026|1481|4153|3|0|10|8,250000,250000,250000,0,0,0,0,250000,0,0
2026|1481|4153|3|0|71|1,2027274,2027274,2027274,1716193.54,383332.43999999994,341401.02,341401.02,311080.45999999996,1332861.1,41931.419999999925
2026|1481|4153|3|0|71|7,508253,508253,536155.7580410471,162584.51,162584.51,162584.51,162584.51,345668.49,0,0
2026|1481|4158|1|1|71|1,1447525,1447525,1065026.482415996,356085.98,356085.98000000004,356085.98000000004,356085.9800000001,1091439.02,-5.820766091346741e-11,0
2026|1481|4158|3|1|71|1,426214,426214,426214,365039.21,170328.61000000002,132490.77,132490.77000000002,61174.78999999998,194710.6,37837.840000000026
2026|1481|4158|3|1|71|7,173705,173705,115062.74024942721,35015.84,35015.84,35015.84,35015.84,138689.16,0,0
2026|1481|4158|3|1|10|8,0,500000,500000,250000,0,0,0,250000,250000,0
2026|1481|4158|3|1|80|1,3149019,3549291,3549291,148085.76,104304.14000000001,93205.96,93205.95999999999,3401205.24,43781.619999999995,11098.180000000008
2026|1481|4367|3|0|71|1,1000,1000,1000,0,0,0,0,1000,0,0
2026|1481|4368|3|0|71|1,1000,1000,1000,0,0,0,0,1000,0,0
2026|1481|4364|3|1|71|1,14213060,14059473.52,14059473.52,14059473.520000001,48448.18,46237.28,4943.45,-1.862645149230957e-09,14011025.340000002,2210.9000000000015
2026|1481|4364|4|1|71|1,0,153586.48,153586.48,38396.62,0,0,0,115189.86000000002,38396.62,0
2026|1481|4165|3|0|10|1,1000,1000,1000,0,0,0,0,1000,0,0
2026|1481|4163|3|0|38|1,1425868,563574.72,563574.72,563574.72,0,0,0,0,563574.72,0
2026|1481|4163|3|0|1|1,2000,2000,2000,0,0,0,0,2000,0,0
2026|1481|4163|3|0|10|1,0,14500,14500,6000,6000,338.7,338.7,8500,0,5661.3
2026|1481|4163|3|0|2|1,290379,290379,290379,0,0,0,0,290379,0,0
2026|1481|4163|3|0|57|1,0,1425868,1425868,0,0,0,0,1425868,0,0
2026|1481|4164|3|0|10|1,17211,5194.65,5194.65,4000,4000,638.93,638.93,1194.6499999999996,0,3361.07
2026|1481|4164|3|0|59|1,3415300,3415300,3415300,0,0,0,0,3415300,0,0
2026|1481|4167|3|0|38|1,228038,166613.5,166613.5,166613.5,166613.5,166613.5,166613.5,0,0,0
2026|1481|4167|3|0|10|8,500000,0,0,0,0,0,0,0,0,0
2026|1481|4167|3|0|57|1,0,61424.5,61424.5,61424.5,0,0,0,0,61424.5,0
2026|1481|4167|3|0|10|1,879325,823185.01,823185.01,531085.33,305735.11,200443.25,200443.25,292099.68000000005,225350.21999999997,105291.85999999999
2026|1481|4167|4|0|10|1,80000,150423.34,150423.34,110269.8,55134.9,36756.6,36756.6,40153.53999999999,55134.9,18378.300000000003
2026|1481|4514|3|0|38|1,2414730,88444,88444,88444,88443.68,88443.68,88443.68,0,0.3200000000069849,0
2026|1481|4514|3|0|10|1,636,13136,13136,0,0,0,0,13136,0,0
2026|1481|4514|3|0|10|8,250000,200000,200000,0,0,0,0,200000,0,0
2026|1481|4514|3|0|15|1,0,300000,300000,0,0,0,0,300000,0,0
2026|1481|4514|3|0|24|1,962803,962803,962803,0,0,0,0,962803,0,0
2026|1481|4514|3|0|57|1,0,1713824.56,1713824.56,14730,0,0,0,1699094.56,14730,0
2026|1481|4169|3|0|38|1,2269900,367750,367750,367750,367750,367750,336500,0,0,0
2026|1481|4169|3|0|10|1,600944,573944,573944,193444,91500,91500,89000,380500,101944,0
2026|1481|4169|3|0|57|1,0,1902150,1902150,377150,0,0,0,1525000,377150,0
2026|1481|4166|3|0|38|1,2781867,166613.51,166613.51,166613.51,166613.51,166613.51,166613.51,0,0,0
2026|1481|4166|3|0|10|8,0,100000,100000,0,0,0,0,100000,0,0
2026|1481|4166|3|0|57|1,0,2615253.49,2615253.49,2470059.59,0,0,0,145193.90000000037,2470059.59,0
2026|1481|4166|4|0|24|1,1516942,1516942,1516942,0,0,0,0,1516942,0,0
2026|1481|4168|3|0|38|1,15075017,6763453.63,6763453.629999999,6763453.63,6763453.630000001,6761594.83,6761594.83,0,-9.313225746154785e-10,1858.800000000745
2026|1481|4168|3|0|57|1,0,11203328.02,11203328.02,5631429.45,0,0,0,5571898.569999999,5631429.45,0
2026|1481|4170|3|0|38|1,0,131853.34,131853.34,131853.34,14285.870000000003,14285.870000000003,14285.870000000003,0,117567.47,0
2026|1481|4170|3|0|97|1,0,241906,241906,241906,107299.81,67774.81,67774.81,0,134606.19,39525
2026|1481|4170|3|0|10|1,11066,8799,8799,7799,2000,0,0,1000,5799,2000
2026|1481|4170|3|0|10|4,350000,350000,350000,0,0,0,0,350000,0,0
2026|1481|4170|3|0|10|8,2750000,13339713.84,13339713.84,5000000,0,0,0,8339713.84,5000000,0
2026|1481|4170|4|0|38|1,0,1207036.02,1207036.0199999996,1207036.02,0,0,0,0,1207036.02,0
2026|1481|4170|4|0|97|1,0,86073.77,86073.76999999999,86073.76999999999,0,0,0,1.4551915228366852e-11,86073.76999999999,0
2026|1481|4170|4|0|10|4,300000,300000,300000,0,0,0,0,300000,0,0
2026|1481|4170|4|0|15|1,0,877805.92,877805.92,0,0,0,0,877805.92,0,0
2026|1481|4170|4|0|98|1,1363444,1363444,1363444,0,0,0,0,1363444,0,0
2026|1481|4170|4|0|57|1,0,5273572.08,5273572.08,0,0,0,0,5273572.08,0,0
2026|1481|4170|4|0|10|8,6384830,60127678.17,60127678.17,0,0,0,0,60127678.17,0,0
2026|1481|4183|3|0|71|1,1000,1000,1000,0,0,0,0,1000,0,0
2026|1481|4181|3|0|71|1,469591,469591,469591,160198.13,160180.91999999998,81017.20999999999,81017.21,309392.87,17.210000000020955,79163.70999999999
2026|1481|4171|3|0|71|1,2360000,2360000,2360000,0,0,0,0,2360000,0,0
2026|1481|4171|4|0|71|1,40000,40000,40000,0,0,0,0,40000,0,0
2026|1481|4173|3|0|71|1,1000,1000,1000,0,0,0,0,1000,0,0
2026|1481|4173|3|0|24|1,2000000,2079703.67,2079703.67,79703.67,79703.67,79703.67,79703.67,2000000,0,0
2026|1481|4176|3|0|10|3,0,2400000,2400000,2400000,0,0,0,0,2400000,0
2026|1481|4176|3|0|71|1,1000,1000,1000,0,0,0,0,1000,0,0
2026|1481|4176|3|0|24|1,2650000,2650000,2650000,0,0,0,0,2650000,0,0
2026|1481|4178|1|0|71|1,3526483,3526483,2987419.1731303986,906961.72,906961.7200000002,906961.7200000002,906961.7200000001,2619521.2800000003,-2.3283064365386963e-10,0
2026|1481|4178|3|0|71|1,727448,727448,727448,635377.32,415954.66000000003,128969.51999999999,128969.52,92070.68000000005,219422.65999999992,286985.14
2026|1481|4178|3|0|71|7,488868,488868,495041.77411681996,142413.01,142413.01,142413.01,142413.01,346454.99,0,0
2026|1481|4174|3|0|71|1,1000,1000,1000,0,0,0,0,1000,0,0
2026|1481|4174|3|0|10|8,0,2762458,2762458,2312458,0,0,0,450000,2312458,0
2026|1481|4174|3|0|10|4,500000,500000,500000,0,0,0,0,500000,0,0
2026|1481|4174|4|0|15|1,0,73468.37,73468.37,73468.37,73468.37,73468.37,0,0,0,0
2026|1481|4174|4|0|10|8,1500990,12752385.48,12752385.48,0,0,0,0,12752385.48,0,0
2026|1481|4174|5|0|97|1,0,500000,500000,500000,500000,0,0,0,0,500000
2026|1481|4182|1|0|71|1,7561676,7561676,7952905.338387564,2397593.27,2397593.27,2397593.27,2397593.2699999996,5164082.73,0,0
2026|1481|4182|3|0|71|1,1812945,1812945,1812945,1546100.4999999998,543766.79,350172.5,350172.5,266844.50000000023,1002333.7099999997,193594.28999999998
2026|1481|4182|3|0|71|7,1399251,1399251,1602597.7007430298,437083.06,437083.05999999994,437083.05999999994,437083.06,962167.94,5.820766091346741e-11,0
2026|1481|4184|3|0|71|1,236067,236067,236067,206467,41940.399999999994,32917.659999999996,32917.659999999996,29600,164526.6,9022.739999999998
2026|1481|4185|3|0|71|1,342126,342126,342126,221007.06,85462.9,35044.43,35044.43,121118.94,135544.16,50418.469999999994
2026|1481|4388|3|1|71|1,44838871,44838871,32307492,17534154.94,732910.8,414689.76999999996,414689.77,27304716.06,16801244.14,318221.0300000001
2026|1481|4388|4|1|71|1,9000000,9000000,4500000,6000000,0,0,0,3000000,6000000,0
2026|1481|2033|3|0|71|1,79312,79312,79312,47105.95,21782.78,2283.72,2283.72,32206.050000000003,25323.17,19499.059999999998
2026|1481|4197|3|0|71|1,347109,347109,347109,294380.89999999997,275631.1,68344.3,68344.3,52728.100000000035,18749.79999999999,207286.8
2026|1481|4196|3|0|10|8,400000,10000,10000,0,0,0,0,10000,0,0
2026|1481|4196|3|0|71|1,582678,582678,582678,172618.51000000007,53529.479999999996,30993.409999999996,30993.41,410059.48999999993,119089.03000000007,22536.07
2026|1481|4196|4|0|71|1,660000,660000,660000,660000,0,0,0,0,660000,0
2026|1481|4196|4|0|10|8,0,100000,100000,0,0,0,0,100000,0,0
2026|1481|4416|3|1|71|1,320760,320760,320760,320760,0,0,0,0,320760,0
2026|1481|4416|3|1|10|8,0,100000,100000,0,0,0,0,100000,0,0
2026|1481|4416|4|1|10|8,0,100000,100000,0,0,0,0,100000,0,0
2026|1481|2035|1|0|71|1,48601,63527.63,364253.2530578059,63527.630000000005,63527.63,63527.63,63527.630000000005,-7.275957614183426e-12,7.275957614183426e-12,0
2026|1481|2035|3|0|71|7,8397,8397,15675.100339255288,3772.08,3772.08,3772.08,3772.08,4624.92,0,0
2026|1481|2035|3|0|71|1,1150695,1135768.37,1135768.37,41473.95,39190.51,15728.169999999998,15728.17,1094294.4200000002,2283.439999999995,23462.340000000004
2026|1481|4412|3|1|71|1,23720,23720,23720,22219,13274,198.32,198.32,1501,8945,13075.68
2026|1481|2036|3|0|71|1,1000,1000,1000,0,0,0,0,1000,0,0
2026|1481|2036|3|0|10|1,165637,157041,157041,17315.22,5594,2917.72,2917.72,139725.78,11721.220000000001,2676.28
2026|1481|2036|4|0|10|1,0,8596,8596,8596,0,0,0,0,8596,0
2026|1481|2037|3|0|71|1,318366,318366,318366,275420.32000000007,79982.53,68372.57999999999,66825.20999999999,42945.679999999935,195437.79000000007,11609.950000000012
2026|1481|4204|3|0|71|1,1415071,1415071,1415071,1073760.1600000001,847913.9,517162.07999999996,516912.78,341310.83999999985,225846.26000000013,330751.82000000007
2026|1481|4414|3|0|10|8,0,400000,400000,250000,0,0,0,150000,250000,0
2026|1481|4414|3|0|71|1,4330393,4330393,4330393,1219526.1600000001,349284.25,247686.15,247686.14999999997,3110866.84,870241.9100000001,101598.1
2026|1481|4414|4|0|10|8,0,99700,99700,0,0,0,0,99700,0,0
2026|1481|4415|3|0|24|1,0,63657.79,63657.79,63657.79,0,0,0,0,63657.79,0
2026|1481|4415|3|0|10|4,100000,100000,100000,0,0,0,0,100000,0,0
2026|1481|4415|3|0|71|1,2622178,2622178,2622178,933314.28,380765.70999999996,214791.39,214791.38999999998,1688863.72,552548.5700000001,165974.31999999995
2026|1481|4415|4|0|10|8,0,434000,434000,0,0,0,0,434000,0,0
2026|1481|2076|3|0|10|1,27877,27877,27877,27877,21638,11559.17,11559.17,0,6239,10078.83
2026|1481|2079|3|0|71|1,5634602,5634602,5634602,3712336.41,1839446.26,1839446.26,1839446.26,1922265.5899999999,1872890.1500000001,0
2026|1481|2079|3|0|10|8,5590990,3870300,3870300,0,0,0,0,3870300,0,0
2026|1481|2079|4|0|10|8,5200000,8521542.33,8521542.33,99700,0,0,0,8421842.33,99700,0
2026|1481|2500|3|0|10|1,36081,36081,36081,35230,21712,0,0,851,13518,21712
2026|1481|2500|3|0|71|1,8469434,8431130,7129540,6959156.229999999,2203398.82,1704007.78,1396885.46,1471973.7700000014,4755757.409999998,499391.0399999998
2026|1481|2500|4|0|71|1,0,38304,38304,38304,0,0,0,0,38304,0
2026|1481|2417|1|0|10|1,50717328,50617328,49873751.83031891,14927118.699999997,14927118.700000001,14927118.700000001,14927118.7,35690209.300000004,-3.725290298461914e-09,0
2026|1481|2417|3|0|10|1,0,100000,100000,1209.11,1209.11,1209.11,1209.11,98790.89,0,0
2026|1481|2417|3|0|10|7,8863991,8863991,9146928.18727318,2601621.59,2601621.59,2601621.59,2601621.59,6262369.41,0,0
2026|1491|2041|3|0|10|1,9447791,19263849.09,19263849.09,8063711.88,6511536.119999999,3086735.67,1372261.4900000005,11200137.21,1552175.7600000007,3424800.4499999993
2026|1491|2041|4|0|10|1,198000,198000,198000,0,0,0,0,198000,0,0
2026|1491|2042|3|0|10|1,774642,774642,774642,350000,175653.88,175653.88,87753.48999999999,424642,174346.12,0
2026|1491|2046|3|0|10|1,1000,1000,1000,0,0,0,0,1000,0,0
2026|1491|2043|3|0|10|1,1587721,1587721,1587721,604821.05,411127.28,379157.49,183918.86000000002,982899.95,193693.77000000002,31969.790000000037
2026|1491|2045|3|0|15|1,0,0,203643706.40000004,0,0,0,0,0,0,0
2026|1491|2045|3|0|10|1,3189678,3189678,3189678,1400560,920214.21,818012.2799999999,385030.05,1789118,480345.79000000004,102201.93000000005
2026|1491|2045|4|0|15|1,0,22462533.15,22462533.15,22462533.15,15776951.509999998,15776951.51,1500000,0,6685581.640000001,-1.862645149230957e-09
2026|1491|2045|4|0|10|4,554276,554276,554276,0,0,0,0,554276,0,0
2026|1491|2045|4|0|10|8,95202785,85629692.75,85629692.75,5447919.16,900229,900229,0,80181773.59,4547690.16,0
2026|1491|2048|3|1|10|8,34613449,0,0,0,0,0,0,0,0,0
2026|1491|2048|3|1|10|1,1000,1000,1000,0,0,0,0,1000,0,0
2026|1491|2048|4|1|10|8,826453003,180726585.23,180726585.23000002,0,0,0,0,180726585.23,0,0
2026|1491|2044|3|0|10|1,1465375,1465375,1465375,686880,450245.39,440263.58999999997,241142.58999999997,778495,236634.61,9981.800000000047
2026|1491|2138|3|0|10|1,73,73,73,0,0,0,0,73,0,0
2026|1491|2051|3|0|10|1,2105428,1400428,1400428,649830,249077.47,79424.09,46164.63,750598,400752.53,169653.38
2026|1491|2051|4|0|10|1,3295308,3295308,3295308,1559687.2,1002040,617232,0,1735620.8,557647.2,384808
2026|1491|2050|3|0|10|1,2624607,2439607,2439607,1188660,621362.0299999999,530359.6,338242.27,1250947,567297.9700000001,91002.42999999993
2026|1491|2050|4|0|10|1,8024016,8024016,8024016,4157931.8000000003,1448348,1005006,141616,3866084.1999999997,2709583.8000000003,443342
2026|1491|2500|3|0|10|1,11241686,11766686,11766686,5123893.5200000005,3383306.31,3251569.3000000003,2012570.07,6642792.4799999995,1740587.2100000004,131737.00999999978
2026|1491|2500|4|0|10|1,1332354,1332354,1332354,707220,576583.04,322819.46,322819.46,625134,130636.95999999996,253763.58000000002
2026|1491|2417|1|0|10|1,48354448,48354448,45170451.73564799,14038217.38,14038217.379999999,13989989.82,13989989.820000002,34316230.62,1.862645149230957e-09,48227.55999999866
2026|1491|2417|3|0|10|7,5041792,5041792,5698678.003857978,1535551.39,1535551.3900000001,1535551.3900000001,1535551.39,3506240.6100000003,-2.3283064365386963e-10,0
2026|1501|4478|3|1|10|1,700000,292731.61,-407268.39,0,0,0,0,292731.61,0,0
2026|1501|4468|3|0|10|1,937208,937208,937208,635270.18,342635.54,21136.530000000002,13504.150000000001,301937.81999999995,292634.6400000001,321499.00999999995
2026|1501|4477|3|0|10|1,914147,914147,914147,711263.0599999999,348059.24,35201,35051,202883.94000000006,363203.81999999995,312858.24
2026|1501|4475|3|0|60|2,49776,49776,49776,24888,12443.019999999999,3687.26,0,24888,12444.980000000001,8755.759999999998
2026|1501|4475|3|0|10|1,22217206,22217206,13527071,12614285.36,5906065.26,755480.72,251166.34,9602920.64,6708220.1,5150584.54
2026|1501|4475|4|0|10|1,2233085,2233085,2233085,1391263.96,561120,0,0,841821.04,830143.96,561120
2026|1501|4476|3|0|10|1,25235546,25235546,35082878,9777475.790000005,4045601.4499999993,2350789.130000001,2016800.0899999994,15458070.209999995,5731874.340000005,1694812.3199999984
2026|1501|4476|4|0|97|1,0,300000,300000,0,0,0,0,300000,0,0
2026|1501|4476|4|0|10|1,1860000,1860000,1860000,644000,334828.45999999996,185564.4,0,1216000,309171.54000000004,149264.05999999997
2026|1501|4160|3|0|10|1,2007000,2007000,2007000,848993.1,524570.87,411486.05,314074.64999999997,1158006.9,324422.23,113084.82
2026|1501|4483|3|0|10|1,1294937,1294937,1294937,681030.72,285849.3,70249.4,70249.4,613906.28,395181.42,215599.9
2026|1501|4450|3|0|10|1,5636137,5636137,5636137,3053934.3899999997,2299427.5700000003,113061.67,113061.67,2582202.6100000003,754506.8199999994,2186365.9000000004
2026|1501|4450|4|0|10|1,300000,300000,300000,175000,100000,0,0,125000,75000,100000
2026|1501|4451|3|0|10|1,3850258,3850258,3850258,1894846.28,917029.39,484788.41000000003,482241.41000000003,1955411.72,977816.89,432240.98
2026|1501|4451|4|0|10|1,66000,66000,66000,34243.780000000006,17193.75,693.75,0,31756.219999999994,17050.030000000006,16500
2026|1501|4451|4|0|25|1,5109300,9698657.44,9698657.440000001,4767987.24,2446612.09,141616,90848,4930670.199999999,2321375.1500000004,2304996.09
2026|1501|4452|3|0|95|1,0,720000,720000,360000,360000,148375.77000000002,148375.77,360000,0,211624.22999999998
2026|1501|4452|3|0|60|2,1500000,1500000,1500000,0.04,0,0,0,1499999.96,0.04,0
2026|1501|4452|3|0|10|1,46414466,43071332,39711332,19982596.13,17453555.32,10532503.730000004,8181136.579999999,23088735.87,2529040.8099999987,6921051.589999996
2026|1501|4380|3|1|10|1,1326856,1326856,1326856,779303.4,64506.34,2139.5,2139.5,547552.6,714797.06,62366.84
2026|1501|4453|3|0|10|1,434400,434400,434400,406457.95999999996,237964.25,147831.83,147831.83,27942.040000000037,168493.70999999996,90132.42000000001
2026|1501|4454|3|0|10|1,103825,103825,103825,88075.03000000001,73638.98000000001,49262.990000000005,49262.99,15749.969999999987,14436.050000000003,24375.990000000005
2026|1501|4462|3|0|95|1,1000,1001000,1001000,737735.48,373646.08,357969.75,357969.75,263264.52,364089.39999999997,15676.330000000016
2026|1501|4461|1|0|80|1,465500,255500,466384.98098859296,0,0,0,0,255500,0,0
2026|1501|4461|3|0|80|1,15923779,15923779,15923779,2483832.5,1675066.1,1496831.55,956783.33,13439946.5,808766.3999999999,178234.55000000005
2026|1501|1085|4|0|10|1,1000,1000,1000,0,0,0,0,1000,0,0
2026|1501|4467|3|0|10|1,17663895,17745262.55,16334111.79,13078012.559999999,11292657.31,5731084.840000001,4509006.850000001,4667249.990000002,1785355.2499999981,5561572.47
2026|1501|4467|4|0|60|2,0,273645,273645,273645,0,0,0,0,273645,0
2026|1501|4467|4|0|94|1,0,294800,0,0,0,0,0,294800,0,0
2026|1501|4467|4|0|10|1,1336259,1555399,1555399,658990,0,0,0,896409,658990,0
2026|1501|4466|3|0|59|2,1290973,1290973,1290973,540000.04,67267.78,67267.78,0,750972.96,472732.26,0
2026|1501|4466|3|0|52|2,1633636,1633636,1633636,600000.04,0,0,0,1033635.96,600000.04,0
2026|1501|4466|3|0|94|1,4455599,4455599,4455599,1800000.04,662389.59,662389.59,479687.42,2655598.96,1137610.4500000002,0
2026|1501|4466|3|0|60|2,8998386,8998386,8998386,2640000,1135321.97,1094731.1,609991.88,6358386,1504678.03,40590.86999999988
2026|1501|4466|3|0|10|1,38136814,38136814,38136814,9705921.86,6223743.989999999,3441196.94,3044708.85,28430892.14,3482177.87,2782547.0499999993
2026|1501|4466|4|0|10|1,0,700000,700000,700000,669377.33,0,0,0,30622.670000000042,669377.33
2026|1501|4465|3|0|10|1,74281113,74281113,74281113,34349848.940000005,31302993.64,14677560.219999999,11283291.970000003,39931264.059999995,3046855.3000000045,16625433.420000002
2026|1501|4465|4|0|10|4,563000,563000,563000,0,0,0,0,563000,0,0
2026|1501|4465|4|0|10|1,21399057,20699057,20699057,2762547.01,2198261.91,101094,5054.7,17936509.990000002,564285.0999999996,2097167.91
2026|1501|4464|3|0|10|1,1221884,1221884,1221884,631367.79,598362.99,95604.52,95604.52,590516.21,33004.80000000005,502758.47
2026|1501|4464|4|0|10|1,2601464,2601464,2601464,1300728,1300728,347694,0,1300736,0,953034
2026|1501|4112|3|0|10|1,3024725,3024725,3024725,1151407.5899999999,660925.6000000001,616408.35,491088.76,1873317.4100000001,490481.98999999976,44517.25000000012
2026|1501|4473|3|0|10|1,232581,232581,232581,151392.86,117634.16999999998,63993.16999999999,63993.17,81188.14000000001,33758.69,53640.99999999999
2026|1501|4473|4|0|10|1,8132333,8132333,8132333,4185255.24,4185255.24,1781647.49,1171105.24,3947077.76,0,2403607.75
2026|1501|1084|3|1|10|1,4940836,4940836,4940836,950000,200000,0,0,3990836,750000,200000
2026|1501|4486|3|0|10|1,1395528,1395528,1395528,376657.49,155623.22999999998,100197.15000000001,99240.08999999998,1018870.51,221034.26,55426.07999999997
2026|1501|4487|3|0|10|1,17272867,17272867,17272867,7627714.29,7522714.290000001,3831055.3899999997,2384810.26,9645152.71,104999.99999999907,3691658.9000000013
2026|1501|4487|4|0|10|1,3414000,3414000,3414000,2145305.99,2052000,667641,202632,1268694.0099999998,93305.99000000022,1384359
2026|1501|4485|3|0|91|2,221046,221046,221046,102547.24,102547.2,64179.2,49036.05,118498.76,0.04000000000814907,38368
2026|1501|4485|3|0|60|2,1570585,1570585,1570585,1110672.9800000002,518523.61,396451.1000000001,317588.44000000006,459912.0199999998,592149.3700000002,122072.5099999999
2026|1501|4485|3|0|10|1,32139311,32139311,32139311,17029813.740000002,13030125.11,6487054.01,5916263.019999999,15109497.259999998,3999688.6300000027,6543071.1
2026|1501|4492|3|0|15|1,4210785,2105392.5,2105392.5,1632000.0299999998,1179770.6300000001,813185.3700000001,813185.3699999999,473392.4700000002,452229.3999999997,366585.26
2026|1501|4492|3|0|82|1,24244423,12122211.5,12122211.5,8966993.64,6293938.9399999995,4057350.5000000005,2870737.5000000005,3155217.8599999994,2673054.700000001,2236588.439999999
2026|1501|4495|3|0|15|1,6678560,3339280,3339280,2622871.04,2035973.0799999998,1469703.3699999999,1469703.37,716408.96,586897.9600000002,566269.71
2026|1501|4495|3|0|82|1,26579014,13289507,13289507,10779406.55,8412231.48,4311762.62,0,2510100.4499999993,2367175.0700000003,4100468.8600000003
2026|1501|4496|3|0|82|1,17525813,8762906.5,8762906.5,8762906.5,6308889.83,609524.38,346535.3,0,2454016.67,5699365.45
2026|1501|4496|3|0|15|1,44187065,22093532.5,22093532.5,16117308.049999999,11516401.39,7559739.07,5833359.210000001,5976224.450000001,4600906.659999998,3956662.3200000003
2026|1501|4496|4|0|15|1,1033274,516637,516637,150318.52999999997,0,0,0,366318.47000000003,150318.52999999997,0
2026|1501|4496|4|0|82|1,6502284,3251142,3251142,2469555.8000000007,0,0,0,781586.1999999993,2469555.8000000007,0
2026|1501|4494|3|0|82|1,43756872,21878436,21878436,17478119.74,11920121.07,7358491.640000001,5627352.11,4400316.260000002,5557998.669999998,4561629.43
2026|1501|4494|3|0|15|1,48060861,24030430.5,24030430.5,18378068.75,13298048.669999998,7456321.2299999995,5866449.149999999,5652361.75,5080020.080000002,5841727.439999999
2026|1501|4491|1|0|10|1,86226630,21556657.5,57679331.27500057,16570308.349999998,16570273.419999998,16465685.34,16370282.119999997,4986349.150000002,34.92999999970198,104588.07999999821
2026|1501|4491|3|0|10|7,3908765,977191.25,3055489.920707953,779241.98,779241.98,779241.98,779241.98,197949.27000000002,0,0
2026|1501|4491|3|0|82|1,2884187,1442093.5,1442093.5,567952.25,413181.64,268455.18,189181.64,874141.25,154770.61,144726.46000000002
2026|1501|4491|3|0|15|1,110000000,55000000,55000000,28511106.98,24223206.220000003,24219246.220000003,24219246.220000003,26488893.02,4287900.759999998,3960
2026|1501|2500|3|0|10|1,7325469,7125469,7125469,3356394.37,2503824.0700000003,1229764.1900000002,1168277.32,3769074.63,852570.2999999998,1274059.8800000001
2026|1501|2500|4|0|10|1,1654470,1654470,1654470,720522.3,711410.56,205156.29,205156.29,933947.7,9111.73999999999,506254.27
2026|1501|2417|1|0|95|1,0,208565.38,228565.40000000002,188565.38,188565.38,188565.38,188565.38,20000,0,0
2026|1501|2417|1|0|80|1,0,210000,210000,0,0,0,0,210000,0,0
2026|1501|2417|1|0|10|1,207642161,207642161,192391010.75097185,57539490.67000001,57443500.40999999,57113933.88999999,57113933.889999986,150102670.32999998,95990.26000002027,329566.5199999958
2026|1501|2417|3|0|10|1,0,200000,200000,114056.73999999999,113733.91,113733.91,113733.91,85943.26000000001,322.8299999999872,0
2026|1501|2417|3|0|10|7,17892602,17892602,18277199.981974628,5154140.18,5154140.18,5154140.18,5154140.18,12738461.82,0,0
2026|1511|1052|3|0|10|1,316,316,316,0,0,0,0,316,0,0
2026|1511|4067|3|1|10|1,1000,1000,1000,0,0,0,0,1000,0,0
2026|1511|1005|3|0|10|1,316,316,316,0,0,0,0,316,0,0
2026|1511|1005|4|0|98|1,0,43000,43000,0,0,0,0,43000,0,0
2026|1511|4063|3|0|10|1,1000,1000,1000,0.01,0,0,0,999.99,0.01,0
2026|1511|4063|4|0|80|1,0,40000000,40000000,0,0,0,0,40000000,0,0
2026|1511|4063|4|0|95|1,0,44156672.5,44156672.5,0,0,0,0,44156672.5,0,0
2026|1511|1051|3|0|10|1,52943,2032943,2032943,1980000,0,0,0,52943,1980000,0
2026|1511|1051|4|0|48|0,0,4311396,4311396,4311396,3711387.63,10640,0,0,600008.3700000001,3700747.63
2026|1511|4062|3|0|10|1,1731539,1731539,1731539,973601.9400000001,224346.38999999998,139953.33,99636.3,757937.0599999999,749255.55,84393.06
2026|1511|1006|3|0|10|1,316,316,316,0,0,0,0,316,0,0
2026|1511|1006|4|0|10|8,500000,0,0,0,0,0,0,0,0,0
2026|1511|1006|4|0|25|1,0,5399921.49,5399921.49,5399921.49,5205930.76,150276,150276,0,193990.73000000045,5055654.76
2026|1511|1006|4|0|70|1,0,10000,10000,0,0,0,0,10000,0,0
2026|1511|1006|4|0|98|1,0,1170947.58,1170947.58,984314.48,895181.82,0,0,186633.1000000001,89132.66000000003,895181.82
2026|1511|1007|3|1|10|1,1000,1000,1000,0,0,0,0,1000,0,0
2026|1511|1007|3|1|10|8,0,225280,225280,0,0,0,0,225280,0,0
2026|1511|1007|4|1|10|4,500000,500000,500000,0,0,0,0,500000,0,0
2026|1511|1007|4|1|10|8,20637490,13925786,13925786,0,0,0,0,13925786,0,0
2026|1511|1003|3|1|10|1,1000,1000,1000,0,0,0,0,1000,0,0
2026|1511|1003|3|1|60|2,0,1633992,1633992,0,0,0,0,1633992,0,0
2026|1511|1003|4|1|60|2,0,10237960,10237960,0,0,0,0,10237960,0,0
2026|1511|4061|3|0|9|1,0,57038.52,57038.52,0,0,0,0,57038.52,0,0
2026|1511|4061|3|0|10|1,14001890,14001890,14001890,6413459.629999997,3324289.8099999996,2154085.2800000003,1596912.6900000002,7588430.370000003,3089169.8199999975,1170204.5299999993
2026|1511|4061|4|0|10|3,0,27379.81,27379.81,27379.81,27379.81,0,0,0,0,27379.81
2026|1511|4061|4|0|1|1,0,209462.19,209462.19,209462.19,209460.91,0,0,0,1.2799999999988358,209460.91
2026|1511|4061|4|0|48|0,0,1150567,1150567,1150567,453343.42,0,0,0,697223.5800000001,453343.42
2026|1511|4061|4|0|10|8,150000,150000,150000,0,0,0,0,150000,0,0
2026|1511|4061|4|0|9|1,0,162068.9,162068.9,0,0,0,0,162068.9,0,0
2026|1511|4061|4|0|10|1,693473,505873,505873,13984.67,8634.67,1014,1014,491888.33,5350,7620.67
2026|1511|4060|3|0|10|8,1000000,0,0,0,0,0,0,0,0,0
2026|1511|4060|3|0|70|1,0,93737.3,93737.3,93737.3,85450,85450,85450,0,8287.300000000003,0
2026|1511|4060|3|0|10|1,115505968,500000,500000,500000,200767.17,200571.18000000002,171566.44,0,299232.82999999996,195.9899999999907
2026|1511|4060|3|0|9|1,0,355756.95,355756.95,19250,19250,0,0,336506.95,0,19250
2026|1511|4060|3|0|95|1,0,3140000,3140000,2090172.28,2030780.86,0,0,1049827.72,59391.419999999925,2030780.86
2026|1511|4060|3|0|60|2,0,115505968,115505968,63267940.319999985,25075962.820000008,17665912.090000007,14777761.559999997,52238027.680000015,38191977.49999998,7410050.73
2026|1511|4060|4|0|10|8,1650000,0,0,0,0,0,0,0,0,0
2026|1511|4060|4|0|10|1,29769299,0,0,0,0,0,0,0,0,0
2026|1511|4060|4|0|10|3,0,31779.49,31779.49,31779.49,31762.96,0,0,0,16.530000000002474,31762.96
2026|1511|4060|4|0|10|0,0,7500000,7500000,7500000,7463049.720000001,0,0,0,36950.27999999933,7463049.720000001
2026|1511|4060|4|0|48|0,0,27293541,27293541,27293541,21734148.52,1879003.4500000002,0,0,5559392.48,19855145.07
2026|1511|4060|4|0|24|1,2000,2000,2000,0,0,0,0,2000,0,0
2026|1511|4060|4|0|2|1,1653024,1653024,1653024,1413305.51,1413305.51,0,0,239718.49,0,1413305.51
2026|1511|4060|4|0|1|1,887311,691766.19,691766.19,364621.85,364621.85,0,0,327144.33999999997,0,364621.85
2026|1511|4060|4|0|70|1,1367000,1377696.72,1377696.72,40696.72,31119.730000000003,31119.730000000003,31119.730000000003,1337000,9576.989999999998,0
2026|1511|4060|4|0|97|1,0,1347627.31,1347627.31,0,0,0,0,1347627.31,0,0
2026|1511|4060|4|0|80|1,0,1716884.65,1716884.65,0,0,0,0,1716884.65,0,0
2026|1511|4060|4|0|95|1,0,8007911.32,8007911.32,2634062.59,2634054.97,14312,14312,5373848.73,7.619999999646097,2619742.97
2026|1511|4060|4|0|98|1,9415048,12552733.5,12552733.500000002,1059804.6400000001,738426.04,12894,12894,11492928.86,321378.6000000001,725532.04
2026|1511|4060|4|0|60|2,0,29769299,29569299,12984819.5,12602040.06,5706629.9,1732379.06,16784479.5,382779.4399999995,6895410.16
2026|1511|1004|3|0|10|1,29544660,0,0,0,0,0,0,0,0,0
2026|1511|1004|3|0|95|1,0,270881.02,270881.02,270881.02,270881.02,170388.14,43638.14,0,0,100492.88
2026|1511|1004|3|0|60|2,0,79070652,79070652,79070652,13000000,9208830.35,9208830.35,0,66070652,3791169.6500000004
2026|1511|1004|4|0|60|2,0,15617752,15617752,15617752,0,0,0,0,15617752,0
2026|1511|4065|3|0|10|1,49494623,0,0,0,0,0,0,0,0,0
2026|1511|4065|3|0|60|2,0,49494623,49494623,48731024.129999995,13485432.3,13043348.120000003,12995678.76,763598.8700000048,35245591.83,442084.17999999784
2026|1511|4065|4|0|10|1,2024448,0,0,0,0,0,0,0,0,0
2026|1511|4065|4|0|25|1,700000,700000,700000,0,0,0,0,700000,0,0
2026|1511|4065|4|0|60|2,0,1173645,1173645,411206.16000000003,293179.57999999996,114718.66,6182.58,762438.84,118026.58000000007,178460.91999999995
2026|1511|2011|3|0|10|1,551400,551400,551400,329548.02,179691.24,139065.97999999998,95485.12,221851.97999999998,149856.78000000003,40625.26000000001
2026|1511|2011|3|0|10|7,675943,675943,675943,0,0,0,0,675943,0,0
2026|1511|2011|4|0|10|1,6477,6477,6477,5700.5,3449,0,0,776.5,2251.5,3449
2026|1511|2008|3|0|10|1,1518506,1518506,1518506,866018.6000000001,233931.95,155537.73000000004,126103.86000000002,652487.3999999999,632086.6500000001,78394.21999999997
2026|1511|2008|4|0|10|1,44464,44464,44464,21525,21525,0,0,22939,0,21525
2026|1511|4066|3|0|10|1,1963977,1813977,1813977,1348941.78,554234.81,414598.03,341466.61000000004,465035.22,794706.97,139636.78000000003
2026|1511|4066|4|0|98|1,0,381695.16,381695.16,367314.48,367314.48,0,0,14380.679999999993,0,367314.48
2026|1511|4066|4|0|9|1,0,620656,620656,584995,584995,0,0,35661,0,584995
2026|1511|4066|4|0|10|1,773960,773960,773960,391737.69000000006,207505.97,71945.74,8729.36,382222.30999999994,184231.72000000006,135560.22999999998
2026|1511|7010|3|0|10|7,34861590,34861590,13890843.09858583,3578942.2,3519186.9699999997,3519186.9699999997,3519186.97,31282647.8,59755.23000000045,0
2026|1511|2500|3|0|10|1,7102927,6952927,6952927,4309401.519999999,2803945.08,1781073.99,1106434.3499999999,2643525.4800000014,1505456.4399999985,1022871.0900000001
2026|1511|2500|4|0|10|1,1013431,1864234,1864234,658769.98,516269.17,55825.479999999996,845,1205464.02,142500.81,460443.69
2026|1511|2417|1|0|57|2,13543,13543,14122.538715273111,4166.96,4166.96,4166.96,4166.96,9376.04,0,0
2026|1511|2417|1|0|11|1,1303750929,1303750929,1303791360.5400004,531523531.47,531523531.46999997,531523531.46999997,531523531.47,772227397.53,5.960464477539063e-08,0
2026|1511|2417|1|0|10|1,1505142205,1505142205,1452961642.4198778,318448212.77000004,318448212.77000004,318448212.77000004,318448212.77000004,1186693992.23,0,0
2026|1511|2417|3|0|10|7,264433599,264433599,274048153.0322503,108636598.62,108636598.62,108636598.62,108636598.62,155797000.38,0,0
2026|1521|4306|3|0|10|1,1200,1200,1200,1200,0,0,0,0,1200,0
2026|1521|4305|3|0|10|1,20614,20614,20614,14600,8544.8,7398.9800000000005,3113.3,6014,6055.200000000001,1145.8199999999988
2026|1521|4304|3|0|10|1,306105,384808,384808,191229,182694.6,95816.28000000001,65244.4,193579,8534.399999999994,86878.31999999999
2026|1521|4304|4|0|9|1,0,30000,30000,30000,30000,30000,30000,0,0,0
2026|1521|4304|4|0|95|1,0,38513.59,38513.59,38513.59,38513.59,38513.59,38513.59,0,0,0
2026|1521|4304|4|0|10|1,1052100,1052100,1052100,1052100,899752.4099999999,769492.41,315296,0,152347.59000000008,130259.99999999988
2026|1521|4309|3|0|95|1,0,28100,28100,28100,17072,6984,4656,0,11028,10088
2026|1521|4309|3|0|10|1,267515,222547.89,222547.89,159349,30494,16562,11918,63198.890000000014,128855,13932
2026|1521|4307|3|0|10|1,44679,10943.11,10943.11,10943.11,10943.11,10943.11,3408.16,0,0,0
2026|1521|4310|3|0|10|1,17612,17612,17612,17320,10275.11,8232.31,4361.92,292,7044.889999999999,2042.800000000001
2026|1521|4303|3|0|10|1,329022,243240,243240,57539,41152.97,21282.4,14424.78,185701,16386.03,19870.57
2026|1521|4311|3|0|10|1,6633,6633,6633,2596,2496,1248,832,4037,100,1248
2026|1521|4312|3|0|59|1,40000,40000,40000,0,0,0,0,40000,0,0
2026|1521|4312|3|0|10|1,223333,223333,223333,136474,48381.48,33436.08,16555.1,86859,88092.51999999999,14945.400000000001
2026|1521|4312|3|0|9|1,95852,95852,95852,0,0,0,0,95852,0,0
2026|1521|4314|3|0|10|1,78364,164146,164146,122237,115463.23999999999,100607.23,95665.23,41909,6773.760000000009,14856.009999999995
2026|1521|4313|3|0|10|1,10910,10910,10910,3712,3576,1788,1192,7198,136,1788
2026|1521|2500|3|0|10|1,1401970,1401970,1401970,614945.01,304282.18999999994,277906.02,217163.03999999998,787024.99,310662.82000000007,26376.169999999925
2026|1521|2417|1|0|10|1,65231757,65231757,66851734.664556906,20391122.52,20391122.520000003,20339476.03,20316706.33,44840634.480000004,-3.725290298461914e-09,51646.490000002086
2026|1521|2417|3|0|10|1,214968,214968,214968,108896,68643.43,68643.43,68643.43,106072,40252.57000000001,0
2026|1521|2417|3|0|10|7,3340494,3340494,3626481.6943592103,1068398.6199999999,1068398.62,1068398.62,1068398.6199999999,2272095.38,-2.3283064365386963e-10,0
2026|1541|4050|3|0|10|1,1019380,1019380,1019380,619840.4299999999,331543.4,299834.41000000003,299834.41000000003,399539.57000000007,288297.0299999999,31708.98999999999
2026|1541|4049|3|0|10|1,1913840,1913840,1913840,983258.53,545222.61,306272.22,303997.22000000003,930581.47,438035.92000000004,238950.39
2026|1541|4049|4|0|10|1,1560000,1560000,1560000,882250,380000,362678.38,362678.38,677750,502250,17321.619999999995
2026|1541|2500|3|0|10|1,3540665,3540665,3540665,1633843.57,783142.77,503692.78,502026.7799999999,1906821.43,850700.8,279449.99
2026|1541|2500|4|0|10|1,4850000,4850000,4850000,2313416.67,1215589.76,620823.65,620823.65,2536583.33,1097826.91,594766.11
2026|1541|2417|1|0|10|1,17243430,17243430,17064090.56502223,4939166.89,4939166.890000001,4939166.890000001,4939166.89,12304263.11,-9.313225746154785e-10,0
2026|1541|2417|3|0|10|7,1410967,1410967,1311528.6133190787,360016.1,360016.1,360016.1,360016.1,1050950.9,0,0
2026|1631|4007|3|0|10|1,806105,806105,806105,443003.87,295607.89999999997,273138.31999999995,273138.31999999995,363101.13,147395.97000000003,22469.580000000016
2026|1631|2500|3|0|10|1,2827987,2827987,2827987,2066121.76,369486.25,308626.6,308626.60000000003,761865.24,1696635.51,60859.65000000002
2026|1631|2417|1|0|10|1,9190097,9190097,10381217.879023489,3372778.9499999997,3219078.95,3110368.5200000005,3110368.52,5817318.050000001,153699.99999999953,108710.4299999997
2026|1631|2417|3|0|10|7,590237,590237,733852.4922388773,226187.5,226187.5,226187.5,226187.5,364049.5,0,0
2026|1631|4111|3|0|10|1,0,6456,6456,500,0,0,0,5956,500,0
2026|1631|2066|3|0|10|1,0,582081.46,582081.46,30900,10600,0,0,551181.46,20300,10600
2026|1631|2062|3|0|10|1,0,496515.28,496515.28,133050,20291.110000000004,0,0,363465.28,112758.89,20291.110000000004
2026|1631|2070|3|0|10|1,0,1084596.31,1084596.31,250700,56545.64,1759,1759,833896.31,194154.36,54786.64
2026|1631|2070|4|0|10|1,0,66486.41,66486.41,13851.34,0,0,0,52635.07000000001,13851.34,0
2026|1711|2003|3|0|10|1,768134,768134,768134,185198.27000000002,134471.49,101111.15000000001,101111.15000000001,582935.73,50726.78000000003,33360.33999999998
2026|1711|2002|3|0|69|1,0,134136.62,134136.62,134136.62,134136.62,134136.62,134136.62,0,0,0
2026|1711|2002|3|0|10|1,3488682,3422320.13,3422320.13,2830107.8799999994,1042216.6199999999,990305.2,990305.2,592212.2500000005,1787891.2599999995,51911.419999999925
2026|1711|2002|4|0|10|1,0,66361.87,66361.87,20000,20000,0,0,46361.869999999995,0,20000
2026|1711|2001|3|0|10|1,125359070,125359070,125359070,72072321.75,66697215.21,10368821.179999998,8898185.630000003,53286748.25,5375106.539999999,56328394.03
2026|1711|2500|3|0|10|1,2394769,2394769,2394769,1324961.1,567227.36,427168.82,427168.82,1069807.9,757733.7400000001,140058.53999999998
2026|1711|2417|1|0|10|1,11634469,11634469,11183724.183583014,3530916.7600000002,3530916.76,3530916.76,3530916.7600000002,8103552.24,4.656612873077393e-10,0
2026|1711|2417|3|0|10|7,1519408,1519408,1696115.9775517765,462789.74,462789.74,462789.74,462789.74,1056618.26,0,0
2026|1721|4111|3|0|10|1,6456,0,0,0,0,0,0,0,0,0
2026|1721|2066|3|0|10|1,623560,41478.54,41478.54000000004,41478.54,41478.54,17085.089999999997,17085.09,0,0,24393.450000000004
2026|1721|2062|3|0|10|1,807584,311068.72,311068.72,311068.72,311068.72,233377.45,233377.45,0,0,77691.26999999996
2026|1721|2070|3|0|10|1,1534129,449532.69,-182001.31000000006,449532.69,449532.69,350392.45,350392.44999999995,0,0,99140.23999999999
2026|1721|2070|4|0|10|1,83108,16621.59,16621.589999999997,16621.59,16621.590000000004,0,0,0,-3.637978807091713e-12,16621.590000000004
2026|1721|2500|3|0|10|1,1022661,1022661,1022661,334200.39,203920.88,144065.86,144065.86,688460.61,130279.51000000001,59855.02000000002
2026|1721|2417|1|0|10|1,6822629,6822629,7481198.926163882,2400014.93,2312214.9299999997,2312214.9299999997,2312214.9299999997,4422614.07,87800.00000000047,0
2026|1721|2417|3|0|10|7,836807,836807,1083894.8877126784,262046.04,262046.03999999998,262046.03999999998,262046.04,574760.96,2.9103830456733704e-11,0
2026|1911|2049|3|0|71|1,0,0,215481764.83,0,0,0,0,0,0,0
2026|1911|2049|3|0|10|1,9072345,14072345,14072345,6000100,0,0,0,8072245,6000100,0
2026|1911|7663|3|0|51|1,947387,947387,869419.2719733586,800000,800000,389346.81,389346.81,147387,0,410653.19
2026|1911|7663|3|0|10|1,977463295,977463295,960178077.0389824,500000000,500000000,267149102.32,267149102.32,477463295,0,232850897.68
2026|1915|7723|5|0|10|1,1000,1000,1000,0,0,0,0,1000,0,0
2026|1915|7541|5|0|10|1,1000,1000,1000,0,0,0,0,1000,0,0
2026|1915|7054|5|0|10|1,1000,1000,1000,0,0,0,0,1000,0,0
2026|1915|7758|5|0|10|1,1000,1000,1000,0,0,0,0,1000,0,0
2026|1915|7707|5|0|10|1,1000,1000,1000,0,0,0,0,1000,0,0
2026|1915|7700|5|0|10|1,1000,1000,1000,0,0,0,0,1000,0,0
2026|1915|7737|5|0|10|1,1000,1000,1000,0,0,0,0,1000,0,0
2026|1915|7759|5|0|10|1,1000,1000,1000,0,0,0,0,1000,0,0
2026|1915|7734|5|0|10|1,1000,7170214.78,23001000,7169214.78,7169214.78,7169214.78,7169214.78,1000,0,0
2026|1915|7752|5|0|61|2,110000,110000,110000,27500,2918.58,2918.58,2918.58,82500,24581.42,0
2026|1916|7013|5|0|10|1,1000,1000,1000,0,0,0,0,1000,0,0
2026|1916|7019|3|0|10|1,1860660343,1860660343,1860660343,0,0,0,0,1860660343,0,0
2026|1916|7658|2|0|10|1,56579058,56579058,56579058,28455110.82,23704855.31,18993819.97,0,28123947.18,4750255.510000002,4711035.34
2026|1916|7658|6|0|10|1,20786815,20786815,20786815,10247170.89,8530919.9,6794800.19,0,10539644.11,1716250.9900000002,1736119.71
2026|1916|7043|2|0|10|1,42845856,42845856,42845856,22539586.29,20424811.72,13393322.310000002,13393322.309999999,20306269.71,2114774.5700000003,7031489.409999996
2026|1916|7043|6|0|10|1,44624688,44624688,44624688,23213337.740000002,22310929.04,14873952.680000002,14873952.680000002,21411350.259999998,902408.700000003,7436976.359999998
2026|1916|7030|2|0|10|1,108092379,108092379,108092379,53421878.5,48646657.599999994,32341666.87,32341666.87,54670500.5,4775220.900000006,16304990.729999993
2026|1916|7030|6|0|10|1,135324391,135324391,135324391,74581843.38,67354843.86,44877903.269999996,44877903.269999996,60742547.620000005,7226999.519999996,22476940.590000004
2026|1916|7896|2|0|10|1,466924266,466924266,466924266,304566125.40999997,282957664.81,201107578.09,201107578.09,162358140.59000003,21608460.599999964,81850086.72
2026|1916|7896|6|0|10|1,1378637192,1378637192,1378637192,1116293376.52,1019133958.1299999,878683469.3900001,878683469.39,262343815.48000002,97159418.3900001,140450488.73999977
2026|1916|7003|6|0|10|1,1283126508,1283126508,1283126508,684945596.04,668364971.6700001,447802355.52,447802355.52,598180911.96,16580624.369999886,220562616.1500001
2026|1916|7886|2|0|10|1,470267361,470267361,470267361,409953063.04,368897213.75,104061727.44,104061727.44000001,60314297.95999998,41055849.29000002,264835486.31
2026|1916|7886|2|0|11|1,249451387,249451387,249451387,0,0,0,0,249451387,0,0
2026|1916|7886|6|0|10|1,2158027433,2158027433,2158027433,1336206643.76,1046628191,529344278.40999997,529344278.41,821820789.24,289578452.76,517283912.59000003
2026|1941|4489|3|0|10|1,2550296,2370548.69,2370548.6900000004,0,0,0,0,2370548.69,0,0
2026|1941|4488|3|0|60|2,100000,100000,100000,50000,50000,10515.14,10515.14,50000,0,39484.86
2026|1941|4488|3|0|10|1,2782256,2797256,2797256,1406128,1402128,5896.4400000000005,5896.4400000000005,1391128,4000,1396231.56
2026|1941|7024|1|0|10|1,23804806,23804806,20385077.802838802,5905030.61,5905030.609999999,5905030.609999999,5905030.609999999,17899775.39,9.313225746154785e-10,0
2026|1941|7441|1|0|10|1,190931851,190931851,179528937.12865266,52317060.95,52317060.949999996,52317060.949999996,52317060.95,138614790.05,7.450580596923828e-09,0
2026|1951|2132|3|0|10|3,8096745,4170378.8,4170378.8,0,0,0,0,4170378.8,0,0
2026|1951|2132|3|0|71|3,13498418,10998418,10998418,0,0,0,0,10998418,0,0
2026|1951|2132|4|0|10|3,4415051,238571.57,238571.5699999996,0,0,0,0,238571.57,0,0
2026|1991|9999|9|0|10|1,1177567620,768974872.73,0,0,0,0,0,768974872.73,0,0
2026|2011|4068|3|0|50|1,16528242,16528242,16528242,8050000,7795917.110000005,2111760.45,2111760.45,8478242,254082.889999995,5684156.660000005
2026|2011|2012|3|0|50|1,19218840,19218840,19218840,6971000,4345600,1878122.9000000004,1878122.9,12247840,2625400,2467477.0999999996
2026|2011|2012|4|0|50|1,7800000,7800000,7800000,2100000,2100000,755590.9099999999,755590.91,5700000,0,1344409.09
2026|2011|4410|3|0|50|1,86673748,86673748,86673748,40855000,32999170.560000002,22204131.660000004,22203419.659999996,45818748,7855829.439999998,10795038.899999999
2026|2011|4074|3|0|50|1,367182747,367182747,367182747,182480374.81,176926827.68000007,88360528.87999998,88357448.89999987,184702372.19,5553547.129999936,88566298.80000009
2026|2011|4073|3|0|60|1,31502307,30127307,30127307,15080153.5,15080153.5,4158931.7399999998,4158931.74,15047153.5,0,10921221.76
2026|2011|4073|3|0|61|1,81178587,81178587,81178587,40589293.5,40589293.5,16368687,16368687,40589293.5,0,24220606.5
2026|2011|4073|3|0|49|1,294370631,294370631,294370631,150809516.45,148135661.79000002,35326298.35,35326298.349999994,143561114.55,2673854.6599999666,112809363.44000003
2026|2011|4073|3|0|50|1,446996901,446996901,446996901,253912199.63,205117579.66999993,66824639.66000002,66824479.660000004,193084701.37,48794619.96000007,138292940.0099999
2026|2011|4230|3|0|50|1,18220742,18220742,18220742,6946211.5,4651211.13,2715961.0100000002,2689161.960000001,11274530.5,2295000.37,1935250.1199999996
2026|2011|4230|4|0|50|1,2569900,2569900,2569900,850000,0,0,0,1719900,850000,0
2026|2011|4229|3|0|50|1,15648106,15648106,15648106,9863100,5633156.29,3675306.170000001,3673952.9699999997,5785006,4229943.71,1957850.1199999992
2026|2011|4229|4|0|50|1,3433505,3433505,3433505,1520000,6856.67,6856.67,6856.67,1913505,1513143.33,0
2026|2011|4231|3|0|50|1,320077402,320077402,320077402,156794251.02,105142678.95999993,57645801.41999997,56856507.44999999,163283150.98,51651572.06000008,47496877.53999996
2026|2011|4231|4|0|50|1,72721459,72721459,72721459,38187676.93,21485271.009999998,6912966.57,6912966.57,34533782.07,16702405.920000002,14572304.439999998
2026|2011|4409|3|0|60|1,1200000,1200000,1200000,600000,330000,305199.22,305199.22,600000,270000,24800.780000000028
2026|2011|2014|3|0|60|1,2000000,2000000,2000000,296000,0,0,0,1704000,296000,0
2026|2011|2014|3|0|10|1,23888520,27231654,28231654,12683976.61,7974987.110000001,5198437.19,5192622.89,14547677.39,4708989.499999998,2776549.920000001
2026|2011|2014|4|0|10|1,3958464,3958464,3958464,1979000,1170000,636707.54,636707.54,1979464,809000,533292.46
2026|2011|2039|3|0|50|1,26527611,26527611,26527611,14313362.04,6635330.129999998,4524967.260000001,4515246.999999999,12214248.96,7678031.910000001,2110362.8699999973
2026|2011|2039|4|0|50|1,835354,835354,835354,255000,13439.8,13439.8,13439.8,580354,241560.2,0
2026|2011|7004|1|0|60|9,5900000,5900000,5900000,5900000,1561775.92,1559222.05,1559222.0499999998,0,4338224.08,2553.869999999879
2026|2011|7004|1|0|10|9,171924791,171924791,171924791,55000000,26855035.850000024,26855035.85000002,13139601.580000004,116924791,28144964.149999976,3.725290298461914e-09
2026|2011|7004|3|0|60|9,100000,100000,100000,100000,631.26,631.26,631.26,0,99368.74,0
2026|2011|7004|3|0|10|9,1462412,1462412,1462412,0,0,0,0,1462412,0,0
2026|2011|2500|3|0|60|1,0,1375000,1375000,1375000,0,0,0,0,1375000,0
2026|2011|2500|3|0|10|1,0,965210.4,0,0,0,0,0,965210.4,0,0
2026|2011|2500|3|0|50|1,114442859,114442859,114442859,35573100,25293690.99,15057166.28,15046095.199999997,78869759,10279409.010000002,10236524.709999999
2026|2011|2500|4|0|47|1,1000,1000,1000,0,0,0,0,1000,0,0
2026|2011|2500|4|0|50|1,7729836,7729836,7729836,4544000,2826200,1281006.8,1281006.8,3185836,1717800,1545193.2
2026|2011|2417|1|0|57|2,7356625,7356625,7233595.621163496,2110525.52,2110525.52,2110525.52,2110525.52,5246099.48,0,0
2026|2011|2417|1|0|49|1,301419400,301419400,290354389.5724527,90541488.48000002,90541488.48,90507657.28,90507657.27999999,210877911.51999998,1.4901161193847656e-08,33831.20000000298
2026|2011|2417|3|0|49|1,13599375,13599375,13599375,4263601.32,4263601.32,4263601.32,4263601.32,9335773.68,0,0
2026|2011|2417|3|0|49|7,36014656,36014656,33579639.73809672,10708701.99,10708701.990000002,10708701.990000002,10708701.99,25305954.009999998,-1.862645149230957e-09,0
2026|2041|4340|3|0|60|1,1615200,1615200,0,0.02,0,0,0,1615199.98,0.02,0
2026|2041|7004|1|0|60|9,435033,415033,435033,0,0,0,0,415033,0,0
2026|2041|7004|3|0|60|9,0,20000,0,12448.35,0,0,0,7551.65,12448.35,0
2026|2041|2500|3|0|60|1,1073974,1073974,1073974,644266.9999999998,313502.64,112782.32999999999,112782.32999999999,429707.00000000023,330764.35999999975,200720.31000000003
2026|2041|2500|4|0|60|1,33000,33000,33000,0,0,0,0,33000,0,0
2026|2041|2417|1|0|60|1,2223557,2223557,2502181.208261782,734807.6599999999,734807.6599999999,734807.6599999999,734807.6600000001,1488749.34,0,0
2026|2041|2417|3|0|60|7,357876,357876,414706.76358260505,108545.51,108545.51,108545.51,108545.51,249330.49,0,0
2026|2061|4027|3|0|10|1,164000,164000,164000,124000,77999.34,77996.11,77996.11,40000,46000.66,3.2299999999959255
2026|2061|4242|3|0|10|1,91467,91467,91467,68943.9,0,0,0,22523.100000000006,68943.9,0
2026|2061|4242|3|0|60|1,199592,199592,199592,112099.31999999999,95634.07999999999,32721.03,32721.030000000002,87492.68000000001,16465.240000000005,62913.04999999999
2026|2061|4244|3|0|10|1,1054428,1054428,1054428,545499.6399999999,436910.18,175709.82,175709.82,508928.3600000001,108589.4599999999,261200.36
2026|2061|4244|3|0|60|1,927948,927948,927948,333975.85,261973.24000000002,101411.98,32259.77,593972.15,72002.60999999996,160561.26
2026|2061|4240|3|0|60|1,481205,481205,481205,320625.75,260781.09,30318.65,30318.65,160579.25,59844.66,230462.44
2026|2061|4240|3|0|10|1,1165400,1502668.39,1502668.3900000001,850655.85,425626.66,285633.5,285633.5,652012.5399999999,425029.19,139993.15999999997
2026|2061|4240|4|0|10|1,0,70000,70000,70000,48500,0,0,0,21500,48500
2026|2061|4246|1|0|10|1,2158840,2158840,1800508.9947424463,531904.86,531904.86,531904.86,531904.8600000001,1626935.1400000001,0,0
2026|2061|4246|3|0|10|1,199942,199942,199942,144671.99,38887.770000000004,17035.77,17035.769999999997,55270.01000000001,105784.21999999999,21852
2026|2061|4246|3|0|10|7,90354,90354,97283.18611231171,26164.5,26164.5,26164.5,26164.5,64189.5,0,0
2026|2061|4246|3|0|60|1,354963,354963,354963,186296.6,154963.64,63197.04000000001,63197.04,168666.4,31332.959999999992,91766.6
2026|2061|4245|1|0|10|1,3047500,3047500,2673533.402214447,782067.01,782067.01,782067.01,782067.0099999999,2265432.99,0,0
2026|2061|4245|3|0|10|7,107955,107955,136361.29102360146,34318.17,34318.17,34318.17,34318.17,73636.83,0,0
2026|2061|4245|3|0|10|1,1280844,1280844,1280844,538668.24,440330.37999999995,232445.50999999998,105134.34999999999,742175.76,98337.86000000004,207884.86999999997
2026|2061|4243|1|0|10|1,2708093,2708093,2391555.848061962,809272.3400000001,809272.34,809272.34,809272.3400000001,1898820.66,1.1641532182693481e-10,0
2026|2061|4243|3|0|10|7,125922,125922,163855.15150648853,43885.67,43885.67,43885.67,43885.67,82036.33,0,0
2026|2061|4243|3|0|10|1,4610430,4610430,4610430,2173500.7600000002,1585072.71,1349568.2399999998,1106724.22,2436929.2399999998,588428.0500000003,235504.4700000002
2026|2061|4248|3|0|10|1,248309,248309,248309,71029.84,40766.58,20383.29,20383.29,177279.16,30263.259999999995,20383.29
2026|2061|4248|3|0|60|1,499470,499470,499470,221099.27999999997,88875.8,42458.810000000005,42458.810000000005,278370.72000000003,132223.47999999998,46416.99
2026|2061|4250|3|0|60|1,94000,94000,94000,44254.5,7600,0,0,49745.5,36654.5,7600
2026|2061|4250|3|0|10|1,419029,419029,419029,209558.6,204823.44,123437.94,123437.94,209470.4,4735.1600000000035,81385.5
2026|2061|4251|3|0|10|1,161404,161404,161404,69748.06999999999,2024.77,2024.77,2024.77,91655.93000000001,67723.29999999999,0
2026|2061|4251|3|0|60|1,385359,385359,385359,204627.28,187436.55,76709.23000000001,76709.23,180731.72,17190.73000000001,110727.31999999998
2026|2061|4249|3|0|60|1,224170,224170,224170,169805,115189.73,78273.34,75974.84,54365,54615.270000000004,36916.39
2026|2061|4249|3|0|10|1,976400,976400,122916,394635.54000000004,394635.03,194507.44999999998,194507.45,581764.46,0.5100000000093132,200127.58000000005
2026|2061|4257|3|0|60|1,185588,185588,185588,108378.51,107678.51000000001,45800.439999999995,45800.439999999995,77209.49,699.9999999999854,61878.070000000014
2026|2061|4257|3|0|10|1,446346,446346,446346,205520.44999999998,202519.44,104684.53,104684.53,240825.55000000002,3001.00999999998,97834.91
2026|2061|4254|3|0|60|1,10500,10500,10500,9000,4153.7,0,0,1500,4846.3,4153.7
2026|2061|4254|3|0|10|1,664000,664000,664000,291245.57,272634.77999999997,166951.34000000003,166951.34,372754.43,18610.790000000037,105683.43999999994
2026|2061|4255|3|0|10|3,0,13841.8,13841.8,13841.8,0,0,0,0,13841.8,0
2026|2061|4255|3|0|24|1,2000,330071.81,330071.81,328071.81,90675.81999999999,15971.4,9721.439999999999,2000,237395.99,74704.42
2026|2061|4255|3|0|60|1,1172974,1172974,1172974,603453.8999999999,586208.8200000001,275518.28,195162.91999999998,569520.1000000001,17245.07999999984,310690.54000000004
2026|2061|7004|1|0|10|9,1000,90950.2,90950.2,89950.2,89950.2,89950.2,5071.86,1000,0,0
2026|2061|7004|3|0|10|9,0,9786.73,9786.73,9786.73,7552.62,7552.62,7552.62,0,2234.1099999999997,0
2026|2061|2500|3|0|10|1,813465,579965,579965,313690.01,306788.22,150290.08000000002,150290.08,266274.99,6901.790000000037,156498.13999999996
2026|2061|2500|3|0|60|1,602231,602231,602231,255383.25,253539.71,108841.88,0,346847.75,1843.5400000000081,144697.83
2026|2061|2500|4|0|10|1,0,233500,233500,66547.25,66547.25,23350,0,166952.75,0,43197.25
2026|2061|2417|1|0|10|1,47065152,47065152,46793952.4023356,13862449.290000001,13862449.29,13862449.29,13862449.290000003,33202702.71,1.862645149230957e-09,0
2026|2061|2417|3|0|10|1,774950,774950,774950,404759.56,216688.82,216688.82,216688.82,370190.44,188070.74,0
2026|2061|2417|3|0|10|7,3447199,3447199,3666246.581975491,1029346.39,1029346.39,1029346.39,1029346.39,2417852.61,0,0
2026|2071|4362|3|0|10|1,22350459,22350459,22350459,8777991.420000002,3392473.84,3236026.29,3130475.7,13572467.579999998,5385517.580000002,156447.5499999998
2026|2071|4389|3|0|10|1,20321160,20321160,20321160,16641671.999999998,12589866.08,5868717.93,5868717.93,3679488.000000002,4051805.919999998,6721148.15
2026|2071|4389|4|0|10|1,16323784,16323784,16323784,12983090.35,9642278.67,4718488.340000001,4718488.340000001,3340693.6500000004,3340811.6799999997,4923790.329999999
2026|2071|4387|3|0|10|1,21335588,21335588,21335588,21335588,20535519.21,18002174.93,16450584.930000002,0,800068.7899999991,2533344.280000001
2026|2071|4387|3|0|68|1,400000,400000,400000,0,0,0,0,400000,0,0
2026|2071|4387|3|0|10|3,454650,454650,454650,0,0,0,0,454650,0,0
2026|2071|4387|3|0|24|1,1259300,1595349.25,1294809.89,336049.25,336049.25,336049.25,336049.25,1259300,0,0
2026|2071|4387|4|0|10|1,37279931,37279931,37279931,12113283.14,7673510.01,7195310.01,6417560.01,25166647.86,4439773.130000001,478200
2026|2071|4387|5|0|10|1,600000,600000,600000,300000,149000,99000,99000,300000,151000,50000
2026|2071|4048|3|0|10|1,183115180,183115180,183115180,110238762.81,86571281.05,57440968.650000006,57145043.650000006,72876417.19,23667481.760000005,29130312.39999999
2026|2071|4513|3|0|10|8,199999,199999,199999,0,0,0,0,199999,0,0
2026|2071|4513|3|0|68|1,603712,603712,603712,0,0,0,0,603712,0,0
2026|2071|4513|3|0|69|1,900000,900000,900000,0,0,0,0,900000,0,0
2026|2071|4513|3|0|10|1,119186883,119186883,119186883,31117108.37,24286389.339999996,24186389.339999996,23252349.959999997,88069774.63,6830719.030000005,100000
2026|2071|4513|4|0|68|1,203712,203712,203712,0,0,0,0,203712,0,0
2026|2071|4513|4|0|10|1,61420301,61420301,61420301,29581932.439999998,9858771.12,9858771.12,9760771.12,31838368.560000002,19723161.32,0
2026|2071|1069|3|1|10|1,8369244,6325942,6325942,1338520.6400000001,1338520.6400000001,1338520.6400000001,1338520.6400000001,4987421.359999999,0,0
2026|2071|1069|4|1|10|1,0,2043302,2043302,43302,43302,43302,43302,2000000,0,0
2026|2071|1068|3|1|10|1,24205548,24205548,24205548,11852579.44,6416895.67,5198136.88,4782439.88,12352968.56,5435683.77,1218758.79
2026|2071|1068|4|1|10|1,7291082,7291082,7291082,4900594.23,2206986.6,1143986.6,1135796.6,2390487.7699999996,2693607.6300000004,1063000
2026|2071|1088|3|1|10|1,24270270,24270270,24270270,8288444.93,8288444.93,7551858.68,7220363.68,15981825.07,0,736586.25
2026|2071|1088|4|1|10|1,11964446,11964446,11964446,5733791.9399999995,5731265.630000001,5118232.300000001,5118232.300000001,6230654.0600000005,2526.309999998659,613033.3300000001
2026|2071|1087|3|1|10|1,5891004,5891004,5891004,5891004,3468997.16,2281155.91,1347034.81,0,2422006.84,1187841.25
2026|2071|1087|4|1|10|1,3462793,3462793,3462793,3462793,2576514.6399999997,2476514.6399999997,2118014.6399999997,0,886278.3600000003,100000
2026|2071|7004|1|0|60|9,351622,351622,351622,0,0,0,0,351622,0,0
2026|2071|2500|3|0|10|1,24756064,24756064,24756064,11397378.39,7189555.4,5254356.09,5203473.459999998,13358685.61,4207822.99,1935199.3100000005
2026|2071|2500|4|0|47|1,120000,120000,0,0,0,0,0,120000,0,0
2026|2071|2500|4|0|10|1,5763360,5763360,5763360,2960765.52,1390980.41,904986.4299999999,904986.43,2802594.48,1569785.11,485993.98
2026|2071|2417|1|0|10|1,10675405,10675405,10787336.861446012,3264364.62,3199364.62,3185123.96,3185123.96,7411040.38,65000,14240.660000000149
2026|2071|2417|3|0|10|7,1351328,1351328,1391849.1704125921,366004.42000000004,366004.42000000004,366004.42000000004,366004.42,985323.58,0,0
2026|2071|0|3|0|10|1,0,0,-4908998.91,0,0,0,0,0,0,0
2026|2071|0|4|0|10|1,0,0,-1598172.69,0,0,0,0,0,0,0
2026|2091|4070|3|0|72|1,360536,360536,360536,249128.2,19371.82,6641.12,6641.12,111407.79999999999,229756.38,12730.7
2026|2091|4069|3|0|72|1,604099,604099,604099,456099,81583.57,49838.4,49838.4,148000,374515.43,31745.170000000006
2026|2091|4072|3|0|72|1,111831,111831,111831,111831,83985,72835,72835,0,27846,11150
2026|2091|4071|3|0|72|1,761735,761735,761735,550732,405104.81,99413.51999999999,98910.42000000001,211003,145627.19,305691.29000000004
2026|2091|7004|1|0|60|9,2313172,1813172,1813172,800000,0,0,0,1013172,800000,0
2026|2091|7004|3|0|60|9,0,500000,500000,500000,208575.53,208575.53,176382.47999999998,0,291424.47,0
2026|2091|2500|3|0|9|0,668675,0,0,0,0,0,0,0,0,0
2026|2091|2500|3|0|9|1,0,668675,668675,0,0,0,0,668675,0,0
2026|2091|2500|3|0|72|1,14850058,14850058,14850058,10839844.299999999,4793089.4399999995,4342948.219999999,3800563.48,4010213.700000001,6046754.859999999,450141.22000000067
2026|2091|2500|4|0|72|1,4500,4500,4500,4500,0,0,0,0,4500,0
2026|2091|2417|1|0|52|1,5249666,5249666,0,0,0,0,0,5249666,0,0
2026|2091|2417|1|0|60|1,16850828,16850828,49337317.29457288,9470788.48,9470788.48,9470788.48,9470788.48,7380039.52,0,0
2026|2091|2417|1|0|72|1,30573890,30573890,2867599.7900000014,2905985.24,2905985.24,2905985.24,2905985.24,27667904.759999998,0,0
2026|2091|2417|3|0|72|7,9917648,9917648,10628345.204318995,3388543.03,3388543.03,3388543.03,3388543.0300000003,6529104.970000001,0,0
2026|2101|4057|3|0|72|1,1000,1000,1000,0,0,0,0,1000,0,0
2026|2101|4500|3|0|95|1,0,1380171.98,1380171.98,1380171.98,18000,18000,18000,0,1362171.98,0
2026|2101|4500|3|0|80|1,13318032,13318032,13318032,0,0,0,0,13318032,0,0
2026|2101|4500|5|0|61|1,17499900,17499900,17499900,0,0,0,0,17499900,0,0
2026|2101|4054|3|0|72|1,263505,263505,263505,98000,55119.49,36922.490000000005,34240.96,165505,42880.51,18196.999999999993
2026|2101|4054|3|0|80|1,9420480,9420480,9420480,0,0,0,0,9420480,0,0
2026|2101|4058|3|0|72|3,10385,10385,10385,0,0,0,0,10385,0,0
2026|2101|4058|3|0|24|1,535855,535855,535855,0,0,0,0,535855,0,0
2026|2101|4058|3|0|72|1,6486195,6456195,6456195,1973979.86,1734530.06,1375050.56,1339911.9,4482215.14,239449.80000000005,359479.5
2026|2101|4058|3|0|80|1,24771991,24771991,24771991,0,0,0,0,24771991,0,0
2026|2101|4058|4|0|95|1,0,478061.16,478061.16,478061.16,0,0,0,0,478061.16,0
2026|2101|4058|4|0|72|1,1311,31311,31311,10782,10782,0,0,20529,0,10782
2026|2101|4055|3|0|72|1,3027993,3027993,3027993,899847.78,758213.48,380727.95,372322.64,2128145.2199999997,141634.30000000005,377485.52999999997
2026|2101|4056|3|0|10|8,0,150000,150000,0,0,0,0,150000,0,0
2026|2101|4056|3|0|10|4,400000,400000,400000,0,0,0,0,400000,0,0
2026|2101|4056|3|0|61|1,4153721,4133721,4133721,1247596.8699999999,1096065.46,925388.1799999998,901580.1199999999,2886124.13,151531.40999999992,170677.28000000014
2026|2101|4056|3|0|80|1,22582986,22582986,22582986,0,0,0,0,22582986,0,0
2026|2101|4056|4|0|61|1,0,20000,20000,20000,11258.15,2991.36,0,0,8741.85,8266.789999999999
2026|2101|4059|3|0|10|8,1100000,193000,193000,0,0,0,0,193000,0,0
2026|2101|4059|3|0|10|4,300000,300000,300000,0,0,0,0,300000,0,0
2026|2101|4059|3|0|95|1,0,6397798.53,6397798.53,1296919.4,1296919.4,1296919.4,1296919.4,5100879.130000001,0,0
2026|2101|4059|3|0|80|1,14093425,14093425,14093425,0,0,0,0,14093425,0,0
2026|2101|4059|3|0|72|1,41863446,41863446,41863446,13906231.83,13313405.759999998,11408155.599999996,10561164.759999998,27957214.17,592826.0700000022,1905250.160000002
2026|2101|4059|4|0|95|1,0,1091.71,1091.71,1091.71,0,0,0,0,1091.71,0
2026|2101|4059|4|0|10|8,0,1456500,1456500,0,0,0,0,1456500,0,0
2026|2101|4091|3|0|72|1,6129341,6129341,6129341,583540,471324.35,332758.04000000004,318644.38,5545801,112215.65000000002,138566.30999999994
2026|2101|7004|1|0|60|9,3534985,3534985,3534985,1300000,327704.35000000003,327704.35000000003,308102.82,2234985,972295.6499999999,0
2026|2101|7004|3|0|60|9,1034345,1034345,1034345,300000,105713.97,91119.29999999999,91119.3,734345,194286.03,14594.670000000013
2026|2101|2500|3|0|68|1,2900,2900,2900,0,0,0,0,2900,0,0
2026|2101|2500|3|0|9|1,3443,16130.26,16130.26,12687.26,1513.12,1188.52,1188.52,3443,11174.14,324.5999999999999
2026|2101|2500|3|0|74|1,6100,6100,6100,0,0,0,0,6100,0,0
2026|2101|2500|3|0|69|1,60100,60100,60100,0,0,0,0,60100,0,0
2026|2101|2500|3|0|72|1,16036348,16036348,16036348,5367468.5,4780655.599999999,4111519.64,4006889.679999999,10668879.5,586812.9000000013,669135.9599999986
2026|2101|2500|4|0|72|1,17836,17836,17836,0,0,0,0,17836,0,0
2026|2101|2500|4|0|9|1,1051864,2135246.02,2135246.02,1083382.02,130686.04999999999,41752.41,41752.409999999996,1051864,952695.97,88933.63999999998
2026|2101|2417|1|0|72|1,18771662,18771662,8305255.172820471,5345867.76,5345867.76,5345867.76,5345867.76,13425794.24,0,0
2026|2101|2417|1|0|26|1,107340444,107340444,115309822.01,32781410.52999999,32781410.529999997,32781410.529999997,32781410.53,74559033.47000001,-7.450580596923828e-09,0
2026|2101|2417|3|0|72|7,20849186,20849186,23775835.382317133,7641702.699999999,7641702.699999999,7641702.699999999,7641702.699999999,13207483.3,0,0
2026|2121|4009|3|0|50|1,20607,20607,20607,20607,3667.4100000000003,3667.4100000000003,3261.1600000000003,0,16939.59,0
2026|2121|4009|3|0|49|1,40793430,40793430,40793430,40793429.23,13912692.839999994,13912692.839999996,13881580.900000002,0.7700000032782555,26880736.39,-1.862645149230957e-09
2026|2121|4009|3|0|60|1,9190329,9190329,9190329,3865579.07,2473207.9899999998,1759056.24,1759056.2400000002,5324749.93,1392371.08,714151.7499999998
2026|2121|4008|3|0|49|1,582853348,582853348,582853348,582853348,222517557.45999992,222057234.98999998,220745628.34000027,0,360335790.5400001,460322.4699999392
2026|2121|4008|3|0|60|1,7215871,7215871,7215871,7207914.44,645366.8,0,0,7956.55999999959,6562547.640000001,645366.8
2026|2121|4008|3|0|50|1,256796622,256796622,256796622,237993456.38999996,70250396.09,69758970.54999995,69659048.05999999,18803165.610000044,167743060.29999995,491425.54000005126
2026|2121|4008|4|0|60|1,1022,1022,1022,1022,0,0,0,0,1022,0
2026|2121|4011|1|0|50|1,410702,410702,467662.40113469696,148217.78,148217.78000000003,148217.78000000003,148217.78,262484.22,-2.9103830456733704e-11,0
2026|2121|4011|3|0|50|7,100954,100954,114812.38376019608,28275,28275,28275,28275,72679,0,0
2026|2121|4011|3|0|60|1,1070074,1070074,1070074,872791.5099999999,205703.38,205703.37,205703.37,197282.4900000001,667088.1299999999,0.010000000009313226
2026|2121|4010|1|0|50|1,601452,601452,593707.1432692052,188975.76,188975.75999999995,188975.75999999995,188975.76,412476.24,5.820766091346741e-11,0
2026|2121|4010|3|0|50|7,120115,120115,142045.03043841803,36500,36500,36500,36500,83615,0,0
2026|2121|4010|3|0|49|1,29984741,29984741,29984741,15390125.58,10968519.990000015,10968519.990000013,8943433.600000007,14594615.42,4421605.589999985,1.862645149230957e-09
2026|2121|2018|3|0|49|1,32625372,32625372,32625372,15869776.559999999,4310425.99,4038361.4099999997,4027707.6100000013,16755595.440000001,11559350.569999998,272064.58000000054
2026|2121|2018|4|0|60|1,90309,90309,90309,45154.5,0,0,0,45154.5,45154.5,0
2026|2121|2018|4|0|47|1,8080000,8230060,8230060,150060,0,0,0,8080000,150060,0
2026|2121|2017|3|0|60|1,55470693,55470693,55470693,28014985.050000004,18679413.339999996,12719767.049999999,12716153.260000002,27455707.949999996,9335571.710000008,5959646.289999997
2026|2121|2017|4|0|60|1,270926,270926,270926,134952.01,0,0,0,135973.99,134952.01,0
2026|2121|7004|1|0|49|9,33121318,0,0,0,0,0,0,0,0,0
2026|2121|7004|3|0|49|9,495813,33617131,33617131,33617131,10359280.349999994,10359280.349999994,9835812.729999995,0,23257850.650000006,0
2026|2121|7002|1|0|50|1,820782946,820782946,780756264.7835817,205783027.04999995,205783019.8,205783018.79000002,205783018.79,614999918.95,7.249999940395355,1.0099999904632568
2026|2121|7002|1|0|49|1,1463989864,1463989864,1511156526.37558,474300000,473484883.85,473444073.33000004,473397614.92,989689864,815116.1499999762,40810.51999998093
2026|2121|2417|1|0|57|2,70000,70000,56655.68921310572,16554.92,16554.92,16554.92,16554.92,53445.08,0,0
2026|2121|2417|1|0|50|1,10614145,10614145,10822800.4940795,3352406.9400000004,3352406.94,3352406.94,3352406.9400000004,7261738.06,4.656612873077393e-10,0
2026|2121|2417|3|0|60|1,156157,156157,156157,52025.020000000004,52025.020000000004,52025.020000000004,52025.02,104131.98,0,0
2026|2121|2417|3|0|50|7,2484401,2484401,2840712.4537363006,773975,773975,773975,773975,1710426,0,0
2026|2151|4232|3|0|10|1,140000,140000,140000,69000,0,0,0,71000,69000,0
2026|2151|4075|3|0|10|1,20000,20000,20000,20000,0,0,0,0,20000,0
2026|2151|4175|3|0|10|1,4877207,4877207,4877207,2166000,973127.46,612849.96,612849.96,2711207,1192872.54,360277.5
2026|2151|4077|3|0|10|1,1017765,1017765,1017765,324000.01,179939.94999999998,179939.94999999998,179939.95,693764.99,144060.06000000003,0
2026|2151|4080|1|0|10|1,7203179,7203179,6692087.702164198,2078012.59,2078012.59,2078012.59,2078012.5899999999,5125166.41,0,0
2026|2151|4080|3|0|10|1,361057,361057,361057,341585.98,69760.16,62500.210000000014,62500.21000000001,19471.02000000002,271825.81999999995,7259.94999999999
2026|2151|4080|3|0|10|7,750241,750241,779397.5771976406,230492.5,230492.5,230492.5,230492.5,519748.5,0,0
2026|2151|4080|4|0|10|1,20000,20000,20000,20000,0,0,0,0,20000,0
2026|2151|4076|3|0|10|1,2799950,2799950,2799950,2799950,2500000,2500000,2500000,0,299950,0
2026|2151|4078|1|0|10|1,10627094,10627094,10113602.016135402,3125645.51,3125645.51,3125645.51,3125645.51,7501448.49,0,0
2026|2151|4078|3|0|10|7,777074,777074,1126965.0345941645,296268.5,296268.5,296268.5,296268.5,480805.5,0,0
2026|2151|4078|3|0|10|1,1330753,1330753,1330753,543234.02,132110.26,50011.59999999999,50011.6,787518.98,411123.76,82098.66000000002
2026|2151|4078|4|0|10|1,1390000,390000,390000,0,0,0,0,390000,0,0
2026|2151|2022|3|0|10|1,20000,20000,20000,20000,4000,4000,4000,0,16000,0
2026|2151|4092|3|0|10|1,9894,9894,9894,9894,0,0,0,0,9894,0
2026|2151|2015|1|0|10|1,797558,797558,484958.0828372725,158219.27,158219.27,158219.27,158219.27000000002,639338.73,0,0
2026|2151|2015|3|0|10|1,32000,32000,32000,3730.1099999999997,1730.11,1730.11,1730.11,28269.89,1999.9999999999998,0
2026|2151|2015|3|0|10|7,119252,119252,96988.1053914948,29920,29920,29920,29920,89332,0,0
2026|2151|4093|1|0|10|1,695924,695924,1073595.770824166,300332.66000000003,300332.66000000003,300332.66000000003,300332.66,395591.33999999997,0,0
2026|2151|4093|3|0|10|1,160560,160560,160560,106560,51746,18092.79,18092.79,54000,54814,33653.21
2026|2151|4093|3|0|10|7,181930,181930,272538.77597693086,88308.2,88308.2,88308.2,88308.2,93621.8,0,0
2026|2151|1023|4|0|10|1,10000,10000,10000,0,0,0,0,10000,0,0
2026|2151|1024|3|0|10|1,448394,448394,448394,0,0,0,0,448394,0,0
2026|2151|2027|4|0|10|1,100000,3600000,3600000,0,0,0,0,3600000,0,0
2026|2151|4198|1|0|10|1,2864001,2864001,2326608.731928242,768062.5900000001,768062.5900000001,768062.5900000001,768062.59,2095938.41,0,0
2026|2151|4198|3|0|10|1,647541,647541,647541,355341,69000,23704.19,23704.19,292200,286341,45295.81
2026|2151|4198|3|0|10|7,506466,506466,406398.38369488844,113372.5,113372.5,113372.5,113372.5,393093.5,0,0
2026|2151|4198|4|0|10|1,1690000,779800,779800,100000,0,0,0,679800,100000,0
2026|2151|4199|1|0|10|1,4144568,4144568,4392167.28826044,1331156.7,1331156.7000000002,1331156.7000000002,1331156.6999999997,2813411.3,-2.3283064365386963e-10,0
2026|2151|4199|3|0|10|1,74704,74704,74704,1462.0599999999977,1459.06,1459.06,1459.06,73241.94,2.9999999999977263,0
2026|2151|4199|3|0|10|7,433536,433536,380907.8356400889,106626.33,106626.33,106626.33,106626.33,326909.67,0,0
2026|2151|4234|1|0|10|1,97862,97862,114102.32269620952,33693.15,33693.15,33693.15,33693.15,64168.85,0,0
2026|2151|4234|3|0|10|7,2587,2587,2529.1722244961534,487.5,487.5,487.5,487.5,2099.5,0,0
2026|2151|4234|4|0|10|1,20000,20000,20000,0,0,0,0,20000,0,0
2026|2151|4233|1|0|10|1,1214586,1214586,448252.1728427325,118594.76000000001,118594.76000000001,118594.76000000001,118594.76,1095991.24,0,0
2026|2151|4233|3|0|10|1,4947,4947,4947,4947,0,0,0,0,4947,0
2026|2151|4233|3|0|10|7,141167,141167,79031.25345344574,24094.74,24094.739999999998,24094.739999999998,24094.74,117072.26,3.637978807091713e-12,0
2026|2151|2130|3|0|60|1,293034,293034,293034,132000,0,0,0,161034,132000,0
2026|2151|2130|3|0|10|1,989422,989422,989422,510000,393406.91000000003,177099.3,176291.9,479422,116593.08999999997,216307.61000000004
2026|2151|7004|3|0|60|9,1000,1000,1000,0,0,0,0,1000,0,0
2026|2151|2500|1|0|10|1,9032911,9032911,9951474.005595677,2894495.02,2894495.0200000005,2894495.0200000005,2894495.0200000005,6138415.98,-4.656612873077393e-10,0
2026|2151|2500|3|0|10|7,2911032,2911032,3030275.012633967,963045.22,963045.22,963045.22,963045.22,1947986.78,0,0
2026|2151|2500|3|0|10|1,14996631,14996631,14996631,5748675.669999999,2476668.14,1589810.1,1291415.1400000001,9247955.330000002,3272007.529999999,886858.04
2026|2151|2500|4|0|10|1,453000,2363200,2363200,2041666.67,862201.7,318307.99000000005,54496.9,321533.3300000001,1179464.97,543893.71
2026|2161|1011|3|0|10|1,55185,10000,55185,0,0,0,0,10000,0,0
2026|2161|1030|3|0|10|1,140000,10000,140000,0,0,0,0,10000,0,0
2026|2161|4282|3|0|10|1,10000,10000,10000,0,0,0,0,10000,0,0
2026|2161|4277|3|0|10|1,10000,10000,10000,0,0,0,0,10000,0,0
2026|2161|4285|3|0|10|1,2105190,310941.66,205190,2921.3399999999965,0,0,0,308020.31999999995,2921.3399999999965,0
2026|2161|4515|3|0|10|1,1338734,309610.34,538734,265000.02,128168.76999999999,90375.04000000001,86923.97,44610.32000000001,136831.25,37793.72999999998
2026|2161|4283|1|0|10|1,1950927,1950927,1420157.712729788,408036.09,408036.09,408036.09,408036.08999999997,1542890.91,0,0
2026|2161|4283|3|0|10|7,364870,364870,281336.88832268515,76850.01,76850.01,76850.01,76850.01,288019.99,0,0
2026|2161|4283|3|0|10|1,4583908,4583908,4583908,683894.43,50631.86,0,0,3900013.57,633262.5700000001,50631.86
2026|2161|4283|4|0|10|1,15184,15184,15184,0,0,0,0,15184,0,0
2026|2161|7004|1|0|10|9,207417,207417,207417,0,0,0,0,207417,0,0
2026|2161|2500|3|0|10|1,1107895,994987.45,696430.45,937963.7100000001,468655.3999999999,352525.59,347697.73,57023.739999999874,469308.3100000002,116129.80999999988
2026|2161|2417|1|0|10|1,1997869,1997869,2384151.3584756674,705951.91,705951.9099999999,705951.9099999999,705951.9099999999,1291917.0899999999,1.1641532182693481e-10,0
2026|2161|2417|3|0|10|7,357620,357620,413458.802684534,112372.58,112372.58,112372.58,112372.58,245247.41999999998,0,0
2026|2171|1058|3|0|60|1,406616,406616,406616,406616,0,0,0,0,406616,0
2026|2171|1058|4|0|10|1,47060,42060,42060,42060,0,0,0,0,42060,0
2026|2171|1001|3|1|10|1,1000,1000,1000,0,0,0,0,1000,0,0
2026|2171|1061|4|0|24|1,3196635,3196635,3196635,0,0,0,0,3196635,0,0
2026|2171|1062|3|0|60|1,358000,358000,358000,47742.72,27952.4,21749.4,21749.4,310257.28,19790.32,6203
2026|2171|1066|3|0|60|1,185384,185384,185384,24717.86,3419.9,2883,2883,160666.14,21297.96,536.9000000000001
2026|2171|7004|1|0|10|9,1000,1000,1000,0,0,0,0,1000,0,0
2026|2171|2500|3|0|60|1,50000,50000,50000,43520,0,0,0,6480,43520,0
2026|2171|2500|3|0|10|1,1145946,1099346,851829,651214,433801.88,393925.47,391787.52999999997,448132,217412.12,39876.41000000003
2026|2171|2500|4|0|10|1,4740,4740,4740,4740,0,0,0,0,4740,0
2026|2171|2417|1|0|10|1,2641831,2641831,2912238.0946527007,841556.6699999999,841556.67,841556.67,841556.6699999999,1800274.33,-1.1641532182693481e-10,0
2026|2171|2417|3|0|10|1,0,51600,51600,27219.870000000003,27219.870000000003,27219.870000000003,27219.87,24380.129999999997,0,0
2026|2171|2417|3|0|10|7,532008,532008,720675.5883781966,182774.99,182774.99,182774.99,182774.99,349233.01,0,0
2026|2181|4369|3|0|10|1,1000,1000,1000,0,0,0,0,1000,0,0
2026|2181|4172|3|1|10|1,1000,1000,1000,0,0,0,0,1000,0,0
2026|2181|4423|3|0|60|1,23678,23678,23678,23678,0,0,0,0,23678,0
2026|2181|4423|3|0|10|1,3420501,3420501,3420501,2995813,2125354.51,1453406.2,1453406.2,424688,870458.4900000002,671948.3099999998
2026|2181|4417|3|0|60|1,289677,289677,289677,289677,4040,0,0,0,285637,4040
2026|2181|4417|3|0|10|1,3231438,3031438,3031438,2545734,663235.01,471285.59999999986,470621.7,485704,1882498.99,191949.41000000015
2026|2181|4421|3|0|60|1,143321,143321,143321,143321,107000,30000,30000,0,36321,77000
2026|2181|4421|3|0|10|1,93500,293500,293500,275000,148157.79,1267.99,1267.99,18500,126842.20999999999,146889.80000000002
2026|2181|4422|3|0|60|1,0,375531,375531,375531,0,0,0,0,375531,0
2026|2181|4422|3|0|10|1,9695673,9695673,9695673,9695671.799999999,9695671.79,5478176.49,5478176.49,1.200000001117587,0.009999999776482582,4217495.299999999
2026|2181|4425|1|0|10|1,3139733,3139733,3470714.0121681876,1038496.7399999999,1038496.7400000001,1038496.7400000001,1038496.74,2101236.2600000002,-2.3283064365386963e-10,0
2026|2181|4425|3|0|60|1,61171,61171,61171,61171,0,0,0,0,61171,0
2026|2181|4425|3|0|10|1,1141732,1141732,1141732,976518,307715.53,207060.40999999997,207060.41000000003,165214,668802.47,100655.12000000005
2026|2181|4425|3|0|10|7,1608983,1608983,1639599.0326598748,480679.06,480679.06,480679.06,480679.06,1128303.94,0,0
2026|2181|7004|1|0|10|9,7372703,7372703,7372703,1829921.87,334542.91000000003,144724.28999999998,144679.28999999998,5542781.13,1495378.96,189818.62000000005
2026|2181|7004|3|0|10|9,71986,71986,71986,70722.27,51808.57,30717.61,30717.61,1263.729999999996,18913.700000000004,21090.96
2026|2181|2500|3|0|60|1,1960705,1960705,1960705,721429,360428.11,115135.1,115135.1,1239276,361000.89,245293.00999999998
2026|2181|2500|3|0|10|1,9709754,9694754,8762644,7413731.049999999,3376652.2600000002,2427616.83,2427616.83,2281022.950000001,4037078.7899999986,949035.4300000002
2026|2181|2500|4|0|47|1,5000,5000,0,0,0,0,0,5000,0,0
2026|2181|2417|1|0|10|1,20988937,20988937,19985955.435344376,5985498.180000001,5985498.18,5985498.18,5985498.180000001,15003438.82,9.313225746154785e-10,0
2026|2181|2417|3|0|10|7,3028994,3028994,2950604.434737374,826184.96,826184.96,826184.96,826184.96,2202809.04,0,0
2026|2201|4269|3|0|10|1,54410,54410,54410,37482,37482,3811.95,3811.95,16928,0,33670.05
2026|2201|4267|3|0|10|1,229999,229999,229999,173567,122894,53299.78,38714.67,56432,50673,69594.22
2026|2201|4484|3|0|10|1,1000,1000,1000,0,0,0,0,1000,0,0
2026|2201|4274|3|0|10|1,32690,32690,32690,32481,32481,9075.31,9075.31,209,0,23405.690000000002
2026|2201|4271|3|0|10|1,228052,228052,228052,175778,161865.3,43957.08,30639.08,52274,13912.700000000012,117908.21999999999
2026|2201|4281|3|0|10|1,174760,174760,174760,44436,44384.3,12705.140000000001,12705.14,130324,51.69999999999709,31679.160000000003
2026|2201|4276|3|0|10|1,63050,63050,63050,30360,30000,6103.299999999999,6103.3,32690,360,23896.7
2026|2201|4276|3|0|10|8,535000,135000,135000,0,0,0,0,135000,0,0
2026|2201|4278|3|0|1|1,0,84347.02,84347.02,84347.02,84347.02,84347.02,84347.02,0,0,0
2026|2201|4278|3|0|10|3,7000,7000,7000,0,0,0,0,7000,0,0
2026|2201|4278|3|0|10|1,244445,244445,244445,88574,84049,20529.879999999997,20529.879999999997,155871,4525,63519.12
2026|2201|4278|3|0|45|1,211853,211853,211853,52963,0,0,0,158890,52963,0
2026|2201|4278|3|0|24|1,385160,385160,385160,0,0,0,0,385160,0,0
2026|2201|4278|3|0|10|8,500000,500000,500000,0,0,0,0,500000,0,0
2026|2201|4279|3|0|1|1,31000,31000,31000,0,0,0,0,31000,0,0
2026|2201|4279|3|0|45|1,211853,211853,211853,52963,0,0,0,158890,52963,0
2026|2201|4279|3|0|24|1,283829,283829,283829,0,0,0,0,283829,0,0
2026|2201|4279|3|0|10|1,1367462,1367462,1367462,776659,469577,148958.53,81386.63000000002,590803,307082,320618.47
2026|2201|4279|4|0|10|3,5376,5376,5376,0,0,0,0,5376,0,0
2026|2201|4279|4|0|1|1,250000,250000,250000,0,0,0,0,250000,0,0
2026|2201|4279|4|0|24|1,2530804,2530804,2530804,0,0,0,0,2530804,0,0
2026|2201|7004|1|0|10|9,1193926,1193926,1193926,584580.98,131130.76000000004,131130.76000000004,131130.76000000004,609345.02,453450.22,0
2026|2201|2500|1|0|95|1,0,42715.61,0,0,0,0,0,42715.61,0,0
2026|2201|2500|3|0|60|1,4735,4735,4735,4735,0,0,0,0,4735,0
2026|2201|2500|3|0|95|1,0,19250,19250,0,0,0,0,19250,0,0
2026|2201|2500|3|0|10|1,6140800,6140800,5103732,4347094.839999999,4273134.45,1243598.45,912145.09,1793705.160000001,73960.38999999873,3029536
2026|2201|2500|4|0|9|1,0,127419.12,127419.12,127419.12,120050,0,0,0,7369.119999999995,120050
2026|2201|2417|1|0|10|1,11042625,11042625,11508473.868262004,3510727.3600000003,3510727.3600000003,3510727.3600000003,3510727.3600000003,7531897.64,0,0
2026|2201|2417|3|0|10|7,1503339,1503339,1726707.0052052871,457475.44,457475.44,457475.44,457475.44,1045863.56,0,0
2026|2211|4298|3|0|60|2,0,434624.76,434624.76,434624.76,434624.76,166245.63,129139.7,0,0,268379.13
2026|2211|4298|3|0|10|1,305896,555896,555896,207300,96292.43,62551.630000000005,62551.630000000005,348596,111007.57,33740.79999999999
2026|2211|4299|3|0|10|1,626791,626791,626791,559405,482594.01,402810.42000000004,334874.38,67386,76810.98999999999,79783.58999999997
2026|2211|4302|3|0|10|1,374739,374739,374739,150775,45784.08,45274.68,45274.68,223964,104990.92,509.40000000000146
2026|2211|7004|1|0|60|9,443809,443809,443809,0,0,0,0,443809,0,0
2026|2211|7004|3|0|60|9,61558,61558,61558,0,0,0,0,61558,0,0
2026|2211|2500|3|0|60|1,3714633,3714633,3714633,3683637,1005288.23,996634.03,380054.7299999999,30996,2678348.77,8654.199999999953
2026|2211|2500|3|0|10|1,2589073,2642463,2642463,1663935,596313.1000000001,353216.16,256407.57999999996,978528,1067621.9,243096.94000000012
2026|2211|2417|1|0|10|1,6539322,6539322,6590101.433660696,2157727.42,2157727.42,2157727.42,2157727.42,4381594.58,0,0
2026|2211|2417|3|0|10|7,1893466,1893466,1931883.5103484443,541419.5,541419.5,541419.5,541419.5,1352046.5,0,0
2026|2241|4200|3|0|72|1,163110,163110,163110,13592.5,0,0,0,149517.5,13592.5,0
2026|2241|4192|3|0|73|1,0,100000,100000,100000,29700,29700,29700,0,70300,0
2026|2241|4192|3|0|72|1,365800,365800,365800,209983.33000000002,66616.44,52348.490000000005,46479.5,155816.66999999998,143366.89,14267.949999999997
2026|2241|4192|3|0|80|1,1686667,1686667,1686667,0,0,0,0,1686667,0,0
2026|2241|4192|4|0|73|1,0,100000,100000,100000,0,0,0,0,100000,0
2026|2241|4192|4|0|72|1,80000,80000,80000,39900,0,0,0,40100,39900,0
2026|2241|4187|3|0|73|1,0,80000,80000,80000,50000,0,0,0,30000,50000
2026|2241|4187|3|0|72|1,291000,291000,291000,212050,54930.38,53527.69,47656.17,78950,157119.62,1402.689999999995
2026|2241|4187|4|0|73|1,0,80000,80000,80000,0,0,0,0,80000,0
2026|2241|4194|3|0|72|1,43700,43700,43700,34641.67,11667.060000000001,8795.24,8795.24,9058.330000000002,22974.609999999997,2871.8200000000015
2026|2241|4194|3|0|73|1,1671000,1819573.26,1819573.26,148573.26,10865,10865,10865,1671000,137708.26,0
2026|2241|4194|4|0|73|1,0,100000,100000,100000,0,0,0,0,100000,0
2026|2241|4190|3|0|73|1,0,3465040.43,3465040.43,3465040.43,20512.78,13079.77,13079.77,0,3444527.6500000004,7433.009999999998
2026|2241|4190|3|0|72|1,169200,169200,169200,168700,54803.4,47356.229999999996,41494.72,500,113896.6,7447.1700000000055
2026|2241|4195|3|0|72|3,0,287743,287743,287743,287742.77,287742.77,287742.77,0,0.22999999998137355,0
2026|2241|4195|3|0|72|1,43500,43500,43500,24425,2000,1207.17,1207.17,19075,22425,792.8299999999999
2026|2241|4195|3|0|24|1,162000,820678,820678,658678,356468.48,356468.48,263973.66,162000,302209.52,0
2026|2241|4188|3|0|73|1,0,120000,120000,120000,0,0,0,0,120000,0
2026|2241|4188|3|0|72|1,1622000,1622000,1622000,1147166.67,383630.94,356546.55000000005,301346.24000000005,474833.3300000001,763535.73,27084.389999999956
2026|2241|4188|4|0|73|1,0,150000,150000,150000,0,0,0,0,150000,0
2026|2241|4188|4|0|72|1,136554,136554,136554,68377,0,0,0,68177,68377,0
2026|2241|4191|3|0|73|1,2905000,3105000,3105000,200000,0,0,0,2905000,200000,0
2026|2241|4191|3|0|72|1,8171000,8171000,8171000,4594130,320929.15000000026,295130.53,268083.42000000004,3576870,4273200.85,25798.620000000228
2026|2241|4191|3|0|80|1,21335000,21335000,21335000,0,0,0,0,21335000,0,0
2026|2241|4191|4|0|73|1,0,150000,150000,150000,0,0,0,0,150000,0
2026|2241|4191|4|0|80|1,35000000,35000000,35000000,0,0,0,0,35000000,0,0
2026|2241|4189|3|0|73|1,0,80000,80000,80000,0,0,0,0,80000,0
2026|2241|4189|3|0|72|1,329000,329000,329000,264119.67000000004,65992.63,63992.61,56314.280000000006,64880.32999999996,198127.04000000004,2000.020000000004
2026|2241|4189|3|0|61|1,152699400,156900397,156900397,5170000,4271801.090000001,4269055.28,3094229.9200000004,151730397,898198.9099999992,2745.8100000005215
2026|2241|7004|1|0|91|9,726546,726546,726546,448406.82,448406.82,448406.82,448406.82,278139.18,0,0
2026|2241|7004|3|0|91|9,0,160000,160000,160000,15787.720000000001,15787.720000000001,15787.720000000001,0,144212.28,0
2026|2241|2500|3|0|60|1,5000,5000,5000,5000,0,0,0,0,5000,0
2026|2241|2500|3|0|73|1,0,200000,200000,200000,81561.78,76461.78,76461.78,0,118438.22,5100
2026|2241|2500|3|0|72|1,2185070,2185070,2185070,1546104.1600000001,582642.03,565558.76,494630.75,638965.8399999999,963462.1300000001,17083.27000000002
2026|2241|2500|4|0|47|1,2000,2000,2000,2000,0,0,0,0,2000,0
2026|2241|2500|4|0|73|1,0,200000,200000,200000,0,0,0,0,200000,0
2026|2241|2417|1|0|72|1,27536048,27536048,27276393.285631575,8302054.9799999995,8302054.979999998,8302054.979999998,8302054.9799999995,19233993.02,1.862645149230957e-09,0
2026|2241|2417|3|0|72|7,4342975,4342975,5318187.167055796,1489377.7999999998,1489377.7999999998,1489377.7999999998,1489377.8,2853597.2,0,0
2026|2251|4052|3|0|60|1,145500,145500,145500,56411,26411,11711.4,11711.4,89089,30000,14699.6
2026|2251|4052|4|0|60|1,360259,360259,360259,180000,180000,59996.8,59996.8,180259,0,120003.2
2026|2251|4051|3|0|60|1,5335447,5335447,5335447,2571647,2510542.6700000004,1047857.74,885256.68,2763800,61104.32999999961,1462684.9300000004
2026|2251|4051|4|0|60|1,7338574,7338574,7338574,3669417,3669416,1275932.7,1275932.7,3669157,1,2393483.3
2026|2251|7004|1|0|60|9,510604,1810604,1810604,1800004,1519016.92,1519016.92,1519016.92,10600,280987.0800000001,0
2026|2251|7004|3|0|60|9,0,500000,500000,500000,135296.55000000002,135296.55000000002,135296.55000000002,0,364703.44999999995,0
2026|2251|2500|3|0|60|1,3731058,3731058,3731058,1977950,1784867.69,963143.65,963143.6499999999,1753108,193082.31000000006,821724.0399999999
2026|2251|2417|1|0|60|1,18471158,18471158,18026020.536056314,5554465.53,5554465.529999999,5554465.529999999,5554465.53,12916692.469999999,9.313225746154785e-10,0
2026|2251|2417|3|0|60|7,4338922,4338922,4843943.960178049,1341250.11,1341250.11,1341250.11,1341250.1099999999,2997671.8899999997,0,0
2026|2261|4455|3|0|10|1,16489697,3489697,3489697,2525113.5199999996,1092656.5199999998,341045.41000000003,284842.67000000004,964583.4800000004,1432456.9999999998,751611.1099999998
2026|2261|4455|4|0|10|1,171511,171511,171511,14000,7287.84,4047.84,1187.84,157511,6712.16,3240
2026|2261|4456|3|0|10|1,35560529,32729673.61,32729673.61,13119416.739999998,5810852.740000001,2187833.98,1571432.8,19610256.87,7308563.999999997,3623018.760000001
2026|2261|4456|4|0|10|1,241961,16072816.39,16072816.39,2220000,1940102.13,0,0,13852816.39,279897.8700000001,1940102.13
2026|2261|4457|3|0|10|1,36308449,36308449,36308449,25137731.970000006,12813891.920000002,4291014.580000001,2355004.05,11170717.029999994,12323840.050000004,8522877.34
2026|2261|4457|4|0|10|1,7878420,7878420,7878420,1656000,640728.67,69242.8,57746.11000000001,6222420,1015271.33,571485.87
2026|2261|4460|3|0|10|1,69718049,65743307.75,65743307.75,33360703.64,22488983.82,2964707.67,1737862.0999999999,32382604.11,10871719.82,19524276.15
2026|2261|4460|4|0|10|1,682570,4657311.25,4657311.25,1156000,272198.58,3968,3650,3501311.25,883801.4199999999,268230.58
2026|2261|4460|4|0|24|1,4003371,4003371,4003371,0,0,0,0,4003371,0,0
2026|2261|4459|3|0|10|1,273130383,265946505.88,265946505.88,98125368.36,86464770.97000003,55991293.61000002,25336354.01,167821137.51999998,11660597.38999997,30473477.360000007
2026|2261|4459|4|0|10|1,1286254,8470131.12,8470131.120000001,1007000,385057.23,66788.48,10200.67,7463131.119999999,621942.77,318268.75
2026|2261|7004|1|0|60|9,5143217,4883217,4883217,2465000,1626546.52,1626546.52,1626546.52,2418217,838453.48,0
2026|2261|7004|3|0|60|9,0,260000,260000,147500,33215.44,33215.44,33215.44,112500,114284.56,0
2026|2261|2500|3|0|10|1,86558296,86558296,86558296,20947681.029999997,10450430.389999997,4500121.170000001,3463787.2000000007,65610614.97,10497250.64,5950309.219999996
2026|2261|2500|4|0|10|1,1998919,1998919,1998919,666000,399133.53,30834.54,22297.75,1332919,266866.47,368298.99000000005
2026|2261|2417|1|0|57|2,13845,13845,14116.560940287472,4260.96,4260.96,4260.96,4260.96,9584.04,0,0
2026|2261|2417|1|0|10|1,106473954,106473954,101793712.49834242,32087583.61999999,32030817.270000003,32030817.270000003,32030817.27,74386370.38000001,56766.34999998659,0
2026|2261|2417|3|0|10|1,1353928,1353928,1353928,627117.46,627117.46,627117.46,627117.46,726810.54,0,0
2026|2261|2417|3|0|10|7,13633606,13633606,13371266.622111753,4019001.2899999996,4019001.29,4019001.29,4019001.2899999996,9614604.71,-4.656612873077393e-10,0
2026|2271|4029|3|0|10|1,7359090,7359090,7359090,1794253.44,504740.56999999995,362634.84,333943.56000000006,5564836.5600000005,1289512.87,142105.72999999992
2026|2271|4029|4|0|10|1,0,10000,10000,10000,4199.97,4199.97,4199.97,0,5800.03,0
2026|2271|4032|3|0|10|1,19960600,19960600,19960600,9598000,7434623.02,4504603.719999999,3875374.1199999996,10362600,2163376.9800000004,2930019.3000000007
2026|2271|4032|4|0|10|1,0,809986.63,809986.63,809986.63,809986.63,451846.25,451846.25,0,0,358140.38
2026|2271|4034|3|0|70|1,0,315272.8,315272.8,315272.8,35529.2,17136.7,7807.36,0,279743.6,18392.499999999996
2026|2271|4034|3|0|10|1,60721138,60721138,60721138,41234312.00000001,28156672.43999999,20988601.299999993,17943989.820000008,19486825.999999993,13077639.560000017,7168071.139999997
2026|2271|4034|4|0|10|1,0,403162.9,403162.9,403162.9,0,0,0,0,403162.9,0
2026|2271|4030|3|0|70|1,0,1005.41,1005.41,1005.41,0,0,0,0,1005.41,0
2026|2271|4030|3|0|10|1,64751712,64751712,64751712,34076063.48,23415422.630000003,17634092.780000005,15867113.11,30675648.520000003,10660640.849999994,5781329.849999998
2026|2271|4030|4|0|10|1,0,139530.46,139530.46,139530.46,0,0,0,0,139530.46,0
2026|2271|4035|3|0|45|1,7109,7109,7109,0,0,0,0,7109,0,0
2026|2271|4035|3|0|70|1,2966346,3729182.36,3722215.25,762836.36,10155.16,10155.16,10155.16,2966346,752681.2,0
2026|2271|4035|3|0|10|1,149749294,147749294,147749294,75839000,56617934.53999998,40498730.82000001,33458058.929999996,71910294,19221065.460000023,16119203.719999969
2026|2271|4035|4|0|70|1,0,46200,0,46200,46200,46200,46200,0,0,0
2026|2271|4035|4|0|10|1,0,10463717.34,10463717.34,10463717.34,8324034.6,2174711.29,1347897.92,0,2139682.74,6149323.31
2026|2271|4035|4|0|95|1,0,7732139.28,7732139.279999999,7146688.1,5713340.58,4038456.5700000003,4038456.5700000003,585451.1800000006,1433347.5199999996,1674884.0099999998
2026|2271|4031|3|0|10|8,0,360000,360000,360000,0,0,0,0,360000,0
2026|2271|4031|3|0|70|1,10970624,20508688.16,20508688.159999996,10256997.16,7223891.67,7177916.75,7177916.749999999,10251691,3033105.49,45974.919999999925
2026|2271|4031|3|0|10|1,239076146,239031146,239031146,89708960.88000004,78496287.48999998,60919649.68000001,49317692.42000002,149322185.11999995,11212673.39000006,17576637.809999973
2026|2271|4031|4|0|70|1,0,72000,72000,72000,58000,58000,0,0,14000,0
2026|2271|4031|4|0|10|8,360000,360000,360000,360000,0,0,0,0,360000,0
2026|2271|4031|4|0|10|1,0,52000,52000,7000,4498,4498,4498,45000,2502,0
2026|2271|4031|4|0|95|1,0,2627365.43,2627365.43,2578418.5300000003,1199286.34,711536.86,424398.16,48946.89999999991,1379132.1900000002,487749.4800000001
2026|2271|4031|4|0|24|1,153002000,153002000,153002000,0,0,0,0,153002000,0,0
2026|2271|4036|3|0|10|8,540000,180000,180000,180000,0,0,0,0,180000,0
2026|2271|4036|3|0|70|1,0,1126191.64,1126191.6400000001,1000345.91,345.91,345.91,345.91,125845.72999999986,1000000,0
2026|2271|4036|3|0|10|1,203935708,193012776.28,193012776.28,99353667.26,81814934.45000005,55561819.25000003,49198063.88999996,93659109.02,17538732.809999958,26253115.200000018
2026|2271|4036|4|0|70|1,0,100000,0,100000,0,0,0,0,100000,0
2026|2271|4036|4|0|10|1,0,6154530.74,6154530.74,6154392.67,6008806.460000001,725287.16,95461.09,138.07000000029802,145586.20999999903,5283519.300000001
2026|2271|7004|1|0|10|9,37543416,37543416,37543416,4700000.049999999,3783485.410000001,3777936.880000001,3777367.1100000013,32843415.950000003,916514.6399999978,5548.530000000261
2026|2271|7004|3|0|10|9,1375120,1375120,1375120,1000000.0700000001,348690.8,348690.8,348690.8,375119.92999999993,651309.27,0
2026|2271|2500|3|0|68|1,7765650,14140927.649999999,14107666.92,6433847.960000001,3413577.46,652088.36,586649.3299999998,7707079.689999998,3020270.500000001,2761489.1
2026|2271|2500|3|0|10|1,55027453,53027452.99999999,53027453,32933657.07,24442722.28000001,15005284.350000005,13167771.900000006,20093795.929999992,8490934.789999992,9437437.930000003
2026|2271|2500|4|0|68|1,0,18763.56,18763.56,18763.56,16727.489999999998,0,0,0,2036.0700000000033,16727.489999999998
2026|2271|2500|4|0|47|1,194604,194604,0,0,0,0,0,194604,0,0
2026|2271|2500|4|0|10|1,6800000,3735003.65,3735003.65,1321080.78,1021080.78,372357.83,372357.83,2413922.87,300000,648722.95
2026|2271|2417|1|0|57|2,32667892,32667892,25173736.315331105,7569163.100000001,7569163.1,7569163.1,7569163.1,25098728.9,9.313225746154785e-10,0
2026|2271|2417|1|0|10|1,1374080023,1374080023,1403951500.8006394,438122001.15999997,438122001.15999997,437749573.9599999,437749573.96000004,935958021.84,0,372427.2000000477
2026|2271|2417|3|0|10|1,24802303,24802303,24802303,8783806,8783806,8783806,8783806,16018497,0,0
2026|2271|2417|3|0|10|7,190965942,190965942,200385767.2203666,61406193.3,61406193.300000004,61406193.300000004,61406193.300000004,129559748.7,-7.450580596923828e-09,0
2026|2281|4300|3|0|36|1,467920,4070199.13,4070199.13,3602279.13,539445.6,251892.87000000002,251892.87,467920,3062833.53,287552.73
2026|2281|4300|3|0|10|1,4435373,4435373,4435373,2217686.85,1105829.11,957362.5599999999,928104.1300000001,2217686.15,1111857.74,148466.55000000016
2026|2281|7004|1|0|10|9,1000,0,0,0,0,0,0,0,0,0
2026|2281|7004|3|0|10|9,0,1489.4,1489.4,1489.4,1489.4,1489.4,1489.4,0,0,0
2026|2281|2500|3|0|10|1,370455,370455,370455,185227.5,120250.57,52385.08,52385.08,185227.5,64976.92999999999,67865.49
2026|2281|2417|1|0|10|1,2507880,2507880,2083121.3846549601,649929.1399999999,649929.1399999999,649929.1399999999,649929.14,1857950.86,0,0
2026|2281|2417|3|0|10|7,432610,432610,401016.20483630255,119425,119425,119425,119425,313185,0,0
2026|2301|4280|4|0|10|0,0,4000000,4000000,3999999.9999999995,4000000,1827676.16,1827676.16,4.656612873077393e-10,-4.656612873077393e-10,2172323.84
2026|2301|4280|4|0|89|1,20000000,16000000,16000000,8241864.08,8241864.08,0,0,7758135.92,0,8241864.08
2026|2301|4530|3|0|10|1,234484,234484,234484,234484,88923.95000000001,72205.15,72205.15,0,145560.05,16718.800000000017
2026|2301|4284|3|0|10|1,5392243,1905331.92,1905331.92,1905331.9099999997,170488.01,161005.11,161005.11000000002,0.01000000024214387,1734843.8999999997,9482.900000000023
2026|2301|4284|4|0|10|0,0,7580000,7580000,7580000,6171102.010000001,702208.2,702208.2,0,1408897.9899999993,5468893.8100000005
2026|2301|4284|4|0|89|1,37900000,30320000,30320000,15618332.46,0,0,0,14701667.54,15618332.46,0
2026|2301|4287|4|0|95|1,1000,1409875.21,1409875.21,0,0,0,0,1409875.21,0,0
2026|2301|4162|3|0|10|1,4086400,4086400,4086400,1984891.32,705165.61,351898.26,309657.66,2101508.6799999997,1279725.71,353267.35
2026|2301|4162|4|0|10|0,59506353,59506353,59506353,44510749.169999994,22185460.990000002,6704056.17,6490308.669999999,14995603.830000006,22325288.179999992,15481404.820000002
2026|2301|4272|4|0|89|1,21688359,6644615,6644615,2622110.96,614933.04,158949.09,40777.99,4022504.04,2007177.92,455983.95000000007
2026|2301|4272|4|0|10|0,0,15043744,15043744,10653186,4961858.83,172354.05,172354.05,4390558,5691327.17,4789504.78
2026|2301|4272|4|0|10|1,0,12909800.33,3909800.33,0,0,0,0,12909800.33,0,0
2026|2301|4272|4|0|33|1,0,18500000,0,0,0,0,0,18500000,0,0
2026|2301|4268|4|0|33|0,37090841,37090841,37090841,37090841,12473132.96,2360523.61,2197359.95,0,24617708.04,10112609.350000001
2026|2301|4268|4|0|10|8,1000,1000,1000,0,0,0,0,1000,0,0
2026|2301|4268|4|0|10|0,9700660,29257973,29257972.5,14451435.16,4252313.2,1055629.96,1055629.96,14806537.84,10199121.96,3196683.24
2026|2301|4268|4|0|80|1,41300000,41300000,0,0,0,0,0,41300000,0,0
2026|2301|4268|4|0|10|1,0,79110993.24,-3889006.760000007,20793.57,0,0,0,79090199.67,20793.57,0
2026|2301|4275|3|0|10|1,432851,412057.43,412057.43,412057.43,202744.96,53768.46,53297.86,0,209312.47,148976.5
2026|2301|4275|4|0|97|1,0,1432449.61,1432449.61,1432449.61,1432449.01,0,0,0,0.6000000000931323,1432449.01
2026|2301|4275|4|0|10|8,1000,1000,1000,0,0,0,0,1000,0,0
2026|2301|4275|4|0|69|1,2000,2000,2000,0,0,0,0,2000,0,0
2026|2301|4275|4|0|10|3,0,1783069.22,1783069.22,1083069.22,1083069.22,0,0,700000,0,1083069.22
2026|2301|4275|4|0|25|1,9852323,16097776.39,16097776.389999999,6955018.35,6955018.35,709564.96,709564.96,9142758.040000001,0,6245453.39
2026|2301|4275|4|0|10|1,0,10000000,0,0,0,0,0,10000000,0,0
2026|2301|4275|4|0|68|1,12917420,18837969.02,12917420,5920549.02,0,0,0,12917420,5920549.02,0
2026|2301|4275|4|0|70|1,14002000,14002000,14002000,0,0,0,0,14002000,0,0
2026|2301|4275|4|0|33|0,0,26654609,26654609,6969188.48,1396454.56,1094454.56,0,19685420.52,5572733.92,302000
2026|2301|4275|4|0|74|1,20002000,20002000,20002000,0,0,0,0,20002000,0,0
2026|2301|4275|4|0|33|1,0,50000000,0,0,0,0,0,50000000,0,0
2026|2301|4275|4|0|80|1,115000000,115000000,10000000,15000000,15000000,0,0,100000000,0,15000000
2026|2301|4275|4|0|10|0,190950000,264295391,595678187.1199998,74924622.89999999,46288486.11,7178175.100000001,6654634.090000001,189370768.10000002,28636136.78999999,39110311.01
2026|2301|4289|4|0|95|1,257767258,296546774.56,296546774.55999994,142088873.01999998,137356543.82999998,14978405.56,14797271.7,154457901.54000002,4732329.189999998,122378138.26999998
2026|2301|4385|4|0|32|0,0,2937492.99,2937492.99,2937492.99,2937457.3,0,0,0,35.69000000040978,2937457.3
2026|2301|4385|4|0|10|0,2500000,78829737,78829737,78829737,63010315.459999986,9352211.549999997,7807770.239999998,0,15819421.540000014,53658103.90999999
2026|2301|4385|4|0|33|1,0,278267.16,0,0,0,0,0,278267.16,0,0
2026|2301|4385|4|0|33|0,0,17100000,17100000,2280000,2279984.25,2279984.2499999995,2279984.25,14820000,15.75,4.656612873077393e-10
2026|2301|4385|4|0|80|1,54435022,54435022,0,18000000,14264750.82,0,0,36435022,3735249.1799999997,14264750.82
2026|2301|4385|4|0|10|1,0,126621732.84,0,0,0,0,0,126621732.84,0,0
2026|2301|4293|3|0|10|1,27887469,28053891.64,28053891.64,13854553.2,7285114.559999997,6162957.109999998,6077435.3500000015,14199338.440000001,6569438.640000002,1122157.4499999993
2026|2301|4293|4|0|89|1,108694395,0,0,0,0,0,0,0,0,0
2026|2301|4293|4|0|10|8,1000,1000,1000,0,0,0,0,1000,0,0
2026|2301|4293|4|0|80|1,53897833,53897833,2000000,19066763.299999997,19066763.299999997,6864173.609999999,5888423.07,34831069.7,0,12202589.689999998
2026|2301|4293|4|0|51|1,113106854,113106854,113106854,38762744.14,38762744.14,21354662.689999998,21342353.22,74344109.86,0,17408081.450000003
2026|2301|4293|4|0|32|0,347605867,442795484.01,442795483.51,215711502.24,215617244.91000003,75600041.02,74292060.41000001,227083981.76999998,94257.32999998331,140017203.89000005
2026|2301|7004|1|0|10|9,111502952,111502952,111502952,9529851.059999999,8641723.770000001,8637339.790000001,1252946.1100000003,101973100.94,888127.2899999972,4383.980000000447
2026|2301|7004|3|0|10|9,25739206,78198263.21,78198263.21000001,1149999.9999999998,891843.26,891843.26,790790,77048263.21,258156.73999999976,0
2026|2301|7004|4|0|10|9,0,20325664.11,20325664.11,1285644.76,1278677.19,1278677.19,477863.13999999996,19040019.349999998,6967.570000000065,0
2026|2301|2500|3|0|91|1,5209550,5209550,5209550,4296994.319999999,4094606.77,2330322.83,2330322.83,912555.6800000006,202387.54999999935,1764283.94
2026|2301|2500|3|0|10|1,56654777,59054655.77,59054655.77,28203906.81,12858732.189999998,11647725.499999996,11427607.930000005,30850748.960000005,15345174.620000001,1211006.6900000013
2026|2301|2500|4|0|10|1,8927956,8927956,8927956,4443184.43,1423978.55,976309.07,672418.7600000001,4484771.57,3019205.88,447669.4800000001
2026|2301|2417|1|0|10|1,140635765,140635765,134651853.52371815,42960358.66,42960358.660000004,42960358.660000004,42960358.66,97675406.34,-7.450580596923828e-09,0
2026|2301|2417|3|0|10|1,0,920609.67,920609.67,102433.36,102433.36,102433.36,102433.36,818176.31,0,0
2026|2301|2417|3|0|10|7,33007425,33007425,33728377.898512915,9611166.25,9611166.25,9611166.25,9611166.25,23396258.75,0,0
2026|2311|4004|3|0|10|8,0,442261.82,442261.82,442261.82,130000,9000,0,0,312261.82,121000
2026|2311|4004|3|0|10|1,496385,496385,496385,248191.2,134262,67983.91999999998,67983.92,248193.8,113929.20000000001,66278.08000000002
2026|2311|4004|4|0|10|8,0,7738.18,7738.18,7738.18,0,0,0,0,7738.18,0
2026|2311|4002|3|0|10|8,1500000,570000,570000,570000,266650,16210,0,0,303350,250440
2026|2311|4002|3|0|10|1,2103956,2103956,2103956,525989,450858.21,371109.60000000003,371109.6,1577967,75130.78999999998,79748.60999999999
2026|2311|4002|3|0|68|1,1854100,1854100,1854100,0,0,0,0,1854100,0,0
2026|2311|4005|3|0|10|8,5000000,2618000,2618000,2443050,126278,3872,0,174950,2316772,122406
2026|2311|4005|3|0|10|1,4525088,4525088,4525088,2262544,1179643.49,1155943.49,1155943.49,2262544,1082900.51,23700
2026|2311|4005|4|0|10|8,0,42000,42000,42000,0,0,0,0,42000,0
2026|2311|4550|3|0|60|1,9938516,9938516,9413646,4706823.02,1481272.67,728550.67,728550.67,5231692.98,3225550.3499999996,752721.9999999999
2026|2311|4411|3|0|10|3,0,25,25,0,0,0,0,25,0,0
2026|2311|4411|3|0|10|8,1000,501000,501000,500000,0,0,0,1000,500000,0
2026|2311|4411|3|0|70|1,0,28172036.35,28172036.349999998,11095523.350000001,5139738.680000002,2494910.809999999,2494910.81,17076513,5955784.67,2644827.8700000024
2026|2311|4411|3|0|10|1,0,61875943,61875943,30937969.5,13554628.280000007,8573435.840000002,8532537.839999998,30937973.5,17383341.21999999,4981192.440000005
2026|2311|4411|4|0|10|3,0,6.84,6.84,6.84,0,0,0,0,6.84,0
2026|2311|4411|4|0|10|1,0,506646,506646,319000,319000,0,0,187646,0,319000
2026|2311|4411|4|0|1|1,0,216461.69,216461.69,9186.69,0,0,0,207275,9186.69,0
2026|2311|4411|4|0|70|1,0,9596255.83,9596255.83,5118519.83,1897483.8599999999,545772,545772,4477736,3221035.97,1351711.8599999999
2026|2311|4006|3|0|10|3,177246,177246,177246,0,0,0,0,177246,0,0
2026|2311|4006|3|0|36|1,636357,4055553.29,4055553.29,3419196.29,2029616.37,143083.17,143083.16999999998,636357,1389579.92,1886533.2000000002
2026|2311|4006|3|0|10|1,12184905,14684905,14684905,8592452.5,2436747.46,372997.59,372997.58999999997,6092452.5,6155705.04,2063749.8699999999
2026|2311|4006|4|0|10|1,950000,950000,950000,475000,0,0,0,475000,475000,0
2026|2311|4006|4|0|36|1,1251816,1251816,1251816,0,0,0,0,1251816,0,0
2026|2311|4006|4|0|24|1,17547336,17547336,17547336,0,0,0,0,17547336,0,0
2026|2311|4001|3|0|10|8,0,460784,460784,460784,37800,4200,0,0,422984,33600
2026|2311|4001|3|0|60|3,10976,10976,10976,0,0,0,0,10976,0,0
2026|2311|4001|3|0|10|3,185058,185058,185058,7867.1,0,0,0,177190.9,7867.1,0
2026|2311|4001|3|0|10|1,20627648,20627648,20627648,10316553.259999998,2985355.01,1298184.77,1298184.7699999998,10311094.740000002,7331198.249999998,1687170.2399999998
2026|2311|4001|3|0|24|1,20388131,20388131,20388131,402612,402612,0,0,19985519,0,402612
2026|2311|4001|4|0|10|8,0,131216,131216,131216,0,0,0,0,131216,0
2026|2311|4001|4|0|24|1,600000,600000,600000,0,0,0,0,600000,0,0
2026|2311|4001|4|0|10|1,3436512,3436512,3436512,859128,0,0,0,2577384,859128,0
2026|2311|4017|3|0|10|3,25,0,0,0,0,0,0,0,0,0
2026|2311|4017|3|0|70|1,17076513,0,0,0,0,0,0,0,0,0
2026|2311|4017|3|0|10|1,61875943,0,0,0,0,0,0,0,0,0
2026|2311|4017|4|0|1|1,207275,0,0,0,0,0,0,0,0,0
2026|2311|4017|4|0|10|1,506646,0,0,0,0,0,0,0,0,0
2026|2311|4017|4|0|70|1,4477736,0,0,0,0,0,0,0,0,0
2026|2311|7004|1|0|60|9,2589747,2589747,2589747,946796.9899999999,862280.5,691955.08,691955.0800000001,1642950.0100000002,84516.48999999987,170325.42000000004
2026|2311|7004|3|0|60|9,171847,171847,171847,137286.93000000002,99657.32,66587.72,66587.72,34560.06999999998,37629.610000000015,33069.600000000006
2026|2311|2500|3|0|10|8,500000,0,0,0,0,0,0,0,0,0
2026|2311|2500|3|0|10|1,10169007,10169007,10169007,5083966.099999999,3412069.29,1972171.9999999995,1971443.01,5085040.900000001,1671896.8099999987,1439897.2900000005
2026|2311|2500|4|0|10|1,762894,762894,762894,315770.5,14270,14270,14270,447123.5,301500.5,0
2026|2311|2417|1|0|60|1,1767898,1767898,1738361.4162531316,486416.57,486416.57,486416.57,486416.57,1281481.43,0,0
2026|2311|2417|1|0|57|2,1794000,1794000,1418725.1925273107,387075.53,387075.53,387075.53,387075.53,1406924.47,0,0
2026|2311|2417|1|0|10|1,359358395,359358395,357063641.26299334,106996069.89999998,106996069.90000002,106996069.90000002,106996069.89999999,252362325.10000002,-4.470348358154297e-08,0
2026|2311|2417|3|0|10|1,8621489,8621489,8621489,2706913.89,2706913.89,2706913.89,2706913.89,5914575.109999999,0,0
2026|2311|2417|3|0|10|7,43564224,43564224,42855452.83647425,12609513.189999998,12609513.190000001,12609513.190000001,12609513.190000001,30954710.810000002,-3.725290298461914e-09,0
2026|2321|4237|3|0|10|1,6216490,6216490,6216490,3031391.07,2252813.71,1701393.9100000001,1604048.6,3185098.93,778577.3599999999,551419.7999999998
2026|2321|4237|4|0|10|1,168400,168400,168400,0,0,0,0,168400,0,0
2026|2321|4222|3|0|24|1,883956,883956,883956,0,0,0,0,883956,0,0
2026|2321|4222|3|0|10|1,10355120,10355120,10355120,4094593.17,2059405.6,440660.0299999999,428868.25,6260526.83,2035187.5699999998,1618745.5700000003
2026|2321|4222|4|0|47|1,100000,100000,0,0,0,0,0,100000,0,0
2026|2321|4222|4|0|10|8,0,300000,300000,0,0,0,0,300000,0,0
2026|2321|4222|4|0|10|3,491086,491086,491086,0,0,0,0,491086,0,0
2026|2321|4222|4|0|24|1,2238156,2238156,2238156,1719743.98,1140857.98,388876.3,388876.3,518412.02,578886,751981.6799999999
2026|2321|4222|4|0|1|1,546983,546983,546983,0,0,0,0,546983,0,0
2026|2321|4222|4|0|10|1,17396879,17396879,17396879,8782640,1041142.5799999998,379326.87,276464.55,8614239,7741497.42,661815.7099999998
2026|2321|4212|3|0|10|1,174029031,174029031,174029031,95151702.1,69192921.62,45896949.910000004,36815920.75999999,78877328.9,25958780.47999999,23295971.71
2026|2321|7004|1|0|60|9,4606720,4256720,4256720,1340000,820824.3899999999,820824.3899999999,806854.0699999998,2916720,519175.6100000001,0
2026|2321|7004|3|0|60|9,0,350000,350000,300000,172664.25,172664.25,172664.25,50000,127335.75,0
2026|2321|2417|1|0|57|2,780000,780000,877343.5154219432,233715.39,233715.39,233715.39,233715.39,546284.61,0,0
2026|2321|2417|1|0|10|1,192029892,192029892,174894532.16652703,53105186.75999999,53101686.760000005,53081385.78,53081365.78,138924705.24,3499.999999985099,20300.980000004172
2026|2321|2417|3|0|10|7,25977016,25977016,26268153.079262443,8302151.539999999,8302151.540000001,8302151.540000001,8302151.54,17674864.46,-1.862645149230957e-09,0
2026|2331|4026|3|0|73|1,861863,861863,861863,175269.55,175218.38,163588.84,163588.84,686593.45,51.1699999999837,11629.540000000008
2026|2331|4026|4|0|73|1,50000,50000,50000,0,0,0,0,50000,0,0
2026|2331|4024|3|0|73|1,13447522,13447522,13447522,2841259,2812789.160000001,2511419.670000001,2510677.8399999994,10606263,28469.83999999892,301369.4900000002
2026|2331|4024|4|0|73|1,600000,600000,600000,0,0,0,0,600000,0,0
2026|2331|7004|1|0|73|9,959272,959272,959272,30000,20855.61,20855.61,20855.61,929272,9144.39,0
2026|2331|2500|3|0|73|1,8048352,8048352,8048352,1650000,1618741.42,1331000.21,1127540.51,6398352,31258.580000000075,287741.20999999996
2026|2331|2500|4|0|73|1,500000,500000,500000,35000,1052.05,1052.05,1052.05,465000,33947.95,0
2026|2331|2417|1|0|10|1,500000,500000,0,0,0,0,0,500000,0,0
2026|2331|2417|1|0|73|1,14323839,14323839,14896856.179420978,4537575.74,4537575.74,4537575.74,4537575.74,9786263.26,0,0
2026|2331|2417|3|0|73|7,5459152,5459152,9161189.065093782,2839551.08,2839551.08,2839551.08,2839551.08,2619600.92,0,0
2026|2351|1018|3|0|10|1,1000,1000,1000,0,0,0,0,1000,0,0
2026|2351|4088|3|0|10|1,2125211,2125211,2125211,1219617.76,935758.89,822772.9099999999,822772.91,905593.24,283858.87,112985.9800000001
2026|2351|4088|4|0|10|1,0,89499.94,89499.94,89499.94,0,0,0,0,89499.94,0
2026|2351|4089|3|0|70|1,0,255659.6,255659.6,255659.6,199546.2,0,0,0,56113.399999999994,199546.2
2026|2351|4089|3|0|10|3,62019,62019,62019,0,0,0,0,62019,0,0
2026|2351|4089|3|0|1|1,370292,426239.85,426239.85,117412.43,56655.65,0,0,308827.42,60756.77999999999,56655.65
2026|2351|4089|3|0|10|1,4931661,4931661,4931661,1912058.75,193567.9,170171.19999999998,170171.2,3019602.25,1718490.85,23396.70000000001
2026|2351|4089|3|0|10|8,4300000,3130000,3130000,0,0,0,0,3130000,0,0
2026|2351|4089|4|0|68|1,2000,2000,2000,0,0,0,0,2000,0,0
2026|2351|4089|4|0|10|3,20112,20439.82,20439.82,327.82,0,0,0,20112,327.82,0
2026|2351|4089|4|0|10|1,105550,105550,105550,52774.98,27299,0,0,52775.02,25475.980000000003,27299
2026|2351|4089|4|0|1|1,96725,135440,135440,38715,0,0,0,96725,38715,0
2026|2351|4089|4|0|3|1,389394,389394,389394,0,0,0,0,389394,0,0
2026|2351|4089|4|0|36|1,400000,400000,400000,0,0,0,0,400000,0,0
2026|2351|4089|4|0|10|8,300000,1250000,1250000,0,0,0,0,1250000,0,0
2026|2351|4087|3|0|10|1,5959778,5870278.06,5870278.06,2955131.34,740503.2999999999,355335.5,355335.5,2915146.7199999997,2214628.04,385167.79999999993
2026|2351|4087|4|0|10|8,1000,1000,1000,0,0,0,0,1000,0,0
2026|2351|4090|3|0|10|8,840000,2116000,2116000,0,0,0,0,2116000,0,0
2026|2351|4090|3|0|10|1,24069722,24069722,24069722,12959158.4,8419324.1,4456769.010000001,4448269.01,11110563.6,4539834.300000001,3962555.089999999
2026|2351|4086|3|0|60|1,0,3983.48,3983.48,3983.48,3983.48,3983.48,0,0,0,0
2026|2351|4086|3|0|10|3,0,9512.52,9512.52,9512.52,9512.52,9512.52,9512.52,0,0,0
2026|2351|4086|3|0|10|8,0,500000,500000,0,0,0,0,500000,0,0
2026|2351|4086|3|0|24|1,2845318,5538133.21,5538133.21,2692815.21,1308012.06,1139327.36,1138189.76,2845318,1384803.15,168684.69999999995
2026|2351|4086|3|0|10|1,102768757,102768757,102768757,50923092.50999998,31553881.05,18445238.900000006,17714952.24,51845664.49000002,19369211.459999982,13108642.149999995
2026|2351|4086|4|0|60|1,1150000,0,0,0,0,0,0,0,0,0
2026|2351|4086|4|0|10|3,0,2470.76,2470.76,2470.76,0,0,0,0,2470.76,0
2026|2351|4086|4|0|24|1,0,70294.1,70294.1,70294.1,31239.5,0,0,0,39054.600000000006,31239.5
2026|2351|4086|4|0|97|1,0,100000,100000,0,0,0,0,100000,0,0
2026|2351|4086|4|0|10|8,1700000,2215079,2215079,0,0,0,0,2215079,0,0
2026|2351|4086|4|0|10|1,8915640,15915640,15915640,4457820,602239.12,34061.86,34061.86,11457820,3855580.88,568177.26
2026|2351|7004|1|0|60|9,0,1146016.52,1146016.52,0,0,0,0,1146016.52,0,0
2026|2351|7004|1|0|10|9,6976477,6976477,6976477,299631.91000000003,70450.43,70450.43,68560.75,6676845.09,229181.48000000004,0
2026|2351|7004|3|0|10|9,140240,140240,140240,102556.09,34329.78,34329.78,34329.78,37683.91,68226.31,0
2026|2351|2500|3|0|10|1,1326790,1326790,1326790,638191.21,412082.37,329444.39,329444.39,688598.79,226108.83999999997,82637.97999999998
2026|2351|2417|1|0|10|1,279176598,279176598,282540691.8983012,86152059.47,86152059.47,86152059.47,86152059.46999998,193024538.53,0,0
2026|2351|2417|3|0|10|1,1100000,1100000,1100000,222693.74000000002,222693.74,222693.74,222693.74,877306.26,2.9103830456733704e-11,0
2026|2351|2417|3|0|10|7,38702614,38702614,35618632.09776889,10194787.930000002,10194787.93,10194787.93,10194787.93,28507826.07,1.862645149230957e-09,0
2026|2361|7208|3|0|60|1,76457271,76457271,76457271,0,14410515.16,14410515.16,14410515.16,76457271,-14410515.16,0
2026|2361|7004|3|0|60|9,321836,321836,321836,0,0,0,0,321836,0,0
2026|2361|2009|1|0|60|1,1241000,1241000,1241000,0,77570.61,77570.61,77570.61,1241000,-77570.61,0
2026|2361|2009|3|0|60|1,5607326,5607326,5607326,0,796428.01,796428.01,796428.01,5607326,-796428.01,0
2026|2361|2009|4|0|60|1,487731,487731,487731,0,0,0,0,487731,0,0
2026|2361|2113|3|0|60|1,6395180,6395180,6395180,0,967416.26,967416.26,967416.26,6395180,-967416.26,0
2026|2361|2114|4|0|60|1,6749406,6749406,6749406,0,0,0,0,6749406,0,0
2026|2361|2114|5|0|60|1,12254750,12254750,12254750,0,0,0,0,12254750,0,0
2026|2371|4238|3|0|80|1,6874243,0,0,0,0,0,0,0,0,0
2026|2371|4238|4|0|80|1,0,6874243,6874243,0,0,0,0,6874243,0,0
2026|2371|4252|3|0|91|1,1000,1000,1000,0,0,0,0,1000,0,0
2026|2371|4203|3|0|91|1,526710,526710,526710,392825.39999999997,95023.42000000001,33995.4,33995.399999999994,133884.60000000003,297801.98,61028.02000000001
2026|2371|4228|3|1|1|1,1000,1000,1000,0,0,0,0,1000,0,0
2026|2371|4228|3|1|95|1,0,3000000,3000000,2212364.62,1445025.1700000004,233237.27999999994,186954.41,787635.3799999999,767339.4499999997,1211787.8900000004
2026|2371|4206|3|0|91|1,1217399,1217399,1217399,292659.27999999997,139582.25999999998,91608.06,89608.06,924739.72,153077.02,47974.19999999998
2026|2371|4202|3|0|1|1,1000,1000,1000,0,0,0,0,1000,0,0
2026|2371|4202|3|0|91|1,2300060,2300060,2300060,841572.44,264817.08999999997,117365.68000000001,117365.67999999998,1458487.56,576755.35,147451.40999999997
2026|2371|4202|4|0|47|1,30000,30000,30000,0,0,0,0,30000,0,0
2026|2371|4318|3|0|91|1,202396,202396,202396,159140.47,32458.08,27534.349999999995,27534.350000000002,43255.53,126682.39,4923.730000000007
2026|2371|4317|3|0|60|1,726480,726480,726480,594212.9299999999,261763.89,237993.61000000002,187205.21,132267.07000000007,332449.0399999999,23770.28
2026|2371|4317|3|0|91|1,921255,921255,921255,493801.79000000004,250713.1,141848.25,141848.25,427453.20999999996,243088.69000000003,108864.84999999998
2026|2371|4319|3|0|91|1,331927,331927,331927,312102.01,54282.299999999996,36090.82,36090.82,19824.98999999999,257819.71000000002,18191.479999999996
2026|2371|4319|4|0|47|1,26250,26250,26250,0,0,0,0,26250,0,0
2026|2371|4498|3|0|91|1,77355,77355,77355,59900.009999999995,23690.65,0,0,17454.990000000005,36209.35999999999,23690.65
2026|2371|4440|3|0|91|1,325501,325501,325501,190731.18,65592.18,46623.149999999994,46623.15,134769.82,125139,18969.03
2026|2371|4440|4|0|24|1,182960,182960,182960,0,0,0,0,182960,0,0
2026|2371|4439|3|0|91|1,187788,187788,187788,152823.64,25174.32,14617.74,14617.74,34964.359999999986,127649.32,10556.58
2026|2371|7004|1|0|91|9,9765610,9495610,9645610,2993219.15,2478011.22,2478011.22,2372785.5700000003,6502390.85,515207.9299999997,0
2026|2371|7004|3|0|91|9,141774,594614.65,444614.65,594614.65,432752.86,432752.86,432752.86,0,161861.79000000004,0
2026|2371|2500|3|0|91|1,8052465,8081465,8081465,7879163.48,4229252.43,1813420.1899999992,1813366.1900000009,202301.51999999955,3649911.0500000007,2415832.24
2026|2371|2500|3|0|60|1,8011086,9062189.28,9062189.28,5926130.359999999,3166784.3000000003,1288784.9700000002,1159828.2699999996,3136058.92,2759346.059999999,1877999.33
2026|2371|2500|4|0|47|1,0,8943.82,8943.82,8943.82,0,0,0,0,8943.82,0
2026|2371|2500|4|0|91|1,87500,58500,1109603.28,44878,44878,0,0,13622,0,44878
2026|2371|2417|1|0|60|1,10073259,10073259,8100000,8100000,8100000,8100000,8100000,1973259,0,0
2026|2371|2417|1|0|91|1,38768057,38768057,49408166.69,8855192.41,8855192.410000002,8849199.35,8849199.35,29912864.59,-1.862645149230957e-09,5993.060000002384
2026|2371|2417|1|0|10|1,188357283,188357283,183176759.0729847,56867230.26000001,56867230.25999999,56867230.25999999,56867230.25999999,131490052.73999998,2.2351741790771484e-08,0
2026|2371|2417|3|0|60|1,802644,802644,802644,485892.69,185892.69,185892.69,185892.69,316751.31,300000,0
2026|2371|2417|3|0|10|7,31794898,31794898,41876418.276387915,13421685.95,13421685.95,13421685.95,13421685.95,18373212.05,0,0
2026|2421|1043|3|0|71|1,1000,1000,1000,0,0,0,0,1000,0,0
2026|2421|1095|3|0|10|3,0,96726.5,96726.5,96726.5,58000.42,7328.18,7328.18,0,38726.08,50672.24
2026|2421|1095|3|0|71|1,4344,4344,4344,0,0,0,0,4344,0,0
2026|2421|1095|3|0|24|1,17104267,18448785.08,18448785.080000002,1630376.48,1630376.48,727867.8300000001,727867.83,16818408.599999998,0,902508.6499999999
2026|2421|1095|4|0|10|3,0,762854.58,762854.58,762854.58,0,0,0,0,762854.58,0
2026|2421|1095|4|0|24|1,111892093,106412722.14,106412722.14,4520629.14,0,0,0,101892093,4520629.14,0
2026|2421|1016|1|0|71|1,1368017,1368017,1370617.7927756656,0,0,0,0,1368017,0,0
2026|2421|1016|3|0|10|4,230000,230000,230000,0,0,0,0,230000,0,0
2026|2421|1016|3|0|71|7,235810,235810,235810,0,0,0,0,235810,0,0
2026|2421|1016|3|0|71|1,2276441,1276441,1276441,481845.69000000006,399310.86,170863.86,170863.86,794595.3099999999,82534.83000000007,228447
2026|2421|1016|4|0|10|8,300000,0,0,0,0,0,0,0,0,0
2026|2421|1016|4|0|10|4,585000,585000,585000,0,0,0,0,585000,0,0
2026|2421|1016|4|0|71|1,0,1000000,1000000,59000,14249.95,0,0,941000,44750.05,14249.95
2026|2421|1016|4|0|24|1,962019,962019,962019,0,0,0,0,962019,0,0
2026|2421|1032|3|0|71|3,0,286.5,286.5,286.5,286.5,0,0,0,0,286.5
2026|2421|1032|3|0|1|1,0,285858.4,285858.4,285858.4,285858.4,0,0,0,0,285858.4
2026|2421|1032|3|0|71|1,3206136,3205849.5,3205849.5,2979884.65,1347929.94,875658.45,875658.45,225964.8500000001,1631954.71,472271.49
2026|2421|1032|3|0|24|1,0,285858.4,285858.4,0,0,0,0,285858.4,0,0
2026|2421|1032|3|0|10|8,6240990,3814471,3814471,0,0,0,0,3814471,0,0
2026|2421|1032|4|0|15|1,0,0,1806460,0,0,0,0,0,0,0
2026|2421|4323|3|0|71|1,823040,823040,823040,0,0,0,0,823040,0,0
2026|2421|4325|1|0|71|1,154542,154542,0,0,0,0,0,154542,0,0
2026|2421|4325|3|0|10|3,0,2103.67,2103.67,2103.67,2103.67,0,0,0,0,2103.67
2026|2421|4325|3|0|71|1,151328,151328,151328,151328,51000,3224.33,3224.33,0,100328,47775.67
2026|2421|4325|3|0|71|7,55252,55252,55252,0,0,0,0,55252,0,0
2026|2421|4325|3|0|24|1,287096,884992.33,884992.33,597896.33,597896.33,0,0,287096,0,597896.33
2026|2421|4325|4|0|10|8,400000,0,0,0,0,0,0,0,0,0
2026|2421|4516|1|0|71|1,337132,337132,165178.53281964757,46898.47,46898.47,46898.47,46898.47,290233.53,0,0
2026|2421|4516|3|0|71|1,4344,0,0,0,0,0,0,0,0,0
2026|2421|4516|3|0|71|7,70144,70144,41382.4016469335,13836.380000000001,13836.38,13836.38,13836.380000000001,56307.619999999995,1.8189894035458565e-12,0
2026|2421|4516|4|0|10|8,3500000,0,0,0,0,0,0,0,0,0
2026|2421|4516|4|0|71|1,0,4344,4344,4344,0,0,0,0,4344,0
2026|2421|4516|4|0|15|1,0,95590,544049,95590,19300,0,0,0,76290,19300
2026|2421|4320|3|0|71|3,0,3203460.98,3203460.98,3203460.98,1965070.68,700044.64,700044.64,0,1238390.3,1265026.04
2026|2421|4320|3|0|71|1,3972400,3972400,3972400,2935000,1424446.49,330877.07999999996,330877.08,1037400,1510553.51,1093569.4100000001
2026|2421|4320|3|0|24|1,0,12853234.82,12853234.82,2853234.8200000003,2529509.1799999997,1896491.82,1896491.8199999998,10000000,323725.6400000006,633017.3599999996
2026|2421|7004|1|0|10|9,0,24650.8,24650.8,24650.8,24650.8,24650.8,24650.8,0,0,0
2026|2421|7004|3|0|10|9,1000,0,0,0,0,0,0,0,0,0
2026|2421|2500|1|0|71|1,7113613,7113613,8999019.614601051,2670717,2670717,2670717,2670717,4442896,0,0
2026|2421|2500|3|0|71|7,1585222,1585222,2162781.966101393,594760.26,594760.26,594760.26,594760.26,990461.74,0,0
2026|2421|2500|3|0|71|1,3068400,3068400,3068400,1818235.8399999999,1449383.7200000002,571084.5600000002,571084.5599999999,1250164.1600000001,368852.11999999965,878299.16
2026|2431|4446|3|0|60|1,400608,400608,400608,278727.85,87137.78,39303.39,39303.39,121880.15000000002,191590.06999999998,47834.39
2026|2431|4447|4|0|24|1,14526527,14526527,14526527,0,0,0,0,14526527,0,0
2026|2431|7004|1|0|10|9,1000,1000,1000,0,0,0,0,1000,0,0
2026|2431|2500|3|0|10|1,2172720,2179062,2172720,2179062,604443.4299999999,604443.4299999999,604443.43,0,1574618.57,0
2026|2431|2500|3|0|60|1,859732,859732,859732,670978.1799999999,220387.22000000003,95616.37,95616.37,188753.82000000007,450590.9599999999,124770.85000000003
2026|2431|2500|4|0|10|1,0,36404,0,36404,0,0,0,0,36404,0
2026|2431|2417|1|0|10|1,4082498,4082498,4324640.385714849,1322463.3699999999,1322463.3699999999,1322463.3699999999,1322463.37,2760034.63,0,0
2026|2431|2417|3|0|10|7,506188,506188,629701.9819408209,177237.5,177237.5,177237.5,177237.5,328950.5,0,0
2026|2441|4015|3|0|59|1,355485,355485,355485,330577.50999999995,111906.56,100218.37000000001,78978.06000000001,24907.49000000005,218670.94999999995,11688.189999999988
2026|2441|4013|3|0|59|1,332448,1312447.99,1312448,1240263.93,1102077.49,104539.48,104539.48,72184.06000000006,138186.43999999994,997538.01
2026|2441|4014|3|0|59|1,1504546,1504546,1504546,798246.3300000001,353906.47000000003,258204.79,235030.65,706299.6699999999,444339.86000000004,95701.68000000002
2026|2441|7004|1|0|59|9,374926,374926,374926,42765.44,15791.34,13497.330000000002,13497.330000000002,332160.56,26974.100000000002,2294.0099999999984
2026|2441|2500|3|0|59|1,1067231,1067231,1067231,761853.4500000001,283657.25,223818.53,193061.84999999998,305377.54999999993,478196.20000000007,59838.72
2026|2441|2417|1|0|59|1,15937934,15937934,16626680.11610071,5081417.880000001,5081417.880000001,5081417.880000001,5081417.88,10856516.12,0,0
2026|2441|2417|3|0|59|7,1226724,1226724,2627569.72604882,825382.47,825382.47,825382.47,825382.47,401341.53,0,0
2026|2461|4286|3|0|32|1,751794,751794,751794,628246.6900000001,218836.93,169582.99,169582.99000000002,123547.30999999994,409409.76000000007,49253.94
2026|2461|4286|3|0|10|1,0,570000,570000,0,0,0,0,570000,0,0
2026|2461|4286|4|0|32|1,35000,35000,35000,35000,0,0,0,0,35000,0
2026|2461|4273|3|0|60|1,55000,55000,55000,55000,0,0,0,0,55000,0
2026|2461|4273|3|0|32|1,339428,339428,339428,339428,38348.89,38269.17,38269.17,0,301079.11,79.72000000000116
2026|2461|4528|3|1|10|3,96325,96325,96325,64913.52,0,0,0,31411.480000000003,64913.52,0
2026|2461|4528|3|1|32|1,2815305,2815305,2815305,2169337.28,732689.0800000001,466255.42000000004,466255.42,645967.7200000002,1436648.1999999997,266433.66000000003
2026|2461|4528|3|1|24|1,13634007,13634007,13634007,0,0,0,0,13634007,0,0
2026|2461|7004|1|0|10|9,1000,1000,1000,0,0,0,0,1000,0,0
2026|2461|2500|3|0|10|1,214920,214920,214920,164150.02999999997,56994.14,21029.29,21029.29,50769.97000000003,107155.88999999997,35964.85
2026|2461|2417|1|0|10|1,2143140,2143140,1786013.1102927453,514103.21,514103.20999999996,514103.20999999996,514103.21,1629036.79,5.820766091346741e-11,0
2026|2461|2417|3|0|10|7,250227,250227,310665.29109343933,83137.5,83137.5,83137.5,83137.5,167089.5,0,0
2026|2471|4406|3|0|60|2,2001130,2001130,2001130,653893.19,395750.19999999995,357466.73,357466.73,1347236.81,258142.99,38283.46999999997
2026|2471|4406|3|0|10|1,1980000,1980000,1980000,0,0,0,0,1980000,0,0
2026|2471|4406|4|0|10|1,7680000,7680000,7680000,2021341,873373.79,873373.78,873373.78,5658659,1147967.21,0.010000000009313226
2026|2471|4406|4|0|60|2,37635820,37635820,28635820,7005344.369999999,2896078.35,2691538.93,2421154.5700000003,30630475.630000003,4109266.019999999,204539.41999999993
2026|2471|2500|3|0|10|1,13528639,13421263.2,13421263.2,13117250.989999998,10728385.749999998,4029632.0300000003,4029632.0300000003,304012.2100000009,2388865.24,6698753.719999998
2026|2471|2500|4|0|10|1,0,107375.8,107375.8,345,342.99,342.99,342.99,107030.8,2.009999999999991,0
2026|2471|2417|1|0|10|1,6117900,6117900,14987310.232455337,3556376.96,3556376.9599999995,2548743.7899999996,2548743.7899999996,2561523.04,4.656612873077393e-10,1007633.1699999999
2026|2471|2417|3|0|10|7,607000,607000,907594.4891313104,249356.28,249356.28,249356.28,249356.28,357643.72,0,0
2026|2481|4492|3|0|15|1,0,2105392.5,2105392.5,5700,5700,0,0,2099692.5,0,5700
2026|2481|4492|3|0|82|1,0,12122211.5,12122211.5,0,0,0,0,12122211.5,0,0
2026|2481|4495|3|0|15|1,0,3339280,3339280,6600,6600,0,0,3332680,0,6600
2026|2481|4495|3|0|82|1,0,13289507,13289507,0,0,0,0,13289507,0,0
2026|2481|4496|3|0|82|1,0,8762906.5,8762906.5,0,0,0,0,8762906.5,0,0
2026|2481|4496|3|0|15|1,0,22093532.5,22093532.5,58000,58000,0,0,22035532.5,0,58000
2026|2481|4496|4|0|15|1,0,516637,516637,0,0,0,0,516637,0,0
2026|2481|4496|4|0|82|1,0,3251142,3251142,0,0,0,0,3251142,0,0
2026|2481|4494|3|0|82|1,0,21878436,21878436,0,0,0,0,21878436,0,0
2026|2481|4494|3|0|15|1,0,24030430.5,24030430.5,71055.2,71055.2,383.85,383.85,23959375.3,0,70671.34999999999
2026|2481|4491|1|0|10|1,0,64669972.5,7309602.063870041,2834097.52,2834097.52,2834097.52,2834097.5199999996,61835874.98,0,0
2026|2481|4491|3|0|82|1,0,1442093.5,1442093.5,0,0,0,0,1442093.5,0,0
2026|2481|4491|3|0|10|7,0,2931573.75,970798.8743004585,757227.66,757227.66,757227.66,757227.66,2174346.09,0,0
2026|2481|4491|3|0|15|1,0,55000000,55000000,27002700,6798800.390000001,6795450.390000001,5863702.48,27997300,20203899.61,3350
2026|3041|4235|3|0|10|8,750000,60000,60000,0,0,0,0,60000,0,0
2026|3041|4235|3|0|60|1,25892358,25892358,25892358,12946179,3970724.27,3970724.27,3970724.27,12946179,8975454.73,0
2026|3041|4235|3|0|67|1,57178528,57178528,57178528,0,14658217.780000001,14658217.780000001,14658217.780000001,57178528,-14658217.780000001,0
2026|3041|4235|4|0|10|8,1550000,0,0,0,0,0,0,0,0,0
2026|3041|4235|4|0|60|1,9735338,9735338,9735338,4867669,0,0,0,4867669,4867669,0
2026|3041|4236|3|0|15|1,0,6664,6664,0,0,0,0,6664,0,0
2026|3041|4236|3|0|10|4,126000,126000,126000,0,0,0,0,126000,0,0
2026|3041|4236|3|0|60|3,156817,156817,156817,0,0,0,0,156817,0,0
2026|3041|4236|3|0|1|1,288500,288500,288500,0,0,0,0,288500,0,0
2026|3041|4236|3|0|24|1,1002000,1002000,1002000,0,0,0,0,1002000,0,0
2026|3041|4236|3|0|10|8,7662760,4324273.28,4324273.279999999,0,0,0,0,4324273.28,0,0
2026|3041|4236|3|0|2|1,6380409,6380409,6380409,0,0,0,0,6380409,0,0
2026|3041|4236|3|0|80|1,40000000,40000000,40000000,0,0,0,0,40000000,0,0
2026|3041|4236|4|0|10|4,25000,25000,25000,0,0,0,0,25000,0,0
2026|3041|4236|4|0|1|1,257850,257850,257850,0,0,0,0,257850,0,0
2026|3041|4236|4|0|60|3,264662,264662,264662,0,0,0,0,264662,0,0
2026|3041|4236|4|0|97|1,0,888565.35,888565.35,0,0,0,0,888565.35,0,0
2026|3041|4236|4|0|15|1,0,1211900,1211900,0,0,0,0,1211900,0,0
2026|3041|4236|4|0|2|1,2900186,2900186,2900186,0,0,0,0,2900186,0,0
2026|3041|4236|4|0|10|8,11811990,9032486.21,9032486.21,0,0,0,0,9032486.21,0,0
2026|3041|4236|4|0|24|1,7286034,9154715.88,9084106.82,0,0,0,0,9154715.88,0,0
2026|3041|1044|3|0|67|1,480000,480000,480000,0,90244.5,90244.5,90244.5,480000,-90244.5,0
2026|3041|1045|3|0|67|1,15000,15000,15000,0,0,0,0,15000,0,0
2026|3041|7004|1|0|60|9,1000,1000,1000,0,0,0,0,1000,0,0
2026|3041|2500|3|0|67|1,1744815,1744815,1744815,0,221738.92,221738.92,221738.92,1744815,-221738.92,0
2026|3041|2500|4|0|10|8,500000,0,0,0,0,0,0,0,0,0
2026|3041|2417|1|0|60|1,16649825,16649825,16449482.37179621,8324912.5,3560192.65,3560192.65,3560192.65,8324912.5,4764719.85,0
2026|3041|2417|1|0|67|1,46381657,46381657,17790888.813246768,0,8806438.51,8806438.51,8806438.51,46381657,-8806438.51,0
2026|3041|2417|1|0|10|1,227035164,227035164,231790344.76096475,113517582,48018520.22,48018520.22,48018520.22,113517582,65499061.78,0
2026|3051|4370|3|0|10|1,395796,395796,395796,197898,0,0,0,197898,197898,0
2026|3051|4371|3|0|10|1,203396,203396,203396,101698,0,0,0,101698,101698,0
2026|3051|4016|1|0|10|1,15786981,15786981,14921066.197696261,7893490.5,4398582.57,4398582.57,4398582.57,7893490.5,3494907.9299999997,0
2026|3051|4016|3|0|60|1,100000,100000,100000,50000,22968.66,22968.66,22968.66,50000,27031.34,0
2026|3051|4016|3|0|10|1,7721604,7721604,7721604,3860802,1483426.25,1483426.25,1483426.25,3860802,2377375.75,0
2026|3051|4016|4|0|10|1,12802591,12802591,12802591,6401295.5,1304568.4,1304568.4,1304568.4,6401295.5,5096727.1,0
2026|3051|4023|3|0|60|1,200000,200000,200000,100000,52163.9,52163.9,52163.9,100000,47836.1,0
2026|3051|4020|3|0|60|1,800000,800000,800000,400000,182679.26,182679.26,182679.26,400000,217320.74,0
2026|3051|4021|3|0|60|1,800000,800000,800000,400000,68083.36,68083.36,68083.36,400000,331916.64,0
2026|3051|4022|3|0|60|1,1300000,1300000,1300000,650000,380540.52,380540.52,380540.52,650000,269459.48,0
2026|3051|4019|3|0|60|1,2200000,2200000,2200000,1100000,0,0,0,1100000,1100000,0
2026|3051|4018|3|0|59|1,0,292352.07,292352.07,292352.07,4029.99,4029.99,4029.99,0,288322.08,0
2026|3051|4018|3|0|1|1,2000,2000,2000,0,0,0,0,2000,0,0
2026|3051|4018|3|0|68|1,2000,2000,2000,0,0,0,0,2000,0,0
2026|3051|4018|3|0|60|3,0,4082,4082,0,0,0,0,4082,0,0
2026|3051|4018|3|0|2|1,2000,53675.77,53675.77,0,17264.61,17264.61,17264.61,53675.77,-17264.61,0
2026|3051|4018|3|0|10|3,0,82905,82905,0,0,0,0,82905,0,0
2026|3051|4018|3|0|70|1,85239,85239,85239,0,1804.29,1804.29,1804.29,85239,-1804.29,0
2026|3051|4018|3|0|24|1,1518671,1954042.73,1954042.73,0,317027.43,317027.43,317027.43,1954042.73,-317027.43,0
2026|3051|4018|3|0|60|1,8793176,8793176,8793176,4396588,1477931.17,1477931.17,1477931.17,4396588,2918656.83,0
2026|3051|4018|3|0|10|1,13097090,13097090,13097090,6548545,3385563.04,3385563.04,3385563.04,6548545,3162981.96,0
2026|3051|4018|4|0|59|1,0,141472.23,141472.23,141472.23,33950,33950,33950,0,107522.23000000001,0
2026|3051|4018|4|0|70|1,23001,23001,23001,0,0,0,0,23001,0,0
2026|3051|4018|4|0|10|3,41000,148350,148350,99150,148350,148350,148350,49200,-49200,0
2026|3051|4018|4|0|47|1,60000,5188023.9,5188023.9,5128023.9,688770.42,688770.42,688770.42,60000,4439253.48,0
2026|3051|4018|4|0|2|1,0,251879.12,251879.12,0,0,0,0,251879.12,0,0
2026|3051|4018|4|0|10|8,110000,280000,280000,0,0,0,0,280000,0,0
2026|3051|4018|4|0|60|1,5700000,5700000,5700000,2850000,99100,99100,99100,2850000,2750900,0
2026|3051|4018|4|0|24|1,2130802,3307762,3307762,0,1216250,1216250,1216250,3307762,-1216250,0
2026|3051|7004|1|0|10|9,1000,1000,1000,0,0,0,0,1000,0,0
2026|3051|2500|3|0|10|1,1417715,1417715,1417715,708857.5,331695.08999999997,331695.08999999997,331695.08999999997,708857.5,377162.41000000003,0
2026|3051|2500|3|0|60|1,5500000,5500000,5500000,2750000,1478510.07,1478510.07,1478510.07,2750000,1271489.93,0
2026|3051|2417|1|0|10|1,99987608,99987608,95988444.95368312,49993804,27958818.49,27958818.49,27958818.49,49993804,22034985.51,0
2026|3151|4424|3|1|59|2,1000,1000,1000,0,0,0,0,1000,0,0
2026|3151|4333|3|0|10|1,311621,311621,311621,91308,0,0,0,220313,91308,0
2026|3151|2031|1|0|10|1,933501,933501,837597.2427495552,933500,167326.76,167326.76,167326.76,1,766173.24,0
2026|3151|2031|3|0|10|1,490500,490500,490500,173773.95,0,0,0,316726.05,173773.95,0
2026|3151|4295|1|0|10|1,170854,170854,77632.02226067855,170853,22935.729999999996,22935.729999999996,22935.729999999996,1,147917.27000000002,0
2026|3151|4295|3|0|10|1,570268,570268,570268,166871,0,0,0,403397,166871,0
2026|3151|4296|3|0|10|1,146421,146421,146421,146420.9,146421,146421,146421,0.10000000000582077,-0.10000000000582077,0
2026|3151|4294|1|0|10|1,437660,437660,316173.0694121372,437659,58296.27,58296.27,58296.27,1,379362.73,0
2026|3151|4294|3|0|10|1,1295919,1295919,1295919,415638.01,148925.74,148925.74,148925.74,880280.99,266712.27,0
2026|3151|4297|3|0|60|1,579500,144875.24,144875.24,0,0,0,0,144875.24,0,0
2026|3151|4297|3|0|10|1,2876394,2876394,2876394,1022855.4,589356.95,589356.95,589356.95,1853538.6,433498.45000000007,0
2026|3151|4315|1|0|10|1,4101327,4101327,4329767.638951808,4101326,779241.46,779241.46,779241.46,1,3322084.54,0
2026|3151|4315|3|0|60|1,700000,700000,700000,383916.05,162778.75,162778.75,162778.75,316083.95,221137.3,0
2026|3151|4315|3|0|10|1,1722926,1472926,1472926,530077.39,308566,308566,308566,942848.61,221511.39,0
2026|3151|2052|3|0|10|1,4977000,4107000,3073271,2216019.55,1413928.7000000002,1413928.7000000002,1413928.7000000002,1890980.4500000002,802090.8499999996,0
2026|3151|4316|1|0|10|1,6369314,6369314,6185933.319669999,6369313,1200453.49,1200453.49,1200453.49,1,5168859.51,0
2026|3151|4316|3|0|60|1,256500,256500,256500,0,0,0,0,256500,0,0
2026|3151|4316|3|0|10|1,3116796,3066796,3066796,1099784.2,626964.74,626964.74,626964.74,1967011.8,472819.45999999996,0
2026|3151|7004|3|0|10|9,1000,1000,1000,0,0,0,0,1000,0,0
2026|3151|2500|1|0|10|1,4717670,4717670,5114629.121686507,4717669,965525.63,965525.63,965525.63,1,3752143.37,0
2026|3151|2500|3|0|10|1,2298938,2295548,2295548,749092.9800000001,450680.98,450680.98,450680.98,1546455.02,298412.0000000001,0
2026|4031|2109|3|0|77|1,6250000,6250000,6250000,0,4809510.81,2632414.3299999996,2624674.2299999995,6250000,-4809510.81,2177096.48
2026|4031|2055|3|0|60|7,270000000,270000000,270000000,0,9343758.58,9343758.58,9343758.58,270000000,-9343758.58,0
2026|4031|2025|3|0|77|1,237958319,237958319,237958319,0,81045434.25,32597770.849999998,32597770.849999998,237958319,-81045434.25,48447663.400000006
2026|4031|2025|4|0|77|1,126783712,126783712,126783712,0,22298254.89,17390779.810000002,17390779.81,126783712,-22298254.89,4907475.079999998
2026|4031|2091|3|0|77|1,143683266,143683266,143683266,0,57827226.40000002,26457244.269999992,26440404.04999999,143683266,-57827226.40000002,31369982.13000003
2026|4031|2091|4|0|60|1,113243261,113229032,113229032,0,16516271.6,5868356.46,5868356.46,113229032,-16516271.6,10647915.14
2026|4031|2091|4|0|77|1,315173011,315173011,315173011,0,118948742.51000002,74036672.72,74036672.72,315173011,-118948742.51000002,44912069.79000002
2026|4031|2091|5|0|60|1,140000000,140000000,140000000,0,136956077.63,136956077.63,136956077.63,140000000,-136956077.63,0
2026|4031|4395|3|0|60|2,120000,120000,120000,0,14834.03,5129.51,5129.51,120000,-14834.03,9704.52
2026|4031|4395|3|0|70|1,1147089,1147089,1147089,0,184019.45,150321.24,150321.24,1147089,-184019.45,33698.21000000002
2026|4031|4395|3|0|61|1,83338004,83338004,83338004,0,8500000,2582962.85,2582962.85,83338004,-8500000,5917037.15
2026|4031|4395|3|0|60|1,644353725,592364533,592364533,0,204148624.5,175117137.3,175117137.3,592364533,-204148624.5,29031487.199999988
2026|4031|4395|3|0|77|1,1556123218,1556123218,1556123218,0,373547868.47999954,216970016.12999964,216947501.18999973,1556123218,-373547868.47999954,156577852.3499999
2026|4031|4395|4|0|47|1,2841228,2841228,2841228,0,0,0,0,2841228,0,0
2026|4031|4395|4|0|77|1,29169107,29169107,29169107,0,4307919.3,131695.59,131695.59,29169107,-4307919.3,4176223.71
2026|4031|4395|4|0|60|1,57156052,41907679.14,41907679.14,0,743437,594749.6,594749.6,41907679.14,-743437,148687.40000000002
2026|4091|4207|3|0|45|1,107657,107657,107657,0,0,0,0,107657,0,0
2026|4091|4207|4|0|45|1,207657,207657,207657,0,0,0,0,207657,0,0
2026|4091|4428|3|0|45|1,100000,100000,100000,0,0,0,0,100000,0,0
2026|4101|4427|3|0|60|1,1000,1000,0,0,0,0,0,1000,0,0
2026|4101|2075|3|0|60|1,3000000,3000000,1212750,703187.5,76193,76193,76193,2296812.5,626994.5,0
2026|4101|2075|5|0|60|1,16823595,16823595,16823595,8411797.5,3823456.54,3823456.54,3823456.5399999996,8411797.5,4588340.96,0
2026|4111|4043|5|0|60|1,1000,1000,0,0,0,0,0,1000,0,0
2026|4111|4041|5|0|60|1,1000,1000,0,0,0,0,0,1000,0,0
2026|4111|4042|5|0|60|1,1000,1000,0,0,0,0,0,1000,0,0
2026|4121|2013|3|0|60|1,1000,1000,1000,0,0,0,0,1000,0,0
2026|4121|4539|3|0|60|1,1000,1000,1000,0,0,0,0,1000,0,0
2026|4121|4084|5|0|60|1,17998000,17998000,17998000,0,2845296.8800000004,2845296.8800000004,2845296.8800000004,17998000,-2845296.8800000004,0
2026|4141|1046|3|0|57|1,10000,392729.99,392729.99,382729.99,0,0,0,10000,382729.99,0
2026|4141|1046|3|0|39|1,5919714,1919714,5919714,0,0,0,0,1919714,0,0
2026|4141|1046|4|0|39|1,0,4000000,0,616137.8,0,0,0,3383862.2,616137.8,0
2026|4141|1046|4|0|57|1,21225633,32921123.71,32921123.71,11695490.41,0,0,0,21225633.3,11695490.41,0
2026|4151|4497|3|0|10|1,1000,1000,1000,0,0,0,0,1000,0,0
2026|4251|4402|3|0|80|1,5952959,6553367,6553367,312806.97,159530.27999999997,94196.1,94196.1,6240560.03,153276.69,65334.179999999964
2026|4251|4402|4|0|80|1,27847404,27847404,27847404,0,0,0,0,27847404,0,0
2026|4251|2074|3|0|10|8,1000000,0,0,0,0,0,0,0,0,0
2026|4251|2074|3|0|71|1,12000,12000,12000,12000,0,0,0,0,12000,0
2026|4251|2074|3|0|56|1,1000,1000,1000,0,0,0,0,1000,0,0
2026|4251|2074|4|0|6|1,100000,100000,100000,0,0,0,0,100000,0,0
2026|4251|2074|4|0|5|1,100000,800000,800000,700000,0,0,0,100000,700000,0
2026|4251|4435|3|0|71|1,2297936,2071956,2071956,1067893.51,220063.71000000002,97966.27,97340.56999999999,1004062.49,847829.8,122097.44000000002
2026|4251|4435|3|0|56|1,1582127,2324602.37,2324602.37,904416.1799999999,626148.5199999999,162097.96,162097.96,1420186.1900000002,278267.66000000003,464050.55999999994
2026|4251|4435|4|0|71|1,0,225980,225980,134388.17,112729.83,55954.91,55954.91,91591.82999999999,21658.34000000001,56774.92
2026|4251|4434|3|0|71|1,438236,438236,438236,438236,103255.16999999998,80900.90000000001,79290.96999999999,0,334980.83,22354.269999999975
2026|4251|4434|3|0|56|1,379760,547381,547381,193631.5,176243.28,105847.79,105847.79000000001,353749.5,17388.22,70395.49
2026|4251|4433|3|0|71|1,1153198,1153198,1153198,630181.48,328890.43999999994,232609.10000000003,230310.34999999998,523016.52,301291.04000000004,96281.33999999991
2026|4251|4433|3|0|80|1,1600000,1600000,1600000,310502.04000000004,47134.89,47134.89,47134.89,1289497.96,263367.15,0
2026|4251|4433|3|0|56|1,2632190,2881315.23,2881315.23,536685.79,208239.24,182619.19,182037.88999999998,2344629.44,328446.55000000005,25620.04999999999
2026|4251|4433|4|0|56|1,100000,100000,100000,0,0,0,0,100000,0,0
2026|4251|4433|4|0|71|1,2568384,2568384,2568384,1092848,589050,251168,251168,1475536,503798,337882
2026|4251|4430|3|0|56|1,500000,651700,651700,191720,0,0,0,459980,191720,0
2026|4251|4430|3|0|71|1,13012494,13012494,13012494,5806848.15,4263773.83,4263773.83,3622750.6599999997,7205645.85,1543074.3200000003,0
2026|4251|4429|3|0|56|1,3168881,4041073.6799999997,4041073.68,1154634.15,481631.64,303103.79000000004,283887.79999999993,2886439.53,673002.5099999999,178527.84999999998
2026|4251|4429|3|0|71|1,15301622,15294326,15294326,6350764.83,1425556.83,1255370.4,1207636.67,8943561.17,4925208,170186.43000000017
2026|4251|4429|4|0|71|1,0,7296,7296,7296,0,0,0,0,7296,0
2026|4251|4429|4|0|56|1,128000,128000,128000,0,0,0,0,128000,0,0
2026|4251|4025|3|0|71|1,240000,240000,240000,100000,0,0,0,140000,100000,0
2026|4251|4431|3|0|71|1,130783080,135787890,135787890,70073274.97,55582680,30145255,21625055,65714615.03,14490594.969999999,25437425
2026|4251|1096|3|0|71|1,1000,1000,1000,0,0,0,0,1000,0,0
2026|4291|4123|3|0|10|8,6720495,0,0,0,0,0,0,0,0,0
2026|4291|4123|4|0|95|1,0,7979611.68,7979611.68,7979611.68,0,0,0,0,7979611.68,0
2026|4291|4123|4|0|10|8,47323974,62843367.63,62843367.63,40707861.69,0,0,0,22135505.940000005,40707861.69,0
2026|4291|4123|4|0|10|1,137067675,126364175,110034091,89298454,7746873.01,7746873.01,5281585.01,37065721,81551580.99,0
2026|4291|4123|4|0|80|1,76757500,72443684.1,72443684.1,34827409,0,0,0,37616275.099999994,34827409,0
2026|4291|1020|3|1|95|1,0,1004958,1004958,1004958,1004958,1004958,1004958,0,0,0
2026|4291|1020|3|1|10|1,13074424,10917424,10917424,5036732.15,3115846.84,1118058.19,1118058.19,5880691.85,1920885.3100000005,1997788.65
2026|4291|1020|4|1|95|1,0,143995042,143995042,143995042,32589244.389999997,5363149.92,5363149.92,0,111405797.61,27226094.47
2026|4291|1020|4|1|80|1,0,25000000,25000000,0,0,0,0,25000000,0,0
2026|4291|4122|3|0|10|1,304789563,195082641,195082641,195063307.92000002,194963369.26,113198.04000000001,113198.04000000001,19333.07999998331,99938.66000002623,194850171.22
2026|4291|4122|3|0|10|8,0,21922493,21922493,20173005,0,0,0,1749488,20173005,0
2026|4291|4121|3|0|80|1,0,550000,550000,550000,0,0,0,0,550000,0
2026|4291|4121|3|0|63|1,1250000,1250000,1250000,0,0,0,0,1250000,0,0
2026|4291|4121|3|0|92|1,2760000,42760000,42760000,40115798.88,1163688.74,1051297.06,793499.25,2644201.1199999973,38952110.14,112391.67999999993
2026|4291|4121|3|0|62|1,5000000,5000000,5000000,0,0,0,0,5000000,0,0
2026|4291|4121|3|0|10|1,2423876227,2311492907.29,2311492907.29,1982477472.7399998,1856404860.1000009,687442655.6300001,686697019.9000002,329015434.5500002,126072612.63999891,1168962204.4700007
2026|4291|4121|3|0|10|8,194453684,388095199.71000004,388095199.71000004,0,0,0,0,388095199.71000004,0,0
2026|4291|4121|4|0|10|8,25161486,24870,24870,0,0,0,0,24870,0,0
2026|4291|2026|3|0|92|1,0,5027234.96,5027234.96,5027234.96,0,0,0,0,5027234.96,0
2026|4291|2026|3|0|10|1,2288000,2288000,2288000,550000,326819.77,112108.96,89054.7,1738000,223180.22999999998,214710.81
2026|4291|2026|4|0|98|1,0,198000,198000,198000,0,0,0,0,198000,0
2026|4291|4458|3|0|10|8,0,240000,240000,0,0,0,0,240000,0,0
2026|4291|4458|3|0|10|1,1322000,1322000,1322000,910166.67,664873.39,328482.33,325453.86,411833.32999999996,245293.28000000003,336391.06
2026|4291|4458|4|0|10|1,59000,59000,59000,0,0,0,0,59000,0,0
2026|4291|4458|4|0|10|8,0,245000,245000,0,0,0,0,245000,0,0
2026|4291|2023|3|0|92|1,0,36807102.16,36807102.16,36807102.16,36807102.16,0,0,0,0,36807102.16
2026|4291|2023|3|0|10|1,65078879,59814879,59814879,23990000,9101199.309999999,262905.75,226273.52000000002,35824879,14888800.690000001,8838293.559999999
2026|4291|2023|4|0|10|1,19672040,19672040,19672040,18750000,4886940.6899999995,1870422.26,1870422.26,922040,13863059.31,3016518.4299999997
2026|4291|2024|3|0|92|1,1000000,1000000,1000000,0,0,0,0,1000000,0,0
2026|4291|2024|3|0|10|1,198760085,198760085,198760085,127175000,78576607.92000008,41404466.08,38428667.00000006,71585085,48598392.07999992,37172141.84000008
2026|4291|2024|4|0|10|1,2949000,2829000,2829000,1400000,129750.03,1872.98,1872.98,1429000,1270249.97,127877.05
2026|4291|1022|3|0|10|1,499500,499500,499500,171625,96212.5,80513.49,74825.68,327875,75412.5,15699.009999999995
2026|4291|4126|3|0|92|1,172500,172500,172500,0,0,0,0,172500,0,0
2026|4291|4126|3|0|10|8,0,13422607,13422607,0,0,0,0,13422607,0,0
2026|4291|4126|3|0|10|1,116990165,119879263,119879263,91810250,90848327.30000003,51486612.739999935,50036978.23999997,28069013,961922.6999999732,39361714.56000009
2026|4291|4126|4|0|10|1,1257955,1657955,1657955,1417954.55,1417954.55,1257954.5499999998,1257954.5499999998,240000.44999999995,0,160000.00000000023
2026|4291|4126|4|0|10|8,0,250000,250000,0,0,0,0,250000,0,0
2026|4291|4127|3|0|10|8,93726690,0.5,0.5,0,0,0,0,0.5,0,0
2026|4291|4127|4|0|80|1,0,79780125,79780125,77825125,0,0,0,1955000,77825125,0
2026|4291|4127|4|0|10|1,135732206,72028806.1,67846687.44999999,59126794.74,26863397.370000005,6393397.37,0,12902011.359999992,32263397.369999997,20470000
2026|4291|4127|4|0|10|8,102659296,28144473.98,28144473.980000004,0,0,0,0,28144473.98,0,0
2026|4291|4125|3|0|10|8,550392984,458227176.44,458227176.44,434076204.17,0,0,0,24150972.26999998,434076204.17,0
2026|4291|4125|3|0|10|1,449100000,453480000,452940000.04,403480000,291512015.6300001,127204231.60999997,127186868.63999997,50000000,111967984.36999989,164307784.02000016
2026|4291|4125|4|0|10|8,39263964,0,0,0,0,0,0,0,0,0
2026|4291|4132|3|0|10|8,0,180000,180000,0,0,0,0,180000,0,0
2026|4291|4132|3|0|10|1,44927500,44830000,44830000,41520000,40973225.339999996,39740284.65,39740284.65,3310000,546774.6600000039,1232940.6899999976
2026|4291|4132|4|0|80|1,0,2000000,2000000,0,0,0,0,2000000,0,0
2026|4291|4132|4|0|10|1,5198024,5987969,5798024,0,0,0,0,5987969,0,0
2026|4291|4130|3|0|10|1,122091215,125477715,125477715,125477715,124074095.74000001,44155399.989999995,44155399.989999995,0,1403619.2599999905,79918695.75000001
2026|4291|4130|3|0|10|8,0,3312918.7,3312918.7,0,0,0,0,3312918.7,0,0
2026|4291|4130|4|0|10|8,3360247,720000,720000,0,0,0,0,720000,0,0
2026|4291|4130|4|0|10|1,600000,1820500,1820500,900000,800500,200500,200500,920500,99500,600000
2026|4291|4130|4|0|80|1,0,15530000,15530000,13530000,13530000,0,0,2000000,0,13530000
2026|4291|4129|3|0|10|8,1840000,16423693,16423693,0,0,0,0,16423693,0,0
2026|4291|4129|3|0|71|1,40457233,40457233,40457233,22039690.58,19617302.869999997,18930304.47,10144090.400000002,18417542.42,2422387.710000001,686998.3999999985
2026|4291|4129|3|0|92|1,19114764,39114764,39114764,20000000,1013264.2,0,0,19114764,18986735.8,1013264.2
2026|4291|4129|3|0|10|1,159137542,137605573,137605573,105020000,103351642.57999988,40115888.02999997,24606868.050000027,32585573,1668357.420000121,63235754.54999991
2026|4291|4129|4|0|10|1,0,600000,600000,0,0,0,0,600000,0,0
2026|4291|4129|4|0|10|8,1000000,1820000,1820000,0,0,0,0,1820000,0,0
2026|4291|4129|4|0|80|1,0,6600000,6600000,600000,0,0,0,6000000,600000,0
2026|4291|4131|3|0|71|1,15000000,15000000,15000000,15000000,15000000,15000000,14372765.500000002,0,-1.862645149230957e-09,0
2026|4291|4131|3|0|63|1,1250000,1250000,1250000,0,0,0,0,1250000,0,0
2026|4291|4131|3|0|62|1,5000000,5000000,5000000,0,0,0,0,5000000,0,0
2026|4291|4131|3|0|10|8,0,28947143.34,28947143.34,0,0,0,0,28947143.34,0,0
2026|4291|4131|3|0|10|1,336054446,348982332,348982332,253346782.52,252284669.07000002,56802277.81999999,55158390.04000001,95635549.47999999,1062113.449999988,195482391.25000003
2026|4291|4131|4|0|64|1,26000,26000,26000,0,0,0,0,26000,0,0
2026|4291|4131|4|0|65|1,904500,904500,904500,0,0,0,0,904500,0,0
2026|4291|4131|4|0|10|8,3000000,3001341,3001341,0,0,0,0,3001341,0,0
2026|4291|4131|4|0|80|1,0,26434006,26434006,18434006,0,0,0,8000000,18434006,0
2026|4291|4131|4|0|10|1,6000000,11861041,8894810,0,0,0,0,11861041,0,0
2026|4291|4134|3|0|92|1,8596800,56596800,56596800,48000000,0,0,0,8596800,48000000,0
2026|4291|4134|3|0|10|1,91189000,92189000,92189000,75540000,23886902.299999993,5168985.58,1639323.79,16649000,51653097.7,18717916.71999999
2026|4291|4134|4|0|10|1,12400000,12400000,12400000,1807500,981513.95,6515.87,5960,10592500,825986.05,974998.08
2026|4291|4137|3|0|10|1,54615309,55238028,55238028,55238028,54998028,13749506.76,13749506.76,0,240000,41248521.24
2026|4291|4137|3|0|37|1,1100000,1100000,1100000,0,0,0,0,1100000,0,0
2026|4291|4137|3|0|92|1,59593087,71779282.87,71779282.87,19766692.96,4638084.82,3019905.9699999997,3019905.9699999997,52012589.910000004,15128608.14,1618178.8500000006
2026|4291|4137|4|0|93|1,645000,645000,645000,0,0,0,0,645000,0,0
2026|4291|4135|3|0|10|1,1255000,24280224,24280224,104583.33,25224,25224,0,24175640.67,79359.33,0
2026|4291|4135|4|0|10|8,24006085,60875572,60875572,43038490,0,0,0,17837082,43038490,0
2026|4291|4135|4|0|10|1,0,169929901,161688563,143286834,98996084,609600,609600,26643067,44290750,98386484
2026|4291|4136|3|0|10|8,0,243292.12,243292.12,0,0,0,0,243292.12,0,0
2026|4291|4136|3|0|10|1,395648900,408939453,408939453,391031851.48,385397920.42,89308546.49,79966844.35999998,17907601.51999998,5633931.060000002,296089373.93
2026|4291|4136|3|0|92|1,192210077,231410077,231410077,50983149.65,48253231.7,48253231.7,48253231.7,180426927.35,2729917.9499999955,0
2026|4291|4136|4|0|80|1,0,4769317,4769317,4184317,0,0,0,585000,4184317,0
2026|4291|4136|4|0|10|1,0,4970970,4970970,0,0,0,0,4970970,0,0
2026|4291|4133|3|0|10|1,713758132,659981961.61,701139335.26,341020000,162970225.41999996,67526136.99000002,48774219.44000001,318961961.61,178049774.58000004,95444088.42999993
2026|4291|4133|4|0|10|1,3338000,3338000,3338000,1034400,841680,0,0,2303600,192720,841680
2026|4291|4144|3|0|92|1,2708000,14626286,14626286,12136061,0,0,0,2490225,12136061,0
2026|4291|4144|3|0|10|1,7782000,7782000,7782000,1000000,183938.4,0,0,6782000,816061.6,183938.4
2026|4291|4144|4|0|80|1,0,5000000,5000000,0,0,0,0,5000000,0,0
2026|4291|4146|3|0|80|1,0,4000000,4000000,4000000,0,0,0,0,4000000,0
2026|4291|4146|3|0|10|8,0,500000.5,500000.5,0,0,0,0,500000.5,0,0
2026|4291|4146|3|0|10|1,10608676,10608676,10608676,0,0,0,0,10608676,0,0
2026|4291|4146|4|0|80|1,0,1000000,1000000,1000000,0,0,0,0,1000000,0
2026|4291|4147|3|0|10|1,37305348,52305348,52305348,52305348,50396300.82999999,15816552.690000001,15277029.260000002,0,1909047.1700000092,34579748.139999986
2026|4291|4147|3|0|92|1,8223588,11573694,11573694,5730731.279999999,3395330.51,1012998.1900000001,492952.05000000005,5842962.720000001,2335400.7699999996,2382332.32
2026|4291|4147|4|0|10|1,3222300,3222300,3222300,1970384,1646341,0,0,1251916,324043,1646341
2026|4291|1021|3|0|10|8,0,57849,57849,0,0,0,0,57849,0,0
2026|4291|1021|3|0|92|1,1227282,1227282,1227282,0,0,0,0,1227282,0,0
2026|4291|1021|3|0|10|1,113443731,8000000,8000000,0,0,0,0,8000000,0,0
2026|4291|1021|4|0|10|8,0,1941651,1941651,0,0,0,0,1941651,0,0
2026|4291|1021|4|0|10|1,0,3486481,3486481,0,0,0,0,3486481,0,0
2026|4291|4143|3|0|80|1,0,1000000,1000000,0,0,0,0,1000000,0,0
2026|4291|4143|3|0|60|1,18015000,18015000,9007500,5000000,406000,406000,364000,13015000,4594000,0
2026|4291|4143|3|0|92|1,33141642,49034587.239999995,49034587.24,22697195.8,2062979.4400000002,718012.39,152190.02000000002,26337391.439999994,20634216.36,1344967.0500000003
2026|4291|4143|3|0|10|1,95445395,95445395,95445395,45450000,43621853.49000001,42426398.63000002,42397816.619999975,49995395,1828146.5099999905,1195454.859999992
2026|4291|4143|4|0|93|1,0,3380724.79,3380724.79,3380724.79,0,0,0,0,3380724.79,0
2026|4291|4143|4|0|10|8,0,540000,540000,0,0,0,0,540000,0,0
2026|4291|4145|3|0|10|1,67855907,55955907,55955907,2700000,1724913.26,1289791.7400000002,1192347.0899999999,53255907,975086.74,435121.5199999998
2026|4291|4145|4|0|10|8,0,2074608,2074608,0,0,0,0,2074608,0,0
2026|4291|4145|4|0|10|1,23766625,39210929,39210929,0,0,0,0,39210929,0,0
2026|4291|4149|3|0|10|1,116716832,128249696,128249696,77023000,75666160.44000006,26238446.2,11347328.109999998,51226696,1356839.5599999428,49427714.240000054
2026|4291|4149|4|0|80|1,0,600000,600000,0,0,0,0,600000,0,0
2026|4291|4149|4|0|10|8,0,720000,720000,0,0,0,0,720000,0,0
2026|4291|4149|4|0|10|1,3167514,5021985,4481985,1360720,1352340,340988,340988,3661265,8380,1011352
2026|4291|4148|3|0|10|1,236984774,282881816,282881816,237881816,164854987.68999988,47110882.72000001,35415593.780000016,45000000,73026828.31000012,117744104.96999986
2026|4291|4148|3|0|92|1,125338913,166896009.99,166896009.99,83849008.96,51681251.61,16244285.270000001,1582867.44,83047001.03000002,32167757.349999994,35436966.339999996
2026|4291|4490|3|0|71|1,12558240,12558240,12558240,0,0,0,0,12558240,0,0
2026|4291|4241|3|0|10|1,4464757,4464757,4464757,0,0,0,0,4464757,0,0
2026|4291|2137|3|0|10|1,1000,36808969,1000,12225731.57,12225731.57,12225731.57,12225731.57,24583237.43,0,0
2026|4291|2115|3|0|10|1,960756,960756,5681327,0,0,0,0,960756,0,0
2026|4291|2110|3|0|10|1,31538282,31538282,31259504.18,8372428.95,8372428.949999999,8372428.949999999,8372428.95,23165853.05,9.313225746154785e-10,0
2026|4291|2112|3|0|10|1,224346201,224346201,213874139.60000002,64900790.71000001,64900790.70999999,64900790.70999999,64900790.71,159445410.29,1.4901161193847656e-08,0
2026|4291|2135|3|0|10|1,426663914,426663914,410119691.25,130070459.71000001,130070459.71000001,130070459.71000001,130070459.71000001,296593454.28999996,0,0
2026|4291|2136|3|0|10|1,651486526,651486526,646543945.12,177588547.17000002,177588547.17000002,177588547.17000002,177588547.17,473897978.83,0,0
2026|4291|2111|3|0|10|1,2397229409,2397229409,2437420712.02,802583239.86,802583239.86,802583239.86,802583239.86,1594646169.1399999,0,0
2026|4291|2087|4|0|10|1,9,9,9,0,0,0,0,9,0,0
2026|4291|2500|3|0|10|8,13440991,0,0,0,0,0,0,0,0,0
2026|4291|2500|3|0|80|1,0,455367.9,455367.8999999999,0,0,0,0,455367.9,0,0
2026|4291|2500|3|0|60|1,1200000,1200000,1200000,713998.4,648000,369525,9238.12,486001.6,65998.40000000002,278475
2026|4291|2500|3|0|24|1,501000,501000,501000,0,0,0,0,501000,0,0
2026|4291|2500|3|0|57|1,28750000,42250000,42250000,18575347.75,7831665.81,7831665.81,7831665.81,23674652.25,10743681.940000001,0
2026|4291|2500|3|0|10|1,231231636,226231636,226231636,78084583.33,50646345.66,35008831.24,34139097.839999996,148147052.67000002,27438237.67,15637514.419999994
2026|4291|2500|4|0|10|8,28440991,56141031,56141031,53282379,0,0,0,2858652,53282379,0
2026|4291|2500|4|0|10|1,307448,126777492,118609835,118609835,86451326.97,71416892,0,8167657,32158508.03,15034434.969999999
2026|4291|2417|1|0|57|1,71821,71821,208614.54618895502,40167.69,40167.69,40167.69,40167.69,31653.309999999998,0,0
2026|4291|2417|1|0|10|1,422674856,422674856,395544550.8413097,120729855.69999999,120729855.69999999,119620809.34,119618694.98999998,301945000.3,0,1109046.3599999845
2026|4291|2417|3|0|10|1,8715701,8715701,8715701,7000000,6910342.98,1807251.6600000001,1807251.66,1715701,89657.01999999955,5103091.32
2026|4291|2417|3|0|92|1,7868897,7868897,7868897,2846360.81,2846360.81,2846360.81,2846360.81,5022536.1899999995,0,0
2026|4291|2417|3|0|10|7,47340795,47340795,48379125.93295354,13731143.770000001,13731143.77,13731143.77,13731143.769999998,33609651.23,1.862645149230957e-09,0
2026|4291|0|3|0|10|1,0,0,-101063553.77000001,0,0,0,0,0,0,0
2026|4291|0|4|0|10|1,0,0,-7949905.160000001,0,0,0,0,0,0,0
2026|4321|4436|3|0|10|1,1000,1000,0,0,0,0,0,1000,0,0
2026|4331|4529|3|0|59|1,1000,1000,1000,250,0,0,0,750,250,0
2026|4331|4518|3|0|10|1,88400,88400,88400,22099.989999999998,0,0,0,66300.01000000001,22099.989999999998,0
2026|4331|4518|3|0|59|1,88400,88400,88400,22099.989999999998,0,0,0,66300.01000000001,22099.989999999998,0
2026|4331|4471|3|0|59|1,0,1469006.5,1469006.5,1469006.5,1174521.37,0,0,0,294485.1299999999,1174521.37
2026|4331|4471|3|0|10|1,1000,1470006.5,1470006.5,1469256.4999999998,1469006.5,0,0,750.0000000002328,249.99999999976717,1469006.5
2026|4341|4258|3|0|31|1,875000,875000,0,0,0,0,0,875000,0,0
2026|4341|4413|3|0|31|1,50000,50000,0,0,0,0,0,50000,0,0
2026|4341|4392|3|0|31|1,8549286,8549286,0,0,0,0,0,8549286,0,0
2026|4341|4064|3|0|31|1,4760143,4760143,0,0,0,0,0,4760143,0,0
2026|4341|4151|3|0|31|1,17563364,17563364,0,200000,125525.35999999999,125525.35999999999,125525.34999999999,17363364,74474.64000000001,0
2026|4341|4264|4|0|31|1,2500000,2500000,0,0,0,0,0,2500000,0,0
2026|4341|4263|3|0|31|1,4077088,4077088,2276215,1228855,128036.62999999999,121351.31,99519.31000000001,2848233,1100818.37,6685.319999999992
2026|4341|2500|3|0|31|1,610663,610663,0,0,0,0,0,610663,0,0
2026|4381|4211|4|0|83|1,1000,1000,1000,416.96000000000004,0,0,0,583.04,416.96000000000004,0
2026|4381|4209|3|0|83|1,426000,426000,426000,56003.56,36000,0,0,369996.44,20003.559999999998,36000
2026|4381|4209|4|0|83|0,60000,60000,60000,59999.99999999999,48488.4,0,0,7.275957614183426e-12,11511.599999999991,48488.4
2026|4381|4210|4|0|54|0,4104010,4104010,4104010,4104009.1999999997,3471951.2199999997,2149764.94,2149764.94,0.8000000002793968,632057.98,1322186.2799999998
2026|4381|4382|3|0|83|1,146400,146400,146400,27563.810000000005,0,0,0,118836.19,27563.810000000005,0
2026|4381|4382|4|0|83|1,251455,251455,251455,69644.72,0,0,0,181810.28,69644.72,0
2026|4381|4382|4|0|83|0,3569738,3569738,3569738,1751621.69,0,0,0,1818116.31,1751621.69,0
2026|4381|4201|4|0|83|1,63193419,61693419,29972977,20207360.07,8015894.57,2329768.06,2329768.06,41486058.93,12191465.5,5686126.51
2026|4381|4526|4|0|83|1,62190669,62190669,62190669,25930711.35,11592770.2,6115566.83,5754896.890000001,36259957.65,14337941.150000002,5477203.369999999
2026|4381|2029|3|0|83|1,29782158,29782158,29782158,15062665.349999998,8544943.57,6788252.41,6211754.870000002,14719492.650000002,6517721.7799999975,1756691.1600000001
2026|4381|2029|4|0|83|1,1000,1501000,1000,250416.96,250000,0,0,1250583.04,416.95999999999185,250000
2026|4421|4179|3|0|39|1,5566985,5566985,252839.45093819033,0,0,0,0,5566985,0,0
2026|4421|4179|4|0|39|1,4187700,4187700,190195.54906180967,0,0,0,0,4187700,0,0
2026|4441|1009|3|0|60|1,28800000,28800000,68800000,0,1820736.2300000007,931765.9899999998,880072.7400000007,28800000,-1820736.2300000007,888970.2400000009
2026|4441|1009|4|0|47|1,50000,50000,50000,0,0,0,0,50000,0,0
2026|4441|1009|4|0|60|1,31200000,31200000,71200000,0,2770425.11,1862600,1862600,31200000,-2770425.11,907825.1099999999
2026|4451|4256|3|0|60|1,31500000,31500000,71500000,0,12880386.04,4576116.72,4513960.22,31500000,-12880386.04,8304269.319999999
2026|4451|4256|4|0|47|1,50000,50000,50000,0,0,0,0,50000,0,0
2026|4451|4256|4|0|60|1,38500000,38500000,78500000,0,12847135.66,10308673.16,10308673.16,38500000,-12847135.66,2538462.5
2026|4491|4360|3|1|10|8,1000000,1000000,1000000,0,0,0,0,1000000,0,0
2026|4491|4360|3|1|59|1,30999000,30999000,30999000,2066600,11214.34,11214.34,11214.34,28932400,2055385.66,0
2026|4491|4360|4|1|59|1,1000000,1000000,1000000,0,0,0,0,1000000,0,0
2026|4541|4349|3|0|60|1,477606,477606,477606,238804,238804,101816.83,101816.83,238802,0,136987.16999999998
2026|4541|4349|5|0|60|1,0,0,28960679,0,0,0,0,0,0,0
2026|4551|4404|3|0|10|1,34326424,34326424,34326424,17163212,17163212,16681490.28,16681490.28,17163212,0,481721.72000000067
2026|4551|4404|3|0|59|1,91711002,91711002,91711002,46194987.9,45855501,29413099.84,29410151.15,45516014.1,339486.8999999985,16442401.16
2026|4551|7004|3|0|59|9,380000,380000,380000,380000,123498.22000000002,123498.22000000002,123498.22000000002,0,256501.77999999997,0
2026|4601|4180|3|0|45|1,576514,576514,576514,0,0,0,0,576514,0,0
2026|4601|4180|4|0|45|1,576514,576514,576514,0,0,0,0,576514,0,0
2026|4611|2056|3|0|60|1,3500000,3500000,3500000,0,0,0,0,3500000,0,0
2026|4611|2056|4|0|60|1,3492000,3492000,3492000,0,0,0,0,3492000,0,0
2026|4621|4444|3|0|60|1,15798000,15798000,0,0,0,0,0,15798000,0,0
2026|4621|4444|5|0|60|1,1000,1000,0,0,0,0,0,1000,0,0
2026|4621|4408|3|0|60|1,1000,1000,0,0,0,0,0,1000,0,0
2026|4631|4224|5|0|10|1,1000,1000,1000,0,0,0,0,1000,0,0
2026|4631|4334|5|0|10|1,1000,1000,1000,0,0,0,0,1000,0,0
2026|4631|4128|5|0|80|1,345000000,345000000,345000000,0,0,0,0,345000000,0,0
2026|4631|4401|5|0|10|1,15419699,15419699,15419699,7709849.4799999995,0,0,0,7709849.5200000005,7709849.4799999995,0
2026|4631|4225|5|0|10|1,1000,1000,1000,0,0,0,0,1000,0,0
2026|4631|4221|5|0|10|1,1000,1000,1000,0,0,0,0,1000,0,0
2026|4631|4226|5|0|10|1,1000,1000,1000,0,0,0,0,1000,0,0
2026|4631|4139|5|0|10|1,3523795,3523795,3523795,1761897.47,0,0,0,1761897.53,1761897.47,0
2026|4631|4213|3|0|59|2,3372264,7443333,7443333,3721666.5,1860833.25,1653509.94,1482521.97,3721666.5,1860833.25,207323.31000000006
2026|4631|4213|3|0|10|1,4071069,4071069,0,0,0,0,0,4071069,0,0
2026|4631|4219|3|0|10|1,23756121,23756121,23756121,11878060.5,11878060.5,6177869.899999999,6177869.9,11878060.5,0,5700190.600000001
2026|4631|4216|5|0|10|1,0,51834000,51834000,25917000.25,12958500.37,4957238.03,4957238.03,25916999.75,12958499.88,8001262.339999999
2026|4631|4216|5|0|10|0,51834000,51834000,0,0,0,0,0,51834000,0,0
2026|4631|4217|3|0|10|1,74841325,74841325,74841325,37420662.47,25829428.46,15387374.69,15387374.690000001,37420662.53,11591234.009999998,10442053.770000001
2026|4631|4218|3|0|10|1,70785908,70785908,70785908,35392953.980000004,35392953.97,15060769.27,15060769.270000001,35392954.019999996,0.01000000536441803,20332184.7
2026|4631|4214|5|0|10|1,106750678,106750678,106750678,53375338.97,19116711.86,12208704.46,12208704.46,53375339.03,34258627.11,6908007.3999999985
2026|4631|4220|5|0|95|1,500842252,500842252,500842252,250000000,250000000,2928223.58,2928223.58,250842252,0,247071776.42
2026|4631|4223|5|0|89|1,60538046,0,0,0,0,0,0,0,0,0
2026|4631|4223|5|0|60|2,60788935,86326981,86326981,43163491,14052595.66,9305935.88,0,43163490,29110895.34,4746659.779999999
2026|4631|4215|3|0|10|1,82600731,82600731,82600731,41300365.5,18521761.83,18521758.56,18521758.56,41300365.5,22778603.67,3.269999999552965
2026|4631|4215|5|0|10|1,71611255,71611255,71611255,35805627.47,16980946.03,16980941.38,16980941.38,35805627.53,18824681.439999998,4.650000002235174
2026|4641|4432|3|0|10|1,1000,1000,0,0,0,0,0,1000,0,0
2026|4651|4502|3|0|10|1,1000,1000,0,0,0,0,0,1000,0,0
2026|4651|7038|3|0|10|1,1000,1000,0,0,0,0,0,1000,0,0
2026|4661|4541|3|0|60|1,1000,1000,0,0,0,0,0,1000,0,0
2026|4671|4549|3|0|10|1,1000,1000,0,0,0,0,0,1000,0,0
2026|4691|2071|3|0|57|1,61836092,92046811.23,92046811.23,36094318.76,5660191.83,423700.47000000003,0,55952492.470000006,30434126.93,5236491.36
2026|4691|2071|4|0|57|1,1000,33447881.72,33447881.72,33446881.720000003,5715614.5,1656674.78,0,999.9999999962747,27731267.220000003,4058939.7199999997
2026|4701|4152|3|0|10|3,2720802,2720802,2720802,0,0,0,0,2720802,0,0
2026|4701|4152|3|0|57|1,5596131,8733601.56,8733601.56,3148470.56,125446.4,80709.98,80709.98000000001,5585131,3023024.16,44736.42
2026|4701|4152|4|0|57|1,10000,2320000,2320000,2310000,0,0,0,10000,2310000,0
2026|4701|4159|3|1|57|1,6301900,6301900,6301900,0,0,0,0,6301900,0,0
2026|4711|7009|1|0|10|1,1000,1000,1001.9011406844107,0,0,0,0,1000,0,0
2026|4711|7015|1|0|10|1,1000,1000,1001.9011406844107,0,0,0,0,1000,0,0
2026|4711|7027|1|0|10|1,1000,1000,1001.9011406844107,0,0,0,0,1000,0,0
2026|4711|7034|1|0|10|1,1000,1000,1001.9011406844107,0,0,0,0,1000,0,0
2026|4711|7031|1|0|10|1,1000,1000,1001.9011406844107,0,0,0,0,1000,0,0
2026|4711|7105|1|0|10|1,1000,1000,1001.9011406844107,0,0,0,0,1000,0,0
2026|4711|7028|1|0|10|1,1000,1000,1001.9011406844107,0,0,0,0,1000,0,0
2026|4711|7033|1|0|10|1,1000,1000,1001.9011406844107,0,0,0,0,1000,0,0
2026|4711|7039|1|0|10|1,1000,1000,1001.9011406844107,0,0,0,0,1000,0,0
2026|4711|7032|1|0|10|1,1000,1000,1001.9011406844107,0,0,0,0,1000,0,0
2026|4711|7011|1|0|10|1,1000,1000,1001.9011406844107,0,0,0,0,1000,0,0
2026|4711|7065|1|0|10|1,1000,1000,1001.9011406844107,0,0,0,0,1000,0,0
2026|4711|7020|1|0|10|1,1000,1000,1001.9011406844107,0,0,0,0,1000,0,0
2026|4711|7005|1|0|10|1,1000,1000,1001.9011406844107,0,0,0,0,1000,0,0
2026|4711|7040|1|0|10|1,1000,1000,1001.9011406844107,0,0,0,0,1000,0,0
2026|4711|7094|1|0|10|1,84869,84869,86848.8447189745,25330.6,25330.6,25330.6,25330.6,59538.4,0,0
2026|4711|7055|1|0|10|1,122214,122214,122202.00469555293,35994.520000000004,35994.52,35994.52,35994.52,86219.48,7.275957614183426e-12,0
2026|4711|7063|1|0|10|1,1209668,1209668,1264051.3418297756,371205.27,371205.27,371205.27,371205.27,838462.73,0,0
2026|4711|7586|1|0|10|1,1248300,1248300,1241206.0005732668,370077.73000000004,370077.73000000004,370077.73000000004,370077.73000000004,878222.27,0,0
2026|4711|7022|1|0|60|2,16838,16838,17368.7167748202,5187.799999999999,5187.799999999999,5187.799999999999,5187.8,11650.2,0,0
2026|4711|7022|1|0|42|1,589884,589884,569848.44799475,170273.54,170273.53999999998,170273.53999999998,170273.54,419610.45999999996,2.9103830456733704e-11,0
2026|4711|7022|1|0|43|1,685267,685267,681875.2979539502,203655.75999999998,203655.76,203655.76,203655.76,481611.24,-2.9103830456733704e-11,0
2026|4711|7012|1|0|10|1,1311685,1311685,1289538.441372986,385031.93000000005,385031.93,385031.93,385031.93,926653.07,5.820766091346741e-11,0
2026|4711|7089|1|0|10|1,2316401,2316401,2579460.3747655246,752700.3999999999,752700.3999999999,752700.3999999999,752700.4,1563700.6,0,0
2026|4711|7044|1|0|10|1,2374910,2374910,2335791.918675269,697338.71,697338.71,697338.71,697338.7100000001,1677571.29,0,0
2026|4711|7617|1|0|43|1,175817,175817,185035.9704764971,54801.310000000005,54801.31,54801.31,54801.31,121015.69,7.275957614183426e-12,0
2026|4711|7617|1|0|42|1,371520,371520,390608.1359279572,116830.81,116830.81,116830.81,116830.81,254689.19,0,0
2026|4711|7617|1|0|60|2,1776827,1776827,1707055.4129123047,506168.73,506168.73,506168.73,506168.73,1270658.27,0,0
2026|4711|7939|1|0|10|1,2575655,2575655,2554915.5542623745,760646.1799999999,760646.1799999999,760646.1799999999,760646.18,1815008.82,0,0
2026|4711|7840|1|0|43|1,519104,519104,716966.685329509,215710.75,215710.75,215710.75,215710.75,303393.25,0,0
2026|4711|7840|1|0|60|2,884722,884722,7372.717907604981,2166.7700000000004,2166.7700000000004,2166.7700000000004,2166.77,882555.23,0,0
2026|4711|7840|1|0|42|1,1902085,1902085,2501494.21460743,734933.77,734933.77,734933.77,734933.77,1167151.23,0,0
2026|4711|7091|1|0|10|1,3652791,3652791,3616745.304215728,1083459.96,1083459.96,1083459.96,1083459.96,2569331.04,0,0
2026|4711|7484|1|0|10|1,4207812,4207812,4681956.356884605,1398013.74,1398013.7400000002,1398013.7400000002,1398013.74,2809798.26,-2.3283064365386963e-10,0
2026|4711|7017|1|0|10|1,4384715,4384715,4329253.878934921,1265752.3599999999,1265752.3599999999,1265752.3599999999,1265752.3599999999,3118962.64,0,0
2026|4711|7061|1|0|10|1,4238361,4238361,4129767.857907642,1235616.53,1235616.53,1235616.53,1235616.53,3002744.4699999997,0,0
2026|4711|7104|1|0|10|1,5015597,5015597,4891051.282089173,1453952.4,1453952.4000000001,1453952.4000000001,1453952.4,3561644.6,-2.3283064365386963e-10,0
2026|4711|7096|1|0|10|1,7658588,7658588,7622266.429992312,2255075.2300000004,2255075.23,2255075.23,2255075.23,5403512.77,4.656612873077393e-10,0
2026|4711|7529|1|0|43|1,1303535,1303535,1318191.7671148805,397537.20999999996,397537.21,397537.21,397537.21,905997.79,-5.820766091346741e-11,0
2026|4711|7529|1|0|42|1,3763624,3763624,3847582.1512161507,1148078.21,1148078.21,1148078.21,1148078.21,2615545.79,0,0
2026|4711|7529|1|0|60|2,4207639,4207639,4206148.412860509,1252626.56,1252626.56,1252626.56,1252626.56,2955012.44,0,0
2026|4711|7047|1|0|10|1,10163477,10163477,10096019.439309105,3011832.92,3011832.92,3011832.92,3011832.92,7151644.08,0,0
2026|4711|7059|1|0|10|1,14040701,14040701,13767613.135656042,4072331.55,4072331.55,4072331.55,4072331.5500000003,9968369.45,0,0
2026|4711|7428|1|0|42|1,6175994,6175994,10749859.7861958,3191794.11,3191794.11,3191794.11,3191794.11,2984199.89,0,0
2026|4711|7428|1|0|43|1,5120407,5120407,4917681.510565501,1484210.0899999999,1484210.09,1484210.09,1484210.09,3636196.91,-2.3283064365386963e-10,0
2026|4711|7428|1|0|52|2,4859876,4859876,148885.90377385297,44341.08,44341.08,44341.08,44341.08,4815534.92,0,0
2026|4711|7064|1|0|10|1,23583293,23583293,23927812.856470983,6701359.270000002,6701359.27,6701359.27,6701359.2700000005,16881933.729999997,2.7939677238464355e-09,0
2026|4711|7060|1|0|10|1,26145489,26145489,25578743.896135636,7537884.17,7537884.17,7537884.17,7537884.17,18607604.83,0,0
2026|4711|7058|1|0|10|1,26958066,26958066,26452768.361278884,7807892.9399999995,7807892.9399999995,7807892.9399999995,7807892.94,19150173.060000002,0,0
2026|4711|7312|1|0|60|2,27341045,27341045,29499131.162732888,8771971.1,8771971.1,8771971.1,8771971.1,18569073.9,0,0
2026|4711|7722|1|0|10|1,27839551,27839551,27644686.34676663,8215980.14,8215980.14,8215980.14,8215980.14,19623570.86,0,0
2026|4711|7056|1|0|10|1,30059958,30059958,29391814.58392361,8719197.54,8719197.54,8719197.54,8719197.540000001,21340760.46,0,0
2026|4711|7209|1|0|60|2,32737210,32737210,32643000.745068695,9745232.26,9745232.260000002,9745232.260000002,9745232.26,22991977.740000002,-1.862645149230957e-09,0
2026|4711|7473|1|0|10|1,36508902,36508902,38161911.91332443,11288803.64,11288803.64,11288803.64,11288803.64,25220098.36,0,0
2026|4711|7016|3|0|10|1,25000000,25000000,25000000,18750000,13181715.75,9882738.829999996,9882738.829999998,6250000,5568284.25,3298976.9200000037
2026|4711|7046|1|0|10|1,48504899,48504899,51187303.588162705,15112799.61,15112799.61,15112799.61,15112799.61,33392099.39,0,0
2026|4711|7052|1|0|10|1,48231700,48231700,48805450.31146569,14405038.1,14405038.1,14405038.1,14405038.1,33826661.9,0,0
2026|4711|7088|1|0|10|1,64529447,64529447,66589915.245646246,19943147.22,19943147.22,19943147.22,19943147.22,44586299.78,0,0
2026|4711|7051|1|0|10|1,69187088,69187088,68221592.07309024,19997409.79,19997409.79,19997409.79,19997409.79,49189678.21,0,0
2026|4711|7014|1|0|10|1,78834744,78834744,90843026.07152234,27218529.72,27218529.72,27218529.72,27218529.72,51616214.28,0,0
2026|4711|7018|1|0|10|1,90335776,90335776,88693662.03927618,25789071.2,25789071.2,25789071.2,25789071.2,64546704.8,0,0
2026|4711|7023|1|0|10|1,31469257,31469257,16241220.298740132,4787840.7700000005,4787840.7700000005,4787840.7700000005,4787840.7700000005,26681416.23,0,0
2026|4711|7023|1|0|61|1,67669414,67669414,82047897.63255268,23133083.18,23133083.18,23133083.18,23133083.18,44536330.82,0,0
2026|4711|7049|1|0|10|1,124004167,124004167,120595507.06874745,35822690.73,35822690.730000004,35822690.730000004,35822690.730000004,88181476.27000001,-7.450580596923828e-09,0
2026|4711|7725|1|0|10|1,225649332,225649332,222240373.0204959,66214453.089999996,66214453.09,66214453.09,66214453.089999996,159434878.91,-7.450580596923828e-09,0
2026|4711|7205|1|0|10|1,337649781,337649781,330976756.5305525,97370464.40999998,97370464.41,97370464.41,97370464.41,240279316.59000003,-1.4901161193847656e-08,0
2026|4711|7225|1|0|10|1,115723674,115723674,0,0,0,0,0,115723674,0,0
2026|4711|7225|1|0|60|2,235218509,235218509,358068986.55794257,106921854.95,106921854.95,106921854.95,106921854.95,128296654.05,0,0
2026|4711|7959|1|0|10|1,440881658,440881658,448301470.017703,132812197.03000002,132812197.03,132812197.03,132812197.03,308069460.96999997,1.4901161193847656e-08,0
2026|4711|7004|1|0|10|9,9000000,9000000,9000000,8000000,1773363.01,1773363.01,1773353.0099999998,1000000,6226636.99,0
2026|4711|7037|1|0|10|1,5504632,5718956.09,12261619.271375692,2345039.9299999997,2345039.9299999997,2345039.9299999997,2345039.9299999997,3373916.16,0,0
2026|4711|7037|1|0|43|1,1441500126,1441500126,1430262518.768782,417645631.3000001,417645631.3,417645631.3,417645631.3,1023854494.6999999,5.960464477539063e-08,0
2026|4711|7048|1|0|10|1,1958627435,1958627435,1925711140.989098,576931286.31,576931286.31,576931286.31,576931286.31,1381696148.69,0,0
2026|4711|7008|1|0|10|1,25665546,25665546,25396599.45103296,7346472.860000008,7346472.86,7346472.86,7346472.859999999,18319073.139999993,7.450580596923828e-09,0
2026|4711|7008|1|0|42|1,2975761081,2975761081,2971148617.234358,857152612.34,857152612.34,857152612.34,857152612.34,2118608468.6599998,0,0
2026|4711|7957|1|0|44|1,81000000,355579104.44,409856128,355579104.44,355579104.44,355579104.44,355579104.44,0,0,0
2026|4711|7957|1|0|43|1,1016726487,1016726487,1087458818.9897776,346000000,346000000,346000000,346000000,670726487,0,0
2026|4711|7957|1|0|42|1,2429934136,2429934136,2609247147.3497,780000000,780000000,780000000,780000000,1649934136,0,0
2026|4711|7957|1|0|10|1,3356578286,3689422267.77,2421566450.5906615,1293101601.57,1293101601.57,1293101601.57,1293101601.57,2396320666.2,0,0
2026|4711|7957|1|0|15|1,4747097838,4655899299.13,4879584416.752343,406000266.03,406000266.03,406000266.03,406000266.03,4249899033.1000004,0,0
2026|4721|7001|3|0|10|1,1000,1000,0,0,0,0,0,1000,0,0
2026|4731|2072|3|0|59|1,88000000,88000000,158000000,0,0,0,0,88000000,0,0
2026|4731|2072|4|0|59|1,2000000,2000000,2000000,0,0,0,0,2000000,0,0
2026|4741|2069|3|0|60|1,8500000,8500000,8500000,0,0,0,0,8500000,0,0
2026|4741|2069|3|0|59|1,74000000,74000000,74000000,0,0,0,0,74000000,0,0
2026|4741|2069|4|0|60|1,6500000,6500000,6500000,0,0,0,0,6500000,0,0
2026|4741|2069|4|0|59|1,16000000,16000000,16000000,0,21760,0,0,16000000,-21760,21760
2026|4751|2073|3|0|59|1,3000000,10330000,15992412,6864493.6,3853115.31,423683.68,6724.65,3465506.4000000004,3011378.2899999996,3429431.63
2026|4751|2073|4|0|59|1,3000000,6994824.02,12657236.02,2270631.83,1113032,0,0,4724192.1899999995,1157599.83,1113032
2025|1011|7004|1|0|10|9,1970000,6970000,6970000,0,6970000,3276915.4400000004,3276915.4400000004,6970000,-6970000,3693084.5599999996
2025|1011|7004|3|0|10|9,30000,30000,30000,0,0,0,0,30000,0,0
2025|1011|7006|1|0|10|1,1610000,1645000,1645000,0,1629517.27,1629517.27,1629517.27,1645000,-1629517.27,0
2025|1011|7006|1|0|42|5,103400000,110100000,110100000,0,109403863.28,109403863.28,109403863.28,110100000,-109403863.28,0
2025|1011|7006|1|0|43|5,120240000,121040000,121040000,0,120688560.38999999,120688560.38999999,120688560.39,121040000,-120688560.38999999,0
2025|1011|7006|1|0|10|5,352279000,352279000,352279000,0,351324145.20000005,351324145.20000005,351324145.2,352279000,-351324145.20000005,0
2025|1011|4239|1|0|10|1,1197895832,1219395832,1219395832,0,1218686182.4299998,1218686182.4299998,1218686182.4299998,1219395832,-1218686182.4299998,0
2025|1011|4239|3|0|60|1,21892932,21892932,21892932,0,21892932.000000004,21892932.000000004,21892932.000000004,21892932,-21892932.000000004,0
2025|1011|4239|3|0|10|7,64697000,71497000,71497000,0,71366160.57,71366160.57,71366160.57,71497000,-71366160.57,0
2025|1011|4239|3|0|10|1,257815000,231780000,231780000,0,231774410.20000002,195835025.53999996,195828395.24,231780000,-231774410.20000002,35939384.660000056
2025|1011|4239|4|0|10|1,11226000,3926000,3926000,0,3520801.96,2012210.5699999998,2012210.57,3926000,-3520801.96,1508591.3900000001
2025|1011|4239|5|0|10|1,11953000,11953000,11953000,0,11953000,11953000,11953000,11953000,-11953000,0
2025|1021|2157|3|0|10|1,29051511,26051511,26051511,0,25571439.59,25571439.59,25571439.589999996,26051511,-25571439.59,0
2025|1021|2157|3|0|10|7,28045983,28045983,28045983,0,27507695.21,27507695.21,27507695.21,28045983,-27507695.21,0
2025|1021|7004|3|0|10|9,1000,1000,1000,0,0,0,0,1000,0,0
2025|1021|7006|1|0|10|1,1525590,1525590,1525590,0,850215.1900000002,850215.1900000002,850215.19,1525590,-850215.1900000002,0
2025|1021|7006|1|0|60|5,0,62000000,62000000,0,61999989.03,61999989.03,61999989.03,62000000,-61999989.03,0
2025|1021|7006|1|0|42|5,103953792,122770970,122770970,0,118988686.97999999,118988686.97999999,118988686.97999999,122770970,-118988686.97999999,0
2025|1021|7006|1|0|43|5,111782853,135943949,135943949,0,133022911.81,133022911.81,133022911.81,135943949,-133022911.81,0
2025|1021|7006|1|0|10|5,264391239,268170753,268170753,0,267839951.95000005,267839951.95000005,267839951.95,268170753,-267839951.95000005,0
2025|1021|4445|1|0|60|1,0,53779514,53779514,0,53779514,53779514,53779514,53779514,-53779514,0
2025|1021|4445|1|0|10|1,654177270,674397756,674397756,0,674390995.0400001,674390995.0400001,674390995.0399998,674397756,-674390995.0400001,0
2025|1021|4445|3|0|60|1,3000000,0,0,0,0,0,0,0,0,0
2025|1021|4445|3|0|10|1,4763180,3763180,3763180,0,3345850.1,2835105.02,2835105.02,3763180,-3345850.1,510745.0800000001
2025|1021|2009|3|0|60|1,7000000,0,0,0,0,0,0,0,0,0
2025|1021|2009|3|0|10|1,129110878,113110878,113110878,0,112223087.16000001,84459076.36000001,84459076.35999997,113110878,-112223087.16000001,27764010.799999997
2025|1021|2009|4|0|60|1,10779514,0,0,0,0,0,0,0,0,0
2025|1021|2009|4|0|10|1,17521112,13521112,13521112,0,13452947.410000002,4159545.5100000002,4159545.5100000002,13521112,-13452947.410000002,9293401.900000002
2025|1021|2145|3|0|10|1,5055683,5055683,5055683,0,4729281.88,4403401.92,4396570.550000001,5055683,-4729281.88,325879.95999999996
2025|1031|7004|1|0|10|9,1000,1000,1000,0,0,0,0,1000,0,0
2025|1031|7006|1|0|10|1,95985056,115985056,115985056,0,115985056,115985056,115985056,115985056,-115985056,0
2025|1031|7006|1|0|43|5,810102294,810102294,810102294,0,808347959.12,808347959.12,808347959.12,810102294,-808347959.12,0
2025|1031|7006|1|0|10|5,650046178,905046178,905046178,0,905036684.8699999,905036684.8699999,905036684.87,905046178,-905036684.8699999,0
2025|1031|7006|1|0|42|5,1217336584,1217336584,1217336584,0,1055041089.7700001,1055041089.7700001,1055041089.77,1217336584,-1055041089.7700001,0
2025|1031|7006|3|0|10|7,130711015,70711015,70711015,0,69890440.21000001,69890440.21000001,69890440.21,70711015,-69890440.21000001,0
2025|1031|2053|1|0|10|1,1417064629,1638064629,1638064629,0,1638064629,1638064629,1638064629,1638064629,-1638064629,0
2025|1031|2053|3|0|60|7,25553030,25553030,25553030,0,25553030,25553030,25553030,25553030,-25553030,0
2025|1031|2053|3|0|10|7,115367747,52367747,52367747,0,52367747,52367747,52367747,52367747,-52367747,0
2025|1031|2054|1|0|10|1,6007463382,5807463382,5807463382,0,5807372647.9800005,5807372647.9800005,5807372647.979999,5807463382,-5807372647.9800005,0
2025|1031|2054|3|0|60|7,52426153,52426153,52426153,0,52426153,52426153,52426153,52426153,-52426153,0
2025|1031|2054|3|0|10|7,588204784,415204784,415204784,0,415204784,415204784,415204784,415204784,-415204784,0
2025|1051|7004|1|0|10|9,1000,1000,1000,0,0,0,0,1000,0,0
2025|1051|7006|1|0|10|1,5809059,5809059,5809059,0,5809059,5809059,5809059,5809059,-5809059,0
2025|1051|7006|1|0|43|5,7322510,7322510,7322510,0,7322510,7322510,7322510,7322510,-7322510,0
2025|1051|7006|1|0|42|5,9905734,9905734,9905734,0,9136135.48,9136135.48,9136135.479999999,9905734,-9136135.48,0
2025|1051|7006|1|0|10|5,16046112,16046112,16046112,0,16046112,16046112,16046112,16046112,-16046112,0
2025|1051|7007|1|0|10|1,6000805,6000805,6000805,0,6000805.000000001,6000805.000000001,6000804.999999999,6000805,-6000805.000000001,0
2025|1051|4003|3|0|60|1,385300,385300,385300,0,385300,374324.37000000005,374324.37,385300,-385300,10975.629999999946
2025|1051|4003|4|0|60|1,30000,30000,30000,0,26572.22,26572.22,26572.22,30000,-26572.22,0
2025|1051|1019|4|0|60|1,550000,550000,550000,0,550000,550000,550000,550000,-550000,0
2025|1051|2047|3|0|10|7,10576634,10576634,10576634,0,9720418.930000002,9720418.930000002,9720418.93,10576634,-9720418.930000002,0
2025|1051|4355|3|0|60|1,576120,576120,576120,0,247346.99000000002,67074.89,67074.89,576120,-247346.99000000002,180272.10000000003
2025|1051|4355|3|0|10|1,13822715,13822715,13822715,0,13822054.999999998,10169492.209999999,10071875.699999997,13822715,-13822054.999999998,3652562.789999999
2025|1051|4355|4|0|60|1,1065700,1065700,1065700,0,874226.65,500041.99,500041.99000000005,1065700,-874226.65,374184.66000000003
2025|1051|4355|4|0|10|1,7074633,3708633,3708633,0,3708632.999999999,2240544.12,2220644.1199999996,3708633,-3708632.999999999,1468088.879999999
2025|1051|2077|1|0|10|1,28905208,28905208,28905208,0,28905208.000000007,28905208.000000007,28905207.999999996,28905208,-28905208.000000007,0
2025|1051|2078|1|0|10|1,62406340,62406340,62406340,0,62406339.99999999,62406339.99999999,62406340,62406340,-62406339.99999999,0
2025|1071|4341|3|0|10|1,3932418,3217242.62,3228212.26,3217242.62,3120962.45,2857822.36,2614174.6800000006,0,96280.16999999993,263140.0900000003
2025|1071|4426|3|0|10|1,8307057,9206603.06,9219568.2,9206603.059999999,9192074.329999998,7953496.349999999,6983401.959999999,1.862645149230957e-09,14528.730000000447,1238577.9799999995
2025|1071|4426|4|0|95|1,0,16927.88,16927.879999999997,16607.559999999998,13945,13945,13945,320.32000000000335,2662.5599999999977,0
2025|1071|4381|3|0|10|1,220690,930852,740129.69,930852,859122.81,187228.88999999993,74783.28999999995,0,71729.18999999994,671893.9200000002
2025|1071|4381|3|0|57|1,0,6000000,6000000,0,0,0,0,6000000,0,0
2025|1071|4390|3|0|10|1,469722,466425.37,466914.17000000004,466425.37000000005,444796.53999999986,444796.53999999986,444584.2499999998,-5.820766091346741e-11,21628.83000000019,0
2025|1071|4390|3|0|57|1,6000000,0,0,0,0,0,0,0,0,0
2025|1071|4390|4|0|10|1,25000,0,0,0,0,0,0,0,0,0
2025|1071|1089|3|0|10|1,1000,412.12,1000,412.12,412.12,412.12,412.12,0,0,0
2025|1071|1089|3|0|95|1,0,35000,35000,35000,32028.010000000002,32028.01,32028.01,0,2971.989999999998,3.637978807091713e-12
2025|1071|1089|4|0|15|1,0,1583819.4,0,1583819.4,1574622.4,0,0,0,9197,1574622.4
2025|1071|1089|4|0|95|1,0,7500000,7500000,7268079.98,5693457.57,0,0,231920.01999999955,1574622.4100000001,5693457.57
2025|1071|1089|4|0|10|4,650000,650000,650000,0,0,0,0,650000,0,0
2025|1071|4155|3|1|15|1,0,650000,650000,650000,649953.96,222193.4,106693.6,0,46.04000000003725,427760.55999999994
2025|1071|4155|3|1|10|8,1000000,500000,500000,500000,499612.2,458577.8,458577.8,0,387.79999999998836,41034.40000000002
2025|1071|4155|3|1|10|1,1000,1000,1000,0,0,0,0,1000,0,0
2025|1071|4155|4|1|15|1,0,1936448,1936448,1936448,1936448,0,0,0,0,1936448
2025|1071|4155|4|1|10|8,746300,686000,686000,686000,667247.8,174312,163512,0,18752.199999999953,492935.80000000005
2025|1071|4155|4|1|25|1,230000,8940880,8940880,8854000,4498560,0,0,86880,4355440,4498560
2025|1071|4356|3|0|95|1,0,55500,55500,55500,55500,55500,55500,0,0,0
2025|1071|4356|3|0|10|1,1799912,1277409.96,1277456.21,1277289.9599999997,1277289.7600000002,1041994.6299999999,831928.0700000001,120.00000000023283,0.19999999948777258,235295.13000000035
2025|1071|4356|3|0|57|1,6502000,12267978.32,12267978.32,5769132.8,4912806.83,1778722.9900000002,1778722.9899999998,6498845.5200000005,856325.9699999997,3134083.84
2025|1071|4356|4|0|10|1,400000,0,0,0,0,0,0,0,0,0
2025|1071|4354|3|0|10|1,5343887,4668680.75,4739406.84,4668680.749999999,4668675.16,4294104.54,4240956.18,9.313225746154785e-10,5.589999998919666,374570.6200000001
2025|1071|4354|4|0|95|1,0,37385.96,37385.96,37385.96,37287.88,29413.88,29413.88,0,98.08000000000175,7873.999999999996
2025|1071|4354|4|0|10|1,0,59800,59800,59800,56548,40800,40800,0,3252,15748
2025|1071|4335|3|0|95|1,0,312528.35,312528.35,312528.35,312204,119686.87,119686.87,0,324.3499999999767,192517.13
2025|1071|4335|3|0|10|1,4460905,5250216.65,4921464.982,5250216.65,5210440.670000001,5150150.5200000005,5098198.71,0,39775.979999999516,60290.15000000037
2025|1071|4335|4|0|95|1,0,72905.94,72905.94,72905.94,72830.27,72830.27,72830.27,0,75.66999999999825,0
2025|1071|2500|3|0|10|1,1016641,1015797.34,1028633,1015797.3400000002,1011901.4600000002,893789.7100000002,832240.37,-2.3283064365386963e-10,3895.8800000000047,118111.75
2025|1071|2417|1|0|10|1,7849923,7874694,7724050.225582554,7724356.550000002,7724356.55,7724356.55,7724356.550000002,150337.44999999832,1.862645149230957e-09,0
2025|1071|2417|3|0|10|7,1492222,1467451,1369932.51,1375819.01,1375819.01,1375819.01,1375819.01,91631.98999999999,0,0
2025|1071|0|3|0|57|1,0,0,521300.9,0,0,0,0,0,0,0
2025|1071|0|3|0|98|1,0,0,1188000,0,0,0,0,0,0,0
2025|1081|1010|3|0|10|1,22221,22221,22221,13920,11087.7,167.7,167.7,8301,2832.2999999999993,10920
2025|1081|2030|3|0|10|1,341280,571544.85,341280,571544.85,567343.3400000001,567343.3400000001,386109.14,0,4201.509999999893,0
2025|1081|1014|3|0|10|1,1000,1000,1000,0,0,0,0,1000,0,0
2025|1081|1014|3|0|95|1,0,5261761,5261761,4423647.68,4423647.68,1129348.56,1129348.56,838113.3200000003,0,3294299.1199999996
2025|1081|1014|4|0|95|1,0,2783865.59,2783865.5900000003,2783865.5900000003,2783865.59,2230541.83,2230541.83,-4.656612873077393e-10,4.656612873077393e-10,553323.7599999998
2025|1081|1012|3|0|10|1,3072000,5929612.15,6854920.07,5841406.99,5399910.41,3547279.5600000005,2962931.59,88205.16000000015,441496.5800000001,1852630.8499999996
2025|1081|1012|4|0|9|1,0,499092,499092,499092,499092,232200.31,232200.31,0,0,266891.69
2025|1081|1012|4|0|10|1,3124000,3586063.83,3124000,3584863.75,3584863.75,3024411.75,2165234.32,1200.0800000000745,0,560452
2025|1081|1013|3|0|60|2,48000,0,0,0,0,0,0,0,0,0
2025|1081|1013|3|0|10|1,13102497,12302562.02,12302562.02,12302562.02,12216349.189999998,11032572.33,7996166.9399999995,0,86212.83000000194,1183776.8599999975
2025|1081|1013|3|0|9|1,0,1835270.3,1835270.3,1835270.3,734448.3200000001,729965.55,729965.55,0,1100821.98,4482.770000000019
2025|1081|1013|4|0|57|1,0,64939.34,64939.340000000004,64939.34,58605,58605,58605,0,6334.3399999999965,0
2025|1081|1013|4|0|60|2,0,300000,300000,300000,270000,270000,270000,0,30000,0
2025|1081|1013|4|0|9|1,0,301622.44,301622.44,301622.43999999994,270000,270000,270000,5.820766091346741e-11,31622.439999999944,0
2025|1081|7803|1|0|10|9,1005036994,837780158.68,901044504.3699999,688500000,387495857.9599999,387495857.96,193738780.92,149280158.67999995,301004142.0400001,-5.960464477539063e-08
2025|1081|7803|3|0|10|9,327810812,327810812,327810812,270000000,221920311.53000045,221158409.4500056,199245986.029999,57810812,48079688.46999955,761902.0799948573
2025|1081|2500|3|0|10|1,8067840,8122759.49,7877495.25,8122759.490000001,8032795.99,7356630.7700000005,6781090.889999997,-9.313225746154785e-10,89963.50000000093,676165.2199999997
2025|1081|2500|3|0|9|1,0,305657.42,305657.42000000004,247847.42,173073.58,154237.22,153215.36,57809.99999999997,74773.84000000003,18836.359999999986
2025|1081|2500|4|0|9|1,0,631608.3,631608.2999999999,631608.2999999999,546608.43,528187.43,520583.72,1.1641532182693481e-10,84999.86999999988,18421
2025|1081|2417|1|0|10|1,332411400,355473504,351114791.5612079,350293886.43000007,350293886.43,350293886.43,350293886.43,5179617.569999933,5.960464477539063e-08,0
2025|1081|2417|3|0|60|2,0,48000,48000,17895.3,17895.3,17895.3,17895.3,30104.7,0,0
2025|1081|2417|3|0|10|1,0,1142471.98,1142471.98,1078771.62,956890.5,956890.5,956890.5,63700.35999999987,121881.12000000011,0
2025|1081|2417|3|0|10|7,25046128,25046128,24334188.91009775,23487418.88,23487418.880000003,23487418.880000003,23487418.88,1558709.120000001,-3.725290298461914e-09,0
2025|1081|0|4|0|57|1,0,0,-62.9300000000003,0,0,0,0,0,0,0
2025|1081|0|4|0|9|1,0,0,670218.02,0,0,0,0,0,0,0
2025|1091|2028|1|0|60|1,2600000,2600000,2600000,0,912229.84,912229.84,912229.84,2600000,-912229.84,0
2025|1091|2028|3|0|60|1,12672000,12672000,12672000,0,12219176.4,12198281.200000001,12198281.2,12672000,-12219176.4,20895.199999999255
2025|1091|2028|4|0|60|1,27150000,27150000,27150000,0,8041700,0,0,27150000,-8041700,8041700
2025|1091|4493|1|0|10|1,1276000000,1377233378,1362233378,0,1377233377.9999998,1377233377.9999998,1377233378.0000002,1377233378,-1377233377.9999998,0
2025|1091|4493|3|0|60|7,0,41200000,0,0,28352167.62,28352167.62,28352167.62,41200000,-28352167.62,0
2025|1091|4493|3|0|10|7,70000000,97000000,95000000,0,96999999.99999999,96999999.99999999,96999999.99999999,97000000,-96999999.99999999,0
2025|1091|2009|1|0|10|1,1275000000,1273700000,1275000000,0,1273477921.4999998,1273477921.4999998,1273477921.5,1273700000,-1273477921.4999998,0
2025|1091|2009|3|0|60|7,0,29500000,0,0,13371700.29,13371700.29,13371700.29,29500000,-13371700.29,0
2025|1091|2009|3|0|60|1,0,33000000,33000000,0,26997012.049999997,23685018.47,23685018.46,33000000,-26997012.049999997,3311993.579999998
2025|1091|2009|3|0|10|7,114195000,138195000,138195000,0,138195000,138195000,138195000,138195000,-138195000,0
2025|1091|2009|3|0|10|1,435709008,382209008,384209008,0,382206849.33000004,322642662.15,319573108.1500003,382209008,-382206849.33000004,59564187.18000007
2025|1091|2009|4|0|47|1,6200000,6200000,6200000,0,0,0,0,6200000,0,0
2025|1091|2009|4|0|10|1,15000000,15000000,15000000,0,14999990.350000001,11967868.66,11967868.66,15000000,-14999990.350000001,3032121.6900000013
2025|1091|7004|1|0|10|9,1000,1000,1000,0,0,0,0,1000,0,0
2025|1091|7006|1|0|10|1,61830000,62930000,61830000,0,62929999.99999999,62929999.99999999,62930000,62930000,-62929999.99999999,0
2025|1091|7006|1|0|10|5,138620000,123820000,138620000,0,123820000.00000001,123820000.00000001,123820000,123820000,-123820000.00000001,0
2025|1091|7006|1|0|43|5,242041652,257041652,257041652,0,248659819.34,248659819.34,248659819.34,257041652,-248659819.34,0
2025|1091|7006|1|0|42|5,357975162,372975162,372975162,0,369836052.22,369836052.22,369836052.22,372975162,-369836052.22,0
2025|1091|7006|3|0|60|7,0,11100000,2800000,0,7274031.43,7274031.43,7274031.43,11100000,-7274031.43,0
2025|1091|7006|3|0|10|7,21705000,24205000,24205000,0,24205000,24205000,24205000,24205000,-24205000,0
2025|1091|1064|3|0|10|1,2000000,2000000,2000000,0,2000000,1357403.3499999999,1357403.35,2000000,-2000000,642596.6500000001
2025|1091|1064|4|0|70|1,4500000,4500000,4500000,0,0,0,0,4500000,0,0
2025|1091|1064|4|0|10|1,20000000,21467568.46,20000000,0,21467568.46,3978390.92,3978390.9199999995,21467568.46,-21467568.46,17489177.54
2025|1091|1064|5|0|10|1,5000000,3532431.54,5000000,0,3532431.5399999996,17362.81,17362.81,3532431.54,-3532431.5399999996,3515068.7299999995
2025|1101|2020|3|0|10|1,10538,55538,55538,41348.759999999995,41259.45,40659.45,40659.45,14189.240000000005,89.30999999999767,600
2025|1101|4104|3|0|10|1,15900,15900,11742,10805.66,10805.66,2090,2090,5094.34,0,8715.66
2025|1101|4109|3|0|10|1,7774,7774,7774,350,350,350,350,7424,0,0
2025|1101|4012|3|0|10|1,14403,30403,30403,17350,17350,17350,17350,13053,0,0
2025|1101|4101|3|0|10|1,176900,134788,100934,93178.15000000001,92056.84999999999,84807.35,84807.35,41609.84999999999,1121.3000000000175,7249.499999999985
2025|1101|1017|4|0|10|1,28630,0,-28630,0,0,0,0,0,0,0
2025|1101|4102|3|0|10|1,49358,137988,128278,126242.73999999999,112252.14,111452.23999999999,111452.23999999999,11745.26000000001,13990.599999999991,799.9000000000087
2025|1101|4102|4|0|10|1,0,42112,42112,42112,42112,0,0,0,0,42112
2025|1101|4110|3|0|10|1,1339429,1162176.1,1005336.1000000001,1066054.8499999996,1064748.8,1011282.4799999999,1011282.48,96121.25000000047,1306.049999999581,53466.32000000018
2025|1101|2500|3|0|10|1,606108,656409.94,656409.94,616329.1900000003,614657.42,607821.11,607821.11,40080.74999999965,1671.7700000002515,6836.310000000056
2025|1101|2500|4|0|10|1,0,1964.56,1964.56,1964.56,1782.89,1782.89,1782.89,0,181.66999999999985,0
2025|1101|2417|1|0|10|1,13980241,14547742,14484021.956457002,14546286.350000001,14546286.349999998,14546286.349999998,14546286.350000003,1455.6499999985099,3.725290298461914e-09,0
2025|1101|2417|3|0|10|7,1668799,1504737,1495668.64,1504706.6400000001,1504706.6400000001,1504706.6400000001,1504706.6400000001,30.359999999869615,0,0
2025|1191|1002|3|1|10|1,5732488,5732488,5732488,5732488,5732488,3730330.7699999996,3584831.67,-9.313225746154785e-10,9.313225746154785e-10,2002157.2300000004
2025|1191|2004|3|0|10|1,7888800,7888800,7888800,7888800,7888800,6741000,5883600,0,0,1147800
2025|1191|2005|3|0|9|1,0,129400,129400,72597.3,72597.3,0,0,56802.7,0,72597.3
2025|1191|2005|4|0|9|1,0,510600,510600,115502.57,115502.57,0,0,395097.43,0,115502.57
2025|1191|2005|4|0|74|1,21000000,49820453.25,50312972.66,25422853.22,25416181.05,16756308.969999999,16756308.970000003,24397600.03,6672.169999998063,8659872.080000002
2025|1191|2007|3|0|29|1,8773780,8773780,3773780,7849138.34,7849138.34,1992889.74,1992889.74,924641.6600000001,0,5856248.6
2025|1191|2007|3|0|10|1,74569801,66901337,58796812,63849758.35,63849758.349999994,52965287.910000004,52505541,3051578.6499999985,7.450580596923828e-09,10884470.43999999
2025|1191|2007|4|0|10|1,0,500000,9000000,0,0,0,0,500000,0,0
2025|1191|2006|3|0|10|1,85390949,71515949,66256645,70355195.02999999,70355195.03,43446980.32000001,39145667.510000005,1160753.9700000137,-1.4901161193847656e-08,26908214.709999993
2025|1191|2006|3|0|29|1,6568366,6568366,6568366,4594123.69,4594120.6899999995,3704410.3600000003,3704410.3600000003,1974242.3099999996,3.0000000009313226,889710.3299999991
2025|1191|2006|4|0|10|1,0,8300000,3800000,4354442.88,4354442.88,0,0,3945557.12,0,4354442.88
2025|1191|2016|3|0|10|1,42800,42800,42800,0,0,0,0,42800,0,0
2025|1191|2032|3|0|10|1,42784,42784,42784,6434.8399999999965,6233.84,6233.84,6233.84,36349.16,200.99999999999636,0
2025|1191|4107|3|0|10|1,42784,42784,21487,301,0,0,0,42483,301,0
2025|1191|4107|4|0|10|1,0,10000,10000,9010,9010,9010,9010,990,0,0
2025|1191|2019|3|0|10|1,71246,71246,71246,50972,44263.93000000001,31733.72,31733.72,20274,6708.069999999992,12530.210000000006
2025|1191|4096|3|0|10|1,27562,27562,27562,0,0,0,0,27562,0,0
2025|1191|4106|3|0|10|1,42784,42784,21537,10541.259999999998,10340.259999999998,10340.26,10340.26,32242.74,201,-1.8189894035458565e-12
2025|1191|4097|3|0|10|1,8826,8826,8826,0,0,0,0,8826,0,0
2025|1191|4105|3|0|10|1,3562018,2729269.16,2729269.16,1372962.0599999998,1372178.92,1152459.04,1152459.0399999998,1356307.1000000003,783.1399999998976,219719.8799999999
2025|1191|4105|5|0|10|1,0,402748.84,402748.84,402748.84,402748.84,402748.84,402748.84,0,0,0
2025|1191|4098|3|0|10|1,1726769,2156769,2156769,2109997.4,2109997.4,1663103.29,1663103.29,46771.60000000009,0,446894.10999999987
2025|1191|4103|3|0|10|1,19487140,19487140,17487140,18036992.16,18036992.16,14748876.2,14748876.2,1450147.8399999999,0,3288115.960000001
2025|1191|4103|4|0|10|1,20000000,19990000,6990000,15449895.100000001,15449894.1,10797580.1,10797580.1,4540104.8999999985,1.0000000018626451,4652314
2025|1191|4095|3|0|83|2,900000,900000,900000,900000,900000,889999.7,889999.7,0,0,10000.300000000047
2025|1191|4095|3|0|27|1,20000000,20000000,18000000,18000000,18000000,17021846.79,17021846.79,2000000,0,978153.2100000009
2025|1191|4095|3|0|10|1,29327712,34327712,34327712,26730950.820000004,26730776.25,23594235.5,23539407.400000002,7596761.179999996,174.5700000040233,3136540.75
2025|1191|4085|4|0|74|1,737252,9280895.17,9280895.17,1426459.45,1426278.3499999999,771310.59,693766.23,7854435.72,181.10000000009313,654967.7599999999
2025|1191|1015|3|0|10|1,1000,1000,1000,0,0,0,0,1000,0,0
2025|1191|1015|4|0|10|1,0,1363187.72,1363187.72,867523.12,867523.12,57591.18,57591.18,495664.6,0,809931.94
2025|1191|1015|4|0|9|1,0,12350000,12350000,9469366.66,9469271.24,376176.36,299059.36,2880633.34,95.4199999999255,9093094.88
2025|1191|4079|3|0|10|1,1488580,1488580,1488580,1385969.63,1355029.6300000001,1019890.3199999998,1017058.4300000002,102610.37000000011,30939.999999999767,335139.3100000003
2025|1191|4081|3|0|10|1,12000000,12000000,12000000,12000000,11886786.769999938,11764521.139999952,9616446.919999968,0,113213.23000006191,122265.62999998592
2025|1191|4083|3|0|29|1,535000,535000,535000,90308.58,90306.58,60052.46000000001,60052.45999999999,444691.42,2,30254.119999999995
2025|1191|4083|3|0|10|1,5387563,3853940.09,3602540.09,1976695.93,1909395.09,1314260.6,1239198.1600000004,1877244.16,67300.83999999985,595134.49
2025|1191|4083|4|0|10|1,0,170435.19,170435.19,5000,5000,0,0,165435.19,0,5000
2025|1191|4082|3|0|10|1,21654437,21360199.67,15854417.67,20013520.32,19207315.099999987,13170141.539999994,13105180.380000005,1346679.3500000015,806205.2200000137,6037173.559999993
2025|1191|4082|3|0|29|1,9800000,9800000,9800000,8359902.209999999,8126048.12,6440779.29,6386549.379999998,1440097.790000001,233854.08999999892,1685268.83
2025|1191|2500|3|0|9|1,3000,410093.2,410093.2,270240,242146.59999999998,241455.98000000007,241455.98,139853.2,28093.400000000023,690.619999999908
2025|1191|2500|3|0|29|1,1176554,1176554,1176554,960227.1799999999,895170.15,703000.23,698668.9500000001,216326.82000000007,65057.02999999991,192169.92000000004
2025|1191|2500|3|0|10|1,7427671,7262671,6734508,6068073.61,5907629.3,5089871.29,4638743.069999999,1194597.3899999997,160444.31000000052,817758.0099999998
2025|1191|2500|4|0|9|1,0,3985191.67,3985191.67,0,0,0,0,3985191.67,0,0
2025|1191|2417|1|0|15|1,1293470714,1520247255,1482079361.1286652,1475479160.45,1475479160.45,1475479160.45,1475479160.45,44768094.54999995,0,0
2025|1191|2417|1|0|10|1,153718677,153718677,1255917.24,1395917.24,1395917.24,1238377.6500000001,1238377.65,152322759.76,0,157539.58999999985
2025|1191|2417|3|0|10|1,410364,630364,630364,93570.2,91634.08,91634.08,91634.08,536793.8,1936.1199999999953,0
2025|1191|2417|3|0|10|7,82616832,80597322,75653869.06,75128917.07999998,75128917.08,75128917.08,75128917.08,5468404.920000017,-1.4901161193847656e-08,0
2025|1191|0|3|0|9|1,0,0,2306236.9,0,0,0,0,0,0,0
2025|1191|0|4|0|74|1,0,0,1883468.41,0,0,0,0,0,0,0
2025|1221|1100|3|0|36|1,0,713.84,713.84,713.84,713.84,713.84,713.84,0,0,0
2025|1221|1100|3|0|24|1,25899176,38137177.11,38137177.11,12238001.11,12238001.11,12238001.11,12238001.11,25899176,0,0
2025|1221|1100|4|0|71|3,0,2177430.34,2177430.34,2177430.34,2177430.34,2177430.34,2177430.34,0,0,0
2025|1221|1100|4|0|24|1,57026094,80329626.05,80329626.05000001,23303532.049999997,23106047.7,23106047.7,23106047.7,57026094,197484.34999999776,0
2025|1221|4544|3|0|10|1,92980,92980,92980,25968,0,0,0,67012,25968,0
2025|1221|1083|3|0|10|1,1215855,126089,126089,48598,25778.2,8348.2,8348.2,77491,22819.8,17430
2025|1221|4482|3|0|10|1,4794439,5179452,5089452,5168109.0600000005,5168095.229999999,4294382.99,4294382.989999999,11342.939999999478,13.830000001937151,873712.2399999984
2025|1221|1082|3|0|10|1,0,0,-6145870,0,0,0,0,0,0,0
2025|1221|1082|3|1|10|1,452182,283407,283407,283407,225627.03999999998,223070.06,223070.06,0,57779.96000000002,2556.9799999999814
2025|1221|1082|3|1|32|1,16433058,16433058,16018304.56,10996813,10988855.74,2780882.5900000003,2780882.59,5436245,7957.2599999997765,8207973.15
2025|1221|1082|3|1|80|1,0,28626686.62,28626686.62,7565835,7565835,0,0,21060851.62,0,7565835
2025|1221|1097|3|0|10|1,1000,1000,1000,1000,0,0,0,0,1000,0
2025|1221|1097|3|0|95|1,0,124525.68,124525.68,124525.68,118255.13999999998,102747.58,102747.58,0,6270.540000000008,15507.559999999983
2025|1221|1097|4|0|95|1,0,612000000,612000000,301175191.93,301175191.93,832518.74,832518.74,310824808.07,0,300342673.19
2025|1221|1072|3|0|32|1,490365,490365,313740.2,213195,193483.59000000003,186104.91,186104.91,277170,19711.409999999974,7378.680000000022
2025|1221|1071|3|1|10|1,730275,899050,899050,899050,849329.3400000001,788761.06,788761.06,0,49720.659999999916,60568.28000000003
2025|1221|1071|3|1|32|1,192730,192730,192730,139728,114066.37999999999,98162.16,98162.15999999997,53002,25661.62000000001,15904.219999999987
2025|1221|4474|3|0|32|1,491836,751836,751836,751836,722592.5,599515.13,599515.13,-1.1641532182693481e-10,29243.5,123077.37000000011
2025|1221|4474|3|0|98|1,0,322530.45,322530.45,322530.45,322530,322530,322530,0,0.45000000001164153,0
2025|1221|4474|3|0|10|4,500000,500000,500000,0,0,0,0,500000,0,0
2025|1221|1073|3|0|10|8,100000,0,0,0,0,0,0,0,0,0
2025|1221|1073|3|0|32|1,763566,763566,763566,470136,458838.9100000001,445082.07,445082.07000000007,293430,11297.08999999991,13756.840000000084
2025|1221|1073|3|0|80|1,0,16867065.1,16867065.1,4237282.72,4228282.72,4187306.06,4187306.06,12629782.380000003,9000,40976.65999999968
2025|1221|1081|3|1|10|1,1000,1000,1000,1000,0,0,0,0,1000,0
2025|1221|4499|3|0|10|1,28547,28547,28547,22685,6944,0,0,5862,15741,6944
2025|1221|1078|3|0|32|1,94628,94628,94628,67057,12166.3,9179.76,9179.76,27571,54890.7,2986.539999999999
2025|1221|1079|3|0|32|1,237252,237252,237252,176290,120242.54999999999,119276.47000000002,119276.46999999999,60962,56047.45000000001,966.0799999999726
2025|1221|1091|3|0|10|1,81126,0,0,0,0,0,0,0,0,0
2025|1221|1091|3|0|32|1,227914,227914,227914,158459,67545.05,61370.479999999996,61370.48,69455,90913.95,6174.570000000007
2025|1221|1076|3|0|32|1,2058670,1708670,1708670,1242373,1002461.89,21252.899999999998,21252.9,466297,239911.11,981208.99
2025|1221|1077|3|0|10|1,351216,0,0,0,0,0,0,0,0,0
2025|1221|1077|3|0|32|1,55829,55829,55829,38558,21585.23,18854.320000000003,18854.32,17271,16972.77,2730.909999999996
2025|1221|1090|3|0|10|1,1000,1000,1000,1000,0,0,0,0,1000,0
2025|1221|1075|3|0|10|1,740342,340742,334742,340742,340350.37000000005,313779,313779,0,391.62999999994645,26571.369999999995
2025|1221|1075|3|0|32|1,268070,268070,268070,97552,80954.66,69169.91,69169.91,170518,16597.339999999997,11784.75
2025|1221|1075|4|0|32|1,10833509,10923509,10923509,10923509,10911857.910000002,10911857.910000002,10911857.91,0,11651.089999997988,0
2025|1221|4449|3|0|10|1,1076694,6847878.85,6895878.85,6765601.85,6741420.439999998,6737060.21,6737060.209999999,82277,24181.41000000201,4360.229999997653
2025|1221|4472|3|0|10|1,1414529,6171170.09,6273170.09,6114797.09,5980112.300000001,5858575.86,5858575.859999999,56373,134684.7899999991,121536.44000000041
2025|1221|2500|3|0|10|1,4960906,7448398,6834515.44,7448398,7333682.970000001,6671379.59,6671379.590000002,0,114715.02999999933,662303.3800000008
2025|1221|2500|4|0|10|1,200000,200000,0,0,0,0,0,200000,0,0
2025|1221|2417|1|0|95|1,0,15447.74,0,0,0,0,0,15447.74,0,0
2025|1221|2417|1|0|10|1,21257215,21176646.61,20310797.05281656,20373182.840000004,20373182.839999996,20373182.839999996,20373182.84,803463.7699999958,7.450580596923828e-09,0
2025|1221|2417|3|0|95|7,0,5190,0,0,0,0,0,5190,0,0
2025|1221|2417|3|0|10|7,3792734,3792734,3287368.4825000004,3256657.1100000003,3256657.11,3256657.11,3256657.1100000003,536076.8899999997,4.656612873077393e-10,0
2025|1221|0|3|0|98|1,0,0,5174.64999999999,0,0,0,0,0,0,0
2025|1231|4357|3|0|10|1,80000,80000,80000,33511.380000000005,33511.38,20011.38,20011.38,46488.619999999995,7.275957614183426e-12,13499.999999999996
2025|1231|4361|3|0|10|1,60000,60000,60000,6392.499999999996,6392.5,6392.5,6392.5,53607.5,-3.637978807091713e-12,0
2025|1231|4361|4|0|10|8,1000000,0,0,0,0,0,0,0,0,0
2025|1231|4359|3|0|10|1,6000,6000,6000,3881.2,3881.2,3881.2000000000003,3881.2,2118.8,0,-4.547473508864641e-13
2025|1231|4359|4|0|98|1,0,108317.94,108317.94,108317.94,0,0,0,0,108317.94,0
2025|1231|4358|3|0|10|8,250000,1512500,1512500,1512477,1512457.85,1420602.85,1420602.85,23,19.149999999906868,91855
2025|1231|4358|3|0|10|1,15000,515000,515000,497910.5,497910.5,4703.5,4703.5,17089.5,0,493207
2025|1231|4358|3|0|69|1,0,5024872.59,5024872.59,2512436.3,1326109.33,1323109.33,1323109.33,2512436.29,1186326.9699999997,3000
2025|1231|4358|4|0|10|8,500000,0,0,0,0,0,0,0,0,0
2025|1231|4358|4|0|10|4,250000,250000,250000,0,0,0,0,250000,0,0
2025|1231|4363|1|1|71|1,2441497,2441497,1493061.1261695116,1498215.6,1498215.5999999999,1498215.5999999999,1498215.6,943281.3999999999,2.3283064365386963e-10,0
2025|1231|4363|3|1|10|8,758368,0,0,0,0,0,0,0,0,0
2025|1231|4363|3|1|71|1,1998986,1998986,1998986,1948328.4900000002,1766935.4899999998,1453640.62,1419334.93,50657.50999999978,181393.00000000047,313294.86999999965
2025|1231|4363|3|1|71|7,436760,436760,233476.72169810944,232047.5,232047.5,232047.5,232047.5,204712.5,0,0
2025|1231|4363|3|1|95|1,0,2132000,2132000,1632000,1613296.91,1613296.9100000004,1457245.19,500000,18703.090000000084,-4.656612873077393e-10
2025|1231|4363|3|1|80|1,0,3629681.6,3629681.6,2597455.57,2592199.31,296909.12,296909.12,1032226.0300000003,5256.2599999997765,2295290.19
2025|1231|1053|3|0|59|1,6860000,3099706.2,1995260,1995260,8527.300000000003,8527.3,8527.3,1104446.2000000002,1986732.7,3.637978807091713e-12
2025|1231|1053|4|0|59|1,0,3755553.8,2000000,3755553.8,3739244.3299999996,3739244.3299999996,3739244.3299999996,0,16309.470000000205,0
2025|1231|4383|3|0|10|8,1000000,400000,400000,400000,399826.4,99826.4,99826.4,0,173.59999999997672,300000
2025|1231|4383|3|0|98|1,0,3490730,3490730,3490730,732306.2999999999,732306.2999999999,729550.3,0,2758423.7,0
2025|1231|4383|3|0|10|1,20000,20000,20000,14332.85,14332.849999999999,14332.849999999999,14332.85,5667.15,1.8189894035458565e-12,0
2025|1231|4383|3|0|10|4,1620000,1620000,1620000,0,0,0,0,1620000,0,0
2025|1231|4383|4|0|10|8,1000000,100000,100000,100000,99999.99,99999.99,99999.99,0,0.00999999999476131,0
2025|1231|4383|4|0|10|4,280000,280000,280000,0,0,0,0,280000,0,0
2025|1231|4383|4|0|98|1,0,397000,397000,100000,0,0,0,297000,100000,0
2025|1231|4420|3|0|10|8,1000000,0,0,0,0,0,0,0,0,0
2025|1231|4420|3|0|10|1,48334,48334,48334,0,0,0,0,48334,0,0
2025|1231|4420|4|0|98|1,0,198582.06,198582.06,198582.06,0,0,0,0,198582.06,0
2025|1231|4420|4|0|10|4,4520000,4520000,4520000,4520000,1606709,1606709,794406,0,2913291,0
2025|1231|4420|4|0|10|8,26372960,12947984.67,12947984.67,12920037.43,12920027.43,12920027.43,12920027.43,27947.240000000224,10,0
2025|1231|4420|4|0|15|1,10000000,68965710.49,72263368.4,67611997.29,67611997.29000002,58356348.010000005,55949283.010000005,1353713.199999988,-1.4901161193847656e-08,9255649.280000016
2025|1231|4420|4|0|80|1,0,90000000,90000000,84936892.35,79058892.35,78541892.25999999,78541892.25999999,5063107.650000006,5878000,517000.0900000036
2025|1231|4420|4|0|24|1,16139000,8503597.63,8503597.629999999,0,0,0,0,8503597.63,0,0
2025|1231|4397|3|0|10|1,25000,25000,25000,824,824,824,824,24176,0,0
2025|1231|4407|3|0|10|1,12054,12054,12054,9378.6,9378.6,9378.6,9378.6,2675.3999999999996,0,0
2025|1231|4403|3|0|10|1,20000,20000,20000,19005.9,19005.9,19005.9,19005.9,994.0999999999985,0,0
2025|1231|4400|3|0|10|1,5969,5969,5969,0,0,0,0,5969,0,0
2025|1231|4399|3|0|71|1,5777707,5992272,5992272,5992271.999999999,5992272,5992272,5992272,9.313225746154785e-10,-9.313225746154785e-10,0
2025|1231|4399|3|0|10|1,5969,5969,5969,0,0,0,0,5969,0,0
2025|1231|4394|3|0|10|1,34142,1392114.88,34142,1362768.18,1362768.18,4795.299999999999,4795.3,29346.699999999953,0,1357972.88
2025|1231|4394|4|0|10|1,0,0,1357972.88,0,0,0,0,0,0,0
2025|1231|4396|3|0|79|2,0,710000,0,710000,707898.67,707898.67,0,0,2101.329999999958,0
2025|1231|4396|3|0|10|3,0,1659479.23,1659479.23,1659479.23,18778.7,18778.7,18778.7,0,1640700.53,0
2025|1231|4396|3|0|10|1,10000,10000,10000,1251.3999999999996,1251.3999999999996,1251.4,1251.4,8748.6,0,-4.547473508864641e-13
2025|1231|4396|3|0|80|1,3000000,1879999.65,1879999.65,0,0,0,0,1879999.65,0,0
2025|1231|4396|4|0|79|2,0,0,710000,0,0,0,0,0,0,0
2025|1231|4396|4|0|24|1,0,2119092.12,2119092.12,2119092.12,281723.17000000004,98512.78,98512.78,0,1837368.9500000002,183210.39000000004
2025|1231|4396|4|0|10|4,150000,150000,150000,0,0,0,0,150000,0,0
2025|1231|4393|3|0|71|1,0,1145000,1145000,1145000,1045000,595698.01,595698.01,0,100000,449301.99
2025|1231|4393|3|0|10|1,4089676,4089676,4089676,2295534.35,2295534.35,1938657.37,1890080.94,1794141.65,0,356876.98
2025|1231|4398|3|1|24|1,0,45481.49,45481.49,45481.49,45481.49,45481.49,45481.49,0,0,0
2025|1231|4398|3|1|10|3,0,16622.51,16622.51,16622.51,16622.309999999998,387.67,387.67,0,0.2000000000007276,16234.639999999998
2025|1231|4398|3|1|10|8,1108368,100000,100000,100000,96980.4,0,0,0,3019.600000000006,96980.4
2025|1231|4398|3|1|1|1,764000,764000,764000,763694.59,763688.5599999999,0,0,305.4100000000326,6.03000000002794,763688.5599999999
2025|1231|4398|3|1|71|1,34440,10605611,10605611,10577035.06,10576886.1,560222.7000000001,560222.7,28575.93999999948,148.96000000089407,10016663.4
2025|1231|4398|3|1|71|7,0,400000,0,0,0,0,0,400000,0,0
2025|1231|4398|3|1|10|4,600000,600000,600000,0,0,0,0,600000,0,0
2025|1231|4398|4|1|71|1,0,0,400000,0,0,0,0,0,0,0
2025|1231|4419|3|0|10|1,48334,48334,48334,25065.5,25065.5,25065.5,25065.5,23268.5,0,0
2025|1231|4419|4|0|24|1,0,7635402.37,7635402.37,7635402.37,7635364.78,7635364.779999999,7635364.78,0,37.58999999985099,9.313225746154785e-10
2025|1231|4419|4|0|10|3,0,159840,159840,159840,159781.4,159781.4,159781.4,0,58.60000000000582,0
2025|1231|4419|4|0|15|1,40000000,74604286.8,86758000,74604286.8,73453035.45,71953035.45,68953035.45,0,1151251.349999994,1500000
2025|1231|4419|4|0|10|8,2500000,1659948.03,1659948.0299999998,1659948.0299999998,1659948.03,1659948.03,1659948.03,2.3283064365386963e-10,-2.3283064365386963e-10,0
2025|1231|4391|3|0|10|1,60000,60000,60000,10999.400000000001,10999.4,10999.4,10999.4,49000.6,1.8189894035458565e-12,0
2025|1231|4386|3|0|10|1,5740,5740,5740,5143.9,5143.9,5143.9,5143.9,596.1000000000004,0,0
2025|1231|4405|3|0|71|1,36162,36162,36162,36162,4989.099999999999,4989.1,4989.1,0,31172.9,-9.094947017729282e-13
2025|1231|2500|3|0|10|1,16624418,13388595.32,12572790.2,13388595.319999997,12524121.370000001,7364544.6400000015,6824031.33,3.725290298461914e-09,864473.9499999955,5159576.7299999995
2025|1231|2500|3|0|80|1,0,562012.93,531571.57,30441.36,28084.54,28084.54,3013.69,531571.5700000001,2356.8199999999997,0
2025|1231|2500|4|0|10|1,0,950000,950000,950000,949006.75,219454.75,219454.75,0,993.25,729552
2025|1231|2417|1|0|10|1,17819575,20319575,20015030.055618476,20048174.67000001,20048174.669999998,20048174.669999998,20048174.67,271400.32999999076,1.1175870895385742e-08,0
2025|1231|2417|3|0|10|1,71062,111789.35,71789.35,67906.03,67906.03,67906.03,67906.03,43883.32000000001,0,0
2025|1231|2417|3|0|10|7,2748327,3014588,2889525.110801891,2861343.51,2861343.51,2861343.51,2861343.51,153244.49000000022,0,0
2025|1231|0|3|0|69|1,0,0,-2402051.92,0,0,0,0,0,0,0
2025|1231|0|4|0|98|1,0,0,209802.04,0,0,0,0,0,0,0
2025|1231|0|4|0|24|1,0,0,1010347.92,0,0,0,0,0,0,0
2025|1251|4372|1|0|10|1,43293477,40961036,35377588.22000001,35377588.22,35377588.220000006,35377588.220000006,35377588.220000006,5583447.780000001,-7.450580596923828e-09,0
2025|1251|4372|3|0|60|1,1936,0,645.4400000000002,0,0,0,0,0,0,0
2025|1251|4372|3|0|60|2,0,2300000,2300000,2300000,2094031.2999999998,1440100,1440100,0,205968.7000000002,653931.2999999998
2025|1251|4372|3|0|10|1,15780519,15673898.87,16494625.31,15673638.369999995,15673638.370000005,13104053.75,12215805.919999998,260.5000000037253,-9.313225746154785e-09,2569584.620000005
2025|1251|4372|3|0|70|1,100000,576096.08,576096.0800000001,548992.33,541922.39,65855,65855,27103.75,7069.939999999944,476067.39
2025|1251|4372|3|0|69|1,550000,574929.57,574929.57,114426.57,79929.56999999999,24929.57,24929.57,460502.99999999994,34497.000000000015,54999.99999999999
2025|1251|4372|3|0|10|7,2093083,4556032.94,3569961.986710798,3553811.21,3553811.21,3553811.21,3553811.21,1002221.7300000004,0,0
2025|1251|4372|4|0|60|2,0,200000,200000,200000,16529,16529,16529,0,183471,0
2025|1251|4372|4|0|69|1,150000,150648.07,150648.07,648.07,648.07,648.07,648.07,150000,0,0
2025|1251|4372|4|0|70|1,300000,324936.23,324936.23,161541.06,93380.67000000001,17059.989999999998,17059.989999999998,163395.16999999998,68160.38999999998,76320.68000000002
2025|1251|2065|3|0|10|1,150168,150013,150168,150013,150013,150013,150013,-2.9103830456733704e-11,2.9103830456733704e-11,0
2025|1251|2057|3|0|10|1,68038,76251.74,74306.1,76251.74,76251.74,60239.280000000006,60016.90000000001,0,0,16012.46
2025|1251|2060|1|0|10|1,279437526,289057598,278225413.65000015,278225413.65,278225413.65,278225413.65,278225413.65000004,10832184.350000024,0,0
2025|1251|2060|3|0|60|2,104433989,104433989,104433989,104433989,104430842.58000003,79115143.30000001,76771705.38999999,0,3146.419999971986,25315699.280000016
2025|1251|2060|3|0|10|7,13193054,27976632.81,27879726.412160765,27701089.390000004,27701089.39,27701089.39,27701089.39,275543.41999999434,3.725290298461914e-09,0
2025|1251|2060|4|0|60|2,4516011,4516011,4516011,4516011,4515700.51,2200564.59,1748289.6400000001,0,310.4900000002235,2315135.92
2025|1251|2060|4|0|95|1,0,2178565.66,2178565.66,0,0,0,0,2178565.66,0,0
2025|1251|2058|1|0|10|1,24548088,18701894,17943041.31,17943041.31,17943041.310000002,17943041.310000002,17943041.31,758852.6900000013,-3.725290298461914e-09,0
2025|1251|2058|3|0|70|1,0,5714.34,5714.34,5714.34,5714.34,5714.34,5714.34,0,0,0
2025|1251|2058|3|0|60|1,645,579,645,579,579,579,579,0,0,0
2025|1251|2058|3|0|10|1,4979406,4770509.7,4979406,4770472.470000001,4770472.470000001,3417881.05,3368502.430000001,37.22999999951571,0,1352591.4200000009
2025|1251|2058|3|0|10|7,426931,2208480.75,1775076.2464833262,1708789.11,1708789.11,1708789.11,1708789.11,499691.6399999999,0,0
2025|1251|2059|1|0|10|1,214181851,183408952,176029194.93000004,176029194.92999998,176029194.93,176029194.93,176029194.92999998,7379757.070000023,-2.9802322387695312e-08,0
2025|1251|2059|3|0|70|1,0,5714.35,5714.35,5714.35,5714.35,5714.35,5714.35,0,0,0
2025|1251|2059|3|0|10|1,1380856,5282110.95,5341876.87,5282011.950000001,5282011.949999999,4166365.17,4165613.72,98.99999999906868,1.862645149230957e-09,1115646.7799999993
2025|1251|2059|3|0|10|7,12908499,36120560.7,30130433.53512345,29406539.209999997,29406539.209999997,29406539.209999997,29406539.21,6714021.490000006,0,0
2025|1251|4373|3|0|10|1,3000,0,0,0,0,0,0,0,0,0
2025|1251|2063|3|0|10|1,5000031,7817546.42,7817546.42,7817530.019999999,7817530.0200000005,4404766.38,3772238.4,16.40000000130385,-1.862645149230957e-09,3412763.6400000006
2025|1251|2063|3|0|68|1,20000,20000,20000,0,0,0,0,20000,0,0
2025|1251|2063|4|0|70|1,0,21457.66,21457.66,21457.66,21457.66,21457.66,21457.66,0,0,0
2025|1251|2063|4|0|68|1,550000,609027.34,609027.34,123027.34,101533,82185,82185,486000,21494.339999999997,19348
2025|1251|4366|3|1|10|1,1000,1000,1000,0,0,0,0,1000,0,0
2025|1251|4366|3|1|10|8,3521000,3446650,3446650,3445650,3229202.76,1902869.5199999998,1759501.05,1000,216447.24000000022,1326333.24
2025|1251|4366|4|1|15|0,0,87118858.2,0,87118858.2,87041906.8,0,0,0,76951.40000000596,87041906.8
2025|1251|4366|4|1|15|1,0,2903167.6,52822025.8,2903167.599999994,2849724.88,248106,149508,6.05359673500061e-09,53442.71999999415,2601618.88
2025|1251|4366|4|1|10|8,31492383,20045611.42,20045611.42,19989823.42,19456990.880000003,7557438.91,7471283.8,55788,532832.5399999991,11899551.970000003
2025|1251|2061|1|0|10|1,224453573,180935448,180340505.67999998,180340505.67999998,180340505.67999998,180340505.67999998,180340505.68,594942.3200000226,0,0
2025|1251|2061|3|0|60|1,185881,82566.41,82649,82566.04000000001,82566.04,57848.3,57848.3,0.3699999999953434,1.4551915228366852e-11,24717.73999999999
2025|1251|2061|3|0|10|1,20771386,10471765.93,20345290.169999998,10443485.969999999,10443480.469999993,8875917.38,8699228.549999991,28279.960000000894,5.5000000055879354,1567563.0899999924
2025|1251|2061|3|0|69|1,50000,54014,54014,4014,4014,4014,4014,50000,0,0
2025|1251|2061|3|0|24|1,50000,66791.75,66791.75,16791.75,0,0,0,50000,16791.75,0
2025|1251|2061|3|0|10|7,20812595,36861649.97,27992961.400110252,27750630.01,27750630.009999994,27750630.009999994,27750630.009999998,9111019.959999997,7.450580596923828e-09,0
2025|1251|2061|4|0|60|1,0,100967.24,103232,100967.24,100967.24,93219.47,82187.97,0,0,7747.770000000004
2025|1251|2061|4|0|24|1,50000,102358.48,102358.48000000001,52358.48,49599.86,49599.86,49599.86,49999.99999999999,2758.6200000000026,0
2025|1251|2061|4|0|69|1,100000,257100,257100,157100,147634,138664,109830,100000,9466,8970
2025|1251|4374|1|0|10|1,387754319,409389321,398373302.97,398373302.97,398373302.97,398373302.97,398373302.97,11016018.029999971,0,0
2025|1251|4374|1|0|27|1,150884981,150884981,116036298.41,116036298.41000003,116036298.40999998,116036298.40999998,116036298.40999998,34848682.589999974,4.470348358154297e-08,0
2025|1251|4374|3|0|60|1,6617,0,6617,0,0,0,0,0,0,0
2025|1251|4374|3|0|10|1,6815997,6158673.26,7015294.469999999,6155462.2700000005,6155281.27,4871923.6,4355862.07,3210.989999999292,181.00000000093132,1283357.67
2025|1251|4374|3|0|24|1,100000,223385.35,223385.34999999998,218653.35,19893.27,19893.27,19893.27,4732,198760.08000000002,0
2025|1251|4374|3|0|68|1,50000,50000,50000,0,0,0,0,50000,0,0
2025|1251|4374|3|0|10|7,33687723,66282756.74,65995527.822084665,65561566.379999995,65561566.38,65561566.38,65561566.379999995,721190.3600000069,-7.450580596923828e-09,0
2025|1251|4374|3|0|52|2,0,12500010,10625010,10625010,10625009.999999998,8924147.52,8826091.229999999,1875000,1.862645149230957e-09,1700862.4799999986
2025|1251|4374|3|0|83|2,14642907,14642907,12446471.000222325,12446471,12446470.980000008,10035535.120000005,8380277.189999995,2196436,0.019999992102384567,2410935.860000003
2025|1251|4374|3|0|70|1,10000000,14501627.71,14501627.709999997,11444068.319999998,8825508.46,6403814.1899999995,6105932.49,3057559.3900000025,2618559.8599999975,2421694.2700000014
2025|1251|4374|3|0|73|1,30800000,37525165.85,37525165.849999994,17027667.06,16358305.780000003,10884018.639999997,10619850.42,20497498.790000003,669361.2799999956,5474287.140000006
2025|1251|4374|4|0|24|1,500000,802067.56,802067.56,767067.56,302067.56,302067.56,302067.56,35000,465000,0
2025|1251|4374|4|0|68|1,50000,57089.82,57089.82,7089.82,5720.5,5720.5,5720.5,50000,1369.3199999999997,0
2025|1251|4374|4|0|70|1,8000000,11479945.9,11479945.9,6267340.619999999,5122270.279999999,2542307.37,2515366.11,5212605.280000001,1145070.3399999999,2579962.909999999
2025|1251|4374|4|0|73|1,46001000,56749932.27,56749932.27,13778089.68,9506598.22,4359894.23,309894.23,42971842.59,4271491.459999999,5146703.99
2025|1251|4365|1|0|10|1,4496222267,4548034533,4473333199.35,4488568737.789998,4473340134.05,4473340134.05,4473340134.05,59465795.210001945,15228603.739997864,0
2025|1251|4365|3|0|45|1,0,244453.52,236252.42,244453.52000000002,222034.04,214061.12,190211.12,-2.9103830456733704e-11,22419.48000000001,7972.920000000013
2025|1251|4365|3|0|95|1,0,618375,618375,618375,618375,618375,618375,0,0,0
2025|1251|4365|3|0|10|3,0,8915.42,8915.42,8915.42,8245,8245,0,0,670.4200000000001,0
2025|1251|4365|3|0|97|1,0,364245.29,364245.29000000004,364245.29,189333.57,181016.44999999998,181016.44999999998,0,174911.71999999997,8317.120000000024
2025|1251|4365|3|0|15|1,0,241189.5,241189.5,241189.5,37000,0,0,0,204189.5,37000
2025|1251|4365|3|0|82|1,15000000,15011700,15011700,15011699.999999998,15011699.999999998,11252523.909999998,10738659.79,1.862645149230957e-09,0,3759176.09
2025|1251|4365|3|0|80|1,0,6000,6000,0,0,0,0,6000,0,0
2025|1251|4365|3|0|60|1,3148354,26294815.76,25823723.16,26149229.78,26149186.79,20394927.43,19540114.63,145585.98000000045,42.99000000208616,5754259.359999999
2025|1251|4365|3|0|68|1,300000,324930,324930,68430,55371.619999999995,28595,28595,256500,13058.380000000005,26776.619999999995
2025|1251|4365|3|0|24|1,2890000,5823385.05,5726427.220000001,5411178.879999999,4103382.16,2205467.42,679752.28,412206.17000000086,1307796.7199999988,1897914.7400000002
2025|1251|4365|3|0|69|1,2000000,3454264.6,3454264.6,2898042.28,1924598.7,1293670.16,1176465.1600000001,556222.3200000003,973443.5799999998,630928.54
2025|1251|4365|3|0|10|1,225775664,176078604.57,158230038.53733253,175485246.38,175483089.6800006,150576273.1300004,149306101.4300006,593358.1899999976,2156.6999993920326,24906816.55000019
2025|1251|4365|3|0|1|1,1000000,1000000,1000000,0,0,0,0,1000000,0,0
2025|1251|4365|3|0|2|1,2000000,1914568.25,1914568.25,0,0,0,0,1914568.25,0,0
2025|1251|4365|3|0|9|1,2500000,2644000,2644000,144000,143000,0,0,2500000,1000,143000
2025|1251|4365|3|0|70|1,6267277,7211355.71,7211355.710000002,2710551.67,2234955.9000000004,1537976.33,1494864.52,4500804.04,475595.76999999955,696979.5700000003
2025|1251|4365|3|0|10|7,278940085,626538758.27,619360739.1662617,615433811.7100002,615433811.71,615433811.71,615433811.71,11104946.559999824,1.1920928955078125e-07,0
2025|1251|4365|4|0|15|1,0,0,39758810.5,0,0,0,0,0,0,0
2025|1251|4365|4|0|10|8,1100000,0,0,0,0,0,0,0,0,0
2025|1251|4365|4|0|10|3,0,703820.41,703820.41,703820.41,691835.3,363976.62,363976.61999999994,0,11985.109999999986,327858.68000000005
2025|1251|4365|4|0|95|1,0,401903.02,401903.02,401903.02,370000,0,0,0,31903.02000000002,370000
2025|1251|4365|4|0|45|1,156004,627352.86,595352.86,627352.86,575906.92,305875.15,305875.15,0,51445.939999999944,270031.77
2025|1251|4365|4|0|15|0,0,39758810.5,0,39758810.5,38245040,0,0,0,1513770.5,38245040
2025|1251|4365|4|0|98|1,0,15404493,15404493,15404493,10648841.86,2488665.1099999994,2488665.1100000003,0,4755651.140000001,8160176.75
2025|1251|4365|4|0|97|1,0,6886075.49,6886075.489999999,6878185.130000001,5263189.36,3653126.61,2051633.21,7890.359999999404,1614995.7700000005,1610062.7500000005
2025|1251|4365|4|0|10|4,30000,30000,30000,0,0,0,0,30000,0,0
2025|1251|4365|4|0|10|1,8540180,8486469.8,8011589.9,8340558.110000001,8340558.109999999,5329347.69,4694836.2,145911.68999999948,1.862645149230957e-09,3011210.419999999
2025|1251|4365|4|0|68|1,532000,612753.35,612753.35,125253.35,95941.9,14667.9,11517.9,487500,29311.45000000001,81274
2025|1251|4365|4|0|69|1,2952000,3693345.94,3693345.94,2948869.6599999997,685251.85,415701.91,409751.91000000003,744476.2800000003,2263617.8099999996,269549.94
2025|1251|4365|4|0|70|1,4591278,6236948.09,6236948.089999999,2937926.53,1535194.99,1040897.22,1035307.22,3299021.56,1402731.5399999998,494297.77
2025|1251|4365|4|0|9|1,6002000,6981790.41,6981790.41,3650533.1100000003,3640777.41,3373577.41,3369800,3331257.3,9755.700000000186,267200
2025|1251|4365|4|0|80|1,28890738,6005623,6005623,0,0,0,0,6005623,0,0
2025|1251|4365|4|0|1|1,10594097,10952972.59,10952972.59,3999819.5300000003,2303061.76,885209.05,885209.05,6953153.06,1696757.7700000005,1417852.7099999997
2025|1251|4365|4|0|24|1,19894806,18239992.71,18336950.539999995,3391212.8600000003,3334050.92,1110425.7399999998,1108425.7399999998,14848779.850000001,57161.94000000041,2223625.18
2025|1251|4365|4|0|2|1,28981340,30582849.06,30582849.06,10847676.5,10847676.5,2001972.31,2001972.31,19735172.56,0,8845704.19
2025|1251|4365|5|0|10|1,0,130118.77,130118.77,0,0,0,0,130118.77,0,0
2025|1251|7010|3|0|10|7,33550964,27351131.49,25971040.49358811,25611185.11000001,25611185.109999996,25611185.109999996,25611185.11,1739946.3799999878,1.4901161193847656e-08,0
2025|1251|2500|1|0|10|1,293814305,289913467,280177055.13000005,280177054.61,280177054.61,280177054.61,280177054.6100001,9736412.389999986,0,0
2025|1251|2500|3|0|10|1,8184040,8887187.12,9694815.25,8886991.289999995,8886991.290000001,7573242.509999999,7454055.509999998,195.8300000037998,-5.587935447692871e-09,1313748.7800000021
2025|1251|2500|3|0|60|1,6085332,5587854.39,4837017.694557916,5557043.77,5557043.77,1967598.0499999998,1960592.77,30810.62000000011,0,3589445.7199999997
2025|1251|2500|3|0|10|7,13648310,26778537.01,26814351.984288596,26619163.12,26619163.119999997,26619163.119999997,26619163.12,159373.8900000006,3.725290298461914e-09,0
2025|1251|7007|1|0|75|1,545754463,605874486.2,604999999.9999999,605000000,605000000,605000000,605000000,874486.2000000477,0,0
2025|1251|7007|1|0|30|1,186552041,215446157.94,180999999.99999997,181000000,181000000,181000000,181000000,34446157.94,0,0
2025|1251|7007|1|0|10|1,9406722444,9352222444,8953787490.820007,8974409639.710003,8953787490.82,8953787490.82,8953787490.819998,377812804.2899971,20622148.890003204,0
2025|1251|0|3|0|73|1,0,0,410231.209999993,0,0,0,0,0,0,0
2025|1251|0|3|0|69|1,0,0,1357964.44,0,0,0,0,0,0,0
2025|1251|0|4|0|68|1,0,0,27667.76,0,0,0,0,0,0,0
2025|1251|0|4|0|1|1,0,0,158351.119999999,0,0,0,0,0,0,0
2025|1251|0|4|0|98|1,0,0,731659.710000001,0,0,0,0,0,0,0
2025|1251|0|4|0|2|1,0,0,791016.210000001,0,0,0,0,0,0,0
2025|1251|0|4|0|70|1,0,0,1222088.91,0,0,0,0,0,0,0
2025|1251|0|4|0|9|1,0,0,2941597.2,0,0,0,0,0,0,0
2025|1251|0|4|0|24|1,0,0,3458081.89,0,0,0,0,0,0,0
2025|1261|2067|3|1|10|8,0,150000,150000,150000,150000,150000,150000,0,0,0
2025|1261|2067|3|1|10|1,10000000,2706766,11706766,1677988.66,1669810.6600000015,1669810.6600000015,1669810.6600000015,1028777.3400000001,8177.99999999837,0
2025|1261|2067|4|1|10|8,0,150000,150000,150000,150000,150000,150000,0,0,0
2025|1261|2067|4|1|15|1,5000000,0,0,0,0,0,0,0,0,0
2025|1261|2067|4|1|10|1,0,17449619,17449619,17244499.9,17244499.900000006,17244499.900000006,17244499.900000006,205119.1000000015,-7.450580596923828e-09,0
2025|1261|2133|3|0|10|1,1000,0,0,0,0,0,0,0,0,0
2025|1261|2040|3|0|10|1,20000000,7700000,14700000,7142889.97,7142889.970000001,4528593.88,4528593.88,557110.0300000003,-9.313225746154785e-10,2614296.090000001
2025|1261|2092|1|0|10|1,8810765,5448662,4858342.791506502,4765878.38,4765878.38,4765878.38,4765878.380000001,682783.6200000001,0,0
2025|1261|2092|3|0|10|7,124355,122321.91,122170.56211463886,91053.24,91053.24,91053.24,91053.23999999999,31268.67,0,0
2025|1261|2098|1|0|10|1,3714223,6863314,6592126.974588655,6640931.220000001,6640931.22,6640931.22,6640931.22,222382.77999999933,9.313225746154785e-10,0
2025|1261|2098|3|0|10|7,345917,1815483.1,760107.7674999705,358766.45999999996,358766.46,358766.46,358766.45999999996,1456716.6400000001,-5.820766091346741e-11,0
2025|1261|2038|3|0|10|1,24376000,12926303.2,21426303.2,12018683.200000001,12018683.2,10563783.67,10562521.469999999,907619.9999999981,1.862645149230957e-09,1454899.5299999993
2025|1261|2038|4|0|10|1,2000000,2925696.8,2925696.8,2925670.1799999997,2925670.17,1771930.12,1771930.12,26.62000000011176,0.009999999776482582,1153740.0499999998
2025|1261|2099|3|1|10|1,50000000,35545000,51045000,35007706.49,34929634.75000005,29635265.660000026,29397037.160000015,537293.5099999979,78071.73999994993,5294369.090000026
2025|1261|2095|3|0|10|1,7530000,3800000,3800000,2079601.14,2063069.3400000003,1409129.1500000001,1409129.1500000001,1720398.86,16531.79999999958,653940.1900000002
2025|1261|2095|4|0|10|1,0,0,6000000,0,0,0,0,0,0,0
2025|1261|2080|1|0|23|1,77016060,67017573,66402682.53072024,66584068.629999965,66584068.63,66584068.63000002,66584068.63,433504.37000003457,-3.725290298461914e-08,-1.4901161193847656e-08
2025|1261|2080|1|0|10|1,2854931,3594673,2866901.6947381673,2659420.26,2659420.2600000002,2659420.2600000002,2659420.2600000007,935252.7400000002,-4.656612873077393e-10,0
2025|1261|2080|3|0|10|7,1000,1000,0,0,0,0,0,1000,0,0
2025|1261|2080|3|0|23|7,993765,1241866,1220731.8722533006,1193847.31,1193847.31,1193847.31,1193847.3099999998,48018.689999999944,0,0
2025|1261|2096|1|0|10|1,2450333,786769,661972.6530631577,671333.92,671333.9199999999,671333.9199999999,671333.92,115435.07999999996,1.1641532182693481e-10,0
2025|1261|2096|1|0|23|1,51405616,87644073,86646544.52361514,86778715.88000004,86778715.88,86778715.88,86778715.87999998,865357.1199999601,4.470348358154297e-08,0
2025|1261|2096|3|0|23|1,0,20000,20000,20000,38.89,38.89,38.89,0,19961.11,0
2025|1261|2096|3|0|10|7,593804,593804,49062.9954468238,85077.62000000001,85077.62,85077.62,85077.62,508726.38,1.4551915228366852e-11,0
2025|1261|2096|3|0|23|7,6792877,12612163,12284139.587042054,12034746.430000002,12034746.430000002,12034746.430000002,12034746.43,577416.5699999984,0,0
2025|1261|2096|3|0|10|1,6800000,6820000,6820000,4222808.320000001,4222808.32,4202817.59,4202817.59,2597191.679999999,9.313225746154785e-10,19990.730000000447
2025|1261|2093|1|0|10|1,154973,930232,777429.9377363219,808117.1600000001,808117.16,808117.16,808117.1599999999,122114.83999999985,1.1641532182693481e-10,0
2025|1261|2093|1|0|23|1,113382733,91534604,90714629.63770391,90824809.66999999,90824809.67,90824809.67,90824809.67,709794.3300000131,-1.4901161193847656e-08,0
2025|1261|2093|3|0|10|7,1000,1000,0,0,0,0,0,1000,0,0
2025|1261|2093|3|0|23|7,1327978,1327978,1056452.22670425,1038110.28,1038110.2799999999,1038110.2799999999,1038110.28,289867.72,1.1641532182693481e-10,0
2025|1261|2082|1|0|10|1,179134,1079134,790934.4373207998,816712.5300000003,816712.53,816712.53,816712.53,262421.46999999974,2.3283064365386963e-10,0
2025|1261|2082|1|0|23|1,131516402,96522172,95131717.93327628,95120200.23000002,95120200.23,95120200.23,95120200.22999999,1401971.769999981,1.4901161193847656e-08,0
2025|1261|2082|3|0|10|7,1000,1000,0,0,0,0,0,1000,0,0
2025|1261|2082|3|0|23|7,1935521,1935521,1393208.329926035,1363258.3,1363258.2999999998,1363258.2999999998,1363258.3,572262.7,2.3283064365386963e-10,0
2025|1261|2094|1|0|10|1,123657,923657,652066.7472613996,702678.8699999999,702678.87,702678.87,702678.87,220978.13000000012,-1.1641532182693481e-10,0
2025|1261|2094|1|0|23|1,155306168,150366758,145428950.94526583,145582499.87,145582499.87,145582499.87,145582499.86999997,4784258.129999995,0,0
2025|1261|2094|3|0|10|7,1000,2318,2294.1104325725123,1265.03,1265.03,1265.03,1265.03,1052.97,0,0
2025|1261|2094|3|0|23|7,3406547,3406547,3174685.4653601847,3099680.1199999996,3099680.12,3099680.12,3099680.12,306866.88000000035,-4.656612873077393e-10,0
2025|1261|2088|1|0|10|1,4191484,2897572,2343804.660966014,2429622.12,2429622.12,2429622.12,2429622.12,467949.8799999999,0,0
2025|1261|2088|1|0|23|1,279751995,264460778,257008386.780237,257338190.35000002,257338190.35000002,257338190.35000002,257338190.35000002,7122587.649999976,0,0
2025|1261|2088|3|0|10|7,1000,1000,0,0,0,0,0,1000,0,0
2025|1261|2088|3|0|23|7,3884855,3884855,3451375.994656626,3381419.0100000002,3381419.0100000002,3381419.0100000002,3381419.01,503435.98999999976,0,0
2025|1261|2089|1|0|10|1,1064101,6434777,5452160.903951554,5706691.639999999,5706691.640000001,5706691.640000001,5706691.640000001,728085.3600000013,-1.862645149230957e-09,0
2025|1261|2089|1|0|23|1,524856097,582573470,570519823.0204117,571708233.35,571708233.3499999,571708233.3499999,571708233.35,10865236.649999976,1.1920928955078125e-07,0
2025|1261|2089|3|0|10|7,1000,1000,0,0,0,0,0,1000,0,0
2025|1261|2089|3|0|23|7,6496093,8139884,8072582.488594714,7872953.460000001,7872953.46,7872953.46,7872953.46,266930.5399999991,9.313225746154785e-10,0
2025|1261|2097|1|0|23|1,504793538,526490799,517695309.541005,519339555.01000017,519339555.01,519339555.01,519339555.01,7151243.989999831,1.7881393432617188e-07,0
2025|1261|2097|1|0|10|1,14315039,107891535.07,98067809.19482672,98216209.64,98216209.64000002,98216209.64000002,98216209.63999999,9675325.429999992,-1.4901161193847656e-08,0
2025|1261|2097|3|0|10|7,1000,240707.09,237419.05021515078,86575.26999999999,86575.26999999999,86575.26999999999,86575.27,154131.82,0,0
2025|1261|2097|3|0|23|7,58290493,68177927,67611950.27036315,66537807.940000005,66537807.940000005,66537807.940000005,66537807.94,1640119.059999995,0,0
2025|1261|2086|1|0|10|1,508282,9266584,8559291.658656996,8587296.780000001,8587296.780000001,8587296.780000001,8587296.78,679287.2199999988,0,0
2025|1261|2086|1|0|23|1,960890732,896362670,884576705.9174736,884488383.5200005,884488383.5199999,884488383.5199999,884488383.5200001,11874286.479999542,5.960464477539062e-07,0
2025|1261|2086|3|0|10|7,1000,1000,0,247,247,247,247,753,0,0
2025|1261|2086|3|0|23|7,28631037,27585956,26941628.089811277,27197235.64,27197235.64,27197235.64,27197235.64,388720.3599999994,0,0
2025|1261|2083|1|0|10|1,25638237,11659243,10638539.483103544,11111213.14,11111213.14,11111213.14,11111213.14,548029.8599999994,0,0
2025|1261|2083|1|0|23|1,1080009871,1135085282,1128387926.8143423,1131715633.14,1131715633.14,1131715633.14,1131715633.14,3369648.859999895,0,0
2025|1261|2083|3|0|10|7,1000,1000,0,0,0,0,0,1000,0,0
2025|1261|2083|3|0|23|7,13778243,16440060,16363488.344393648,15958216.870000003,15958216.87,15958216.87,15958216.87,481843.1299999971,3.725290298461914e-09,0
2025|1261|2081|1|0|10|1,37668552,15524871,14658536.9819399,14762283.159999998,14762283.16,14762283.16,14762283.16,762587.8400000017,-1.862645149230957e-09,0
2025|1261|2081|1|0|23|1,1552355011,1350784687,1333125094.845789,1333171363.6199996,1333171363.6200001,1333171363.6200001,1333171363.6200001,17613323.380000353,-4.76837158203125e-07,0
2025|1261|2081|3|0|10|7,1000,1000,221.5,221.5,221.5,221.5,221.5,778.5,0,0
2025|1261|2081|3|0|23|7,33658106,30289699,30085965.963366874,29798622.299999993,29798622.299999997,29798622.299999997,29798622.3,491076.7000000067,-3.725290298461914e-09,0
2025|1261|2090|1|0|10|1,6608183,34521541,31535802.60047695,33087497.659999996,33087497.659999996,33087497.659999996,33087497.660000004,1434043.3400000036,0,0
2025|1261|2090|1|0|23|1,3457772429,3538591323,3515805047.859466,3521761862.519999,3521761862.52,3521761862.52,3521761862.52,16829460.480000973,-9.5367431640625e-07,0
2025|1261|2090|3|0|10|7,1000,1000,0,0,0,0,0,1000,0,0
2025|1261|2090|3|0|23|7,43500587,47903039,46908262.58804436,45940569.91999997,45940569.92000001,45940569.92000001,45940569.92,1962469.080000028,-3.725290298461914e-08,0
2025|1261|2085|1|0|90|1,0,141608638.88,141608638.88,141608638.88,141608638.88,141608638.88,141608638.88,0,0,0
2025|1261|2085|1|0|23|1,3832885946,3914238016,3859613287.880001,3840882939.2999988,3840882939.2999997,3840882939.2999997,3840882939.300001,73355076.70000124,-9.5367431640625e-07,0
2025|1261|2085|1|0|10|1,1458586180,1907595326.16,1473619280.1447344,1525652523.9399998,1525652523.9399998,1525537247.7899997,1525537247.7900002,381942802.22000027,0,115276.15000009537
2025|1261|2085|3|0|10|7,1000,2558.53,1548.868730373182,2462.53,2462.5299999999997,2462.5299999999997,2462.53,96,4.547473508864641e-13,0
2025|1261|2085|3|0|10|1,0,67025956.24,0,66269771.66,66269771.43000001,66269771.43000001,66269771.43,756184.5800000057,0.22999998927116394,0
2025|1261|2085|3|0|23|7,72043960,72043960,65099920.88254397,66163919.21000001,66163919.21,66163919.21,66163919.21,5880040.789999992,7.450580596923828e-09,0
2025|1261|2102|3|0|36|1,245664581,245648301,245648301,187076154,186178265,186178265,186178265,58572147,897889,0
2025|1261|2101|3|0|21|1,500000000,520493583.28,522493583.28,520111900.34000003,519971890.0500007,519835138.0500008,519445300.4900001,381682.939999938,140010.2899993062,136751.9999999404
2025|1261|2127|3|0|10|1,260568,0,0,0,0,0,0,0,0,0
2025|1261|2127|3|0|21|3,0,9425.7,9425.7,9425.7,0,0,0,0,9425.7,0
2025|1261|2127|3|0|24|1,270340,419024.62,419024.62,419024.62,308577.5,308577.5,308577.5,0,110447.12,0
2025|1261|2127|3|0|10|3,64644,64644,64644,0,0,0,0,64644,0,0
2025|1261|1094|3|0|10|1,195426,5785172.89,5785172.890000001,5023839.34,5007455.530000001,5007455.530000001,5007455.529999999,761333.5499999998,16383.809999998659,0
2025|1261|2105|3|1|21|1,24000000,5795507.34,5795507.34,5795507.34,5795507.34,5795507.34,5795507.34,0,0,0
2025|1261|2107|3|0|21|1,0,3365137.52,0,3365137.52,3365137.52,0,0,0,0,3365137.52
2025|1261|2107|3|0|10|1,63700000,71493218.67,72993218.66999999,68066281.39,68049244.09,68049244.09,68049237.09,3426937.280000001,17037.29999999702,0
2025|1261|4505|3|0|10|1,1789300,0,0,0,0,0,0,0,0,0
2025|1261|2116|3|0|10|1,500000,0,0,0,0,0,0,0,0,0
2025|1261|4506|3|0|10|1,1501200,0,0,0,0,0,0,0,0,0
2025|1261|4507|3|0|15|1,2000000,0,0,0,0,0,0,0,0,0
2025|1261|4507|3|0|10|1,3000000,0,0,0,0,0,0,0,0,0
2025|1261|1033|3|0|10|1,500000,0,0,0,0,0,0,0,0,0
2025|1261|4509|3|0|10|1,500000,550000,550000,395455.66,392154.16,392154.16,392154.16000000003,154544.34000000003,3301.5,0
2025|1261|1093|3|0|10|1,130284,1900000,3900000,1571882.48,1536919.369999998,1536919.369999998,1536480.7700000005,328117.52,34963.110000001965,0
2025|1261|2119|3|0|10|1,1000000,3454078,3454078,3454078,3454078,3454078,3454078,0,0,0
2025|1261|2119|4|0|10|1,0,2766138,2766138,2766138,2766138,2766138,2766138,0,0,0
2025|1261|2123|3|0|10|1,20048510,65138177.41,78138177.40999998,65127719.54,65127719.129999995,65127719.13,65127719.129999995,10457.869999997318,0.4100000038743019,-7.450580596923828e-09
2025|1261|2123|3|0|10|3,0,669564.47,669564.47,0,0,0,0,669564.47,0,0
2025|1261|2123|3|0|36|1,50000000,122690243.31,122690243.31,72690243.31,21679598.29999999,11679598.299999999,11679598.299999999,50000000,51010645.01000001,9999999.99999999
2025|1261|1092|3|0|21|1,0,6015018.6,6015018.6,6015018.6,6015018.6,6015018.6,6015018.6,0,0,0
2025|1261|1092|3|0|10|1,8541220,4760565.2,6260565.2,4669652.279999999,4666522.279999998,4666522.279999998,4666522.279999999,90912.92000000086,3130.0000000009313,0
2025|1261|4508|3|0|10|8,0,50000,50000,50000,50000,50000,50000,0,0,0
2025|1261|4508|3|0|10|1,6500000,2814827.1100000003,22814827.11,1590350.9000000032,1580674.649999999,1580674.6499999994,1580674.6499999997,1224476.2099999972,9676.250000004191,-4.656612873077393e-10
2025|1261|4508|3|0|36|1,55381646,125223638.99,125223638.99,73897713.99,73641866.4,73641866.4,73641866.4,51325925,255847.58999998868,0
2025|1261|4508|4|0|10|8,0,300000,300000,300000,300000,300000,300000,0,0,0
2025|1261|4508|4|0|36|1,0,70147992.99,70147992.99,70147992.99,70147918.6,70147918.6,70147918.6,0,74.39000000059605,0
2025|1261|2122|3|0|15|1,10000000,0,0,0,0,0,0,0,0,0
2025|1261|2122|3|0|98|1,0,198000,198000,198000,0,0,0,0,198000,0
2025|1261|2122|3|0|10|1,50000000,21589408.799999997,26089408.799999997,16038620.519999996,16033949.170000002,15875556.17,15875556.169999998,5550788.280000001,4671.3499999940395,158393.00000000186
2025|1261|2122|4|0|98|1,0,200000,200000,200000,200000,200000,200000,0,0,0
2025|1261|2122|4|0|10|8,1000000,0,0,0,0,0,0,0,0,0
2025|1261|2122|4|0|10|1,0,426854,426854,165399.48,165399.47999999998,165399.47999999998,165399.47999999998,261454.52,2.9103830456733704e-11,0
2025|1261|4512|3|0|21|1,0,4904711.01,0,4904711.01,4904711.01,0,0,0,0,4904711.01
2025|1261|4512|3|0|10|1,2000000,60728914.53,62728914.53,51018018.25,51018017.25,51018017.25,51018017.25,9710896.280000001,1,0
2025|1261|4512|3|0|36|1,28240000,75433583.6,75433583.59999998,47193583.6,24363054.49,21878390.889999997,21740581.439999998,28239999.999999993,22830529.110000003,2484663.6000000015
2025|1261|4512|4|0|10|1,2000000,100000,100000,100000,100000,100000,100000,0,0,0
2025|1261|4511|3|0|10|8,3660000,7221380.6,7221380.6,7221380.6,7221380.6,7221380.6,7221380.6,0,0,0
2025|1261|4511|3|0|15|1,10000000,0,0,0,0,0,0,0,0,0
2025|1261|4511|3|0|21|1,0,20953849,20953849,20953849,20953650,20953650,20953650,0,199,0
2025|1261|4511|3|0|98|1,0,245505.15,245505.15,245505.15,0,0,0,0,245505.15,0
2025|1261|4511|3|0|10|1,49500000,300394854,141894854,288731264.62,288731264.62,287950138.6,287950138.6,11663589.379999995,0,781126.0199999809
2025|1261|4511|4|0|10|0,0,40557096,0,40557096,40557096,40557096,0,0,0,0
2025|1261|4511|4|0|10|1,0,835736,835736,783794.19,783794.19,783794.19,783794.19,51941.810000000056,0,0
2025|1261|2118|3|1|15|1,100000000,0,0,0,0,0,0,0,0,0
2025|1261|2118|3|1|71|1,135769226,135769226,135769226,135769226,135756815.37999994,135725585.38000003,135624745.38,0,12410.620000064373,31229.999999910593
2025|1261|2118|3|1|23|1,0,1000,1000,0,0,0,0,1000,0,0
2025|1261|2118|3|1|10|1,364230774,413126582.5,413126582.5,405524836.78000003,403521441.41,364124732.9100001,361502202.32,7601745.719999969,2003395.3700000048,39396708.49999994
2025|1261|4525|3|0|10|1,25000000,0,0,0,0,0,0,0,0,0
2025|1261|4510|3|0|21|1,29500000,182400,1953400,182400,182400,182400,182400,0,0,0
2025|1261|4510|3|0|10|1,0,42994423,42994423,42932055.43,42932055.42999999,42932055.42999999,42932055.42999999,62367.5700000003,7.450580596923828e-09,0
2025|1261|4510|4|0|10|4,740000,740000,740000,0,0,0,0,740000,0,0
2025|1261|2126|3|0|36|1,0,11464451.1,11464451.1,11464451.1,11464451.1,11464451.1,11464451.1,0,0,0
2025|1261|2126|4|0|10|0,0,23225987.18,0,23225987.18,23225987.18,23225987.18,0,0,0,0
2025|1261|2126|4|0|21|1,0,1301550.12,44346979,1295000,1294043,1294043,1294043,6550.120000000112,957,0
2025|1261|2126|4|0|36|1,53000,6900400,6900400,6847400,6847400,6847400,6847400,53000,0,0
2025|1261|2126|4|0|98|1,0,1208415.49,1208415.49,997000,997000,997000,997000,211415.49,0,0
2025|1261|2126|4|0|10|3,684313,684313,684313,0,0,0,0,684313,0,0
2025|1261|2126|4|0|10|8,94818465,40557828.4,40557828.4,39200320,39200320,39200320,39200320,1357508.3999999985,0,0
2025|1261|2126|4|0|3|1,5641071,5641071,5641071,0,0,0,0,5641071,0,0
2025|1261|2126|4|0|10|1,227014993,50000000,50000000,38358229,37858229,37858229,37858229,11641771,500000,0
2025|1261|2126|4|0|24|1,18000000,17912503.65,17912503.65,0,0,0,0,17912503.65,0,0
2025|1261|4524|3|0|10|8,5000000,17342666,17342666,17342666,17342666,17342666,17342666,0,0,0
2025|1261|4524|3|0|21|1,0,3470000,6000000,3470000,3470000,3263867.98,3263867.98,0,0,206132.02000000002
2025|1261|4524|3|0|10|1,200000000,19713695.94,26713695.939999998,17055650.880000003,17055650.88000001,17055650.88000001,17055650.88000001,2658045.0599999987,-7.450580596923828e-09,0
2025|1261|4524|4|0|10|8,700000,0,0,0,0,0,0,0,0,0
2025|1261|4524|4|0|10|1,0,3000000,4000000,797574.1,797574.1,797574.1,797574.1,2202425.9,0,0
2025|1261|4519|3|1|21|1,0,100000,100000,19429.71,14429.71,14429.71,14429.71,80570.29000000001,5000,0
2025|1261|4519|3|1|10|1,0,6000000,4000000,4332744.91,4332744.81,4332744.809999999,4332744.81,1667255.0899999999,0.10000000055879354,9.313225746154785e-10
2025|1261|4519|4|1|98|1,0,2814376.13,2814376.13,2814376.13,2814376.13,2814376.13,1296000,0,0,0
2025|1261|4519|4|1|10|0,0,89708396.82,153491480,89708396.82,89708396.82,89708396.82,0,0,0,0
2025|1261|4519|4|1|10|8,1258368,13186640,13186640,13186640,13186640,13186640,13186640,0,0,0
2025|1261|4519|4|1|21|1,100000000,68210059.2,100610059.2,68210059.2,67032474.30999999,52961521.489999995,52961521.489999995,0,1177584.8900000155,14070952.819999993
2025|1261|4519|4|1|10|3,300000,300000,300000,0,0,0,0,300000,0,0
2025|1261|4519|4|1|24|1,10448767,10448767,10448767,0,0,0,0,10448767,0,0
2025|1261|4519|4|1|10|1,100000000,321863755.40000004,188063755.4,293197160.13000005,289375172.84999996,287194575.07,279872446.28,28666595.26999998,3821987.2800000906,2180597.7799999714
2025|1261|4519|4|1|36|1,81765946,87905034.84,87905034.84,6139088.84,553828.2,553828.2,416195.45999999996,81765946,5585260.64,0
2025|1261|4527|3|0|98|1,0,530000,530000,530000,530000,530000,530000,0,0,0
2025|1261|4527|3|0|15|1,100000000,0,0,0,0,0,0,0,0,0
2025|1261|4527|3|0|21|1,0,73130151.47,44690918,73130151.47,72949052.45,4110707.13,4110707.13,0,181099.01999999583,68838345.32000001
2025|1261|4527|3|0|36|1,0,19000000,19000000,19000000,1255818.69,1252283.9400000002,1252283.94,0,17744181.31,3534.749999999767
2025|1261|4527|3|0|10|1,600000000,382269372.65999997,471604101.66,363199776.42999995,363188237.91,360186971.7000003,360072949.38999987,19069596.23000002,11538.519999921322,3001266.20999974
2025|1261|4527|4|0|98|1,0,115000,115000,115000,70000,70000,70000,0,45000,0
2025|1261|4527|4|0|36|1,0,75800000,75800000,75800000,3787676.41,3726619.67,3726619.67,0,72012323.59,61056.74000000022
2025|1261|2129|3|0|10|1,613988,1383890,1383890,896027.4700000001,830614.4900000001,774423.45,774423.4499999998,487862.5299999999,65412.97999999998,56191.040000000154
2025|1261|2129|4|0|10|1,0,801500,801500,652055.72,652055.72,493674.18,493674.18,149444.28000000003,0,158381.53999999998
2025|1261|2064|3|0|15|1,25000000,0,0,0,0,0,0,0,0,0
2025|1261|2064|3|0|21|1,0,5764123,634123,5763523,5763522.83,0,0,600,0.1699999999254942,5763522.83
2025|1261|2064|3|0|10|1,75000000,85728373.06,125728373.06,81647415.22,81550952.12999997,75532746.92000003,75523304.93999998,4080957.8400000036,96463.09000003338,6018205.209999934
2025|1261|2064|4|0|21|1,0,9617,9617,9617,8616.86,0,0,0,1000.1399999999994,8616.86
2025|1261|2064|4|0|10|1,0,2300000,3300000,1443725.2200000002,1443725.22,1136430.3200000003,1128775.32,856274.7799999998,2.3283064365386963e-10,307294.8999999997
2025|1261|2128|3|0|21|1,0,7797732.24,3007732.24,7787302.53,5542584.08,289319.4,0,10429.709999999963,2244718.45,5253264.68
2025|1261|2128|3|0|13|1,2100000,2100000,2100000,525000,0,0,0,1575000,525000,0
2025|1261|2128|3|0|10|1,193199000,116102077.6,126102077.6,113040794.33,112639816.04000007,97907072.99000005,96284244.41,3061283.269999996,400978.28999993205,14732743.050000012
2025|1261|2128|4|0|21|1,0,13352100,13352100,13352056.6,13352056.6,0,0,43.40000000037253,0,13352056.6
2025|1261|2128|4|0|10|1,0,34500835.03,67500835.03,33533283.400000002,30935506.28,30775507.830000002,30679007.83,967551.629999999,2597777.120000001,159998.44999999925
2025|1261|2128|5|0|10|1,0,3914839.7,3914839.6999999993,3914839.7,3914839.7,3914839.7,3914839.7,0,0,0
2025|1261|4543|3|1|36|1,0,16280,16280,16280,16280,16280,16280,0,0,0
2025|1261|4543|3|1|21|1,0,85416.72,85416.72,85416.72,85416.72,85416.72,85416.72,0,0,0
2025|1261|4543|3|1|10|1,207900,932406,932406,932406,932405.92,932405.92,932405.92,0,0.07999999995809048,0
2025|1261|4543|4|1|15|1,150000000,0,0,0,0,0,0,0,0,0
2025|1261|4543|4|1|10|1,150000000,12374858.51,12374858.50999999,12374858.509999998,12374858.51,12374858.51,12374858.51,1.862645149230957e-09,-1.862645149230957e-09,0
2025|1261|4545|4|0|15|1,50000000,0,0,0,0,0,0,0,0,0
2025|1261|4545|4|0|21|1,50000000,454164960.82,419734960.82,454164960.81999993,454152510.6900003,454152510.6900003,427697113.2000002,5.960464477539063e-08,12450.129999637604,0
2025|1261|4545|4|0|10|8,1000000,5400465.67,5400465.67,5400424.62,5400424.62,5400424.62,5400424.62,41.049999999813735,0,0
2025|1261|4545|4|0|10|1,100000000,348836383.83,268836383.83,333825195.09,333825195.0900001,333825195.09000015,333825195.0900001,15011188.74000001,-1.1920928955078125e-07,-5.960464477539063e-08
2025|1261|4547|3|0|15|1,21794671,0,0,0,0,0,0,0,0,0
2025|1261|4547|3|0|21|1,158000000,74248027.88,73560681,74248027.88,74030111.6,74030111.6,74030111.6,0,217916.2800000012,0
2025|1261|4547|3|0|10|1,592123461,909330468.95,909330468.95,906290703.62,906290703.6199996,906290703.6199998,906290703.62,3039765.330000043,3.5762786865234375e-07,-1.1920928955078125e-07
2025|1261|0|3|0|70|1,0,0,4615.95,0,0,0,0,0,0,0
2025|1261|0|3|0|98|1,0,0,612062.7,0,0,0,0,0,0,0
2025|1261|0|3|0|36|1,0,0,54552592.52,0,0,0,0,0,0,0
2025|1261|0|3|0|10|1,0,0,62124828.69264813,0,0,0,0,0,0,0
2025|1261|0|3|1|10|1,0,0,-106680073.5,0,0,0,0,0,0,0
2025|1261|0|4|0|10|1,0,0,-146675420.5052723,0,0,0,0,0,0,0
2025|1261|0|4|0|24|1,0,0,270020.23,0,0,0,0,0,0,0
2025|1261|0|4|0|3|1,0,0,318098.14,0,0,0,0,0,0,0
2025|1261|0|4|1|10|1,0,0,22465288,0,0,0,0,0,0,0
2025|1271|4328|3|1|10|1,36556,57376,57376,53375,53374.86,42993.82,42993.82,4001,0.13999999999941792,10381.04
2025|1271|4479|3|0|10|1,117829,332829,332829,314942.22,307649.23,297743.66000000003,277970.12,17886.780000000028,7292.989999999991,9905.569999999949
2025|1271|4479|4|0|10|8,1000000,0,0,0,0,0,0,0,0,0
2025|1271|4327|3|0|10|1,150000,141333.68,150000,53163,52196,42155.57000000001,42155.57,88170.68,967,10040.429999999993
2025|1271|4330|3|0|10|1,80000,0,0,0,0,0,0,0,0,0
2025|1271|4330|3|0|95|1,0,2000000,2000000,359180,359180,191520,191520,1640820,0,167660
2025|1271|4330|4|0|95|1,0,220000,220000,138200,138200,138200,138200,81800,0,0
2025|1271|4324|3|0|80|1,6092000,0,0,0,0,0,0,0,0,0
2025|1271|4324|3|0|10|1,88278,88278,88278,26991.03,24597.6,21022.630000000005,21022.63,61286.97,2393.4300000000003,3574.969999999994
2025|1271|4324|3|0|95|1,0,2965241.54,2965241.54,983120.86,829769.35,716024.7,716024.7,1982120.6800000002,153351.51,113744.65000000002
2025|1271|4324|3|0|69|1,21451000,20417034.63,20567034.63,14833424.83,13526106.690000001,13526106.690000001,13526106.690000001,5583609.799999999,1307318.1399999987,0
2025|1271|4324|4|0|69|1,0,966923.33,816923.33,966923.33,960752.99,697679.72,697679.72,0,6170.339999999967,263073.27
2025|1271|4331|3|0|10|8,1000,1000,1000,0,0,0,0,1000,0,0
2025|1271|4331|3|0|10|1,219335,456335,456335,453587.24,452323.15,343548.07999999996,343548.08,2747.7600000000093,1264.0899999999674,108775.07000000007
2025|1271|4332|3|0|15|1,0,5599065,5109065,5599065,5548294.75,5548294.75,5548294.75,0,50770.25,0
2025|1271|4332|3|0|10|8,28537298,24281792.05,24281792.05,24281702.050000004,24191578.77,24191578.77,24191578.77,89.99999999627471,90123.28000000492,0
2025|1271|4332|3|0|10|1,1000,1000,1000,0,0,0,0,1000,0,0
2025|1271|4332|3|0|24|1,2972986,2972986,2972986,0,0,0,0,2972986,0,0
2025|1271|4332|3|0|10|4,6750000,6750000,6750000,2480000,2474112.38,2474112.38,2474112.38,4270000,5887.620000000112,0
2025|1271|4332|4|0|10|8,5370000,5046371.03,5046371.03,5046371.029999999,4994716.090000001,4994716.090000001,4994716.090000001,9.313225746154785e-10,51654.93999999855,0
2025|1271|4332|4|0|24|1,32000000,32000000,32000000,0,0,0,0,32000000,0,0
2025|1271|4343|3|0|57|1,0,133120.7,133120.7,133120.7,133120.7,133120.7,133120.7,0,0,0
2025|1271|4343|3|0|80|1,5110039,0,0,0,0,0,0,0,0,0
2025|1271|4343|3|0|10|1,550985,550985,550985,502687.58,459139.63999999996,400782.65,383258.24000000005,48297.419999999984,43547.94000000006,58356.98999999993
2025|1271|4343|3|0|17|1,6710501,6710501,6710501,0,0,0,0,6710501,0,0
2025|1271|4343|3|0|16|1,141847763,287011444.29,287011444.28999996,146163681.29,144685803.63000005,144627214.89000002,144593319.16000006,140847763.00000003,1477877.6599999368,58588.74000003934
2025|1271|4326|3|0|10|1,100000,0,0,0,0,0,0,0,0,0
2025|1271|4322|3|0|10|8,0,1582457.36,1582457.36,1581633.6600000001,1581633.6600000001,1581633.6600000001,1581633.6600000001,823.6999999999534,0,0
2025|1271|4322|3|0|10|1,9486670,9440948.13,9140948.13,9311680.779999997,9190116.99,8783556.020000001,8597177.32,129267.35000000335,121563.78999999724,406560.9699999988
2025|1271|4322|4|0|10|8,400000,0,0,0,0,0,0,0,0,0
2025|1271|4322|4|0|10|1,350000,350000,0,0,0,0,0,350000,0,0
2025|1271|4329|3|0|10|1,19500000,19500000,19500000,19500000,19500000,19500000,19500000,0,0,0
2025|1271|4337|3|0|10|1,50000,0,0,0,0,0,0,0,0,0
2025|1271|4336|3|0|10|1,182780,32780,32780,19488,18784.03,17629.23,17629.23,13292,703.9700000000012,1154.7999999999993
2025|1271|4342|3|0|10|1,90000,0,0,0,0,0,0,0,0,0
2025|1271|4339|3|0|10|1,647325,182325,-160875,162535,162533.03,147639.77,147639.77000000002,19790,1.9700000000011642,14893.26000000001
2025|1271|4338|3|0|10|1,248018,51018,51018,44399.399999999994,44209.920000000006,33612.88,33612.88,6618.600000000006,189.47999999998865,10597.040000000008
2025|1271|2500|3|0|10|1,2675960,2550212.08,2674212.08,2473174.53,2247225.67,2104757.32,2009494.6099999999,77037.55000000028,225948.85999999987,142468.3500000001
2025|1271|2417|1|0|10|1,24721051,25185447,25095999.25248564,25057426.64999998,25057426.650000002,25057426.650000002,25057426.650000002,128020.35000002012,-2.2351741790771484e-08,0
2025|1271|2417|3|0|10|7,4494959,4711887,4503251.8025,4457064.550000001,4457064.55,4457064.55,4457064.55,254822.44999999925,9.313225746154785e-10,0
2025|1271|0|3|0|16|1,0,0,-43442137.9899999,0,0,0,0,0,0,0
2025|1271|0|3|0|17|1,0,0,-5004368.08,0,0,0,0,0,0,0
2025|1271|0|3|0|57|1,0,0,109059.1,0,0,0,0,0,0,0
2025|1271|0|3|0|69|1,0,0,15717390.2,0,0,0,0,0,0,0
2025|1301|4266|4|0|10|1,1000,1000,1000,0,0,0,0,1000,0,0
2025|1301|1037|3|0|24|1,434000,434000,434000,0,0,0,0,434000,0,0
2025|1301|1037|3|0|98|1,0,700000,700000,0,0,0,0,700000,0,0
2025|1301|1037|4|0|15|3,0,1915565.58,1915565.58,1915565.58,1915565.58,1915565.58,1915565.58,0,0,0
2025|1301|1037|4|0|32|1,22505416,12277616,21077616,12277616,5973813.25,0,0,0,6303802.75,5973813.25
2025|1301|1037|4|0|10|1,26333883,15233562.82,4233562.82,6147876.6499999985,5888874.970000001,2699346.34,2699346.3400000003,9085686.170000002,259001.67999999784,3189528.630000001
2025|1301|1037|4|0|10|3,837000,20960655.92,20960655.919999998,126993.9,126993.9,126993.9,126993.9,20833662.020000003,0,0
2025|1301|1037|4|0|24|1,78296606,83456593.73,83456593.73,15023201.240000002,9024229.81,3836395.75,3836395.75,68433392.49000001,5998971.430000002,5187834.0600000005
2025|1301|4156|4|0|10|1,1000,1000,1000,0,0,0,0,1000,0,0
2025|1301|4503|3|0|10|1,0,3600000,3600000,0,0,0,0,3600000,0,0
2025|1301|4503|4|0|10|1,1000,1000,1000,0,0,0,0,1000,0,0
2025|1301|4346|3|0|10|1,38251585,2092570.98,1585,10000,9000,0,0,2082570.98,1000,9000
2025|1301|4346|4|0|10|3,38627488,18630825.98,18630825.98,0,0,0,0,18630825.98,0,0
2025|1301|4346|4|0|24|1,1483660365,1483660365,1483660365,0,0,0,0,1483660365,0,0
2025|1301|4345|3|0|10|1,3535668,3535668,3535668,0,0,0,0,3535668,0,0
2025|1301|4345|4|0|60|2,2137401,0,0,0,0,0,0,0,0,0
2025|1301|4345|4|0|95|1,87053233,87053233,87053233,0,0,0,0,87053233,0,0
2025|1301|4253|3|0|10|1,4029802,300000,4029802,300000.00000000023,300000,194193.84999999998,194193.85,-2.3283064365386963e-10,2.3283064365386963e-10,105806.15000000002
2025|1301|4253|4|0|10|1,200000,0,200000,0,0,0,0,0,0,0
2025|1301|4205|3|0|74|1,601000,0,601000,0,0,0,0,0,0,0
2025|1301|4205|3|0|10|1,20000,20000,20000,20000,0,0,0,0,20000,0
2025|1301|4205|4|0|10|1,2446980,1989913.89,2446980,1989913.8899999997,1989913.8800000001,0,0,2.3283064365386963e-10,0.009999999543651938,1989913.8800000001
2025|1301|4208|3|0|59|1,1840000,0,0,0,0,0,0,0,0,0
2025|1301|4208|3|0|10|1,12345712,8168066.04,8168066.04,8164566.039999999,8032351.370000001,8032351.37,8032351.37,3500.0000000009313,132214.66999999806,9.313225746154785e-10
2025|1301|4208|3|0|60|2,1400000,320770.48,320770.48,85192.58000000002,85192.58000000002,85192.58,85192.58,235577.89999999997,0,1.4551915228366852e-11
2025|1301|4208|4|0|10|1,6899465,3479074.3,5998314.3,2194061.54,2194061.54,2194061.54,2194061.54,1285012.7599999998,0,0
2025|1301|4208|4|0|60|2,44908893,31015568.76,19446328.759999998,6866200.04,6515954.950000001,6515954.95,6515954.95,24149368.720000003,350245.0899999989,9.313225746154785e-10
2025|1301|1042|4|0|10|1,1000,1000,1000,0,0,0,0,1000,0,0
2025|1301|4261|3|0|10|1,573000,573000,573000,573000,231075.16,231075.16,231075.16,0,341924.83999999997,0
2025|1301|4261|3|0|70|1,628677,628677,628677,0,0,0,0,628677,0,0
2025|1301|4261|4|0|10|1,2561176,288730.36,2561176,288730.35999999987,288730.36,145056.54,145056.54,1.1641532182693481e-10,-1.1641532182693481e-10,143673.81999999998
2025|1301|4261|4|0|70|1,12553549,10050154.08,10050154.08,0,0,0,0,10050154.08,0,0
2025|1301|1040|4|0|95|1,0,8766315.57,8766315.57,8766315.57,4448195.28,4448195.28,4448195.28,0,4318120.29,0
2025|1301|1040|4|0|10|1,1000,1000,1000,0,0,0,0,1000,0,0
2025|1301|1038|3|0|10|1,260000,280000,280000,280000,189368.86,189368.86,189368.86,0,90631.14000000001,0
2025|1301|1038|3|0|24|1,258000,258000,258000,0,0,0,0,258000,0,0
2025|1301|1038|4|0|32|1,1611695,4015885.92,4015885.92,4015885.9200000004,3895935.36,1717052.17,1717052.17,-4.656612873077393e-10,119950.56000000052,2178883.19
2025|1301|1038|4|0|10|1,300000,664519.13,664519.13,664519.13,664519.13,0,0,0,0,664519.13
2025|1301|1038|4|0|24|1,2244689,3476584.32,3476584.32,1231895.32,1091895.32,932914,932914,2244689,140000,158981.31999999995
2025|1301|1039|3|0|10|1,1892000,734361.74,1824300.53,734361.7399999999,420933.4,420933.4,420933.4,1.1641532182693481e-10,313428.33999999985,0
2025|1301|1039|4|0|10|1,2487171,2487171,2487171,2487171,2487171,184109.78999999998,184109.78999999998,0,0,2303061.21
2025|1301|1039|4|0|24|1,0,9194563.57,9194563.57,9194563.57,6135588.01,175106.97999999998,175106.98,0,3058975.5600000005,5960481.029999999
2025|1301|1039|4|0|32|1,10910176,12987912.23,10910176,12987912.229999999,12977912.23,1158744.8399999999,1158744.8399999999,1.862645149230957e-09,9999.999999998137,11819167.39
2025|1301|4265|3|0|10|1,301000,301000,301000,301000,18889.44,18889.439999999995,18889.44,0,282110.56,3.637978807091713e-12
2025|1301|4265|4|0|74|1,0,9068912.72,9068912.72,9068912.72,8229859.24,469535.34,469535.34,0,839053.4800000004,7760323.9
2025|1301|4265|4|0|10|1,5410361,4065571,5410361,4065570.0999999996,4064940.09,2432783.13,2432783.13,0.900000000372529,630.0099999997765,1632156.96
2025|1301|4265|4|0|95|1,0,9062505.98,9062505.98,7460063.08,7231674.45,537111.9199999999,537111.92,1602442.9000000004,228388.6299999999,6694562.53
2025|1301|1035|3|0|24|1,1750000,749964,749964,0,0,0,0,749964,0,0
2025|1301|1035|4|0|10|1,500000,135480.87,135480.87,135480.87,135480.87,135480.87,135480.87,0,0,0
2025|1301|1035|4|0|24|1,0,29689867.71,4869277.03,29689867.71,29689840.71,29689840.71,29689840.71,0,27,0
2025|1301|1035|4|0|32|1,2603633,1936108.4,1936108.4,1936108.3999999994,1875590.58,1787916.99,1787916.9899999998,4.656612873077393e-10,60517.81999999937,87673.59000000008
2025|1301|1036|4|0|10|1,17678209,15589270.6,16978209,8731342.6,5003667.469999999,2095204.6,2095204.5999999999,6857928,3727675.130000001,2908462.8699999987
2025|1301|1036|4|0|24|1,39869417,41869417,41869417,9823396.670000002,9823393.67,5433669.960000001,5433669.96,32046020.33,3.000000001862645,4389723.709999999
2025|1301|1041|4|0|25|1,0,11909777.04,11909777.04,11909777.04,9105983.79,8330381.67,8330381.67,0,2803793.25,775602.1199999992
2025|1301|1041|4|0|32|1,9405694,5591291.45,7669027.680000001,5591291.45,2162930.01,680385.6299999999,680385.63,0,3428361.4400000004,1482544.38
2025|1301|1041|4|0|70|1,0,12001724.24,12001724.24,6000862.12,2497747.6100000003,2497747.6100000003,2497747.6100000003,6000862.12,3503114.51,0
2025|1301|4262|4|0|95|1,0,46474847.35,46474847.35,46474847.35,46474847.35,46474847.35,46474847.35,0,0,0
2025|1301|4262|4|0|59|1,0,1691905,1691905,1691905,0,0,0,0,1691905,0
2025|1301|4262|4|0|10|8,12460368,1377000,1377000,1375000,1375000,1375000,1375000,2000,0,0
2025|1301|4262|4|0|15|1,100000000,84105000,100000000,83725646.8,83662823.4,83662823.4,76262823.4,379353.200000003,62823.39999999106,0
2025|1301|4262|4|0|10|1,7995168,30304102.87,25622548,29604102.87,28768258.67,22327380,4773140.5,700000,835844.1999999993,6440878.670000002
2025|1301|4262|4|0|32|1,0,10227800,1427800,8673510.67,8509216.66,7081416.66,7081416.66,1554289.33,164294.00999999978,1427800
2025|1301|4262|4|0|60|2,0,5000000,5000000,0,0,0,0,5000000,0,0
2025|1301|4501|4|0|10|1,1000,1000,1000,0,0,0,0,1000,0,0
2025|1301|4292|3|0|73|1,31000,31000,31000,0,0,0,0,31000,0,0
2025|1301|4292|4|0|10|1,1000,1000,1000,0,0,0,0,1000,0,0
2025|1301|4291|3|0|10|4,160000,160000,160000,0,0,0,0,160000,0,0
2025|1301|4291|4|0|10|1,1000,1000,1000,0,0,0,0,1000,0,0
2025|1301|4290|3|0|57|1,0,1753.52,1753.52,1753.52,1753.52,1753.52,1753.52,0,0,0
2025|1301|4290|3|0|10|1,36000,36000,36000,36000,11498,11498,11498,0,24502,0
2025|1301|4290|3|0|95|1,0,81753679.79,81753679.78999999,77957455.63,77845870.01,77845870.00999999,77845870.01,3796224.1600000113,111585.61999998987,1.4901161193847656e-08
2025|1301|4290|4|0|10|1,0,12782005.46,11100320.18,12782005.459999999,12782005.46,0,0,1.862645149230957e-09,-1.862645149230957e-09,12782005.46
2025|1301|4290|4|0|10|8,1000,1000,1000,0,0,0,0,1000,0,0
2025|1301|4290|4|0|10|3,2511303,2511303,2511303,0,0,0,0,2511303,0,0
2025|1301|4290|4|0|24|1,125565148,125565148,125565148,0,0,0,0,125565148,0,0
2025|1301|2500|3|0|10|1,22362214,14322950.68,20443760.68,14322950.679999998,13016426.01,12600258.91,12591414.810000002,1.862645149230957e-09,1306524.669999998,416167.0999999996
2025|1301|2500|4|0|10|1,6052166,6052166,6052166,5654121.97,5182694.38,4704800.5200000005,4582431.199999999,398044.03000000026,471427.58999999985,477893.8599999994
2025|1301|2500|4|0|74|1,0,1093519.41,0,628333,320047.25,0,0,465186.4099999999,308285.75,320047.25
2025|1301|2417|1|0|10|1,45040425,42656731.69,40809193.13488023,40531534.99999997,40531535,40398314.690000005,40398314.69000001,2125196.6900000274,-2.9802322387695312e-08,133220.30999999493
2025|1301|2417|3|0|10|1,0,2000,2000,1327.86,1327.8600000000001,1327.8600000000001,1327.86,672.1400000000001,-2.2737367544323206e-13,0
2025|1301|2417|3|0|10|7,8738908,8434744.36,7492316.477499998,7425482.14,7425482.140000001,7425482.140000001,7425482.14,1009262.2199999997,-9.313225746154785e-10,0
2025|1301|0|3|0|57|1,0,0,119.85,0,0,0,0,0,0,0
2025|1301|0|3|0|73|1,0,0,523980.58,0,0,0,0,0,0,0
2025|1301|0|4|0|24|1,0,0,-1112432362.29,0,0,0,0,0,0,0
2025|1301|0|4|0|98|1,0,0,567113.41,0,0,0,0,0,0,0
2025|1301|0|4|0|74|1,0,0,871297.39,0,0,0,0,0,0,0
2025|1301|0|4|0|70|1,0,0,1041628.47,0,0,0,0,0,0,0
2025|1371|4044|3|0|29|1,0,910904,910904,910903.5,910903.44,910903.44,910903.44,0.5,0.060000000055879354,0
2025|1371|4044|3|0|72|1,3643614,3643615,2732711,3643614.5,3643614.06,2732710.5599999996,2732710.5599999996,0.5,0.43999999994412065,910903.5000000005
2025|1371|4044|3|0|10|8,1000,1000,1000,0,0,0,0,1000,0,0
2025|1371|4037|3|0|94|1,12551,37551,37551,31578.22,31497.82,26422.82,26422.82,5972.779999999999,80.40000000000146,5075
2025|1371|4037|3|0|72|1,1747281,1558989,1558989,1392209.68,1343015.21,73941.41,73941.40999999999,166779.32000000007,49194.46999999997,1269073.8
2025|1371|4037|3|0|10|8,871000,541428.6,541428.6,338315.27,140428.6,140428.6,140428.6,203113.32999999996,197886.67,0
2025|1371|4037|3|0|72|3,1540172,1540172,1540172,0,0,0,0,1540172,0,0
2025|1371|4037|4|0|10|8,300000,1301389.99,1301389.99,1301389.99,1301389.9900000002,1301389.9900000002,1301389.9900000002,0,-2.3283064365386963e-10,0
2025|1371|4037|4|0|15|1,0,1178700,623700,1178700,1178700,1178700,623700,0,0,0
2025|1371|4037|4|0|72|3,125323,125323,125323,0,0,0,0,125323,0,0
2025|1371|4037|4|0|79|1,0,3200000,3200000,0,0,0,0,3200000,0,0
2025|1371|4037|4|0|24|1,12784633,12784633,12784633,0,0,0,0,12784633,0,0
2025|1371|4028|3|0|94|1,378588,378588,378588,352860.6,300881.65,163499.22,156366.82,25727.400000000023,51978.94999999995,137382.43000000002
2025|1371|4028|3|0|10|8,0,305000,305000,0,0,0,0,305000,0,0
2025|1371|4028|3|0|72|1,1900646,1900646,1900646,1520266.1600000001,1502754.59,1283826.7399999998,1283826.74,380379.83999999985,17511.570000000065,218927.85000000033
2025|1371|4028|3|0|24|1,2082622,6187628.63,6187628.63,1980545.73,1520675.83,1489535.59,1489535.59,4207082.9,459869.8999999999,31140.23999999999
2025|1371|4028|3|0|72|3,8524557,8524557,8524557,0,0,0,0,8524557,0,0
2025|1371|4028|4|0|9|1,631000,0,0,0,0,0,0,0,0,0
2025|1371|4028|4|0|10|8,1850000,300000,300000,200000,200000,200000,200000,100000,0,0
2025|1371|4028|4|0|10|4,300000,300000,300000,0,0,0,0,300000,0,0
2025|1371|4028|4|0|72|3,693644,693644,693644,0,0,0,0,693644,0,0
2025|1371|4028|4|0|95|1,0,54031040,54031040,3230631.81,3230631.81,3230631.81,0,50800408.19,0,0
2025|1371|4028|4|0|24|1,68677833,70240695.26,70240695.25999999,1562862.26,481473.52,471886.04999999993,471886.05,68677833,1081388.74,9587.470000000088
2025|1371|4040|3|0|10|8,1000,1000,1000,0,0,0,0,1000,0,0
2025|1371|4040|3|0|72|1,56026,56026,56026,7000,0,0,0,49026,7000,0
2025|1371|4053|3|0|10|8,1000,1000,1000,0,0,0,0,1000,0,0
2025|1371|4053|3|0|94|1,17077,17077,17077,0,0,0,0,17077,0,0
2025|1371|4053|3|0|72|1,126432,126432,126432,104500,83501.02,83501.02,83501.02,21932,20998.979999999996,0
2025|1371|4053|3|0|72|3,223692,223692,223692,0,0,0,0,223692,0,0
2025|1371|4053|4|0|72|3,18201,18201,18201,0,0,0,0,18201,0,0
2025|1371|4053|4|0|24|1,1856821,1856821,1856821,0,0,0,0,1856821,0,0
2025|1371|4039|3|0|10|8,1000,1000,1000,0,0,0,0,1000,0,0
2025|1371|4039|3|0|72|1,7740,7740,7740,0,0,0,0,7740,0,0
2025|1371|4038|3|0|52|2,12500010,0,0,0,0,0,0,0,0,0
2025|1371|4038|3|0|10|8,1000,1000,1000,0,0,0,0,1000,0,0
2025|1371|4038|3|0|94|1,650957,650957,650957,528982.86,516116.54,472292.56999999995,472292.57000000007,121974.14000000001,12866.320000000007,43823.97000000003
2025|1371|4038|3|0|72|1,4153433,4153433,4153433,3857366.2300000004,3453040.5399999996,3149286.8499999996,3140080.3499999996,296066.76999999955,404325.6900000009,303753.68999999994
2025|1371|4038|3|0|9|1,0,2000000,2000000,450000,220772.18000000002,153074.48,140748.19,1550000,229227.81999999998,67697.70000000001
2025|1371|4038|4|0|72|1,31623,31623,31623,9018,9018,2338,2338,22605,0,6680
2025|1371|4046|3|1|80|1,2500000,0,0,0,0,0,0,0,0,0
2025|1371|4046|3|1|72|1,197160,385452,385452,385452,295251.42,283886.85,283886.85,0,90200.58000000002,11364.570000000007
2025|1371|4046|3|1|10|8,501000,1000,1000,0,0,0,0,1000,0,0
2025|1371|4046|3|1|94|1,89700,89700,89700,68813.79000000001,68797.4,64936.53,64936.530000000006,20886.209999999992,16.39000000001397,3860.8699999999953
2025|1371|4045|3|0|10|8,1000,101000,101000,100000,100000,100000,100000,1000,0,0
2025|1371|4045|3|0|72|1,134183,244183,244183,225394.93,211635.41,188287.14,188287.14000000004,18788.070000000007,13759.51999999999,23348.26999999999
2025|1371|4045|3|0|10|4,80000,80000,80000,0,0,0,0,80000,0,0
2025|1371|4045|3|0|94|1,366112,366112,366112,107697.1,98989.4,95944.4,95944.40000000001,258414.9,8707.700000000012,3045
2025|1371|4045|3|0|80|1,0,14425886.02,11282592.67,2643293.35,839452.22,274111.93000000005,274111.93000000005,11782592.67,1803841.1300000001,565340.2899999999
2025|1371|4045|4|0|10|8,0,300000,300000,300000,300000,300000,300000,0,0,0
2025|1371|4047|3|0|15|1,0,0,150000,0,0,0,0,0,0,0
2025|1371|4047|3|0|10|8,25451441,23522954.97,23522954.97,23347449.16,22828179.16,22828179.16,22828179.16,175505.80999999866,519270,0
2025|1371|4047|3|0|72|1,21720,471719,932623,14000,8446.51,8446.51,8446.51,457719,5553.49,0
2025|1371|4047|3|0|94|1,503853,503853,503853,1000,0,0,0,502853,1000,0
2025|1371|4047|3|0|29|1,2128143,1217239,1217239,0,0,0,0,1217239,0,0
2025|1371|4047|4|0|15|1,0,0,150000,0,0,0,0,0,0,0
2025|1371|4047|4|0|97|1,0,117492,0,117492,0,0,0,0,117492,0
2025|1371|4047|4|0|72|1,30000,30000,30000,0,0,0,0,30000,0,0
2025|1371|4047|4|0|10|8,1539000,3926750.81,3926750.8099999996,3676780.81,3676750.81,3676750.81,3676750.81,249970,30,0
2025|1371|1074|3|0|72|1,1000,1000,1000,0,0,0,0,1000,0,0
2025|1371|1074|4|0|95|1,0,7429351.3,7429351.3,6439521.350000001,6439401.36,4814267.16,4814267.16,989829.9499999993,119.99000000022352,1625134.2000000002
2025|1371|2500|3|0|80|1,0,218446.65,218446.65,178446.65,178446.65,178446.65,178446.65,40000,0,0
2025|1371|2500|3|0|9|1,0,3810660.89,3810660.8899999997,3744848.3899999997,2498987.44,1883700.5999999996,1883700.6,65812.50000000047,1245860.9499999997,615286.8400000003
2025|1371|2500|3|0|94|1,844837,799837,799837,628855.88,534213.7,524263.41,524263.41000000003,170981.12,94642.18000000005,9950.289999999979
2025|1371|2500|3|0|72|1,14629098,14069098,11889102,11264857.020000001,11184495.17,10204684.84,10204684.840000002,2804240.9799999986,80361.85000000149,979810.3300000001
2025|1371|2500|4|0|1|1,106000,106000,106000,0,0,0,0,106000,0,0
2025|1371|2500|4|0|2|1,106000,106000,106000,0,0,0,0,106000,0,0
2025|1371|2500|4|0|72|1,218798,218798,218798,29392,26386,18036,18036,189406,3006,8350
2025|1371|2500|4|0|9|1,0,3215572.42,3215572.42,148095.08,126254.03,126254.03000000001,115854.23,3067477.34,21841.04999999999,-1.4551915228366852e-11
2025|1371|2417|1|0|72|1,124832131,118332131,99235428.4718251,99142787.37999997,99142787.38000001,99142787.38000001,99142787.38000001,19189343.620000035,-4.470348358154297e-08,0
2025|1371|2417|3|0|31|7,21946459,21946459,16881755.007499997,16659931.129999999,16659931.129999999,16659931.129999999,16659931.129999999,5286527.870000001,0,0
2025|1371|0|3|0|9|1,0,0,2251990.58,0,0,0,0,0,0,0
2025|1401|4142|3|0|27|1,70013,60013,60013,38720.8,38720.78,38720.78,38720.78,21292.199999999997,0.020000000004074536,0
2025|1401|4142|3|0|70|1,50000,50000,50000,0,0,0,0,50000,0,0
2025|1401|4142|3|0|10|1,0,100000,100000,41012.82000000001,41012.81999999999,41012.81999999999,41012.81999999999,58987.17999999999,1.4551915228366852e-11,0
2025|1401|4117|3|0|10|1,0,1068.15,1068.15,1068.15,1068.15,1068.15,1068.15,0,0,0
2025|1401|4117|3|0|60|1,48000,3795.51,4307.580000000001,3795.509999999998,3695.57,3695.5699999999997,3695.57,2.2737367544323206e-12,99.93999999999778,4.547473508864641e-13
2025|1401|4117|3|0|27|1,0,524,524,475.54,475.54,475.54,475.54,48.45999999999998,0,0
2025|1401|4116|3|0|60|1,120000,16353.86,16700.020000000004,16353.859999999997,16022.92,16022.92,16022.92,3.637978807091713e-12,330.93999999999687,0
2025|1401|4141|3|0|10|1,1000,1000,1000,0.01,0,0,0,999.99,0.01,0
2025|1401|4141|4|0|95|1,0,31367.78,31367.78,0,0,0,0,31367.78,0,0
2025|1401|4140|3|0|10|1,1000,1000,1000,0,0,0,0,1000,0,0
2025|1401|4140|3|0|95|1,0,5500000,5500000,426119.66000000003,413050.33999999997,315489.62,306760.85000000003,5073880.34,13069.320000000065,97560.71999999997
2025|1401|4140|4|0|95|1,0,500000,500000,73513.40000000001,72984.53,57598.05,55302.05,426486.6,528.8700000000099,15386.479999999996
2025|1401|1098|3|1|27|1,2235814,1030220.98,1943374.5000000002,1026836.97,1026836.97,1026836.97,972389.37,3384.0100000000093,0,0
2025|1401|1098|4|1|27|1,2376000,550955.52,190175.96400000015,550665.5,550665.5,550665.5,550665.5,290.0200000000186,0,0
2025|1401|4120|3|0|10|8,150000,0,0,0,0,0,0,0,0,0
2025|1401|4120|3|0|70|1,160000,230000,230000,175000,163007.31,161694.28,161694.28,55000,11992.690000000002,1313.0299999999988
2025|1401|4120|3|0|66|1,190000,404781.55,404558.83999999997,239512.05,187945.01,6690,6690,165269.5,51567.03999999998,181255.01
2025|1401|4120|3|0|10|1,1434824,1734824,1734824,1324847.81,1324747.8900000001,644751.9199999999,615984.96,409976.18999999994,99.9199999999255,679995.9700000002
2025|1401|4120|3|0|24|1,1500000,1500000,1500000,771217.92,498717.91,0,0,728782.08,272500.01000000007,498717.91
2025|1401|4120|4|0|27|1,433000,21833.36,21833.36,21833.36,21833.36,21833.36,21833.36,0,0,0
2025|1401|4120|4|0|10|4,520000,520000,520000,520000,520000,0,0,0,0,520000
2025|1401|4120|4|0|70|1,400277,870222.49,870222.49,870222.49,773052.52,237477.54000000004,237477.54,0,97169.96999999997,535574.98
2025|1401|4120|4|0|10|8,2100000,1390000,1390000,1390000,1255798.5899999999,0,0,0,134201.41000000015,1255798.5899999999
2025|1401|4120|4|0|97|1,0,965000,965000,965000,0,0,0,0,965000,0
2025|1401|4120|4|0|10|1,0,199363.95,0,198391,198391,0,0,972.9500000000116,0,198391
2025|1401|4120|4|0|66|1,0,49397.04,49397.04,5400,5400,0,0,43997.04,0,5400
2025|1401|4120|4|0|98|1,0,3696000,3696000,3300000,1144060.85,251084.84,251084.84,396000,2155939.15,892976.0100000001
2025|1401|4120|4|0|74|1,422053,422053,422053,0,0,0,0,422053,0,0
2025|1401|4120|4|0|24|1,2500000,2500000,2500000,0,0,0,0,2500000,0,0
2025|1401|4120|4|0|25|1,5100000,5100000,5100000,1957961.01,1957961.01,269510.86,269510.86,3142038.99,0,1688450.15
2025|1401|4120|4|0|80|1,14445369,8470054,10871003,0,0,0,0,8470054,0,0
2025|1401|4113|3|0|60|1,0,3315834.94,3315834.94,3315834.94,3315014.9399999995,1446257.64,1441462.25,0,820.0000000004657,1868757.2999999996
2025|1401|4113|3|0|95|1,0,42592.68,42592.68,42592.68,11963.189999999999,4165.83,4165.83,0,30629.49,7797.359999999999
2025|1401|4113|3|0|10|1,10389960,5559960,6770731.18,5555267.659999999,5555263.850000001,3183774.99,3108254.8200000003,4692.340000000782,3.8099999986588955,2371488.8600000003
2025|1401|4113|3|0|66|1,75000,87393.25,87493.25,12393.25,11700,11700,11700,75000,693.25,0
2025|1401|4113|3|0|70|1,100244,100244,100244,10000,9893.51,9893.51,0,90244,106.48999999999978,0
2025|1401|4113|3|0|24|1,1959963,1959963,1959963,0,0,0,0,1959963,0,0
2025|1401|4113|4|0|27|1,1063560,354520.01,354520.01,354520.01,354520.01,354520.01,354520.01,0,0,0
2025|1401|4113|4|0|60|1,0,782670,782670,782670,782670,550900.59,400806.46,0,0,231769.41000000003
2025|1401|4113|4|0|10|8,0,25000,25000,25000,24000,0,0,0,1000,24000
2025|1401|4113|4|0|98|1,0,445500,445500,445500,401574,0,0,0,43926,401574
2025|1401|4113|4|0|95|1,0,672728,672728,672728,0,0,0,0,672728,0
2025|1401|4113|4|0|10|1,0,135000,-499000,134204,134204,0,0,796,0,134204
2025|1401|4113|4|0|66|1,30000,30004.36,30004.36,4.36,0,0,0,30000,4.36,0
2025|1401|4113|4|0|70|1,200000,200000,200000,10000,9845.06,7006.5599999999995,0,190000,154.9400000000005,2838.5
2025|1401|4113|4|0|24|1,2812000,2812000,2812000,0,0,0,0,2812000,0,0
2025|1401|4138|1|0|10|1,0,4020866,3071948.1922217617,2506641.06,2506641.0600000005,2506641.0600000005,2506641.06,1514224.94,-4.656612873077393e-10,0
2025|1401|4138|3|0|60|2,5371382,5371382,5371382,5371382,5371382,4628596.0200000005,4619549.12,0,0,742785.9799999995
2025|1401|4138|3|0|10|1,60000,661150.85,661150.85,660241.2799999999,660200.24,206882.28,130817.57999999999,909.5700000000652,41.03999999992084,453317.95999999996
2025|1401|4138|3|0|27|1,598434,615434,615434,600864.21,600578.1599999997,600398.1599999997,599113.0699999998,14569.790000000037,286.0500000002794,180
2025|1401|4138|3|0|10|7,0,1775782,0,1688147.9800000011,1688147.98,1688147.98,1688147.9800000002,87634.01999999885,1.1641532182693481e-09,0
2025|1401|4138|4|0|10|1,0,650752,650752,650752,650571,0,0,0,181,650571
2025|1401|2021|1|0|10|1,30680451,31606695,31375571.57449793,31580191.460000005,31488021.14,31488021.14,31413818.72,26503.53999999538,92170.32000000402,0
2025|1401|2021|3|0|60|2,837458,837458,837458,837458,837458,625473.08,574823.7099999998,-1.1641532182693481e-10,1.1641532182693481e-10,211984.92000000004
2025|1401|2021|3|0|10|1,22738,22738,22738,22180.29,22180.29,22180.29,22180.29,557.7099999999991,0,0
2025|1401|2021|3|0|27|1,137948,37948,57948,35865.69,33338.880000000005,33338.88,30866.160000000003,2082.3099999999977,2526.8099999999977,7.275957614183426e-12
2025|1401|2021|3|0|10|7,1223301,3137504.59,3021079.4371670205,3082434.82,3082434.82,3082434.82,3082434.82,55069.77000000002,0,0
2025|1401|2021|4|0|60|2,61402,61402,61402,61402,57714.04,47857.83,33291.65,0,3687.959999999999,9856.21
2025|1401|4119|1|0|10|1,42809844,29396048,26832700.691642795,26949663.73,26644975.51,26644975.51,26550734.360000003,2446384.2699999996,304688.2199999988,0
2025|1401|4119|3|0|27|1,0,4885.38,4885.379999999997,4885.380000000001,4885.38,4885.38,4885.38,-9.094947017729282e-13,9.094947017729282e-13,0
2025|1401|4119|3|0|60|1,5548936,5596510.51,5595652.28,5596510.4899999965,5596286.700000002,3481640.5500000007,3353862.969999999,0.020000003278255463,223.78999999444932,2114646.1500000013
2025|1401|4119|3|0|70|1,40000,40000,40000,0,0,0,0,40000,0,0
2025|1401|4119|3|0|10|7,3719905,6109740,5887922.25897574,6063198.969999999,6063198.970000001,6063198.970000001,6063198.970000001,46541.03000000119,-1.862645149230957e-09,0
2025|1401|4119|3|0|66|1,120000,340346.02,341225.12,221102.41,221102.41000000006,221102.41000000003,221102.41000000006,119243.61000000002,-5.820766091346741e-11,2.9103830456733704e-11
2025|1401|4119|3|0|10|1,1729117,1428048.85,1428048.85,1223083.7500000002,1222521.7,1086778.96,1067176.73,204965.09999999986,562.0500000002794,135742.74
2025|1401|4119|4|0|66|1,86000,86816.73,86816.73,60.34000000000003,0,0,0,86756.39,60.34000000000003,0
2025|1401|4119|4|0|70|1,100000,100000,100000,0,0,0,0,100000,0,0
2025|1401|4114|1|0|10|1,394151928,396092648,387386141.3440836,388059454.77000004,386946385.88,386946385.88,386122107.66999996,8033193.2299999595,1113068.8900000453,0
2025|1401|4114|3|0|60|1,0,4103244.2,4103244.2,4103244.2,4103233.67,3036817.8500000006,2749210.33,0,10.53000000026077,1066415.8199999994
2025|1401|4114|3|0|10|8,1200000,881972.4,881972.4,881972.4,875466.39,290778.57,290778.57,0,6506.010000000009,584687.8200000001
2025|1401|4114|3|0|70|1,55000,58030.83,56393.23,8030.83,6855.37,6855.37,6855.37,50000,1175.46,0
2025|1401|4114|3|0|27|1,2087423,1745223,1745223,1546679.24,1546356.7000000007,1521447.0000000005,1515197,198543.76,322.53999999933876,24909.700000000186
2025|1401|4114|3|0|10|1,14473360,10898538,10239115.8,10670465.209999999,10670204.920000002,8985951.48,8815627.570000004,228072.79000000097,260.2899999972433,1684253.4400000013
2025|1401|4114|3|0|10|7,15828489,38072620.42,37516709.413456246,37663583.31999999,37663583.32,37663583.32,37663583.32,409037.10000000894,-7.450580596923828e-09,0
2025|1401|4114|4|0|15|1,0,10078164,10078164,10078164,10078164,0,0,0,0,10078164
2025|1401|4114|4|0|15|0,0,17619500,0,17619500,17619500,0,0,0,0,17619500
2025|1401|4114|4|0|98|1,0,1356300,1356300,1356300,1355603,0,0,0,697,1355603
2025|1401|4114|4|0|10|8,7151000,2699369.76,2699369.76,2699369.76,2695422.09,1460514.5199999998,1400240.9200000002,0,3947.6699999999255,1234907.57
2025|1401|4114|4|0|60|1,0,15000,15000,14999.99,14347.2,0,0,0.010000000000218279,652.789999999999,14347.2
2025|1401|4114|4|0|70|1,700000,409247.92,409247.92000000004,21247.92,20752.52,9247.92,9247.92,388000,495.3999999999978,11504.6
2025|1401|4115|1|0|10|1,527103150,530242842,519223362.4364037,521339056.7700001,519765943.84999996,519765943.84999996,518504893.7699999,8903785.2299999,1573112.920000136,0
2025|1401|4115|3|0|66|1,0,60427.59,60427.59,60427.59,36319.399999999994,18146,18146,0,24108.190000000002,18173.399999999994
2025|1401|4115|3|0|10|1,22638434,19697531.15,10409533.0942891,19668299.849999998,19664701.939999986,10737809.080000002,10120302.949999997,29231.300000000745,3597.910000011325,8926892.859999985
2025|1401|4115|3|0|27|1,1034391,4730391,4434391,4687845.77,4683724.910000001,3809887.3599999994,3519776.8200000003,42545.23000000045,4120.859999998473,873837.5500000017
2025|1401|4115|3|0|70|1,280000,444463.17,444463.17000000004,202603.95,200886.56,114257.45,101182.89,241859.21999999997,1717.390000000014,86629.11
2025|1401|4115|3|0|10|7,28672484,75525820.47,72918459.73326747,75099739.96000001,75099739.96000001,75099739.96000001,75099739.96000001,426080.50999999046,0,0
2025|1401|4115|3|0|24|1,5500000,5522528.84,5522528.84,22528.84,22528.84,22528.84,22528.84,5500000,0,0
2025|1401|4115|4|0|27|1,249600,0,249600,0,0,0,0,0,0,0
2025|1401|4115|4|0|80|1,0,2400949,0,2400949,2400949,0,0,0,0,2400949
2025|1401|4115|4|0|97|1,0,94478.16,94478.16,94478.16,93518.48,2974,2974,0,959.6800000000076,90544.48
2025|1401|4115|4|0|10|3,0,169723.36,169723.36,169723.36,123380.4,123380.4,123380.4,0,46342.95999999999,0
2025|1401|4115|4|0|98|1,0,6176100,6176100,6176100,6041180.399999999,630526.4,488995.54,0,134919.60000000056,5410653.999999999
2025|1401|4115|4|0|1|1,39584,190222.95,190222.95,150638.95,150638.95,150638.95,150638.95,39584,0,0
2025|1401|4115|4|0|66|1,260995,212445.8,211689.41,847.84,756.39,0,0,211597.96,91.45000000000005,756.39
2025|1401|4115|4|0|70|1,1200000,1760460.46,1760460.46,971017.9199999999,903598.7300000001,682871.34,657630.5700000001,789442.54,67419.18999999983,220727.39000000013
2025|1401|4115|4|0|24|1,14098031,14098031,14098031,135482.45,135482.45,78722.45,78722.45,13962548.55,0,56760.000000000015
2025|1401|4115|4|0|2|1,20816987,21517590.57,21517590.57,4918369.36,4894818.8,2740341.8000000003,2740341.8,16599221.21,23550.56000000052,2154476.9999999995
2025|1401|4094|3|0|10|8,500000,469987.1,469987.1,469987.1,469547.61,11661.5,11661.5,0,439.4899999999907,457886.11
2025|1401|4094|3|0|70|1,22000,22000,22000,0,0,0,0,22000,0,0
2025|1401|4094|3|0|10|1,633000,683000,683000,658001.87,658001.8300000001,391260.42999999993,353760.43000000005,24998.130000000005,0.03999999992083758,266741.40000000014
2025|1401|4094|4|0|27|1,130000,0,0,0,0,0,0,0,0,0
2025|1401|4094|4|0|10|8,7100000,3882094,3882094,3882094,3879865.58,703068.39,3580,0,2228.4199999999255,3176797.19
2025|1401|4094|4|0|70|1,100000,100000,100000,0,0,0,0,100000,0,0
2025|1401|4556|3|0|10|1,1000,1000,1000,0,0,0,0,1000,0,0
2025|1401|7010|3|0|10|7,1145875,1307497.4,1077286.2700647414,1053512.1500000001,1053512.15,1053512.15,1053512.15,253985.24999999977,2.3283064365386963e-10,0
2025|1401|2500|1|0|10|1,2541093,2541093,2064018.990591903,1988588.6799999997,1988588.6800000002,1988588.6800000002,1988588.6800000002,552504.3200000003,-4.656612873077393e-10,0
2025|1401|2500|3|0|27|1,203636,196072.75,256072.75,187917.87000000002,187917.81999999998,122265.87000000001,122265.87000000001,8154.879999999976,0.05000000004656613,65651.94999999997
2025|1401|2500|3|0|10|7,444940,467242.39,379169.7054021242,379453.4100000001,379453.41,379453.41,379453.41000000003,87788.97999999992,1.1641532182693481e-10,0
2025|1401|2500|3|0|10|1,13999689,13271487,13999689,12147686.64,12145254.190000001,11005339.470000003,10999310.48,1123800.3599999994,2432.449999999255,1139914.7199999988
2025|1401|7007|1|0|10|1,795312107,852835334,838181100.6060488,840109452.63,837873331.2700001,837873331.2700001,835673409.7399999,12725881.370000005,2236121.359999895,0
2025|1401|0|3|0|24|1,0,0,849940.370000001,0,0,0,0,0,0,0
2025|1401|0|4|0|70|1,0,0,10032.79,0,0,0,0,0,0,0
2025|1401|0|4|0|98|1,0,0,480787.22,0,0,0,0,0,0,0
2025|1441|7004|1|0|10|9,1000,1000,1000,0,0,0,0,1000,0,0
2025|1441|7006|1|0|10|5,1000000,1000000,1000000,0,846878.6699999999,846878.6699999999,846878.67,1000000,-846878.6699999999,0
2025|1441|7006|1|0|43|5,65292305,65292305,65292305,0,62383875.169999994,62383875.169999994,62383875.17,65292305,-62383875.169999994,0
2025|1441|7006|1|0|42|5,93738515,93738515,93738515,0,88987671.38999999,88987671.38999999,88987671.38999999,93738515,-88987671.38999999,0
2025|1441|1099|3|0|10|1,1000,1000,1000,0,0,0,0,1000,0,0
2025|1441|1050|3|0|10|1,1000,1000,1000,0,0,0,0,1000,0,0
2025|1441|4033|3|0|10|1,1000,1000,1000,0,0,0,0,1000,0,0
2025|1441|2068|3|0|10|1,350000,350000,350000,0,350000,298668.66,298668.6599999999,350000,-350000,51331.340000000026
2025|1441|4150|3|0|60|1,6000000,6000000,6000000,0,0,0,0,6000000,0,0
2025|1441|4150|3|0|10|1,165253784,165253784,165253784,0,156726530.48999995,135554380.9899999,135546880.98999983,165253784,-156726530.48999995,21172149.50000006
2025|1441|4150|4|0|47|1,50000,50000,50000,0,0,0,0,50000,0,0
2025|1441|4150|4|0|60|1,7000000,7000000,7000000,0,746600,0,0,7000000,-746600,746600
2025|1441|4150|4|0|10|1,12300000,12300000,12300000,0,12300000,11084519.350000001,11084519.350000001,12300000,-12300000,1215480.6499999985
2025|1441|4193|1|0|10|1,722000000,744995936,744995936,0,741984654.14,741984654.1400001,741984654.1400002,744995936,-741984654.14,-1.1920928955078125e-07
2025|1441|4193|3|0|10|7,32003056,32603056,32603056,0,31859700.85,31859700.85,31859700.85,32603056,-31859700.85,0
2025|1451|4347|3|0|10|3,0,43287.43,43287.43,43287.43,43287.43,43287.43,43287.43,0,0,0
2025|1451|4347|3|0|24|1,0,360380.53,360380.53,360380.53,360380.53,360380.53,360380.53,0,0,0
2025|1451|4347|4|0|1|1,401302,401302,401302,0,0,0,0,401302,0,0
2025|1451|4344|3|0|10|8,200000,0,0,0,0,0,0,0,0,0
2025|1451|4344|3|0|10|3,0,16332.54,16332.54,16332.54,0,0,0,0,16332.54,0
2025|1451|4344|3|0|60|2,0,55906913.6,55906913.6,55906913.59999999,55239159.25000001,54717301.43,54553294.95999999,1.4901161193847656e-08,667754.3499999791,521857.82000000775
2025|1451|4344|3|0|10|1,45780222,810293.99,1739028.5200000023,796677.06,796677.0499999999,796371.2799999999,796358.0799999998,13616.929999999935,0.010000000125728548,305.7700000000186
2025|1451|4344|3|0|24|1,1965063,1965063,1965063,800000,800000,203666.68,0,1165063,0,596333.3200000001
2025|1451|4344|4|0|10|3,0,6625.88,6625.88,6625.88,6543.88,6543.88,6543.88,0,82,0
2025|1451|4344|4|0|1|1,0,280169.39,280169.39,280169.39,280051,280051,280051,0,118.39000000001397,0
2025|1451|1047|3|0|95|1,0,17290140.51,17290140.51,17290140.51,16354827.839999998,15196245.719999999,14939055.98,0,935312.6700000037,1158582.1199999992
2025|1451|1047|3|0|10|1,1000,1000,1000,0,0,0,0,1000,0,0
2025|1451|4350|3|0|60|2,0,23412350.69,23412350.69,23412350.69,23412350.689999998,20576234.520000003,20576234.52,0,3.725290298461914e-09,2836116.1699999943
2025|1451|4350|3|0|10|3,0,128150.8,128150.8,128150.8,0,0,0,0,128150.8,0
2025|1451|4350|3|0|24|1,0,2000000,2000000,2000000,0,0,0,0,2000000,0
2025|1451|4350|3|0|10|1,25759448,1844000,1844000.3999999985,1843140.33,1843140.33,1843140.33,1843140.33,859.6699999999255,0,0
2025|1451|4350|4|0|10|3,0,2387.98,2387.98,2387.98,522.17,522.17,522.17,0,1865.81,0
2025|1451|4350|4|0|24|1,0,46661.48,46661.479999999996,46661.479999999996,30764.98,30764.98,30764.98,7.275957614183426e-12,15896.499999999996,0
2025|1451|1048|3|1|10|8,800000,0,0,0,0,0,0,0,0,0
2025|1451|1048|3|1|10|1,3683982,0,-0.3399999998509884,0,0,0,0,0,0,0
2025|1451|1048|3|1|10|3,0,1669.42,1669.42,1669.42,0,0,0,0,1669.42,0
2025|1451|1048|3|1|2|1,2000,2000,2000,0,0,0,0,2000,0,0
2025|1451|1048|3|1|60|2,0,562752.7,562752.6999999997,524145.49999999994,524145.5,0,0,38607.20000000001,-5.820766091346741e-11,524145.5
2025|1451|1048|3|1|24|1,505505,1417274.13,1417274.13,911837.8999999999,363094.06,363094.06,363094.06,505436.23,548743.8399999999,0
2025|1451|1048|4|1|15|0,0,8400000,0,8400000,8400000,0,0,0,0,8400000
2025|1451|1048|4|1|10|8,3798901,2828240,2828240,2828240,2826611.21,1464742.46,1464742.46,0,1628.7900000000373,1361868.75
2025|1451|1048|4|1|97|1,0,208381.86,208381.86,208381.86,186412.75,186412.75,186412.75,0,21969.109999999986,0
2025|1451|1048|4|1|10|3,0,445195.54,445195.54000000004,445195.54,267330.16,267330.16,2179.3,0,177865.38,0
2025|1451|1048|4|1|98|1,0,1203250,1005250,1203250,951724.8500000001,261490,261490,0,251525.1499999999,690234.8500000001
2025|1451|1048|4|1|60|2,0,65746999.98,65746999.98,65746999.98,0,0,0,0,65746999.98,0
2025|1451|1048|4|1|10|1,16292105,9968040.13,9968040.13,9968040.129999999,9948891.670000002,1759810.45,1388652.12,1.862645149230957e-09,19148.45999999717,8189081.220000002
2025|1451|1048|4|1|1|1,1257661,1762599.98,1762599.98,474938.98000000004,268710.19,268710.19,13757.44,1287661,206228.79000000004,0
2025|1451|1048|4|1|2|1,5410824,10823648,10823648,5412824,3663736.39,3663736.39,0,5410824,1749087.6099999999,0
2025|1451|1048|4|1|24|1,44308048,45634006.97,45634006.970000006,4467337.789999999,1967030.9900000002,1939057.9900000002,1039577.9900000001,41166669.18,2500306.799999999,27973
2025|1451|4351|3|0|60|2,0,94753632.49,94753632.49000001,94753632.49000001,94753032.49000001,94753032.49000001,94563164.34,-1.4901161193847656e-08,600,0
2025|1451|4351|3|0|10|1,114670219,9590000,0.06999999284744263,9588797.71,9588797.709999999,9588797.709999999,9588797.709999999,1202.289999999106,1.862645149230957e-09,0
2025|1451|4351|4|0|10|4,270000,270000,270000,270000,270000,270000,270000,0,0,0
2025|1451|4351|4|0|24|1,6627597,6627597,6627597,0,0,0,0,6627597,0,0
2025|1451|4353|1|0|57|2,991108,1260108,837311.9500185308,827256.2,827256.2,827256.2,827256.2,432851.80000000005,0,0
2025|1451|4353|1|0|10|1,117225548,118172499,117327975.77591705,116012169.2,116012169.19999997,116012169.19999997,116012169.20000003,2160329.799999997,2.9802322387695312e-08,0
2025|1451|4353|3|0|10|7,7203180,14691184,14203029.194357384,14404014.989999998,14404014.99,14404014.99,14404014.99,287169.01000000164,-1.862645149230957e-09,0
2025|1451|4353|3|0|10|1,31538492,28738492,28738492,25804497.14000001,25804375.6,21685064.059999995,21266135.680000003,2933994.859999988,121.5400000102818,4119311.5400000066
2025|1451|4353|4|0|10|1,4799892,5084856,4799892,5084856,5081593.2,2697410.2,2697410.2,-9.313225746154785e-10,3262.800000000745,2384183
2025|1451|4348|3|0|10|3,0,962.63,962.63,962.63,0,0,0,0,962.63,0
2025|1451|4348|3|0|60|2,0,702984984.5200001,702984984.5200001,702984984.52,702099573.61,561378184.8699996,560538685.3499997,1.1920928955078125e-07,885410.9099999666,140721388.74000037
2025|1451|4348|3|0|1|1,2000,2000,2000,0,0,0,0,2000,0,0
2025|1451|4348|3|0|61|1,98740,98740,98740,0.2700000000000001,0,0,0,98739.73,0.2700000000000001,0
2025|1451|4348|3|0|24|1,600227,1300711.99,1300711.99,700484.99,163760,163760,0,600227,536724.99,0
2025|1451|4348|3|0|10|1,670036481,91275091.36,84942814.90999998,90561560.99000001,90432445.63000004,90319711.53,90311279.68,713530.3699999899,129115.3599999696,112734.10000003874
2025|1451|4348|3|0|60|1,6030000,4719675.88,4719675.88,321399.27000000025,50587.869999999995,14339.88,14339.88,4398276.609999999,270811.40000000026,36247.99
2025|1451|4348|4|0|10|3,0,210.23,210.23,210.23,0,0,0,0,210.23,0
2025|1451|4348|4|0|60|2,0,65749999.98,65749999.98,65749999.98,0,0,0,0,65749999.98,0
2025|1451|4348|4|0|60|1,0,1310324.12,1310324.12,1310324.1199999999,1300110.4899999998,371851.89,371851.88999999996,2.3283064365386963e-10,10213.630000000121,928258.5999999997
2025|1451|4348|4|0|10|1,2820999,9739168.41,9866268.44,9739168.190000001,9736628.23,3898693.26,3898693.2600000007,0.2199999988079071,2539.960000000894,5837934.970000001
2025|1451|4348|4|0|1|1,800000,800000,800000,0,0,0,0,800000,0,0
2025|1451|4348|4|0|24|1,9217468,9613129.95,9613129.95,395661.94999999995,70383.29999999999,70383.3,13064.5,9217468,325278.64999999997,-1.4551915228366852e-11
2025|1451|4375|3|0|10|1,112157,23157,23157,4000.0300000000007,4000,4000,4000,19156.97,0.030000000000654836,0
2025|1451|4377|3|0|10|1,90596,90596,90596,67505.1,67505.1,62850.439999999995,62840.95,23090.899999999994,0,4654.660000000011
2025|1451|1054|3|0|10|1,4109437,1319437,1319437,1128821.52,1128821.52,1128821.52,1128821.52,190615.47999999998,0,0
2025|1451|4379|3|0|10|1,373281,9853281,11307572.28,9540567.35,9540567.35,60567.34999999999,60567.35,312713.6500000004,0,9480000
2025|1451|4379|3|0|24|1,5565758,3680061.93,3680061.9299999997,114303.93,0,0,0,3565758,114303.93,0
2025|1451|4379|4|0|10|1,0,0,400000,0,0,0,0,0,0,0
2025|1451|4379|4|0|10|3,0,6217.16,6217.16,6217.16,0,0,0,0,6217.16,0
2025|1451|4379|4|0|24|1,0,409250.99,409250.99,409250.99,0,0,0,0,409250.99,0
2025|1451|4378|3|1|10|1,14983692,16933692,16933692,16722009.349999996,16714469.339999998,12706313.069999998,12706313.070000006,211682.6500000041,7540.009999997914,4008156.2699999996
2025|1451|4378|4|1|10|1,2616904,1808473.57,1415938.0046199998,1808473.57,1808473.57,1568691.11,1533928,0,0,239782.45999999996
2025|1451|4378|4|1|10|3,0,40274.97,40274.97,40274.97,0,0,0,0,40274.97,0
2025|1451|4378|4|1|1|1,0,265906.5,265906.5,265906.5,122944,122944,0,0,142962.5,0
2025|1451|4378|4|1|2|1,1937547,1937547,1937547,870075.99,854430.88,832191,832191,1067471.01,15645.109999999986,22239.880000000005
2025|1451|4376|3|0|10|1,40249673,42849673,25421685.972153727,38156907.71999999,38156907.71999999,38145954,38082958.17000001,4692765.280000009,0,10953.719999991357
2025|1451|4438|3|0|10|8,0,500000,500000,500000,500000,500000,500000,0,0,0
2025|1451|4438|3|0|10|1,550764,1050764,1050764,573067.69,565515.1400000001,524057.66000000003,524057.66,477696.31000000006,7552.549999999814,41457.4800000001
2025|1451|4438|4|0|10|8,0,474998.24,474998.24,474998.24,474998.24000000005,474998.24000000005,474998.24000000005,0,-5.820766091346741e-11,0
2025|1451|4437|3|0|10|8,0,227495.84,227495.84,227495.84,227495.84,227495.84,227495.84,0,0,0
2025|1451|4437|3|0|10|1,11729968,10229968,10229968,8483545.070000004,8480855.290000001,6937961.84,6880140.46,1746422.929999996,2689.7800000030547,1542893.4500000011
2025|1451|4437|4|0|10|8,1000000,488451.94,488451.93999999994,488397.77,488397.77,488397.77,488397.77,54.1699999999837,0,0
2025|1451|4443|1|0|57|2,52348,69348,46768.61449698929,46051.45,46051.450000000004,46051.450000000004,46051.45,23296.550000000003,-7.275957614183426e-12,0
2025|1451|4443|1|0|10|1,18152716,18105985,17842946.251158632,17614013.980000004,17614013.980000004,17614013.980000004,17614013.98,491971.0199999958,0,0
2025|1451|4443|3|0|10|7,1549885,2431353,2397858.5598401334,2428038.0800000005,2428038.08,2428038.08,2428038.0800000005,3314.91999999946,4.656612873077393e-10,0
2025|1451|4443|3|0|10|1,480363,480363,480363,371874.17000000004,371874.17,214417.75,214172.21999999997,108488.82999999996,5.820766091346741e-11,157456.41999999998
2025|1451|4443|4|0|10|1,0,15036,300000,15035.999999999985,15036,9436,9436,1.4551915228366852e-11,-1.4551915228366852e-11,5600
2025|1451|4441|3|1|10|1,34019428,25812428,33812428,24410812.55000001,24338623.260000005,22000961.549999997,21549446.38,1401615.4499999918,72189.29000000283,2337661.7100000083
2025|1451|4441|4|1|10|8,512000,66000,66000,66000,63958.55,63568.55,63568.55,0,2041.449999999997,390
2025|1451|4441|4|1|10|1,0,214325.89,214325.89,214325.89,177923.53000000003,170923.53000000003,170923.53000000003,0,36402.359999999986,7000
2025|1451|4441|4|1|95|1,0,701258.51,701258.51,701258.51,597873.39,597873.39,597873.3899999999,0,103385.12,0
2025|1451|4441|4|1|24|1,29500000,29500000,29500000,0,0,0,0,29500000,0,0
2025|1451|4442|3|0|24|1,1807896,951543.25,951543.25,0,0,0,0,951543.25,0,0
2025|1451|4442|3|0|10|1,159094728,167094728,159094728,163450893.34,163450893.34000003,163450893.34,163221353.07999998,3643834.6599999964,-2.9802322387695312e-08,2.9802322387695312e-08
2025|1451|2500|3|0|10|3,0,17476.59,17476.59,17476.59,0,0,0,0,17476.59,0
2025|1451|2500|3|0|24|1,0,856352.75,856352.75,856352.75,0,0,0,0,856352.75,0
2025|1451|2500|3|0|10|1,18963220,21023220,21023220,19708586.910000004,19698622.330000002,17196923.18,16474581.99,1314633.0899999961,9964.580000001937,2501699.1500000022
2025|1451|2417|1|0|57|2,293318,293318,87612.79000000004,87612.79,87612.79,87612.79,87612.79,205705.21000000002,0,0
2025|1451|2417|1|0|27|1,1024355891,1024355891,1003983279.9500002,1003983279.95,1003983279.95,1003983279.95,1003983279.95,20372611.049999952,0,0
2025|1451|2417|1|0|10|1,1529758282,1711300588,1702187230.8986564,1671726514.8799994,1671406705.3000004,1671335330.51,1671316946.83,39574073.1200006,319809.57999897003,71374.79000043869
2025|1451|2417|3|0|10|1,0,1550000,1550000,139764.51,139764.51,139764.51,139764.51,1410235.49,0,0
2025|1451|2417|3|0|10|7,84934139,355148632,346638059.3958025,352237599.68,352237599.68,352237599.68,352237599.67999995,2911032.319999993,0,0
2025|1451|2417|3|0|27|7,116531168,117802966,21554456.180000007,21554456.18,21554456.18,21554456.18,21554456.18,96248509.82,0,0
2025|1451|0|4|0|9|1,0,0,53626.6,0,0,0,0,0,0,0
2025|1451|0|4|0|1|1,0,0,71238.3300000001,0,0,0,0,0,0,0
2025|1451|0|4|0|24|1,0,0,674222.689999998,0,0,0,0,0,0,0
2025|1451|0|4|1|98|1,0,0,42617.6,0,0,0,0,0,0,0
2025|1451|0|4|1|2|1,0,0,364775.66,0,0,0,0,0,0,0
2025|1481|4480|3|0|71|1,1000,1000,1000,0,0,0,0,1000,0,0
2025|1481|4301|3|0|71|1,1000,1000,1000,0,0,0,0,1000,0,0
2025|1481|4270|3|0|71|1,1000,1000,1000,0,0,0,0,1000,0,0
2025|1481|4352|3|0|71|1,1000,1000,1000,0,0,0,0,1000,0,0
2025|1481|4321|3|0|71|1,1000,1000,1000,0,0,0,0,1000,0,0
2025|1481|4186|3|0|71|3,0,3769298.82,3769298.82,3769298.82,3769298.82,3769298.82,3769298.82,0,0,0
2025|1481|4186|3|0|24|1,2000000,2000000,2000000,2000000,2000000,2000000,2000000,0,0,0
2025|1481|4186|4|0|71|3,0,67573.01,67573.01,67573.01,67573.01,67573.01,67573.01,0,0,0
2025|1481|4154|1|0|71|1,778193,778193,671158.7925083581,671284.0200000001,671284.0199999999,671284.0199999999,671284.0199999999,106908.97999999986,2.3283064365386963e-10,0
2025|1481|4154|3|0|1|1,0,247657.13,0,247657.13,247657.13,247657.13,247657.13,0,0,0
2025|1481|4154|3|0|10|8,0,349982.68,349982.68,349982.68,349982.68,349982.68,349982.68,0,0,0
2025|1481|4154|3|0|71|1,300354,317154,317154,306477.61000000004,279432.56000000006,254678.86,254678.86,10676.389999999956,27045.04999999999,24753.70000000007
2025|1481|4154|3|0|71|7,131359,131359,85078.8712197851,83981.33,83981.33,83981.33,83981.33,47377.67,0,0
2025|1481|4154|3|0|10|4,300000,300000,300000,0,0,0,0,300000,0,0
2025|1481|4154|3|0|80|1,10000000,4600000,4600000,47762.04,31521.440000000002,12520.2,11180.78,4552237.96,16240.599999999999,19001.24
2025|1481|4154|4|0|10|4,40000,40000,40000,0,0,0,0,40000,0,0
2025|1481|4154|4|0|10|8,0,160000,160000,0,0,0,0,160000,0,0
2025|1481|4157|3|1|71|1,42159,3052365.25,3052365.25,3052365.2500000005,3050318.5199999996,1545520.5799999996,1545520.58,-4.656612873077393e-10,2046.7300000009127,1504797.94
2025|1481|4157|3|1|10|4,200000,200000,200000,0,0,0,0,200000,0,0
2025|1481|4153|1|0|71|1,4101635,4101635,3824415.867196709,3810014,3810014,3810014,3810014,291621,0,0
2025|1481|4153|3|0|10|8,250000,250000,250000,250000,250000,250000,250000,0,0,0
2025|1481|4153|3|0|71|1,1689064,1689064,1689064,1682696.9799999995,1667300.6099999999,1465677.06,1465677.06,6367.020000000484,15396.369999999646,201623.5499999998
2025|1481|4153|3|0|71|7,542536,542536,486583.3132243175,480458.06000000006,480458.06,480458.06,480458.06,62077.939999999944,5.820766091346741e-11,0
2025|1481|4158|1|1|71|1,1162790,1351866.66,1349396.2616553279,1351866.66,1351866.66,1351866.66,1351866.66,0,0,0
2025|1481|4158|3|1|71|7,135403,135403,136898.62246285548,133159.24,133159.24,133159.24,133159.24,2243.7600000000093,0,0
2025|1481|4158|3|1|71|1,383568,806343.15,556343.15,786037.2399999999,593483.54,205812.67,205812.67,20305.91000000015,192553.69999999984,387670.87
2025|1481|4158|3|1|10|8,17338911,9645694.08,9645694.08,9541190.48,9440190.48,9440190.48,9190191.48,104503.59999999963,101000,0
2025|1481|4158|3|1|10|4,150000,150000,150000,0,0,0,0,150000,0,0
2025|1481|4158|3|1|80|1,452871,452871,452871,95524.08,63042.880000000005,0,0,357346.92,32481.199999999997,63042.880000000005
2025|1481|4158|4|1|10|8,1000000,284388.06,284388.06,284388.06,284388.06,284388.06,284388.06,0,0,0
2025|1481|4367|3|0|71|1,1000,1000,1000,0,0,0,0,1000,0,0
2025|1481|4368|3|0|71|1,1000,1000,1000,0,0,0,0,1000,0,0
2025|1481|4364|3|1|71|1,12920964,12920964,12920964,12920964,12760964,0,0,0,160000,12760964
2025|1481|4165|3|0|10|1,1000,1000,1000,0,0,0,0,1000,0,0
2025|1481|4163|3|1|10|1,0,21485,21485,21485,21485,21485,21485,0,0,0
2025|1481|4163|3|1|2|1,598758,598758,598758,0,0,0,0,598758,0,0
2025|1481|4163|3|1|38|1,1426255,1889231,1889231,469416,238118.7,238118.7,238118.7,1419815,231297.3,0
2025|1481|4164|3|0|10|1,27800,27800,27800,13900,2215.8800000000006,2215.88,2215.88,13900,11684.119999999999,4.547473508864641e-13
2025|1481|4164|3|0|59|1,4750000,4750000,4750000,0,0,0,0,4750000,0,0
2025|1481|4167|3|0|38|1,381500,381500,381500,254366.86,214886.5,214886.5,214886.5,127133.14000000001,39480.359999999986,0
2025|1481|4167|3|0|10|1,816203,816203,482838,612099.51,541759.58,496837.93999999994,495204.57999999996,204103.49,70339.93000000005,44921.640000000014
2025|1481|4167|4|0|10|1,80000,80000,80000,80000,0,0,0,0,80000,0
2025|1481|4514|3|0|10|1,8290,8290,8290,8290,138.77000000000044,138.77,138.77,0,8151.23,4.263256414560601e-13
2025|1481|4514|3|0|38|1,4914677,4351201,4351201,3733990.93,3340094.6000000006,3340094.6,1944839.68,617210.0699999998,393896.3299999996,4.656612873077393e-10
2025|1481|4514|3|0|24|1,910129,910129,910129,0,0,0,0,910129,0,0
2025|1481|4169|3|0|38|1,1495500,1596000,1596000,1596000,1569250,1569250,1171250,0,26750,0
2025|1481|4169|3|0|10|1,609670,609670,429464,575500,566250,566250,466750,34170,9250,0
2025|1481|4166|3|0|38|1,8228876,9028876,9028876,8189784.510000001,7874504.27,7874504.2700000005,7874504.27,839091.4899999993,315280.24000000115,-9.313225746154785e-10
2025|1481|4168|3|0|38|1,11030309,25749608.86,25749608.86,25749608.86,25728209.76,25630948.97,25630948.970000003,0,21399.099999997765,97260.79000000283
2025|1481|4170|3|0|38|1,0,219120.3,219120.3,219120.3,219120.3,0,0,0,0,219120.3
2025|1481|4170|3|0|97|1,0,241906,241906,241906,0,0,0,0,241906,0
2025|1481|4170|3|0|10|1,19934,19934,19934,19330.23,14477.27,10429.95,10429.95,603.7700000000004,4852.959999999999,4047.3199999999997
2025|1481|4170|3|0|10|8,11407400,16791024.39,16711124.39,16570740.54,16504513.97,15460644.050000003,15460644.050000003,220283.8500000015,66226.56999999844,1043869.9199999981
2025|1481|4170|3|0|10|4,530000,450100,530000,79900,79900,79900,79900,370200,0,0
2025|1481|4170|4|0|1|1,0,194505.46,0,194505.46,194505.46,194505.46,194505.46,0,0,0
2025|1481|4170|4|0|97|1,0,51073.77,51073.77,51073.77,0,0,0,0,51073.77,0
2025|1481|4170|4|0|15|1,0,5316246.85,5716246.85,5316246.85,5221301.36,5221301.36,5221301.36,0,94945.48999999929,0
2025|1481|4170|4|0|10|8,600000,6393026.670000001,6393026.67,6243026.670000001,5430389.99,5253139.99,5253139.99,150000,812636.6800000006,177250
2025|1481|4170|4|0|38|1,0,11811579.84,11811579.84,8221899.48,4966425.9399999995,200000,0,3589680.3599999994,3255473.540000001,4766425.9399999995
2025|1481|4183|3|0|71|1,1000,1000,1000,0,0,0,0,1000,0,0
2025|1481|4183|3|0|10|8,0,190044,190044,188503.7,188503.7,188503.7,188503.7,1540.2999999999884,0,0
2025|1481|4181|3|0|71|1,480000,312374.84,412374.83999999997,279483.96,268470.66000000003,239483.96000000002,239483.96,32890.880000000005,11013.299999999988,28986.70000000001
2025|1481|4171|3|0|71|1,2400000,2344482.6,2344482.5999999996,2344482.6,2344482.6,2344482.6,2344482.6,0,0,0
2025|1481|4171|4|0|71|1,0,55517.4,55517.399999999994,55517.4,55517.399999999994,55517.399999999994,55517.399999999994,0,7.275957614183426e-12,0
2025|1481|4173|3|0|71|3,0,2837560.57,2837560.57,2837560.57,2837560.57,2837560.57,2837560.57,0,0,0
2025|1481|4173|3|0|24|1,1000000,1000000,1000000,1000000,1000000,1000000,1000000,0,0,0
2025|1481|4173|4|0|71|3,0,163077.21,163077.21,163077.21,163077.21,163077.21,163077.21,0,0,0
2025|1481|4176|3|0|10|3,0,2418069.26,2418069.26,2418069.26,2418069.26,2418069.26,2418069.26,0,0,0
2025|1481|4176|3|0|24|1,1100000,1174508.73,1100000,74508.73,74508.73,74508.73,74508.73,1100000,0,0
2025|1481|4176|4|0|24|1,100000,100000,100000,0,0,0,0,100000,0,0
2025|1481|4178|1|0|71|1,2835966,3021761.3099999996,3043144.9856659183,3021761.31,3021761.31,3021761.31,3021761.31,-4.656612873077393e-10,0,0
2025|1481|4178|3|0|71|1,630824,1806824,1806824,1806398.56,584254.73,539956.21,534272.98,425.4399999999441,1222143.83,44298.52000000002
2025|1481|4178|3|0|71|7,803981,803981,460961.15254774044,454902.94999999995,454902.95,454902.95,454902.95,349078.05000000005,-5.820766091346741e-11,0
2025|1481|4174|3|0|10|8,7900000,5649348.84,5649348.84,5649188.74,5649188.74,5649188.74,5649188.74,160.09999999962747,0,0
2025|1481|4174|3|0|1|1,102000,102000,102000,0,0,0,0,102000,0,0
2025|1481|4174|3|0|24|1,160918,160918,160918,0,0,0,0,160918,0,0
2025|1481|4174|3|0|10|4,300000,300000,300000,0,0,0,0,300000,0,0
2025|1481|4174|4|0|10|8,2458368,1849824.57,1849824.57,1849824.57,1849824.57,1849824.57,1849824.57,0,0,0
2025|1481|4174|4|0|15|1,0,147678.84,147678.84,147678.84,74210.47,74210.47,74210.47,0,73468.37,0
2025|1481|4174|4|0|97|1,0,103666,103666,103666,0,0,0,0,103666,0
2025|1481|4174|5|0|97|1,0,500000,500000,500000,0,0,0,0,500000,0
2025|1481|4182|1|0|71|1,4117929,7237000.18,7212675.132958844,7237000.179999998,7237000.18,7237000.18,7237000.18,1.862645149230957e-09,-1.862645149230957e-09,0
2025|1481|4182|3|0|71|7,1148425,1327748.1,1343801.894125707,1327748.1,1327748.1,1327748.1,1327748.1,0,0,0
2025|1481|4182|3|0|71|1,3890189,5745579.47,5745579.47,5320527.890000001,2933806.21,2595362.5900000003,2527185.8,425051.57999999914,2386721.6800000006,338443.61999999965
2025|1481|4184|3|0|71|1,79720,79720,79720,77755.28999999998,69153.31000000001,54040.990000000005,54040.99,1964.710000000021,8601.979999999967,15112.320000000007
2025|1481|4184|3|0|10|4,300000,300000,300000,0,0,0,0,300000,0,0
2025|1481|4185|3|0|71|1,150867,170867,170867,170866.99999999997,163029.18,150680.59,150680.59,2.9103830456733704e-11,7837.819999999978,12348.589999999997
2025|1481|4185|4|0|71|1,0,4950000,0,4950000,4950000,4950000,0,0,0,0
2025|1481|4185|4|0|24|1,3750000,3750000,3750000,0,0,0,0,3750000,0,0
2025|1481|4388|3|1|71|1,0,43990178.41,47005800.08,40485858.940000005,28945320.169999998,1533098.3900000001,1533098.3900000001,3504319.4699999914,11540538.770000007,27412221.779999997
2025|1481|4388|4|1|98|1,0,760000,760000,760000,533411.39,0,0,0,226588.61,533411.39
2025|1481|4388|4|1|10|8,0,620000,620000,619372.25,619372.25,619372.25,619372.25,627.75,0,0
2025|1481|4388|4|1|71|1,72160200,18891007.39,-0.07999999821186066,1569940.6600000001,1569940.66,1527828.66,0,17321066.73,2.3283064365386963e-10,42112
2025|1481|2033|3|0|71|1,22974,39281,39281,39280.829999999994,31969.559999999998,28717.37,28717.37,0.17000000000552973,7311.269999999997,3252.1899999999987
2025|1481|4197|1|0|71|1,94762,94762,0,6054.05,6054.05,6054.05,6054.05,88707.95,0,0
2025|1481|4197|3|0|71|1,310181,310181,310181,310181,293209.75,288153.83,288153.83,-5.820766091346741e-11,16971.25000000006,5055.919999999984
2025|1481|4197|3|0|10|8,0,100000,100000,100000,58396.8,30972.739999999998,30972.739999999998,0,41603.2,27424.060000000005
2025|1481|4197|3|0|71|7,49602,49602,0,1260,1260,1260,1260,48342,0,0
2025|1481|4196|1|0|71|1,438306,438306,0,0,0,0,0,438306,0,0
2025|1481|4196|3|0|10|8,0,539989.21,539989.21,539986.4500000001,539986.45,539986.45,539986.45,2.759999999892898,1.1641532182693481e-10,0
2025|1481|4196|3|0|71|1,180317,164010,164010,158731.97,115216.36,105865.65000000001,105865.65,5278.029999999999,43515.61,9350.709999999992
2025|1481|4196|3|0|71|7,45973,45973,0,0,0,0,0,45973,0,0
2025|1481|4196|4|0|10|8,600000,359865.39,359865.39,359840.43,359840.43,359840.43,359840.43,24.960000000020955,0,0
2025|1481|4196|4|0|10|4,1000000,1000000,1000000,512688.98,512688.98,512688.98,512688.98,487311.02,0,0
2025|1481|4416|3|1|10|8,0,200000,200000,200000,200000,200000,200000,0,0,0
2025|1481|4416|3|1|71|1,1000,135400,135400,134400,134400,0,0,1000,0,134400
2025|1481|4416|4|1|10|8,0,100000,100000,100000,100000,100000,100000,0,0,0
2025|1481|2035|1|0|71|1,48426,48426,48042.26451732725,38037.41999999999,38037.41999999999,38037.41999999999,38037.420000000006,10388.580000000009,0,0
2025|1481|2035|3|0|71|1,1150073,1150073,1150073,1148013.5,1134852.2499999998,1119197.5899999996,1119197.5899999996,2059.5,13161.250000000233,15654.660000000149
2025|1481|2035|3|0|71|7,21997,21997,0,6829.5,6829.5,6829.5,6829.5,15167.5,0,0
2025|1481|4412|3|1|71|1,37476,37476,37476,37476,16167.410000000005,10114.41,10114.41,0,21308.589999999997,6053.0000000000055
2025|1481|2036|3|0|10|1,346349,8939,8939,4400.000000000007,484.5,484.5,484.5,4538.999999999993,3915.5000000000073,0
2025|1481|2036|3|0|71|1,0,25081.12,25081.12,15675.7,0,0,0,9405.419999999998,15675.7,0
2025|1481|2037|1|0|71|1,69831,69831,0,0,0,0,0,69831,0,0
2025|1481|2037|3|0|71|1,270896,270896,270896,270530.37,232393.69999999998,209248.85,208816.25,365.63000000000466,38136.67000000001,23144.849999999977
2025|1481|2037|3|0|71|7,57569,57569,0,0,0,0,0,57569,0,0
2025|1481|4204|3|0|71|1,1919057,1703975.88,1893975.88,1648412.9499999997,1571472.05,1419952.12,1419894.1700000006,55562.93000000017,76940.89999999967,151519.92999999993
2025|1481|4414|1|0|71|1,379668,379668,0,0,0,0,0,379668,0,0
2025|1481|4414|3|0|10|8,300000,0,0,0,0,0,0,0,0,0
2025|1481|4414|3|0|71|1,3453318,1326994.64,1419994.64,1222860.8900000001,1149349.2499999998,1030055.6099999999,1030055.6100000001,104133.74999999977,73511.64000000036,119293.6399999999
2025|1481|4414|3|0|71|7,164656,164656,0,0,0,0,0,164656,0,0
2025|1481|4414|4|0|10|8,1908368,0,0,0,0,0,0,0,0,0
2025|1481|4415|1|0|71|1,614383,614383,0,0,0,0,0,614383,0,0
2025|1481|4415|3|0|24|1,0,83125.79,83125.79,83125.79,19468,19468,19468,0,63657.78999999999,0
2025|1481|4415|3|0|10|8,2000000,2327917.07,2327917.07,2327853.9499999997,2327853.95,2327853.95,2327853.95,63.12000000011176,-4.656612873077393e-10,0
2025|1481|4415|3|0|71|1,3153877,1026038.1,1876038.0999999996,990426.1399999998,892606.77,751352.3200000001,751352.32,35611.960000000196,97819.36999999976,141254.44999999995
2025|1481|4415|3|0|71|7,183491,183491,0,0,0,0,0,183491,0,0
2025|1481|4415|4|0|10|3,0,4737.52,4737.52,4737.52,4737.52,4737.52,4737.52,0,0,0
2025|1481|4415|4|0|24|1,0,149012.48,149012.48,149012.48,149012.47999999998,149012.48,149012.48,0,2.9103830456733704e-11,-2.9103830456733704e-11
2025|1481|4415|4|0|10|8,2000000,352053.33,352053.32999999996,352053.32999999996,352053.32999999996,352053.32999999996,352053.32999999996,5.820766091346741e-11,0,0
2025|1481|2076|3|0|10|1,43272,43272,43272,0,0,0,0,43272,0,0
2025|1481|2079|3|0|1|1,0,67252.55,67252.55,67252.55,67252.55,67252.55,67252.55,0,0,0
2025|1481|2079|3|0|80|1,40944205,0,0,0,0,0,0,0,0,0
2025|1481|2079|3|0|71|1,4533584,8055949.25,8055949.25,8045054.620000001,8045054.62,5123204.2,5123204.2,10894.629999998957,9.313225746154785e-10,2921850.42
2025|1481|2079|3|0|10|4,200000,200000,200000,0,0,0,0,200000,0,0
2025|1481|2079|3|0|10|8,57438592,42919201.75,42919201.75,42307702.33,41677213.84,41677213.84,41677213.84,611499.4200000018,630488.4899999946,0
2025|1481|2079|4|0|10|8,53601925,34087181.07,34087181.07,34008101.16999999,33349910.189999998,33314460.189999998,33314460.189999998,79079.90000001341,658190.9799999893,35450
2025|1481|2079|4|0|10|4,190000,190000,190000,0,0,0,0,190000,0,0
2025|1481|2500|3|0|71|1,6170211,6722887.82,6688531.82,6694683.07,5945781.71,5268127.409999998,5250623.66,28204.75,748901.3600000003,677654.3000000017
2025|1481|2500|3|0|10|1,0,180150.98,180150.98,1090.7400000000198,1090.74,1090.74,1090.74,179060.24,1.978150976356119e-11,0
2025|1481|2500|4|0|71|1,0,6461.6,6461.6,6461.6,5815.44,0,0,0,646.1600000000008,5815.44
2025|1481|2417|1|0|10|1,51316228,49288529,47297597.976558164,47224416.940000005,47224416.94,47161685.64999999,47161685.65,2064112.059999995,7.450580596923828e-09,62731.29000000656
2025|1481|2417|3|0|10|7,7437293,8797097,8469115.906419594,8401056.73,8401056.73,8401056.73,8401056.73,396040.26999999955,0,0
2025|1481|0|4|1|98|1,0,0,71154.9,0,0,0,0,0,0,0
2025|1491|2041|3|0|10|1,13584764,15569678.78,12961137.780000001,15569678.78,15282232.069999998,12936131.979999997,12031164.649999997,0,287446.7100000009,2346100.0900000017
2025|1491|2041|4|0|10|1,0,226320,226320,226320,105030.5,26320,26320,0,121289.5,78710.5
2025|1491|2042|3|0|10|1,369404,614404,614404,614404,574846.3900000001,564827.92,520672.26,0,39557.60999999987,10018.470000000088
2025|1491|2043|3|0|10|1,1243745,1393745,1393745,1393745,1369758.2900000003,1331016.3299999998,1231860.0200000003,0,23986.70999999973,38741.96000000043
2025|1491|2045|3|0|10|1,3159782,2979782,2979782,2979782,2921435.4,2911547.23,2467076.1300000004,-4.656612873077393e-10,58346.60000000056,9888.169999999925
2025|1491|2045|4|0|80|1,0,5000000,0,5000000,5000000,5000000,0,0,0,0
2025|1491|2045|4|0|15|1,334965000,64418892.44,-45756077.5,64418892.44,61585063.160000004,61585063.16,59167107.120000005,0,2833829.2799999937,7.450580596923828e-09
2025|1491|2045|4|0|10|8,70838700,26042564.48,26042564.479999997,25765489.48,25591100.430000007,25591100.43,25591100.430000007,277075,174389.0499999933,7.450580596923828e-09
2025|1491|2045|4|0|10|4,2490000,2490000,2490000,237986.66000000015,118993.33,118993.33,118993.33,2252013.34,118993.33000000015,0
2025|1491|2048|3|1|10|1,1000,1000,1000,0,0,0,0,1000,0,0
2025|1491|2048|3|1|10|8,53052937,42383401.87,42383401.870000005,42361964.51,42322964.510000005,42322964.51,42322964.510000005,21437.359999999404,38999.99999999255,7.450580596923828e-09
2025|1491|2048|4|1|10|8,549865444,745991777.73,745991777.73,743106513.73,743015333.7299999,743015333.7299998,743015333.7299999,2885264,91180.00000011921,1.1920928955078125e-07
2025|1491|2044|3|0|10|1,1235065,1315065,1315065,1315065,1273557.44,1258641.6199999999,1150724.71,0,41507.560000000056,14915.820000000065
2025|1491|2138|3|0|10|1,63,63,63,0,0,0,0,63,0,0
2025|1491|2051|3|0|10|1,1945800,1695800,1195800,1695800,884229.7,762721.1299999999,483275.96,0,811570.3,121508.57000000007
2025|1491|2051|4|0|15|1,0,0,1074657.02,0,0,0,0,0,0,0
2025|1491|2051|4|0|10|1,2171007,2171007,2171007,2171007,2131606.98,1586466,1586466,0,39400.02000000002,545140.98
2025|1491|2050|3|0|10|1,2230679,2196219,2196219,2196219,1983711.8900000001,1788420.58,1497392.55,0,212507.10999999987,195291.31000000006
2025|1491|2050|4|0|15|1,0,0,2326965,0,0,0,0,0,0,0
2025|1491|2050|4|0|10|1,5697051,6447051,5697051,6447051,6447051,5098710.4,3207660.85,0,0,1348340.5999999996
2025|1491|2500|3|0|24|1,0,67057.76,67057.76,67057.76,67057.76,67057.76,67057.76,0,0,0
2025|1491|2500|3|0|10|1,10795435,9830978.27,11669013.54,9830978.269999998,9329074.86,9116475.989999998,8449429.98,1.862645149230957e-09,501903.4099999983,212598.87000000104
2025|1491|2500|4|0|10|8,1500000,0,0,0,0,0,0,0,0,0
2025|1491|2500|4|0|15|1,0,2390411.24,2937755.58,2390411.24,2286852.2399999998,1838655.8000000003,1450367.35,0,103559.00000000047,448196.4399999995
2025|1491|2500|4|0|10|1,1200000,223680,973680,172743.23,172543.22999999998,112743.23,112743.23,50936.76999999999,200.0000000000291,59799.999999999985
2025|1491|2417|1|0|10|1,45987084,45656813,43554875.32993597,44044110.549999975,43806931.059999995,43800747.79000001,43800747.78999999,1612702.4500000253,237179.48999997973,6183.269999988377
2025|1491|2417|3|0|10|7,5237986,5237986,4979321.395,4927291.510000001,4927291.51,4927291.51,4927291.51,310694.4899999993,9.313225746154785e-10,0
2025|1501|4478|3|1|10|1,600000,0,-600000,0,0,0,0,0,0,0
2025|1501|4468|3|0|10|1,1040230,1040230,1040230,832431.4400000001,804362.28,453056.77,277706.77,207798.55999999994,28069.160000000033,351305.51
2025|1501|4477|3|0|10|1,400722,1425722,925722,1072666.81,1031555.9,722534.3200000001,619577.6100000001,353055.18999999994,41110.91000000003,309021.57999999996
2025|1501|4477|4|0|10|1,306556,40500,40500,0,0,0,0,40500,0,0
2025|1501|4475|3|0|60|2,49738,49738,49738,47545.74,47293.68,30834.380000000005,30834.38,2192.260000000002,252.05999999999767,16459.299999999996
2025|1501|4475|3|0|10|1,19694661,17241498.49,17241498.490000002,17143998.490000002,17050230.92,7189184.300000001,6884930.029999999,97499.99999999627,93767.5700000003,9861046.620000001
2025|1501|4475|4|0|25|1,8820015,0,0,0,0,0,0,0,0,0
2025|1501|4475|4|0|10|1,2576388,2976388,2476388,2669246,2669245.06,1727448,1727448,307142,0.9399999999441206,941797.06
2025|1501|4476|3|0|10|1,8247744,11197744,10197744,9772744,9654130.319999998,7084977.26,6992303.07,1425000,118613.68000000156,2569153.0599999987
2025|1501|4476|4|0|97|1,0,300000,300000,0,0,0,0,300000,0,0
2025|1501|4476|4|0|10|1,1776300,1576300,1776300,973803.4400000002,846426.6000000001,559556.88,559556.88,602496.5599999998,127376.84000000008,286869.7200000001
2025|1501|4483|3|0|10|1,2221127,2221127,2221127,639827.0800000001,603349.89,317868.57999999996,308488.58,1581299.92,36477.19000000006,285481.31000000006
2025|1501|4483|4|0|25|1,0,542408,542408,346204,149974,80167.92,80167.92,196204,196230,69806.08
2025|1501|4483|4|0|95|1,0,3085000,3085000,938206,719937,292584,292584,2146794,218269,427353
2025|1501|4450|3|0|10|1,7746957,7746957,7746957,6182562.84,6077868.76,4404732.05,4295196.760000001,1564394.1600000001,104694.08000000007,1673136.71
2025|1501|4450|4|0|10|1,0,310000,310000,310000,300228,297864,70920,0,9772,2364
2025|1501|4451|3|0|10|1,4102913,4102913,4102913,3498338.37,3459286.9299999997,2681746.25,2677155.31,604574.6299999999,39051.44000000041,777540.6799999997
2025|1501|4451|4|0|10|1,4008000,4848000,4048000,4774000,4714000,345356,345356,74000,60000,4368644
2025|1501|4451|4|0|25|1,3798788,12771071.05,12771071.05,7743495.859999999,6993627.81,5001315.99,5001315.99,5027575.190000001,749868.0499999998,1992311.8199999994
2025|1501|4452|3|0|95|1,0,720000,720000,720000,720000,587543.3700000001,587543.37,0,0,132456.6299999999
2025|1501|4452|3|0|10|1,39981566,35301566,35301566,34619397.81,34402169.84,30260744.91,30132800.7,682168.1899999976,217227.9699999988,4141424.9300000034
2025|1501|4452|4|0|10|1,30000,370000,370000,340000,266969.76,61336.76,61336.76,30000,73030.23999999999,205633
2025|1501|4380|3|1|10|1,60240,60240,60240,39950,23169.01,13169.009999999998,13169.01,20290,16780.99,10000
2025|1501|4380|4|1|10|1,0,40000,40000,0,0,0,0,40000,0,0
2025|1501|4453|3|0|10|1,234500,454100,454100,404100,389258.79,310011.55,305903.99999999994,50000,14841.210000000021,79247.23999999999
2025|1501|4454|3|0|10|1,424700,308700,308700,260565.41000000003,187703.99,162520.91999999998,162520.91999999998,48134.58999999997,72861.42000000004,25183.070000000007
2025|1501|4462|3|0|10|1,309740,76217.08,76217.07999999999,55553.40999999999,51395.42,46998.72,46998.72,20663.670000000013,4157.989999999991,4396.699999999997
2025|1501|4462|3|0|95|1,2000,1272685,1372685,1179328.54,1082060.9200000002,940793.3300000001,937814.3500000001,93356.45999999996,97267.61999999988,141267.59000000008
2025|1501|4461|3|0|10|1,153140,39108,39108,39014.71,37805.61,37805.61,37805.61,93.29000000000087,1209.0999999999985,0
2025|1501|4461|3|0|80|1,0,13948185.72,13948185.72,1380717.07,1274464.7599999998,219180.92000000004,206007.37000000002,12567468.65,106252.31000000029,1055283.8399999999
2025|1501|1085|4|0|95|1,0,873749.21,873749.21,873749.21,873749.21,873749.2100000001,873749.21,0,0,-1.1641532182693481e-10
2025|1501|1085|4|0|10|1,1000,951000,951000,921925.11,921923.11,378485.57,378485.57,29074.890000000014,2,543437.54
2025|1501|4467|3|0|10|1,17241748,19044513.4,19044513.4,17335068.59,17078711.119999997,15738771.71,15036007.079999998,1709444.8099999987,256357.47000000253,1339939.4099999964
2025|1501|4467|4|0|25|1,1036756,0,0,0,0,0,0,0,0,0
2025|1501|4467|4|0|10|1,0,356056,356056,138279.05,130920.1,129470.1,65176.7,217776.95,7358.9499999999825,1450
2025|1501|4466|3|0|10|1,60179692,43357780.9,19399542.95,43045168.01,41999810.68999999,39163159.97999999,38401796.41,312612.8900000006,1045357.3200000077,2836650.710000001
2025|1501|4466|3|0|59|2,1364291,1364291,1364291,899466.16,714599.62,714599.62,714599.62,464824.83999999997,184866.54000000004,0
2025|1501|4466|3|0|91|2,3458241,3458241,3458241,2397869.37,1577851.42,1577851.42,1577851.42,1060371.63,820017.9500000002,0
2025|1501|4466|3|0|60|2,8935208,8935208,8935208,5050692.45,4000780.15,4000780.15,4000780.1499999994,3884515.55,1049912.3000000003,0
2025|1501|4466|3|0|94|1,6740052,6740052,6740052,2626439.22,2327959.4800000004,2327959.48,2327959.48,4113612.78,298479.73999999976,4.656612873077393e-10
2025|1501|4466|4|0|10|1,0,294448.42,594448.42,0,0,0,0,294448.42,0,0
2025|1501|4465|3|0|10|1,61774169,79135591.8,73709391.8,75443006.39,74937205.69999999,57589379.589999996,53120499.44,3692585.4099999964,505800.6900000125,17347826.109999992
2025|1501|4465|4|0|10|1,6285200,717475.74,3217475.74,367770,212770,91438.45,91438.45,349705.74,155000,121331.55
2025|1501|4463|3|0|10|1,26585,26585,26585,1590.8300000000004,1590.8300000000004,1590.8300000000004,1590.83,24994.17,0,0
2025|1501|4464|3|0|10|1,1066843,1066843,1066843,969829.66,949676.3799999999,641500.99,640960.98,97013.33999999997,20153.280000000144,308175.3899999999
2025|1501|4464|4|0|10|1,2470236,2530236,2530236,2530236,2498604,1748574.5,1748574.5,0,31632,750029.5
2025|1501|4470|3|1|10|1,2932053,2331575.92,2331575.92,2160349.9,2019891.98,1982061.8400000003,1772523.0899999999,171226.02000000002,140457.91999999993,37830.139999999665
2025|1501|4473|3|0|10|1,872009,872009,872009,182256.68,128122.38999999997,91957.27,76532.80999999998,689752.3200000001,54134.29000000002,36165.119999999966
2025|1501|4473|4|0|25|1,295427,0,0,0,0,0,0,0,0,0
2025|1501|4473|4|0|10|1,8091232,7351232,5951232,7002021.96,7002021.96,6007273.84,5408962.44,349210.04000000004,0,994748.1200000001
2025|1501|1084|3|1|10|1,5612473,1612473,5112473,6181.76,0,0,0,1606291.24,6181.76,0
2025|1501|4486|3|0|10|1,658023,983023,983023,777856.39,739207.6900000002,287391.47,259011.92,205166.61,38648.69999999984,451816.2200000002
2025|1501|4486|5|0|10|1,0,3366000,3366000,3366000,3366000,3366000,3366000,0,0,0
2025|1501|4487|3|0|10|1,15929680,14704680,15704680,14188369.32,14185838.65,12889726.639999997,11690750.919999998,516310.6799999997,2530.6699999999255,1296112.0100000035
2025|1501|4487|4|0|10|1,4736524,4046524,4046524,3498240,3378468,2522299,2460441,548284,119772,856169
2025|1501|4485|3|0|60|2,1832389,1832389,1832389,1811005.31,1805753.19,1535140.83,1507136.5699999998,21383.689999999944,5252.120000000112,270612.35999999987
2025|1501|4485|3|0|10|1,29986212,28023534.41,28766891.78,26939771.720000006,26660224.47,24211635.16,23333027.9,1083762.689999994,279547.25000000745,2448589.3099999987
2025|1501|4485|4|0|25|1,334081,0,0,0,0,0,0,0,0,0
2025|1501|4485|4|0|10|1,758250,158250,8250,88250,65141.07,65141.07000000001,65141.07,70000,23108.93,-7.275957614183426e-12
2025|1501|4492|3|0|82|1,22494416,16664089,16664089,16662153.280000003,16519659.920000002,13796997.569999998,13319056.5,1935.7199999969453,142493.36000000127,2722662.3500000034
2025|1501|4492|3|0|15|1,2765208,4215208,4184128,4015208,3890816.7399999998,3395803.5900000003,3173612.4199999995,200000,124391.26000000024,495013.14999999944
2025|1501|4492|4|0|82|1,296720,216720,216720,204800,144789,129790,9800,11920,60011,14999
2025|1501|4495|3|0|82|1,30589064,25249064,25249064,25246722.700000003,25236694.5,20924931.88,18769050.57,2341.2999999970198,10028.20000000298,4311762.620000001
2025|1501|4495|3|0|15|1,4369355,5569355,5569355,5467302.149999999,5437057.83,4854669.35,4507773.430000002,102052.85000000056,30244.319999999367,582388.4800000004
2025|1501|4495|4|0|82|1,2002856,0,0,0,0,0,0,0,0,0
2025|1501|4496|3|0|82|1,9379114,14374114,14374114,14372180.709999999,13453631.24,8658317.82,8477360.510000002,1933.2900000009686,918549.4699999988,4795313.42
2025|1501|4496|3|0|15|1,27499071,35799071,58830151,31048853.15,30881972.419999998,27551537.5,25217596.88,4750217.8500000015,166880.73000000045,3330434.919999998
2025|1501|4496|4|0|15|1,1656000,1561899.4,1561899.4,1561899.4000000001,1231835.99,340073.5,340073.5,-2.3283064365386963e-10,330063.41000000015,891762.49
2025|1501|4496|4|0|82|1,4447737,3037737,3037737,3015008,2813013,1432693,1432693,22729,201995,1380320
2025|1501|4496|4|0|74|1,3012300,3019708.1,3019708.1,44477.479999999996,43307,0,0,2975230.62,1170.479999999996,43307
2025|1501|4494|3|0|82|1,34032610,46267610,46267610,46245461.169999994,46168387.989999995,38325280.68,37891448.629999995,22148.830000005662,77073.1799999997,7843107.309999995
2025|1501|4494|3|0|15|1,71763600,46812520,37812520,42012519.99999999,41908481.99000001,35126320.87,35119801.07,4800000.000000007,104038.00999998301,6782161.120000012
2025|1501|4494|4|0|82|1,1038517,0,0,0,0,0,0,0,0,0
2025|1501|4494|4|0|15|1,0,94100.6,94100.59999999998,93631,30550,1400,1400,469.6000000000058,63081,29150
2025|1501|4491|1|0|10|1,75289006,77222632,74090272.61890094,73829993.12,73829993.11999997,73759126.52000001,73675531.66,3392638.879999995,2.9802322387695312e-08,70866.59999996424
2025|1501|4491|3|0|82|1,2714807,1174807,1174807,1169930.58,1167896.1,950368.87,950368.8699999999,4876.4199999999255,2034.4799999999814,217527.2300000001
2025|1501|4491|3|0|10|7,3884974,3987626,3846844.4266324667,3815763.42,3815763.42,3815763.42,3815763.42,171862.58000000007,0,0
2025|1501|4491|3|0|15|1,107013200,169325597.05,155325597.05,166913987.78,166907084.24,160641384.79,148268764.87,2411609.2700000107,6903.539999991655,6265699.450000018
2025|1501|2500|3|0|10|1,5679992,5379992,4326650,4507483.2,4297385.380000001,3429582.3800000004,3399784.68,872508.7999999998,210097.81999999937,867803.0000000005
2025|1501|2500|4|0|10|1,373796,1847071.84,1847071.8399999999,1847071.8399999999,1740771.84,1203870.2200000002,998172.13,2.3283064365386963e-10,106299.99999999977,536901.6199999999
2025|1501|2417|1|0|95|1,0,721335.53,715863.2600000006,715863.26,715863.26,715863.26,715863.26,5472.270000000019,0,0
2025|1501|2417|1|0|10|1,201665675,191002281,180930986.3960806,181081082.95,181081082.94999996,181029984.18999997,181029984.19000003,9921198.050000012,2.9802322387695312e-08,51098.75999999046
2025|1501|2417|3|0|95|1,0,0,-533460.53,0,0,0,0,0,0,0
2025|1501|2417|3|0|10|1,1455051,1455051,1455051,912911.7400000001,912908.7400000002,912908.7400000002,912908.74,542139.2599999999,2.9999999998835847,0
2025|1501|2417|3|0|10|7,18202125,18296490,17569616.173367534,17409072.380000006,17409072.380000003,17409072.380000003,17409072.380000003,887417.6199999936,3.725290298461914e-09,0
2025|1511|1052|3|0|10|1,1000,1000,1000,0,0,0,0,1000,0,0
2025|1511|4067|3|1|10|1,1000,1000,1000,0,0,0,0,1000,0,0
2025|1511|4067|4|1|1|1,0,26658.3,26658.3,26658.3,26658.3,26658.3,26658.3,0,0,0
2025|1511|1005|3|0|10|1,1000,1000,1000,0,0,0,0,1000,0,0
2025|1511|1005|4|0|98|1,0,396000,396000,396000,353000,0,0,0,43000,353000
2025|1511|4063|3|0|10|1,1000,1000,1000,0,0,0,0,1000,0,0
2025|1511|4063|4|0|95|1,0,44056666.34,44056666.34,0,0,0,0,44056666.34,0,0
2025|1511|1051|3|0|10|1,1000,1000,1000,0,0,0,0,1000,0,0
2025|1511|4062|3|0|10|1,4335049,4335049,4335049,3684364.6699999995,3684263.5999999996,1728440.6199999999,1446378.01,650684.3300000005,101.06999999983236,1955822.9799999997
2025|1511|1006|3|0|10|1,1000,1000,1000,0,0,0,0,1000,0,0
2025|1511|1006|4|0|70|1,0,10000,10000,0,0,0,0,10000,0,0
2025|1511|1006|4|0|10|4,300000,300000,300000,0,0,0,0,300000,0,0
2025|1511|1006|4|0|98|1,0,1170947.58,1170947.58,0,0,0,0,1170947.58,0,0
2025|1511|1006|4|0|25|1,600000,5400000,5400000,0,0,0,0,5400000,0,0
2025|1511|1007|3|1|10|8,628400,436000,436000,436000,429308.21,0,0,0,6691.789999999979,429308.21
2025|1511|1007|3|1|10|1,1000,1000,1000,0,0,0,0,1000,0,0
2025|1511|1007|4|1|98|1,0,396000,396000,396000,396000,0,0,0,0,396000
2025|1511|1007|4|1|15|1,0,650000,650000,650000,601684.81,9782.19,6700,0,48315.189999999944,591902.6200000001
2025|1511|1007|4|1|10|8,20340819,8101034,8101034,8066906,7715866.369999999,3463813.18,3345685.54,34128,351039.6300000008,4252053.1899999995
2025|1511|1003|3|1|60|2,0,1947424.73,1947424.73,1947424.73,313432.73,152495.43,152495.43,0,1633992,160937.3
2025|1511|1003|3|1|10|1,1000,1000,1000,0,0,0,0,1000,0,0
2025|1511|1003|4|1|25|1,320640,960918,960918,960918,960918,958246,958246,0,0,2672
2025|1511|1003|4|1|60|2,0,20888860,20888860,20888860,10650900,10650900,10650900,0,10237960,0
2025|1511|4061|3|0|10|8,0,200000,200000,200000,200000,200000,200000,0,0,0
2025|1511|4061|3|0|10|1,18577050,12432226.88,12432226.879999999,11646204.85,11642399.550000003,10047493.21,9323139.059999999,786022.0300000012,3805.2999999970198,1594906.3400000017
2025|1511|4061|4|0|10|8,1090000,570000,570000,570000,569902.11,147708.74,133693.63,0,97.89000000001397,422193.37
2025|1511|4061|4|0|10|1,1426204,24128,24128,24127.99999999994,24128,22358,20448,5.820766091346741e-11,-5.820766091346741e-11,1770
2025|1511|4061|4|0|10|3,0,27379.81,27379.81,0,0,0,0,27379.81,0,0
2025|1511|4061|4|0|1|1,0,365813.77,365813.77,155726.82,155563.44,44019.44,44019.44,210086.95,163.38000000000466,111544
2025|1511|4060|3|0|45|1,0,11543.05,11543.05,11543.05,11543.05,11543.05,11543.05,0,0,0
2025|1511|4060|3|0|10|8,0,40000,40000,40000,37359.06,0,0,0,2640.9400000000023,37359.06
2025|1511|4060|3|0|70|1,0,94500,94500,94500,762.7,0,0,0,93737.3,762.7
2025|1511|4060|3|0|9|1,0,3921300.7,3921300.7,3921300.7,3565543.75,3386273.75,3251543.75,0,355756.9500000002,179270
2025|1511|4060|3|0|24|1,207331,207331,207331,0,0,0,0,207331,0,0
2025|1511|4060|3|0|10|1,102238086,102168086,90094753.6784468,99400042.1,99351116.89,85409661.62,82400105.59,2768043.900000006,48925.20999999344,13941455.269999996
2025|1511|4060|3|0|95|1,0,4759044.95,4759044.95,1880320.8200000003,1880320.8200000003,301232.82999999996,277684.77,2878724.13,0,1579087.9900000002
2025|1511|4060|4|0|9|1,387000,360360,360360,360360,360360,360360,360360,0,0,0
2025|1511|4060|4|0|15|1,0,520000,14505950,520000,519981.19,0,0,0,18.80999999999767,519981.19
2025|1511|4060|4|0|10|8,3150000,490000,490000,490000,488004.57999999996,210878.41,206686.25,0,1995.420000000042,277126.1699999999
2025|1511|4060|4|0|46|1,0,1132477.58,1132477.58,1132477.58,879060,441353,441353,0,253417.58000000007,437707
2025|1511|4060|4|0|15|0,0,13985950,0,13985950,13475950,0,0,0,510000,13475950
2025|1511|4060|4|0|70|1,0,963963.4,873333.2,963963.3999999999,947910.5,525855.8099999999,524754.47,1.1641532182693481e-10,16052.899999999907,422054.69000000006
2025|1511|4060|4|0|10|3,0,329724.31,329724.31,297944.82,297905.42000000004,926.83,926.83,31779.48999999999,39.399999999965075,296978.59
2025|1511|4060|4|0|97|1,0,1452781.82,1452781.82,105154.51000000001,103801.57,44695.880000000005,44695.880000000005,1347627.31,1352.9400000000023,59105.69
2025|1511|4060|4|0|98|1,0,7604262,7604262,6016940.71,5209615.920000001,2669857.06,2110384.51,1587321.29,807324.7899999991,2539758.860000001
2025|1511|4060|4|0|1|1,2103494,1804318.22,1804318.2199999997,83636.57,54662.57,54662.57,54662.57,1720681.65,28974.000000000007,0
2025|1511|4060|4|0|80|1,14445369,3162316,3162316,0,0,0,0,3162316,0,0
2025|1511|4060|4|0|24|1,5965513,5965513,5965513,922545.31,922514,272194,35163,5042967.6899999995,31.31000000005588,650320
2025|1511|4060|4|0|95|1,0,9839951.74,9839951.74,3519974.46,3391818.6999999997,284885.33,261428.79,6319977.28,128155.76000000024,3106933.3699999996
2025|1511|4060|4|0|10|1,24694170,32914999.63,28798114.870000005,26014962.299999997,26014961.299999997,25487576.059999995,22425936.47,6900037.330000002,1,527385.2400000021
2025|1511|4060|4|0|2|1,22974774,27305499.28,27305499.279999997,4330725.279999999,4330725.279999999,1194642.9,1194642.9,22974774,0,3136082.3799999994
2025|1511|1004|3|0|95|1,0,12779146.67,12779146.67,12779146.67,12551972.56,12469584.57,12099084.690000001,0,227174.1099999994,82387.99000000022
2025|1511|1004|3|0|10|1,23001000,29351633.4,29351633.4,26099999,26099999,22344379.98,22344379.98,3251634.3999999985,0,3755619.0199999996
2025|1511|4065|3|0|10|1,49385244,64969644,64969644,57965793.32999999,57965792.33000001,52731465.31,52695285.60999999,7003850.670000009,0.9999999776482582,5234327.020000011
2025|1511|4065|4|0|10|1,336000,336000,336000,336000,336000,336000,289016.67000000004,-5.820766091346741e-11,5.820766091346741e-11,0
2025|1511|4065|4|0|25|1,320640,960918,960918,960918,960918,899796,899796,0,0,61122
2025|1511|2011|1|0|10|1,3043943,5129636,5001452.379898649,4994818.040000001,4994818.04,4994818.04,4994818.039999999,134817.95999999903,9.313225746154785e-10,0
2025|1511|2011|3|0|10|1,368875,368875,368875,360539.74999999994,360539.75,351655.39999999997,350746,8335.250000000058,-1.1641532182693481e-10,8884.350000000093
2025|1511|2011|3|0|10|7,304079,60104693,433685.8952384442,442622.51,442622.51,442622.51,442622.51,59662070.49,0,0
2025|1511|2011|4|0|10|1,0,7894.4,7894.4,6472.75,6472.75,5678,4311,1421.6499999999996,0,794.75
2025|1511|2008|3|0|10|1,1463516,708339.12,708339.12,670668.52,670667.8500000001,607820.4299999999,590626.0099999998,37670.59999999998,0.6699999999254942,62847.42000000016
2025|1511|2008|4|0|10|1,216000,64807,64807,64807.000000000015,64807,64667,42024,-1.4551915228366852e-11,7.275957614183426e-12,140.00000000000728
2025|1511|4066|3|0|60|1,0,735000,735000,735000,735000,0,0,0,0,735000
2025|1511|4066|3|0|10|1,2053988,2053988,2053988,1803583.5399999998,1803583.54,1612997.9599999997,1560122.32,250404.4600000002,-2.3283064365386963e-10,190585.5800000003
2025|1511|4066|4|0|10|1,48000,422059.55,422059.55,422059.54999999993,422022.22,318283.84,255946.84,5.820766091346741e-11,37.32999999995809,103738.37999999995
2025|1511|4066|4|0|98|1,0,381695.16,381695.16,0,0,0,0,381695.16,0,0
2025|1511|4066|4|0|9|1,0,620656,620656,0,0,0,0,620656,0,0
2025|1511|7010|3|0|10|7,10458961,8527399,8436583.646347836,8525332.670000002,8514612.290000001,8514612.290000001,8509444.29,2066.329999998212,10720.38000000082,0
2025|1511|2500|3|0|10|1,8549445,8549445,8549445,7360599.349999999,7360598.840000001,6898244.069999998,6329435.64,1188845.6500000013,0.5099999979138374,462354.77000000235
2025|1511|2500|4|0|10|1,725524,576009.42,576009.42,576009.4199999999,576007.4199999999,559853.4199999999,458573.92,1.1641532182693481e-10,2,16154
2025|1511|2417|1|0|57|2,20758,20758,13469.72144228311,14460.169999999998,14460.170000000002,14460.170000000002,14460.17,6297.830000000002,-3.637978807091713e-12,0
2025|1511|2417|1|0|11|1,1239971290,1680142265.97,1625196457.1,1625196457.1,1625196457.1,1625196457.1,1625196457.1,54945808.870000124,0,0
2025|1511|2417|1|0|10|1,1418791641,1174639414,973624368.2003435,979607149.6300001,979607149.6299999,979607149.6299999,979607149.6299999,195032264.3699999,2.384185791015625e-07,0
2025|1511|2417|3|0|10|7,98349798,210193676,207303231.14091372,210027473.64,210027473.64,210027473.64,210027473.64000002,166202.3600000143,0,0
2025|1511|0|3|0|9|1,0,0,352519.47,0,0,0,0,0,0,0
2025|1511|0|4|0|74|1,0,0,7544.48,0,0,0,0,0,0,0
2025|1511|0|4|0|1|1,0,0,28244.8799999999,0,0,0,0,0,0,0
2025|1511|0|4|0|70|1,0,0,142599.49,0,0,0,0,0,0,0
2025|1511|0|4|0|98|1,0,0,421876.55,0,0,0,0,0,0,0
2025|1511|0|4|0|2|1,0,0,495819.149999999,0,0,0,0,0,0,0
2025|1511|0|4|0|24|1,0,0,919152.84,0,0,0,0,0,0,0
2025|1521|4306|3|0|10|1,10000,9754,9754,9754,9754,9754,9754,0,0,0
2025|1521|4305|3|0|10|1,15375,12139.36,12139.36,12139.36,12139.36,12139.359999999999,12139.36,0,0,1.8189894035458565e-12
2025|1521|4304|3|0|10|1,337292,314574.36,49574.36,274494.36,274494.36,249896.30000000002,249896.3,40080,0,24598.05999999997
2025|1521|4304|4|0|9|1,0,70000,70000,70000,70000,0,0,0,0,70000
2025|1521|4304|4|0|95|1,0,892552,892552,882552,848800.91,771468,771468,10000,33751.08999999997,77332.91000000003
2025|1521|4304|4|0|10|1,2135577,1995395.36,1169956,991020.86,991020.86,948799,948799,1004374.5,0,42221.859999999986
2025|1521|4308|3|0|10|1,10000,0,0,0,0,0,0,0,0,0
2025|1521|4309|3|0|10|1,126591,153569.57,158751.92,153569.57,153569.57000000004,145759.37,145759.37,0,-2.9103830456733704e-11,7810.200000000041
2025|1521|4309|3|0|95|1,0,18624,11640,18624,18624,16296,16296,0,0,2328
2025|1521|4309|3|0|9|1,0,55525.2,55525.2,55525.2,54113.76,48007.03999999999,48007.04,0,1411.439999999995,6106.720000000008
2025|1521|4307|3|0|10|1,27783,33752.27,33783,33752.17,33752.17,33752.17,33752.170000000006,0.09999999999854481,0,0
2025|1521|4310|3|0|10|1,7688,13633.14,13633.14,13633.14,13633.14,13633.14,13633.14,0,0,0
2025|1521|4303|3|0|9|1,0,17101.2,17101.2,17101.2,17101.2,17101.199999999997,17101.2,0,0,3.637978807091713e-12
2025|1521|4303|3|0|10|1,395848,215263.7,221350.7,213008.2,213008.19999999995,204208.02000000002,199146.02,2255.5,5.820766091346741e-11,8800.179999999935
2025|1521|4311|3|0|10|1,7688,6729,5144,6728.4,6728.4,3328,3328,0.6000000000003638,0,3400.3999999999996
2025|1521|4312|3|0|9|1,0,27600,27600,27600,27600,27600,27600,0,0,0
2025|1521|4312|3|0|10|1,187225,236975.82,213508.97,236179.43,236179.43,236179.43000000002,236179.42999999996,796.390000000014,0,-2.9103830456733704e-11
2025|1521|4312|3|0|59|1,30000,30000,30000,0,0,0,0,30000,0,0
2025|1521|4314|3|0|95|1,0,9312,9312,9312,9312,9312,9312,0,0,0
2025|1521|4314|3|0|9|1,0,156030,156030,156030,156030,156030,156030,0,0,0
2025|1521|4314|3|0|10|1,218538,667626.94,680573.61,661746.56,661746.56,80712,80712,5880.379999999888,0,581034.56
2025|1521|4313|3|0|10|1,3100,8863.86,8864,8863.86,8863.86,8267.86,8267.86,0,0,596
2025|1521|2500|3|0|9|1,0,30420,30420,30420,30420,30420,30420,0,0,0
2025|1521|2500|3|0|10|1,1274006,1017635.11,1043085.94,1017554.19,1017554.1899999998,1007166.71,1007166.71,80.92000000004191,1.1641532182693481e-10,10387.479999999865
2025|1521|2500|4|0|95|1,0,452997,0,452997,448818,0,0,0,4179,448818
2025|1521|2500|4|0|10|1,0,76530.88,47123,76530,76530,0,0,0.8800000000046566,0,76530
2025|1521|2417|1|0|10|1,64318757,63371172,61745360.232879594,62038811.32999999,61839858.309999995,61839858.309999995,61839858.30999999,1332360.6700000092,198953.01999999583,0
2025|1521|2417|3|0|10|1,187200,174467.63,177200,158457.01,158356.07,158356.07,158356.07,16010.619999999995,100.94000000000233,0
2025|1521|2417|3|0|10|7,3689541,3689541,3290204.2175,3279217.7599999993,3279217.76,3279217.76,3279217.76,410323.2400000007,-4.656612873077393e-10,0
2025|1521|0|3|0|9|1,0,0,104518.56,0,0,0,0,0,0,0
2025|1541|4050|3|0|10|1,1038905,1334005,1334005,1300719.17,1019478.7899999999,895649.9099999999,895649.9099999999,33285.830000000075,281240.38,123828.88
2025|1541|4049|3|0|10|1,2469291,2011217.41,2011217.41,1991569.9200000002,1681918.0299999998,1333761.32,1333761.3200000003,19647.489999999758,309651.89000000036,348156.70999999973
2025|1541|4049|4|0|10|1,1401735,1415735,1415735,1415735,1402594.32,1277291.4999999998,1277291.5,0,13140.679999999935,125302.8200000003
2025|1541|2500|3|0|10|1,2691804,2815808.05,2815808.05,2677807.6999999997,2404072.2,2004654.69,2002781.02,138000.3500000001,273735.49999999953,399417.51000000024
2025|1541|2500|4|0|10|1,398265,1759050,1759050,1758992.1900000002,1683506.27,909598.6799999999,695847.14,57.80999999982305,75485.92000000016,773907.5900000001
2025|1541|2417|1|0|10|1,15601413,15993930,15864465.44911918,15801775.809999999,15801775.809999999,15801775.809999999,15801775.81,192154.19000000134,0,0
2025|1541|2417|3|0|10|7,1309352,1439907,1350101.01,1358660.8099999998,1358660.81,1358660.81,1358660.81,81246.19000000018,-2.3283064365386963e-10,0
2025|1631|4007|3|0|10|1,579732,669732,669732,669732,654467.1800000002,654467.18,654467.18,0,15264.819999999832,1.1641532182693481e-10
2025|1631|2500|3|0|10|1,1249332,2659332,2659332,2658947.5500000003,2637917.85,2599868.39,2599868.3900000006,384.4499999997206,21029.700000000186,38049.45999999996
2025|1631|2500|4|0|10|1,4500,4500,0,0,0,0,0,4500,0,0
2025|1631|2417|1|0|10|1,8250294,8648148,8624537.708772246,8639825.330000002,8604825.33,8549831.7,8549831.700000001,8322.669999998063,35000.00000000186,54993.63000000082
2025|1631|2417|3|0|10|7,569772,598022,594378.02,596345.52,596345.52,596345.52,596345.52,1676.4799999999814,0,0
2025|1711|2003|3|0|10|1,375359,399359,399359,392678.57,367140.60000000003,349220.55000000005,349220.55000000005,6680.429999999993,25537.969999999972,17920.04999999999
2025|1711|2003|4|0|10|1,0,54220,54220,54000,53394.7,53394.7,53394.7,220,605.3000000000029,0
2025|1711|2002|3|0|69|1,0,450000,450000,450000,325000,325000,325000,0,125000,0
2025|1711|2002|3|0|10|1,3810902,3038806.76,3392582.76,3037738.3400000003,3015478.22,2923067.42,2923067.42,1068.4199999994598,22260.12000000011,92410.80000000028
2025|1711|2002|4|0|10|1,0,109185.24,109185.24,102185.24,35733.37,25523.81,25523.81,7000,66451.87,10209.560000000001
2025|1711|2001|3|0|10|1,151619332,152169332,151725556,152169332,151949165.42999998,83753453.38999999,83516597.46000002,0,220166.57000002265,68195712.03999999
2025|1711|2001|3|0|95|1,0,12000000,12000000,12000000,11175609,0,0,0,824391,11175609
2025|1711|2500|3|0|10|1,1977048,2001048,2001048,1999994.5800000003,1981416.68,1912351.99,1912351.99,1053.4199999996927,18577.900000000373,69064.68999999994
2025|1711|2500|4|0|10|1,0,4690,4690,4690,4690,4690,4690,0,0,0
2025|1711|2417|1|0|10|1,10626803,10916201,10758207.911784615,10785935.490000002,10785935.49,10785935.49,10785935.49,130265.50999999791,1.862645149230957e-09,0
2025|1711|2417|3|0|10|7,1545004,1589801,1480894.3900000001,1488100.3900000001,1488100.3900000001,1488100.3900000001,1488100.39,101700.60999999987,0,0
2025|1711|0|3|0|69|1,0,0,6103.89000000001,0,0,0,0,0,0,0
2025|1721|4111|3|0|10|1,15000,15000,15000,11000,0,0,0,4000,11000,0
2025|1721|2010|3|0|10|1,1000,1000,1000,0,0,0,0,1000,0,0
2025|1721|4100|3|0|10|1,1000,1000,1000,0,0,0,0,1000,0,0
2025|1721|2066|3|0|10|1,747739,657894.38,507035,618494.3800000001,245440.71,230679.24000000002,226195.74,39399.99999999988,373053.67000000016,14761.469999999972
2025|1721|2062|3|0|10|1,766819,766819,725779,747145.5199999998,736784.55,652871.59,650268.3499999999,19673.480000000214,10360.96999999974,83912.96000000008
2025|1721|2070|3|0|10|1,1445201,1445201,1445201,1404888.97,1257061.53,1181071.32,1086858,40312.03000000003,147827.43999999994,75990.20999999996
2025|1721|2070|4|0|10|1,79959,79959,79959,78971.29999999999,39619,3694.04,3694.04,987.7000000000116,39352.29999999999,35924.96
2025|1721|2500|3|0|10|1,1313673,1259697,911252,734893.5099999999,661584.6599999999,602926.23,578101.34,524803.4900000001,73308.84999999998,58658.429999999935
2025|1721|2417|1|0|10|1,7391806,7391806,6860737.340739651,6850540.580000001,6850540.58,6762740.79,6762740.79,541265.419999999,9.313225746154785e-10,87799.79000000004
2025|1721|2417|3|0|10|7,940982,940982,850871.4099999999,861541.91,861541.9099999999,861541.9099999999,861541.91,79440.08999999997,1.1641532182693481e-10,0
2025|1911|2049|3|0|71|1,0,87409382.55,87409382.55,87409382.55,87409382.55,87409382.55,87409382.55,0,0,0
2025|1911|2049|3|0|25|1,0,9000000,9000000,9000000,8973018.66,8973018.66,8973018.66,0,26981.33999999985,0
2025|1911|2049|3|0|10|1,8765551,8765551,8765551,20101.939999997616,101.93999999999869,101.94000000000187,101.94,8745449.060000002,19999.999999997617,-3.183231456205249e-12
2025|1911|2049|5|0|10|1,0,160000000,160000000,160000000,152142173.39,152142173.39,152142173.39,0,7857826.610000014,0
2025|1911|7663|3|0|10|1,881999520,961999520,961999520,961999520,961999520,878304599.37,878304599.37,0,0,83694920.63
2025|1911|7663|3|0|51|1,2000000,2000000,2000000,1000000,740148.89,740148.89,740148.89,1000000,259851.11,0
2025|1915|7723|5|0|10|1,1000,1000,1000,0,0,0,0,1000,0,0
2025|1915|7541|5|0|10|1,1000,1000,1000,0,0,0,0,1000,0,0
2025|1915|7054|5|0|10|1,1000,1000,1000,0,0,0,0,1000,0,0
2025|1915|7758|5|0|10|1,1000,1000,1000,0,0,0,0,1000,0,0
2025|1915|7707|5|0|10|1,1000,1000,1000,0,0,0,0,1000,0,0
2025|1915|7700|5|0|10|1,1000,1000,1000,0,0,0,0,1000,0,0
2025|1915|7737|5|0|10|1,1000,1000,1000,0,0,0,0,1000,0,0
2025|1915|7759|5|0|10|1,1000,26000,26000,25000,22302.5,22302.5,22302.5,1000,2697.5,0
2025|1915|7734|5|0|10|1,1000,20001000,20001000,20000000,20000000,20000000,20000000,1000,0,0
2025|1915|7752|5|0|61|2,110000,110000,110000,110000,20700.06,20700.06,20700.06,0,89299.94,0
2025|1915|7752|5|0|80|1,110000000,70000000,70000000,0,0,0,0,70000000,0,0
2025|1916|7013|5|0|10|1,1000,1000,0,0,0,0,0,1000,0,0
2025|1916|7658|2|0|10|1,57616260,57616260,57616260,57616259.61,57616259.61,57616259.61,0,0.39000000059604645,0,0
2025|1916|7658|6|0|10|1,15243040,15243040,15243040,15243039.629999999,15243039.629999999,15243039.629999999,0,0.3700000010430813,0,0
2025|1916|7043|2|0|10|1,36424309,36424309,36057145.7,36057145.7,36045901.87,36045901.87,36045901.87,367163.299999997,11243.830000005662,0
2025|1916|7043|6|0|10|1,44624684,44624684,44622000,44622000,44621858.04000001,44621858.04000001,44621858.04,2684,141.9599999934435,0
2025|1916|7030|2|0|10|1,83008174,86008174,85275000,85275000,85183082.91000001,85183082.91000001,85183082.91,733174,91917.08999998868,0
2025|1916|7030|6|0|10|1,134213731,135213731,134720000,134720000,134708387.42000002,134708387.42000002,134708387.42000002,493731,11612.57999998331,0
2025|1916|7896|2|0|10|1,313687644,1000,0,0,0,0,0,1000,0,0
2025|1916|7896|6|0|10|1,572714378,1000,0,0,0,0,0,1000,0,0
2025|1916|7003|6|0|10|1,983126506,1347426506,1347352297.2499998,1347352297.25,1347352297.25,1347352297.25,1347352297.25,74208.75,0,0
2025|1916|7886|2|0|11|1,289215634,289215634,289215634,289215634,289215634,289215634,289215634,0,0,0
2025|1916|7886|2|0|19|1,504269510,504269510,504263510.22,504263510.22,504263510.21999997,504263510.21999997,504263510.22,5999.77999997139,5.960464477539063e-08,0
2025|1916|7886|2|0|10|1,945464613,2789843628,2458423467.23,2788423467.23,2448332208.8700004,2448332208.87,2448332208.87,1420160.769999981,340091258.35999966,4.76837158203125e-07
2025|1916|7886|6|0|10|1,3581578883,1762496790.62,1623000000,1623000000,1608139451.2400002,1608139451.2400002,1608139451.24,139496790.6199999,14860548.759999752,0
2025|1941|4489|3|0|10|1,2452208,1628113.92,2254320.01,0,0,0,0,1628113.92,0,0
2025|1941|4488|3|0|94|1,0,20000,20000,20000,20000,3277.95,3277.95,0,0,16722.05
2025|1941|4488|3|0|52|2,0,35000,35000,35000,35000,16806.64,16806.64,0,0,18193.36
2025|1941|4488|3|0|91|2,0,120000,120000,120000,120000,77879.13,77879.13,0,0,42120.869999999995
2025|1941|4488|3|0|60|2,0,677173.36,677173.36,677173.36,677173.36,365784.44999999995,365784.45,0,0,311388.91000000003
2025|1941|4488|3|0|10|1,1000,1685015.2,1565593.4699999995,1685015.2,1684005.6800000002,805542.2100000002,805542.2099999998,0,1009.5199999997858,878463.47
2025|1941|7024|1|0|10|1,35959710,21739420,20516103.956051957,20476943.490000002,20476943.49,20476943.49,20476943.49,1262476.509999998,3.725290298461914e-09,0
2025|1941|7441|1|0|10|1,173432913,176932913,171667768.74171355,171522527.68,171522527.68,171522527.68,171522527.68,5410385.319999993,0,0
2025|1951|2132|3|0|10|3,7000000,1385884.05,1421884.0500000005,0,0,0,0,1385884.05,0,0
2025|1951|2132|3|0|71|3,13498418,6660908.39,6660908.390000001,0,0,0,0,6660908.39,0,0
2025|1951|2132|4|0|10|3,11702339,10948935.25,10948935.249999998,0,0,0,0,10948935.25,0,0
2025|1951|2131|3|0|97|1,100000000,0,0,0,0,0,0,0,0,0
2025|1951|2131|3|0|98|1,0,65313168.4,0,0,0,0,0,65313168.4,0,0
2025|1991|9999|3|0|15|8,15035000,15035000,0,0,0,0,0,15035000,0,0
2025|1991|9999|9|0|10|1,1038063607,495268934.21,0,0,0,0,0,495268934.21,0,0
2025|2011|4068|3|0|50|1,10727555,16127555,16127555,16127555,9951434.309999997,8587943.580000002,8580957.889999997,0,6176120.690000003,1363490.7299999949
2025|2011|2012|3|0|50|1,9874683,13024683,13024683,13024682.999999998,11934674.74,11082735.730000002,11082735.73,1.862645149230957e-09,1090008.259999998,851939.0099999979
2025|2011|2012|4|0|50|1,5226032,9626032,9626032,9626032,9519499.66,6664510.16,6664510.16,0,106532.33999999985,2854989.5
2025|2011|4410|3|0|50|1,84149272,84149272,84149272,84149272,84149272,70445046.94,70445046.94,0,0,13704225.060000002
2025|2011|4074|3|0|50|1,118843190,180477290,180477290,180477290,177922312.65000004,155586197.69,155558201.53999996,0,2554977.3499999642,22336114.96000004
2025|2011|4074|3|0|49|1,131668769,170084669,170084669,170084669,144771297.61999997,120134352.51000011,120094071.30000001,0,25313371.380000025,24636945.109999865
2025|2011|4073|3|0|60|1,119721711,113162411,113162411,113162411,113162411,113108975.88000003,113108975.88000003,0,0,53435.119999974966
2025|2011|4073|3|0|10|1,0,4149139.2,4149139.2,4149139.2,4149139.1999999997,4149139.1999999997,4149139.1999999997,0,4.656612873077393e-10,0
2025|2011|4073|3|0|49|1,0,95968741,95968741,95968741,74664707.68,70968741,70968741,0,21304033.319999993,3695966.680000007
2025|2011|4073|3|0|50|1,259819164,598850423,598850423,598850423,529569177.86999995,427599834.50000006,427599834.49999964,0,69281245.13000005,101969343.36999989
2025|2011|4230|3|0|50|1,11444337,11444337,11444337,11444337,10467614.85,9410183.58,9410183.580000002,0,976722.1500000004,1057431.2699999996
2025|2011|4230|4|0|50|1,449600,449600,449600,449600,311862.77,236054.27000000002,236054.27000000002,0,137737.22999999998,75808.5
2025|2011|4229|3|0|50|1,16682260,16682260,16682260,16682259.999999996,14232636.010000002,12561261.68,12561261.68,3.725290298461914e-09,2449623.9899999946,1671374.330000002
2025|2011|4229|4|0|50|1,1224400,4224400,4224400,2724400,1355774.02,86858.12999999999,86858.13,1500000,1368625.98,1268915.8900000001
2025|2011|4231|3|0|50|1,286260952,272660952,272660952,272660952,255803823.47,207528314.51999998,207519272.50000006,0,16857128.53,48275508.95000002
2025|2011|4231|4|0|50|1,20411720,25411720,25411720,25411720.000000004,12358863.24,2467966.2100000004,2467966.2100000004,-3.725290298461914e-09,13052856.760000004,9890897.03
2025|2011|4409|3|0|60|1,903106,1043106,1043106,1043106,1043106,945485.3,945485.3,0,0,97620.69999999995
2025|2011|2014|3|0|60|1,0,295000,295000,295000,0,0,0,0,295000,0
2025|2011|2014|3|0|10|1,7879430,40276020.98,40276020.980000004,25195420.14999999,24618947.099999998,17400418.57,17400418.57,15080600.830000006,576473.0499999933,7218528.5299999975
2025|2011|2014|4|0|10|1,560693,3855557,3855557,3829042,3238464,2273003.6,2273003.6,26515,590578,965460.3999999999
2025|2011|2039|3|0|50|1,20071224,23371224,23371224,23371223.999999993,20862682.919999998,17468534.019999992,17468534.020000003,7.450580596923828e-09,2508541.0799999945,3394148.900000006
2025|2011|2039|4|0|50|1,200000,200000,200000,200000,172020.24,133431.39,133431.38999999998,0,27979.76000000001,38588.84999999998
2025|2011|7004|1|0|60|9,8918214,8918214,8918214,8918214,5289634.119999999,5289522.22,5289522.22,0,3628579.880000001,111.8999999994412
2025|2011|7004|1|0|10|9,132252532,189594799.1,132252532,189594799.1,166988691.14999992,166988691.14999992,166988691.1499999,0,22606107.950000077,0
2025|2011|7004|3|0|60|9,100000,100000,100000,100000,33500.619999999995,33500.619999999995,33500.619999999995,0,66499.38,0
2025|2011|7004|3|0|10|9,2352071,2352071,2352071,0,0,0,0,2352071,0,0
2025|2011|2500|3|0|60|1,0,6024300,6024300,6024300,0,0,0,0,6024300,0
2025|2011|2500|3|0|50|1,55447459,75129127,75129127,75129126.99999999,56393381.17000001,49389563.57,49378937.57,1.4901161193847656e-08,18735745.829999976,7003817.600000009
2025|2011|2500|4|0|50|1,4675000,10630400,10630400,10630400,3918044.1,1604565.42,1604565.42,0,6712355.9,2313478.68
2025|2011|2500|4|0|47|1,80000,80000,80000,0,0,0,0,80000,0,0
2025|2011|2417|1|0|49|1,280522232,281669439,279258135.6250003,279775545.1200002,279775545.12,279724495.34999996,279724495.3500001,1893893.8799998164,1.7881393432617188e-07,51049.77000004053
2025|2011|2417|1|0|57|2,9326709,9326709,6744391.250212285,6731077.6,6731077.6,6731077.6,6731077.6,2595631.4000000004,0,0
2025|2011|2417|3|0|49|7,36867572,35720365,34184943.465,33860390.86,33860390.86,33860390.86,33860390.86,1859974.1400000006,0,0
2025|2011|2417|3|0|49|1,0,13600000,13600000,9437344.15,9437344.15,9437344.15,9437344.15,4162655.8499999996,0,0
2025|2041|4340|3|0|60|1,1972997,1972997,1972997,24842.01,0,0,0,1948154.99,24842.01,0
2025|2041|7004|3|0|60|9,1000,1000,1000,0,0,0,0,1000,0,0
2025|2041|2500|3|0|60|1,401100,502222.79,502222.79,441937.97,254161.83,217688.97,215996.58000000002,60284.82000000001,187776.13999999998,36472.859999999986
2025|2041|2500|4|0|60|1,29520,29520,29520,0,0,0,0,29520,0,0
2025|2041|2417|1|0|60|1,2082400,2300972,2295545.9828708097,2294741.15,2294741.15,2294741.15,2294741.15,6230.850000000093,0,0
2025|2041|2417|3|0|60|7,364938,352934,350840.33999999997,352658.63999999996,352658.64,352658.64,352658.64,275.36000000004424,-5.820766091346741e-11,0
2025|2061|4242|3|0|10|1,103827,35113.5,35113.5,35113.5,35113.34,35113.34,35113.34,0,0.16000000000349246,0
2025|2061|4242|3|0|60|1,16600,57713.5,57713.5,57712.75,45342.41,36662.08,36662.08,0.75,12370.339999999997,8680.330000000002
2025|2061|4247|3|0|10|1,80230,39687.5,39687.5,39687.5,39643.479999999996,39643.479999999996,39643.48,0,44.020000000004075,0
2025|2061|4247|3|0|60|1,60340,84082.5,84082.5,84082.04,63262.45000000001,62804.12,62804.119999999995,0.46000000000640284,20819.589999999982,458.330000000009
2025|2061|4244|3|0|10|1,490106,203698.15,203698.15000000002,203698.15,203034.25,203034.24999999997,203034.25,0,663.8999999999942,2.9103830456733704e-11
2025|2061|4244|3|0|60|1,505258,927889.85,927889.85,927889.6700000002,714753.2,489130.07000000007,489130.07,0.1799999998183921,213136.4700000002,225623.1299999999
2025|2061|4244|4|0|10|1,12000,12000,12000,4935.6,1950,0,0,7064.4,2985.6000000000004,1950
2025|2061|4240|3|0|60|1,734160,1274846.04,1274846.04,853630.2899999999,742631.2,652345.6799999999,640530.68,421215.7500000001,110999.08999999997,90285.52000000002
2025|2061|4240|3|0|10|1,1314282,2626946.75,1369509.3800000004,717642.3500000002,690149.79,649932.9,649932.9,1909304.4,27492.560000000172,40216.890000000014
2025|2061|4246|1|0|10|1,2190655,1794520,1692913.5847843192,1696159.0100000002,1696159.01,1696159.01,1696159.0099999998,98360.98999999976,2.3283064365386963e-10,0
2025|2061|4246|3|0|10|1,1171026,1169726,1169726,1169725.8100000003,837318.49,795427.5,795427.4999999999,0.18999999971129,332407.3200000003,41890.98999999999
2025|2061|4246|3|0|10|7,110541,88640,88391.96607178886,86554.83,86554.83,86554.83,86554.83,2085.1699999999983,0,0
2025|2061|4245|1|0|10|1,2565993,2528883,2431604.8025039844,2422747.0300000003,2422747.03,2422747.03,2422747.03,106135.96999999974,4.656612873077393e-10,0
2025|2061|4245|3|0|10|1,1433232,1310932,1310932,1310662.4699999997,1071934.08,1034033.3499999999,1029615.35,269.53000000026077,238728.38999999966,37900.730000000214
2025|2061|4245|3|0|10|7,2904,109766,109449.20455006747,107533.13,107533.13,107533.13,107533.13,2232.8699999999953,0,0
2025|2061|4245|4|0|10|1,0,120000,120000,120000,118588.7,18588,18588,0,1411.300000000003,100000.7
2025|2061|4243|1|0|10|1,2018627,2376659,2365795.419738207,2373949.11,2373949.11,2373949.11,2373949.11,2709.8900000001304,0,0
2025|2061|4243|3|0|60|1,0,53000,53000,53000,0,0,0,0,53000,0
2025|2061|4243|3|0|10|7,131118,126370,116639.74404608524,117535.42,117535.42000000001,117535.42000000001,117535.42,8834.580000000002,-1.4551915228366852e-11,0
2025|2061|4243|3|0|10|1,4579745,4528445,4528445,4256010.350000001,4008420.5,3863532.86,3863532.86,272434.64999999944,247589.85000000056,144887.64000000013
2025|2061|4243|4|0|10|1,0,50000,50000,50000,49339.46,0,0,0,660.5400000000009,49339.46
2025|2061|4248|3|0|10|1,655693,245331.12,245331.12,245331.12000000002,223465.06,221274.88999999998,221274.89,-2.9103830456733704e-11,21866.060000000027,2190.170000000013
2025|2061|4248|3|0|60|1,0,359961.88,359961.88,359961.77999999997,343374.35,235553.62,235553.62,0.1000000000349246,16587.429999999993,107820.72999999998
2025|2061|4250|3|0|10|1,811362,280067.5,280067.5,280067.5,280062.07,280062.07,280062.07,0,5.429999999993015,0
2025|2061|4250|3|0|60|1,101400,493494.5,493494.5,493494,452275.38,410069.31999999995,410069.32,0.5,41218.619999999995,42206.060000000056
2025|2061|4251|3|0|10|1,579872,273238.31,273238.31,273238.31,263166.72000000003,263166.72,263166.72000000003,0,10071.589999999967,5.820766091346741e-11
2025|2061|4251|3|0|60|1,148862,407495.69,407495.69,407495.33,300505.64,266989.91000000003,266989.91000000003,0.35999999998603016,106989.69,33515.72999999998
2025|2061|4249|3|0|10|1,475382,237730.96,237730.96,237730.96000000002,237717.94,237717.94,237717.94,-2.9103830456733704e-11,13.020000000018626,0
2025|2061|4249|3|0|60|1,133440,338291.04,338291.04000000004,338290.45999999996,244038.56000000003,244038.56000000003,244038.56,0.5800000000162981,94251.89999999994,0
2025|2061|4257|3|0|10|1,263482,145315.33,145315.33000000002,145315.33000000002,145254.16,145254.15999999997,145254.16,-2.9103830456733704e-11,61.170000000012806,2.9103830456733704e-11
2025|2061|4257|3|0|60|1,84880,140646.67,140646.66999999998,140427.49000000002,127407.91,127407.91,127407.91,219.17999999999302,13019.580000000016,0
2025|2061|4254|3|0|10|1,541964,346182.38,346182.38,346182.38,345751.38,345751.38,345751.38,0,431,0
2025|2061|4254|3|0|60|1,25500,221281.62,221281.62,221280.94999999998,202988.71000000002,131032.38999999998,131032.38999999998,0.6700000000128057,18292.23999999996,71956.32000000004
2025|2061|4255|3|0|10|1,1145292,562251.36,562251.36,562251.3600000001,555187.5900000001,555187.59,555187.59,-1.1641532182693481e-10,7063.770000000019,1.1641532182693481e-10
2025|2061|4255|3|0|10|3,0,7507.6,7507.6,7507.6,0,0,0,0,7507.6,0
2025|2061|4255|3|0|60|1,354484,843900.64,843900.64,843134.96,775624.6999999998,595325.21,595325.21,765.6800000000512,67510.26000000013,180299.48999999987
2025|2061|4255|3|0|24|1,653641,1021513.4,1021513.4,367872.4,39800.59,39800.59,39800.59,653641,328071.81000000006,0
2025|2061|4255|4|0|24|1,24597,24597,24597,0,0,0,0,24597,0,0
2025|2061|7004|1|0|10|9,457299,984554.01,984554.0100000001,984554.0100000001,968685.23,968685.23,968685.23,-1.1641532182693481e-10,15868.780000000144,0
2025|2061|7004|3|0|10|9,0,57299,57299,57299,35.4,35.4,35.4,0,57263.6,0
2025|2061|2500|3|0|60|1,642676,592676,592676,592675.65,403973.13,387171.62000000005,387081.52,0.34999999997671694,188702.52000000002,16801.50999999995
2025|2061|2500|3|0|47|1,10000,10000,10000,0,0,0,0,10000,0,0
2025|2061|2500|3|0|10|1,1299293,1751665.4,1219785.4,1198347.0499999998,979084.0599999999,650268.48,646488.4800000001,553318.3500000001,219262.98999999987,328815.57999999996
2025|2061|2500|4|0|10|1,0,2000000,1100000,2000000,1999685.06,1043796,1043796,0,314.9399999999441,955889.06
2025|2061|2417|1|0|10|1,45485042,45096054,42540560.184758626,42566774.010000005,42566774.01,42566774.01,42566774.01,2529279.9899999946,7.450580596923828e-09,0
2025|2061|2417|3|0|10|1,0,584411.28,584411.28,583667.28,583667.28,583667.28,583667.28,744,0,0
2025|2061|2417|3|0|60|1,0,200000,200000,0,0,0,0,200000,0,0
2025|2061|2417|3|0|10|7,3343011,3660649,3371482.6328320587,3342148.8099999996,3342148.81,3342148.81,3342148.81,318500.1900000004,-4.656612873077393e-10,0
2025|2071|4362|3|0|10|1,11090215,13090215,13090215,11962403.680000002,11962403.68,11876818.08,11343103.98,1127811.3199999984,1.862645149230957e-09,85585.59999999963
2025|2071|4389|3|0|10|1,37016794,29032163.29,32733517,29031899.32,29031899.32,29031899.32,29031899.32,263.9699999988079,0,0
2025|2071|4389|4|0|10|1,28649324,32171620.57,32932601,32171620.57,32171620.57,32171620.57,32171620.57,0,0,0
2025|2071|4387|3|0|10|3,350013,0,1259313,0,0,0,0,0,0,0
2025|2071|4387|3|0|68|1,0,6180703.95,6180703.95,6180703.95,6180703.95,5972247.899999999,5945078.8,0,0,208456.05000000075
2025|2071|4387|3|0|24|1,625015,887187.02,887187.02,262172.02,262172.02,262172.02,262172.02,625015,0,0
2025|2071|4387|3|0|10|1,46393239,47494555.849999994,37823939,45734200.11,45734200.10999999,45608481.849999994,45002962.349999994,1760355.7399999946,7.450580596923828e-09,125718.25999999791
2025|2071|4387|4|0|68|1,0,5049211.08,5049211.08,5049211.08,5049211.08,4776429.92,4755702.47,0,0,272781.16000000015
2025|2071|4387|4|0|10|1,16896000,5927346.11,3294340.4800000004,5745622.109999999,5745622.11,5688974.11,5624631.01,181724.00000000093,-9.313225746154785e-10,56648
2025|2071|4387|5|0|10|1,350000,319500,319500,319500,319500,135000,135000,0,0,184500
2025|2071|4048|3|0|10|1,120578506,172776860.88,150209006,169724977.70999998,169724977.70999998,169649988.72000003,168752985.47000003,3051883.1700000167,0,74988.98999994993
2025|2071|4513|3|0|10|8,500000,0,0,0,0,0,0,0,0,0
2025|2071|4513|3|0|10|3,2200000,62100,2200000,62100,62100,0,0,0,0,62100
2025|2071|4513|3|0|69|1,215000,215000,215000,0,0,0,0,215000,0,0
2025|2071|4513|3|0|68|1,295357,382881.98,382881.98,87524.98,87524.98,87524.98,87524.98,295357,0,0
2025|2071|4513|3|0|10|1,117086436,110950136.7,110246436,108355475.46,108355475.46000001,108313028.34,108039430.78999999,2594661.2400000095,-1.4901161193847656e-08,42447.12000000477
2025|2071|4513|3|0|24|1,4900000,5178011.51,5178011.51,278011.51,278011.51,278011.51,278011.51,4900000,0,0
2025|2071|4513|4|0|10|3,1600000,0,1600000,0,0,0,0,0,0,0
2025|2071|4513|4|0|68|1,203713,215847.3,215847.3,12134.3,12134.3,12134.3,12134.3,203713,0,0
2025|2071|4513|4|0|10|1,40632157,50526627.78,41632157,50100627.78,50100627.78,49520627.79,49453923.79,426000,0,579999.9900000021
2025|2071|4513|4|0|24|1,3200000,3200000,3200000,0,0,0,0,3200000,0,0
2025|2071|1069|3|1|10|1,8438700,12917649.290000001,6886855.63,12917649.08,12917649.08,12917649.08,12668020.499999998,0.21000000089406967,0,0
2025|2071|1069|4|1|10|1,400000,3211257.89,2553503.89,3211257.89,3211257.89,3211257.89,3211257.89,0,0,0
2025|2071|1068|3|1|10|1,17360000,16178515.110000001,16178515.11,15044651.63,15044651.63,14256524.110000001,13797239.110000001,1133863.4800000004,0,788127.5199999996
2025|2071|1068|4|1|10|1,11640000,7076132.87,9926209.04,6270885.1,6270885.100000001,5890603.600000001,5890603.600000001,805247.7700000005,-9.313225746154785e-10,380281.5
2025|2071|1088|3|1|10|1,5198780,15879892.89,9515286.17,14622235.46,14622235.46,14622235.46,14245720.46,1257657.4299999997,0,0
2025|2071|1088|4|1|10|1,6000000,14289959.05,11429699.86,13796492.870000001,13796492.870000001,13796492.870000001,13456992.870000001,493466.1799999997,0,0
2025|2071|1087|3|1|10|1,17629329,9253956.9,10778398.82,8876420.28,8876420.279999997,8875350.68,8875350.68,377536.62000000104,1.862645149230957e-09,1069.5999999977648
2025|2071|1087|4|1|10|1,9207570,7963203.43,9207570,7755324.1,7755324.1,7755324.1,7755324.1,207879.33000000007,0,0
2025|2071|7004|1|0|60|9,90543,51498.82,51498.82,27392.23,27392.23,27392.23,27392.23,24106.59,0,0
2025|2071|7004|3|0|60|9,0,39044.18,39044.18,39044.18,32263.17,32263.17,32263.17,0,6781.010000000002,0
2025|2071|2500|3|0|10|1,26655016,19458428.52,17947016,18876915.68,18876915.680000003,18310523.76,18310351.58,581512.8399999999,-3.725290298461914e-09,566391.9200000018
2025|2071|2500|4|0|10|1,4693000,8000583.8,8301000,8000583.13,8000583.129999999,6542125.289999999,6542125.29,0.6699999999254942,9.313225746154785e-10,1458457.8399999999
2025|2071|2500|4|0|47|1,11000,11000,11000,0,0,0,0,11000,0,0
2025|2071|2417|1|0|10|1,10460634,10460634,9901712.46147199,9797494.790000003,9797494.790000001,9792591.200000001,9792591.199999997,663139.2099999972,1.862645149230957e-09,4903.589999999851
2025|2071|2417|3|0|10|7,1434136,1434136,1298298.33,1295298.34,1295298.34,1295298.34,1295298.34,138837.65999999992,0,0
2025|2071|0|3|0|69|1,0,0,1399024.09,0,0,0,0,0,0,0
2025|2071|0|3|0|68|1,0,0,1717241.26,0,0,0,0,0,0,0
2025|2071|0|3|0|10|1,0,0,23218676.669999994,0,0,0,0,0,0,0
2025|2071|0|4|0|10|1,0,0,6814172.61,0,0,0,0,0,0,0
2025|2091|4070|3|0|10|8,1000,1000,1000,0,0,0,0,1000,0,0
2025|2091|4070|3|0|72|1,298223,298223,205129.31475686916,242023,80736.5,80736.5,79795.3,56200,161286.5,0
2025|2091|4070|3|0|45|1,224000,224000,224000,0,0,0,0,224000,0,0
2025|2091|4070|3|0|9|1,2971000,2971000,2971000,0,0,0,0,2971000,0,0
2025|2091|4070|4|0|72|1,2094968,2094968,2094968,836112,0,0,0,1258856,836112,0
2025|2091|4069|3|0|72|1,1175769,475769,108739.39730459871,404354,337659.88,292270.03,292270.03,71415,66694.12,45389.84999999998
2025|2091|4072|3|0|10|8,1000,1000,1000,0,0,0,0,1000,0,0
2025|2091|4072|3|0|72|1,122383,122383,84179.7612118781,116383,104200,96200,96200,6000,12183,8000
2025|2091|4071|3|0|10|8,1000,1000,1000,0,0,0,0,1000,0,0
2025|2091|4071|3|0|72|1,2445374,2445374,1682022.8250143826,1138950,853817.7599999999,597748.25,597748.25,1306424,285132.2400000001,256069.5099999999
2025|2091|7004|1|0|60|9,1304420,1504420,1504420,1500000,1418534.86,1418534.86,1418534.86,4420,81465.1399999999,0
2025|2091|7004|3|0|60|9,0,500000,500000,389922.4,316044.92000000004,316044.92000000004,316044.92000000004,110077.59999999998,73877.47999999998,0
2025|2091|2500|3|0|72|1,14496424,15196424,13301197.15331491,15196424,14685504.299999997,13522592.099999998,13522082.239999998,0,510919.700000003,1162912.1999999993
2025|2091|2500|3|0|52|1,531428,496428,330536.7341976088,445537,361906.54,350574.13,350574.13,50891,83630.46000000002,11332.409999999974
2025|2091|2500|3|0|9|1,0,3300000,3300000,0,0,0,0,3300000,0,0
2025|2091|2500|4|0|72|1,1172,1172,806.1469333185257,1172,495,495,495,0,677,0
2025|2091|2500|4|0|60|1,17287,17287,11890.667266448252,6914,6130.64,2611.6400000000003,2611.6400000000003,10373,783.3599999999997,3519
2025|2091|2417|1|0|72|1,12500010,10162201,3417632.78354984,3413367.25,3413367.2500000005,3413367.2500000005,3413367.250000001,6748833.75,-4.656612873077393e-10,0
2025|2091|2417|1|0|52|1,16492440,16492440,4860201.579999999,4860201.58,4860201.58,4860201.58,4860201.579999999,11632238.42,0,0
2025|2091|2417|1|0|60|1,10900741,58900741,40240689.55705062,40242778.02,40242778.019999996,40242778.019999996,40242778.019999996,18657962.979999997,7.450580596923828e-09,0
2025|2091|2417|3|0|72|7,7701932,10039741,9072618.13,8940351.629999999,8940351.63,8940351.63,8940351.629999999,1099389.370000001,-1.862645149230957e-09,0
2025|2091|0|3|0|9|1,0,0,55937.0800000001,0,0,0,0,0,0,0
2025|2101|4057|3|0|72|1,1000,1000,1000,0,0,0,0,1000,0,0
2025|2101|4500|3|0|10|8,1000,1000,1000,0,0,0,0,1000,0,0
2025|2101|4500|3|0|95|1,0,2240164,2240164,1380171.98,1380171.98,0,0,859992.02,0,1380171.98
2025|2101|4500|5|0|61|1,16150000,16150000,0,0,0,0,0,16150000,0,0
2025|2101|4054|3|0|10|8,1000,121000,121000,100528,100528,100528,100528,20472,0,0
2025|2101|4054|3|0|72|1,991242,391242,391242,216511.85,179378.81000000003,164922.87,159368.15,174730.15,37133.03999999998,14455.940000000031
2025|2101|4054|4|0|10|8,0,438226.4,438226.4,426871.93,423698.27,423698.27,423698.27,11354.47000000003,3173.6599999999744,0
2025|2101|4054|4|0|72|1,21165,21165,21165,1240,879.78,879.78,879.78,19925,360.22,0
2025|2101|4058|3|0|10|8,801000,1000,1000,0,0,0,0,1000,0,0
2025|2101|4058|3|0|72|3,10385,10385,10385,0,0,0,0,10385,0,0
2025|2101|4058|3|0|72|1,3465437,4555437,4255437,4483217,4338545.99,3434122.8200000003,3333099.82,72220,144671.00999999978,904423.1699999999
2025|2101|4058|3|0|24|1,552090,552090,552090,0,0,0,0,552090,0,0
2025|2101|4058|4|0|95|1,0,554985.82,554985.82,527092.08,526403.28,12628.5,12628.5,27893.73999999999,688.7999999999302,513774.78
2025|2101|4058|4|0|72|1,4839,154839,154839,123288.26,116910.42,54187.840000000004,54187.84,31550.740000000005,6377.8399999999965,62722.579999999994
2025|2101|4055|3|0|72|1,2935020,2445020,2595020,2375131.9600000004,2220829.8600000003,2043426.7000000002,2038918.2800000003,69888.03999999957,154302.1000000001,177403.16000000015
2025|2101|4056|3|0|10|8,1000,1000,1000,0,0,0,0,1000,0,0
2025|2101|4056|3|0|61|1,4006224,3996224,3996224,3566622.32,3349906.38,2982578.2800000003,2977979.4900000007,429601.68000000017,216715.93999999994,367328.0999999996
2025|2101|4056|3|0|9|1,832694,832694,832694,0,0,0,0,832694,0,0
2025|2101|4056|4|0|61|1,0,10000,10000,5762.64,5729.64,5729.64,5729.64,4237.36,33,0
2025|2101|4059|3|0|91|1,0,15000,15000,15000,10194.43,10194.43,10194.43,0,4805.57,0
2025|2101|4059|3|0|10|8,401000,221000,221000,220000,220000,220000,220000,1000,0,0
2025|2101|4059|3|0|72|1,40491884,40364084,40349084,40358583.99999999,39813513.889999986,35569958.449999996,35391492.32,5500.000000007451,545070.1100000069,4243555.43999999
2025|2101|4059|3|0|61|1,1150000,1150000,0,0,0,0,0,1150000,0,0
2025|2101|4059|3|0|95|1,0,5013254.53,5013254.53,3125058.5300000003,3125058.5300000003,3125058.5300000003,3125058.53,1888196,0,0
2025|2101|4059|3|0|80|1,200149234,165725455.61,165725455.60999998,0,0,0,0,165725455.61,0,0
2025|2101|4059|4|0|10|8,1000000,130000,130000,130000,130000,130000,130000,0,0,0
2025|2101|4059|4|0|72|3,10000,10000,10000,0,0,0,0,10000,0,0
2025|2101|4059|4|0|24|1,517132,517132,517132,0,0,0,0,517132,0,0
2025|2101|4059|4|0|61|1,1500000,1500000,1500000,391968.35,391968.35,334178.92000000004,210359.39,1108031.65,0,57789.429999999935
2025|2101|4091|3|0|72|1,6134295,6134295,6134295,6134295,6134294.9799999995,3250157.4099999997,3190026.79,0,0.02000000048428774,2884137.57
2025|2101|7004|1|0|60|9,2741667,2441667,2441667,2355000,2146363.24,2146363.24,2146363.24,86667,208636.75999999978,0
2025|2101|7004|3|0|60|9,77111,577111,377111,527111,424844.64,424844.64,424844.64,50000,102266.35999999999,0
2025|2101|2500|3|0|9|1,0,17388.63,17388.63,17388.63,1258,1258,1258,0,16130.630000000001,0
2025|2101|2500|3|0|68|1,3500,3500,3500,0,0,0,0,3500,0,0
2025|2101|2500|3|0|74|1,7500,7500,7500,0,0,0,0,7500,0,0
2025|2101|2500|3|0|72|1,15191030,15041030,15191030,15010149.719999999,14665905.87,13034404.930000002,13029134.590000007,30880.280000001192,344243.8499999996,1631500.9399999976
2025|2101|2500|3|0|69|1,74000,74000,74000,0,0,0,0,74000,0,0
2025|2101|2500|4|0|72|1,50000,50000,50000,42572.99,26577.93,25957.93,25957.93,7427.010000000002,15995.059999999998,620
2025|2101|2500|4|0|9|1,0,1974483.91,1974483.9100000001,1056000,934473.38,731226.94,730178.0800000001,918483.9099999999,121526.62,203246.44000000006
2025|2101|2417|1|0|26|1,100222000,107601052,107333766.4302452,107394167.77000003,107394167.77000001,107394167.77000001,107394167.77000001,206884.22999997437,1.4901161193847656e-08,0
2025|2101|2417|1|0|72|1,4170057,26434881,9909413.300000003,9982833.050000003,9982833.049999999,9982833.049999999,9982833.05,16452047.949999997,3.725290298461914e-09,0
2025|2101|2417|1|0|91|1,20421000,20421000,0,0,0,0,0,20421000,0,0
2025|2101|2417|3|0|26|1,0,30000,30000,20000,17000,11403.51,11403.51,10000,3000,5596.49
2025|2101|2417|3|0|72|7,20368309,21031285,19362996.925,19150765.349999998,19150765.349999998,19150765.349999998,19150765.35,1880519.6500000022,0,0
2025|2101|0|3|0|68|1,0,0,96321.86,0,0,0,0,0,0,0
2025|2101|0|4|0|9|1,0,0,126243.66,0,0,0,0,0,0,0
2025|2121|4009|3|0|49|1,47868057,47868057,47868057,47868057.00000001,47868019.120000005,46809961.910000004,46737226.15999999,-7.450580596923828e-09,37.88000000268221,1058057.210000001
2025|2121|4009|3|0|60|1,2511613,2511613,2511613,2511612.9999999995,2509495.25,2509495.25,2509495.2499999995,4.656612873077393e-10,2117.7499999995343,0
2025|2121|4009|3|0|50|1,3046600,3046600,3046600,3046599.9999999967,3044198.6,3040840.4400000004,3040127.54,3.259629011154175e-09,2401.3999999966472,3358.1599999996834
2025|2121|4008|3|0|60|1,0,1100000,0,1100000,1100000,0,0,0,0,1100000
2025|2121|4008|3|0|10|1,0,67686225,67686225,67686225,67684145.99999993,67503714.56999992,67500775.02999991,0,2079.000000074506,180431.43000000715
2025|2121|4008|3|0|50|1,0,31960150.37,0,31960150.37,31957669.449999988,31919309.449999988,29664795.849999998,0,2480.920000012964,38360
2025|2121|4008|3|0|49|1,824515506,830353506,820353506,798066752.2499994,798061494.189999,792694688.9199989,790011962.9000005,32286753.750000596,5258.060000419617,5366805.2700001
2025|2121|4008|4|0|49|1,7674,7674,7674,7674,3466.4,3466.4,3466.4,0,4207.6,0
2025|2121|4011|1|0|50|1,321439,417155,413199.1003872295,416271.8,416271.8,416271.8,416271.80000000005,883.2000000000116,0,0
2025|2121|4011|3|0|60|1,1127354,1127354,1127354,1127354,1127352.99,851030.57,781319.73,0,1.0100000000093132,276322.42000000004
2025|2121|4011|3|0|50|7,116529,116529,97971.5,97221.5,97221.5,97221.5,97221.5,19307.5,0,0
2025|2121|4010|1|0|50|1,431350,575895,574560.3945712355,574415.3399999999,574415.34,574415.34,574415.3399999999,1479.660000000149,-1.1641532182693481e-10,0
2025|2121|4010|3|0|60|1,32285320,32285320,32285320,32285320,32283721.23000004,30251413.18000003,30002671.550000038,0,1598.7699999585748,2032308.050000012
2025|2121|4010|3|0|50|7,94276,114608,113851,114272,114272,114272,114272,336,0,0
2025|2121|2018|3|0|60|1,6038967,5515813.1,6015813.1,5515813.100000001,4293898.529999998,2882602.51,2881044.8000000003,-9.313225746154785e-10,1221914.5700000022,1411296.0199999986
2025|2121|2018|3|0|49|1,0,24407000,24407000,24407000,24407000,18261177.92,18261177.92,0,0,6145822.079999998
2025|2121|2018|4|0|47|1,0,715089,715089,715089,715089,0,0,0,0,715089
2025|2121|2018|4|0|50|1,61978,61978,61978,61977.99999999999,61978,61978,61978,7.275957614183426e-12,-7.275957614183426e-12,0
2025|2121|2017|3|0|60|1,54516051,53796589.28,54396589.28,53796589.280000016,51880578.440000005,46460583.309999995,46406407.14,-1.4901161193847656e-08,1916010.840000011,5419995.13000001
2025|2121|2017|3|0|49|1,0,12677036.5,12677036.5,11977036.5,11877036.5,7217450.21,7217450.21,700000,100000,4659586.29
2025|2121|2017|4|0|60|1,0,92615.62,92615.62,92615.62,92615.62000000001,25600.91,0,0,-1.4551915228366852e-11,67014.71
2025|2121|2017|4|0|47|1,8000,8000,8000,8000,6644.7,2957.7,2957.7,0,1355.3000000000002,3687
2025|2121|2017|4|0|49|1,185933,263896.5,263896.5,263896.5,259754.92000000004,259754.92,192740.21,0,4141.579999999958,2.9103830456733704e-11
2025|2121|7004|1|0|50|9,0,25500000,22000000,25500000,25499690.669999994,25499690.669999994,25499690.669999994,0,309.33000000566244,0
2025|2121|7004|1|0|49|9,16626371,8426207.89,8426207.89,8426207.89,8423662.849999998,8423662.849999998,8423662.849999998,0,2545.040000002831,0
2025|2121|7004|3|0|49|9,355705,13555868.11,13555868.11,13555868.11,13555831.890000002,13555831.890000002,13495416.690000003,0,36.21999999694526,0
2025|2121|7004|3|0|50|9,0,1500000,5000000,1500000,1499948.7099999995,1499948.7099999995,755271.7299999997,0,51.290000000502914,0
2025|2121|7002|1|0|10|1,0,92485761.38,92485761.38,92485761.38,92485761.38,92485761.38,92485761.38,0,0,0
2025|2121|7002|1|0|50|1,943269412,902985892.32,851277954.7897319,864970498.9999999,864970498.9999999,864970498.9999999,864970499,38015393.32000017,0,0
2025|2121|7002|1|0|49|1,1307526464,1310766947.23,1151326812.4400003,1137557857.3199997,1137089931.24,1137089931.24,1137089891.53,173209089.91000032,467926.0799996853,0
2025|2121|7002|3|0|49|1,0,65613039.53,65613039.53,65613039.53,65613039.53,42909885.379999995,28673004.18,0,0,22703154.150000006
2025|2121|2417|1|0|50|1,10141625,10128737,10075451.586498551,10104525.130000005,10104525.13,10104525.13,10104525.13,24211.869999995455,3.725290298461914e-09,0
2025|2121|2417|1|0|57|2,110652,110652,59278.555745127116,59163.030000000006,59163.03,59163.03,59163.03,51488.969999999994,7.275957614183426e-12,0
2025|2121|2417|3|0|60|1,279703,279703,279703,142838.05,142838.05,142838.05,142838.05,136864.95,0,0
2025|2121|2417|3|0|50|7,2819925,2819925,2503800.9700000007,2509234.7300000004,2509234.73,2509234.73,2509234.7300000004,310690.26999999955,4.656612873077393e-10,0
2025|2151|4232|3|0|10|1,100000,0,0,0,0,0,0,0,0,0
2025|2151|4075|3|0|10|1,10000,10000,10000,10000,7860,7860,7860,0,2140,0
2025|2151|4175|3|0|10|1,10600000,3600000,3600000,3566561.780000001,3283216.75,1174789.06,1174789.06,33438.21999999881,283345.0300000012,2108427.69
2025|2151|4175|4|0|10|1,400000,400000,400000,121000,8890.9,8890.9,8890.9,279000,112109.1,0
2025|2151|4077|3|0|10|1,4225029,1225029,1225029,1225029,1083543.5399999998,1023054.31,1023054.3099999999,0,141485.4600000002,60489.22999999975
2025|2151|4080|1|0|10|1,6951000,6940223,6697915.231657182,6691238.86,6691238.86,6691238.86,6691238.86,248984.13999999966,0,0
2025|2151|4080|3|0|10|1,920000,520000,520000,520000,327506.43000000005,288569.79,288569.79000000004,0,192493.56999999995,38936.64000000007
2025|2151|4080|3|0|10|7,871294,871294,765208.8319799267,761114.49,761114.49,761114.49,761114.49,110179.51000000001,0,0
2025|2151|4076|3|0|10|1,2504000,18416610,18416610,18416610,18416609.23,18416609.23,18416609.23,0,0.7699999995529652,0
2025|2151|4078|1|0|10|1,10617000,10558382.63,9984005.060623577,9945943.81,9945943.810000002,9945943.810000002,9945943.81,612438.8200000003,-1.862645149230957e-09,0
2025|2151|4078|3|0|10|1,1651120,861619,861619,861619,848499.0399999999,669322.37,669322.37,0,13119.96000000008,179176.66999999993
2025|2151|4078|3|0|10|7,1211295,1211295,869323.9126773478,858539.46,858539.46,858539.46,858539.46,352755.54000000004,0,0
2025|2151|4092|3|0|10|1,20000,20000,20000,20000,0,0,0,0,20000,0
2025|2151|4092|3|0|10|4,300000,300000,300000,0,0,0,0,300000,0,0
2025|2151|2015|1|0|10|1,1406170,1406170,717782.0408043569,709969.63,709969.6299999999,709969.6299999999,709969.63,696200.37,1.1641532182693481e-10,0
2025|2151|2015|3|0|10|1,30000,30000,30000,30000,1185.35,1185.35,1185.35,0,28814.65,0
2025|2151|2015|3|0|10|7,277281,277281,108639.05966292955,110013,110013,110013,110013,167268,0,0
2025|2151|4093|1|0|10|1,1037000,1037000,737711.2184072465,740060.5199999999,740060.52,740060.52,740060.5199999999,296939.4800000001,-1.1641532182693481e-10,0
2025|2151|4093|3|0|10|1,300000,300000,300000,300000,80110.18,71810.18000000001,71591.25,0,219889.82,8299.999999999985
2025|2151|4093|3|0|10|7,297657,297657,232430.75409920912,232697.5,232697.5,232697.5,232697.5,64959.5,0,0
2025|2151|1023|3|0|10|1,2000000,0,0,0,0,0,0,0,0,0
2025|2151|1024|3|0|10|1,1800000,1800000,1800000,1800000,1800000,1800000,1800000,0,0,0
2025|2151|4198|1|0|10|1,3095000,3095000,2594508.01844077,2576566.4999999995,2576566.5,2576566.5,2576566.5,518433.50000000047,-4.656612873077393e-10,0
2025|2151|4198|3|0|10|1,307152,307152,307152,307152,299048,113846.05,113846.05,0,8104,185201.95
2025|2151|4198|3|0|10|7,672445,672445,536684.3794111332,534169.2100000001,534169.21,534169.21,534169.21,138275.78999999992,1.1641532182693481e-10,0
2025|2151|4198|4|0|10|1,625000,625000,625000,625000,624359.61,185472.61,185472.61,0,640.390000000014,438887
2025|2151|4199|1|0|10|1,4235000,4235000,3766101.333939841,3742211.450000001,3742211.45,3742211.45,3742211.4499999993,492788.5499999989,9.313225746154785e-10,0
2025|2151|4199|3|0|10|1,121000,121000,121000,121000,23971.48,23971.48,23971.48,0,97028.52,0
2025|2151|4199|3|0|10|7,440572,415461,412609.612249318,409726.56,409726.56,409726.56,409726.56,5734.440000000002,0,0
2025|2151|4199|4|0|10|1,150000,150000,150000,0,0,0,0,150000,0,0
2025|2151|4234|1|0|10|1,94930,95150.08,91238.82690938734,91437.72,91437.72,91437.72,91437.72000000002,3712.3600000000006,0,0
2025|2151|4234|3|0|10|7,20058,2116,2116.0000000000014,2116,2116,2116,2116,0,0,0
2025|2151|4234|3|0|10|1,10000,10000,10000,10000,0,0,0,0,10000,0
2025|2151|4233|1|0|10|1,697000,850686.2899999999,831650.8532961487,846972.1900000002,846972.19,846972.19,846972.19,3714.099999999744,2.3283064365386963e-10,0
2025|2151|4233|3|0|10|1,10000,10000,10000,10000,3798.9,3798.9,3798.9,0,6201.1,0
2025|2151|4233|3|0|10|7,151632,128173,107009.7282255005,105491.05,105491.05,105491.05,105491.05,22681.949999999997,0,0
2025|2151|2130|3|0|10|1,2000000,2000000,2000000,2000000,1927540.5,771710.8000000002,771710.7999999999,0,72459.5,1155829.6999999997
2025|2151|7004|3|0|60|9,1000,1000,1000,753,752.67,752.67,752.67,247,0.3300000000000409,0
2025|2151|2500|1|0|10|1,9083366,9083366,9005282.12174423,8980645.050000003,8980645.05,8980645.05,8980645.049999997,102720.94999999739,1.862645149230957e-09,0
2025|2151|2500|3|0|10|1,15000098,12376989,12376989,12370427.220000003,12092408.250000002,11163676.2,11163676.199999997,6561.779999997467,278018.97000000067,928732.0500000026
2025|2151|2500|3|0|60|1,242000,242000,242000,0,0,0,0,242000,0,0
2025|2151|2500|3|0|10|7,3665101,3665101,3130531.7816946353,3152230.2899999996,3152230.2900000005,3152230.2900000005,3152230.2899999996,512870.7100000004,-9.313225746154785e-10,0
2025|2151|2500|4|0|10|1,448000,448000,448000,439149.49,429954.74,68530.74,68530.74,8850.51000000001,9194.75,361424
2025|2161|1011|3|0|10|1,10000,10000,10000,7501,0,0,0,2499,7501,0
2025|2161|1030|3|0|10|1,20000,20000,20000,15002,0,0,0,4998,15002,0
2025|2161|4282|3|0|10|1,10000,10000,10000,7501,0,0,0,2499,7501,0
2025|2161|4277|3|0|10|1,10000,10000,10000,7501,0,0,0,2499,7501,0
2025|2161|4285|3|0|10|1,1792421,251557.87,251557.86999999988,251557.87,101469.9,25367.32,25367.32,0,150087.97,76102.57999999999
2025|2161|4285|4|0|10|1,1650,3679.83,3679.83,3679.83,2857.83,2857.83,2857.83,0,822,0
2025|2161|4515|3|0|10|1,2105058,2042696.44,2042696.44,1257614.8099999998,760559.4500000001,687149.1599999999,681695.9799999999,785081.6300000001,497055.35999999975,73410.29000000015
2025|2161|4515|4|0|10|1,75432,75432,75432,49001.4,0,0,0,26430.6,49001.4,0
2025|2161|4283|1|0|10|1,1575932,1827229,1691789.3790871734,1678838.87,1678838.8700000003,1678838.8700000003,1678838.8700000003,148390.1299999999,-2.3283064365386963e-10,0
2025|2161|4283|3|0|10|7,388035,357397,331404.04000000004,335049.54000000004,335049.54000000004,335049.54000000004,335049.54,22347.459999999963,0,0
2025|2161|4283|3|0|10|1,1398501,946018.2,946018.2,824679.2,204747.9,191114.1,188082.6,121339,619931.2999999999,13633.799999999988
2025|2161|7004|1|0|10|9,201914,153219.29,153219.29,48695.71,0,0,0,104523.58000000002,48695.71,0
2025|2161|7004|3|0|10|9,0,48694.71,48694.71,48694.71,0,0,0,0,48694.71,0
2025|2161|2500|3|0|10|1,891286,991286,991286,991286,811959.4099999999,568908.62,545166.92,-1.1641532182693481e-10,179326.5900000002,243050.78999999992
2025|2161|2500|3|0|47|1,2000,2000,2000,0,0,0,0,2000,0,0
2025|2161|2417|1|0|10|1,2284663,2175449,2072798.4917358463,2086695.5599999998,2086695.5599999998,2086695.5599999998,2086695.5600000003,88753.44000000018,0,0
2025|2161|2417|3|0|10|7,398036,398036,375397.58,374716.58,374716.58,374716.58,374716.58,23319.419999999984,0,0
2025|2171|1058|3|0|45|1,0,443.44,443.44,443.44,443.44,443.44,443.44,0,0,0
2025|2171|1058|3|0|60|1,45829,45829,45829,44828.67,42229.57,42229.57,42229.57,1000.3300000000017,2599.0999999999985,0
2025|2171|1058|3|0|10|1,131000,40394.6,40394.600000000006,36513,36513,35868.89,35868.89,3881.5999999999985,0,644.1100000000006
2025|2171|1058|3|0|24|1,287905,287905,287905,0,0,0,0,287905,0,0
2025|2171|1058|4|0|68|1,1552000,1552000,1552000,0,0,0,0,1552000,0,0
2025|2171|1058|4|0|24|1,3100000,3100000,3100000,0,0,0,0,3100000,0,0
2025|2171|1001|3|1|59|2,0,4700000,4700000,4700000,4700000,4680000,4620000,0,0,20000
2025|2171|1001|3|1|10|1,1000,1000,1000,0,0,0,0,1000,0,0
2025|2171|1061|3|0|60|1,2000,2000,2000,2000,0,0,0,0,2000,0
2025|2171|1061|3|0|59|1,0,1682081.48,0,0,0,0,0,1682081.48,0,0
2025|2171|1062|3|0|60|1,175790,175790,175790,175790,120155.11,102923.40999999999,102763.41,0,55634.89,17231.70000000001
2025|2171|1066|3|0|60|1,156604,156604,156604,156604,47617.73,40665.240000000005,40665.24,0,108986.26999999999,6952.489999999998
2025|2171|1066|4|0|10|1,31680,31680,31680,31680,0,0,0,0,31680,0
2025|2171|7004|1|0|10|9,1000,1000,1000,0,0,0,0,1000,0,0
2025|2171|2500|3|0|60|1,419777,419777,419777,419777,357514.41000000003,209456.37999999998,208083.94,0,62262.58999999997,148058.03000000006
2025|2171|2500|3|0|10|1,1034220,1034220,1034220,1015038.0899999997,1015038.09,994066.2000000001,993436.6599999999,19181.910000000265,-2.3283064365386963e-10,20971.889999999898
2025|2171|2417|1|0|10|1,2388655,2450278,2443961.7415009793,2445588.0599999996,2445588.06,2445588.06,2445588.0600000005,4689.94000000041,-4.656612873077393e-10,0
2025|2171|2417|3|0|10|1,51600,142205.4,142205.4,142205.4,100374.22,100374.22,100374.22,0,41831.17999999999,0
2025|2171|2417|3|0|10|7,634738,586946,581999.99,574274.99,574274.99,574274.99,574274.99,12671.01000000001,0,0
2025|2181|4369|3|0|60|1,1000,1000,1000,0,0,0,0,1000,0,0
2025|2181|4172|3|1|59|2,0,7150000,7150000,7150000,7150000,7150000,7150000,0,0,0
2025|2181|4172|3|1|10|1,1000,1000,1000,0,0,0,0,1000,0,0
2025|2181|4423|3|0|60|1,87300,87300,87300,82700,0,0,0,4600,82700,0
2025|2181|4423|3|0|10|1,3427839,3416572.7,3416572.7,2989489.5299999993,2802852.8299999996,2684568.27,2539723.96,427083.17000000086,186636.69999999972,118284.55999999959
2025|2181|4417|3|0|10|1,2908130,2908130,2674982,2907887.6000000006,2880360.6,2564935.96,2160859.49,242.3999999994412,27527.000000000466,315424.64000000013
2025|2181|4417|3|0|60|1,771218,771218,771218,391658.31,333563.93,239181.14,239181.14,379559.69,58094.380000000005,94382.78999999998
2025|2181|4421|3|0|10|1,539087,539087,539087,523981.99,209671.88,111662.58,111662.57999999999,15105.01000000001,314310.11,98009.3
2025|2181|4421|3|0|60|1,189364,189364,189364,159270.83000000002,45300,45300,45300,30093.169999999984,113970.83000000002,0
2025|2181|4422|3|0|10|1,9316283,9316283,9316283,9316283,9316282.78,9316282.780000001,9316282.78,0,0.22000000067055225,-1.862645149230957e-09
2025|2181|4425|1|0|10|1,3909154,2938729,2903509.444087872,2933266.9200000004,2933266.9200000004,2933266.9200000004,2933266.9200000004,5462.079999999609,0,0
2025|2181|4425|3|0|10|1,1059133,1059133,1059133,1058485.62,892883.16,878788.3500000002,874673.84,647.3799999998882,165602.46000000008,14094.809999999823
2025|2181|4425|3|0|60|1,73215,73215,73215,20000,62.17,62.17,62.17,53215,19937.83,0
2025|2181|4425|3|0|10|7,881147,1605095,1570194.8011871297,1548043.74,1548043.7400000002,1548043.7400000002,1548043.74,57051.26000000001,-2.3283064365386963e-10,0
2025|2181|7004|1|0|60|9,0,1550181.6,1550181.6,1550181.6,1550181.6,1550181.6,1550181.6,0,0,0
2025|2181|7004|1|0|10|9,73293,668091.51,668091.51,667091.51,579568.4,579568.4,291327.97,1000,87523.10999999999,0
2025|2181|7004|3|0|10|9,0,393436.1,393436.1,373436.1,329957.56000000006,329957.56000000006,329957.56,20000,43478.53999999992,0
2025|2181|2500|3|0|10|1,9079384,9069188.11,8836634.84,9069186.739999998,8951809.669999998,7942341.45,7909595.4799999995,1.3700000010430813,117377.0700000003,1009468.2199999979
2025|2181|2500|3|0|47|1,2000,2000,2000,0,0,0,0,2000,0,0
2025|2181|2500|3|0|60|1,2027903,2027903,1375957.2115,1844424.63,1562317.63,938075.97,908061.93,183478.3700000001,282107,624241.6599999999
2025|2181|2500|4|0|47|1,0,2000,2000,2000,1778,1778,1778,0,222,0
2025|2181|2500|4|0|10|1,0,10000,10000,10000,9561.8,6482.8,6482.8,0,438.2000000000007,3078.999999999999
2025|2181|2417|1|0|10|1,17920073,19780550,19196022.013385773,19121532.08,19121532.080000002,19121532.080000002,19121532.08,659017.9200000018,-3.725290298461914e-09,0
2025|2181|2417|3|0|10|7,4039296,3996478,3015862.60381287,2998558.1800000016,2998558.1800000006,2998558.1800000006,2998558.1799999997,997919.8199999984,9.313225746154785e-10,0
2025|2201|4269|3|0|10|1,24328,24328,24328,22339.25,22339.190000000002,20787.45,20787.45,1988.75,0.059999999997671694,1551.7400000000016
2025|2201|4267|3|0|10|1,180861,180861,180861,180024.20000000004,165046,160981.19999999998,140093.11,836.7999999999593,14978.20000000004,4064.8000000000175
2025|2201|4484|3|0|59|2,0,3600000,3600000,3600000,3520000,3520000,3400000,0,80000,0
2025|2201|4484|3|0|10|1,1000,1000,1000,0,0,0,0,1000,0,0
2025|2201|4484|4|0|59|2,0,4500000,4500000,4500000,4500000,4500000,4500000,0,0,0
2025|2201|4274|3|0|10|1,586664,586664,586664,512402.56,512402.52,454214.19,454214.19,74261.44,0.03999999997904524,58188.330000000016
2025|2201|4271|3|0|10|1,173368,173368,173368,173367.56999999998,153592.55000000002,129374.11000000002,110327.33000000002,0.4300000000221189,19775.01999999996,24218.440000000002
2025|2201|4281|3|0|10|1,114274,114274,114274,109397.20000000001,87846.17,56808.09000000001,56808.09,4876.799999999988,21551.030000000013,31038.079999999987
2025|2201|4281|4|0|45|1,0,27368.53,27368.53,27368.53,24050,24050,24050,0,3318.529999999999,0
2025|2201|4276|3|0|10|8,600000,100000,100000,100000,100000,0,0,0,0,100000
2025|2201|4276|3|0|10|1,41962,41962,41962,40977.25,40942.39,39618.16,39618.159999999996,984.75,34.86000000000058,1324.229999999996
2025|2201|4278|3|0|15|1,0,28658.76,28658.76,28658.76,28658.75,28658.75,28658.75,0,0.00999999999839929,0
2025|2201|4278|3|0|10|3,0,7000,7000,0,0,0,0,7000,0,0
2025|2201|4278|3|0|24|1,343000,343000,343000,0,0,0,0,343000,0,0
2025|2201|4278|3|0|10|1,547483,547483,167755,198630.69999999998,190713.62999999998,131221.33,131221.33,348852.30000000005,7917.070000000007,59492.29999999999
2025|2201|4278|3|0|1|1,473331,473331,473331,0,0,0,0,473331,0,0
2025|2201|4279|3|0|24|1,2000,2000,2000,0,0,0,0,2000,0,0
2025|2201|4279|3|0|1|1,87800,87800,87800,0,0,0,0,87800,0,0
2025|2201|4279|3|0|10|1,877123,877123,525115,443246.21,439154.31,415371.02,335127.01999999996,433876.79,4091.9000000000233,23783.28999999998
2025|2201|4279|3|0|45|1,1057792,887557.38,887557.38,0,0,0,0,887557.38,0,0
2025|2201|4279|4|0|10|8,0,70000,70000,70000,70000,0,0,0,0,70000
2025|2201|4279|4|0|15|1,0,250000,250000,250000,248000,0,0,0,2000,248000
2025|2201|4279|4|0|45|1,0,142866.09,142866.09,142866.09,134758.25,134758.25,134758.25,0,8107.8399999999965,0
2025|2201|4279|4|0|1|1,250000,250000,250000,0,0,0,0,250000,0,0
2025|2201|4279|4|0|24|1,2709813,2709813,2709813,60563.5,60563.5,0,0,2649249.5,0,60563.5
2025|2201|7004|1|0|10|9,382495,898470.43,767855.88,898470.43,898470.43,898470.43,885185.9600000001,0,0,0
2025|2201|7004|3|0|10|9,55571,0,0,0,0,0,0,0,0,0
2025|2201|2500|1|0|95|1,0,12562.02,0,0,0,0,0,12562.02,0,0
2025|2201|2500|3|0|60|2,0,850.7,850.7,0,0,0,0,850.7,0,0
2025|2201|2500|3|0|60|1,10680,80723.02,80723.02,78043.02,63943.97,63943.97,63943.97,2680,14099.050000000003,0
2025|2201|2500|3|0|10|1,5272156,5228004.86,5143212.86,5223651.429999999,4503702.5600000005,4152904.0699999994,3641389.2999999993,4353.430000001565,719948.8699999982,350798.49000000115
2025|2201|2500|3|0|95|1,0,8016.82,8016.82,545,545,545,545,7471.82,0,0
2025|2201|2500|3|0|9|1,180536,181663.72,181663.72,1127.72,1127.72,1127.72,1127.72,180536,0,0
2025|2201|2500|4|0|95|1,0,228100,228100,52321.229999999996,52321.229999999996,47949.979999999996,47949.979999999996,175778.77000000002,0,4371.25
2025|2201|2500|4|0|9|1,980000,2001971.41,2001971.41,1106224.9000000001,980000,980000,980000,895746.5099999998,126224.90000000014,0
2025|2201|2417|1|0|10|1,10014752,10246026,10141638.123554824,10130879.530000005,10130879.53,10130879.53,10130879.529999997,115146.46999999508,5.587935447692871e-09,0
2025|2201|2417|3|0|10|7,1518684,1518684,1427782.65,1430114.15,1430114.1500000001,1430114.1500000001,1430114.15,88569.8500000001,-2.3283064365386963e-10,0
2025|2201|0|4|0|24|1,0,0,224925.6,0,0,0,0,0,0,0
2025|2211|4298|3|0|60|2,0,550000,550000,550000,546823.06,498562.43,498255.17,0,3176.939999999944,48260.63000000006
2025|2211|4298|3|0|10|1,341896,250831.12,250831.12,250830.4,184370.54,115228.09999999998,113869.53,0.7200000000011642,66459.85999999999,69142.44000000003
2025|2211|4299|3|0|10|1,563889,1254889,1254889,1254889,1252924.15,1182643.26,1178268.26,0,1964.8500000000931,70280.8899999999
2025|2211|4302|3|0|10|1,331940,181940,181940,181916.84,167169.75,167169.75,166164.71,23.160000000003492,14747.089999999997,0
2025|2211|7004|1|0|10|9,1000,115827.12999999999,115827.13,109473.17,99206.2,99206.2,99206.2,6353.959999999992,10266.970000000001,0
2025|2211|2500|3|0|10|1,1715220,2157324,2157324,2157324,2123626.23,1689111.4500000002,1663058.6800000004,0,33697.77000000002,434514.7799999998
2025|2211|2500|3|0|60|1,3830000,3830000,3830000,3829999.4499999997,3829474.92,3741006.8,3741006.8,0.5500000002793968,524.5299999997951,88468.12000000011
2025|2211|2417|1|0|10|1,6658578,7689578,6335389.719578954,6393260.67,6393260.67,6393260.67,6393260.670000001,1296317.33,0,0
2025|2211|2417|3|0|10|7,2241547,2241547,1786347.75,1779472.25,1779472.25,1779472.25,1779472.25,462074.75,0,0
2025|2241|4200|3|0|72|1,3700000,3200000,2429844.2598156477,114321,114321,102400,102400,3085679,0,11921
2025|2241|4192|3|0|73|1,50940,150940,150940,100000,3305,3305,3305,50940,96695,0
2025|2241|4192|3|0|72|1,551808,330808,215949.05441090622,233628,220997.18000000002,161096.66,161096.65999999997,97180,12630.819999999978,59900.52000000002
2025|2241|4192|4|0|73|1,70000,70000,70000,0,0,0,0,70000,0,0
2025|2241|4187|3|0|10|8,1000,1000,1000,0,0,0,0,1000,0,0
2025|2241|4187|3|0|72|1,198218,198218,156958.88364652378,195641,108307.67,90492.81,90492.81000000001,2577,87333.33,17814.86
2025|2241|4187|3|0|73|1,129596,229596,229596,100000,0,0,0,129596,100000,0
2025|2241|4194|3|0|72|1,66210,66210,52428.37525470109,66019,47893.28,38507.659999999996,38507.659999999996,191,18125.72,9385.620000000003
2025|2241|4194|3|0|10|8,1000,1000,1000,0,0,0,0,1000,0,0
2025|2241|4194|3|0|73|1,336100,825810.43,825810.4299999999,489710.43,143061.36,127511.32,127511.32,336100,346649.07,15550.039999999979
2025|2241|4194|4|0|73|1,0,200000,200000,200000,0,0,0,0,200000,0
2025|2241|4190|3|0|10|8,1000,1000,1000,0,0,0,0,1000,0,0
2025|2241|4190|3|0|72|1,276678,251678,194087.41895061452,205057,167726.84000000003,142953.71000000002,142953.71,46621,37330.159999999974,24773.130000000005
2025|2241|4190|3|0|73|1,550000,3401966.61,3401966.61,2851966.61,113843.93,104078.89,103778.89000000001,550000,2738122.6799999997,9765.039999999994
2025|2241|4195|3|0|31|3,0,15000,15000,15000,0,0,0,0,15000,0
2025|2241|4195|3|0|60|3,0,180000,180000,180000,0,0,0,0,180000,0
2025|2241|4195|3|0|10|8,1000,1000,1000,0,0,0,0,1000,0,0
2025|2241|4195|3|0|72|3,105000,550000,550000,445000,0,0,0,105000,445000,0
2025|2241|4195|3|0|24|1,4629453,5733129.32,5733129.32,1103676.32,551716.44,551716.44,551716.44,4629453,551959.8800000001,0
2025|2241|4188|3|0|72|1,2976806,2807005,2187382.2355904807,2806682,2705702.500000001,2550959.6000000006,2550959.5900000003,323,100979.49999999907,154742.90000000037
2025|2241|4188|3|0|73|1,103064,303064,303064,200000,34600.38,28102.940000000002,28102.940000000002,103064,165399.62,6497.439999999995
2025|2241|4188|3|0|95|1,0,336810.63,336810.63,160000,150000,124879.22,124879.22,176810.63,10000,25120.78
2025|2241|4188|4|0|72|1,136555,156356,127932.04943219615,108130,0,0,0,48226,108130,0
2025|2241|4188|4|0|73|1,73700,173700,173700,100000,0,0,0,73700,100000,0
2025|2241|4191|3|0|10|8,1000,1000,1000,0,0,0,0,1000,0,0
2025|2241|4191|3|0|72|1,6682968,6612968,5221906.873873422,6340883,6309079.120000002,4371253,4367098.310000001,272085,31803.879999998026,1937826.120000002
2025|2241|4191|3|0|95|1,0,1410320,1410320,1100000,1100000,703435.47,703435.47,310320,0,396564.53
2025|2241|4191|3|0|73|1,3136000,3943345.83,3943345.83,807345.83,58770.11,57985.11,57985.11,3136000,748575.72,785
2025|2241|4191|3|0|80|1,0,9193000,9193000,0,0,0,0,9193000,0,0
2025|2241|4191|4|0|72|1,0,500000,500000,500000,0,0,0,0,500000,0
2025|2241|4191|4|0|73|1,48000,48000,48000,0,0,0,0,48000,0,0
2025|2241|4189|3|0|73|1,50000,150000,150000,100000,0,0,0,50000,100000,0
2025|2241|4189|3|0|72|1,447625,432625,339451.7667026971,290972,236020.89,189917.30000000002,189917.3,141653,54951.109999999986,46103.59
2025|2241|4189|3|0|61|1,123569205,155754777.94,155754777.94,151781610.17000002,150308437.85,140720063.24,140720063.24000004,3973167.769999981,1473172.3200000226,9588374.609999985
2025|2241|7004|1|0|91|9,0,1190000,1190000,1040720,1040405.1399999999,1040405.1399999999,1040405.1399999999,149280,314.86000000010245,0
2025|2241|7004|3|0|91|9,1000,101000,101000,101000,100984.31,100984.31,89656.82999999999,0,15.690000000002328,0
2025|2241|2500|3|0|73|1,200000,400000,400000,200000,118758.64,92279.64,92279.64,200000,81241.36,26479
2025|2241|2500|3|0|72|1,2749451,3230451,2658152.224322809,2406759,2108332.6500000004,1725251.4699999997,1722518.6099999999,823692,298426.3499999996,383081.18000000063
2025|2241|2500|4|0|73|1,0,200000,200000,200000,57806.08,38242,38242,0,142193.91999999998,19564.08
2025|2241|2417|1|0|60|1,1365349,1365349,1309125.18,1309125.18,1309125.18,1309125.18,1309125.1800000002,56223.820000000065,0,0
2025|2241|2417|1|0|72|1,26659059,26267343,24130027.68803433,24174375.090000004,24174375.089999996,24174375.089999996,24174375.09,2092967.9099999964,7.450580596923828e-09,0
2025|2241|2417|1|0|91|1,0,13144400.86,0,0,0,0,0,13144400.86,0,0
2025|2241|2417|3|0|72|7,4109869,4501585,4021433.0125,3973492.21,3973492.21,3973492.21,3973492.21,528092.79,0,0
2025|2251|4052|3|0|60|1,54669,54669,54669,54669,46324,41693.23,41693.23,0,8345,4630.769999999997
2025|2251|4052|4|0|60|1,381144,381144,381144,381144,381143.87,381143.87,335136.31,0,0.1300000000046566,0
2025|2251|4051|3|0|60|1,4707728,5547377.3,5547377.3,5187376.97,4870775.88,3729771.56,3595520.95,360000.3300000001,316601.08999999985,1141004.3199999998
2025|2251|4051|4|0|60|1,8170344,8170344,6920344,7380343,7294116.99,6519553.1,5704581.779999999,790001,86226.00999999978,774563.8900000006
2025|2251|7004|1|0|60|9,451532,4448673.779999999,3391348,4448673.779999999,3308226.7299999995,3308226.73,3090555.46,0,1140447.0499999998,-4.656612873077393e-10
2025|2251|7004|3|0|60|9,802080,802080,802080,361142,285679.34,285679.34,285679.34,440938,75462.65999999997,0
2025|2251|2500|3|0|60|1,3806116,3806116,3806116,3706115.93,3551117.8200000003,3125855.1999999993,3123088.1999999997,100000.06999999983,154998.10999999987,425262.62000000104
2025|2251|2417|1|0|60|1,16154634,17104516,17065788.88318959,17080848.15,17080848.15,17080848.15,17080848.15,23667.85000000149,0,0
2025|2251|2417|3|0|60|7,4504931,4370248,4340603.015,4286967.289999999,4286967.289999999,4286967.289999999,4286967.29,83280.7100000009,0,0
2025|2261|4455|3|0|10|1,1683908,2197763.3,3369415,2197763.3000000003,2182873.73,1492774.9200000004,1391266.3800000001,-4.656612873077393e-10,14889.570000000298,690098.8099999996
2025|2261|4455|4|0|10|1,1049536,50875.32,549536,50875.32,50875.32,50875.32,50875.32,0,0,0
2025|2261|4456|3|0|10|1,9296800,13906940,17006940,13804155.039999997,13764774.810000002,8066330.45,7562188.9799999995,102784.96000000276,39380.22999999486,5698444.360000002
2025|2261|4456|4|0|10|1,22031620,7696040,13781620,7696040,7696040,393288.56000000006,393288.56000000006,0,0,7302751.4399999995
2025|2261|4457|3|0|10|1,21169450,30252357.94,32363646,30252357.93999999,30186503.83000001,19722254.900000006,18606808.200000003,1.1175870895385742e-08,65854.10999998078,10464248.930000003
2025|2261|4457|4|0|10|1,23406067,1485457.38,5806067,1485457.38,1485457.38,1183592.29,1183592.29,0,0,301865.08999999985
2025|2261|4460|3|0|10|1,38938953,30320509.67,38851995,30320509.67,30263642.420000006,17093895.360000003,15872527.49,0,56867.249999996275,13169747.060000002
2025|2261|4460|4|0|10|1,19497970,1234920.92,3997970,1234920.92,1234920.92,34920.92,34920.92,0,0,1200000
2025|2261|4460|4|0|24|1,4031000,4031000,4031000,0,0,0,0,4031000,0,0
2025|2261|4459|3|0|10|1,321381730,321001019.51,317665372.77,321001019.51,320945846.53,183695598.95000002,180444517.62,0,55172.98000001907,137250247.57999995
2025|2261|4459|4|0|10|1,5927632,520037.46,4427632,520037.45999999996,520037.46,191729.93000000002,190444.64,5.820766091346741e-11,-5.820766091346741e-11,328307.53
2025|2261|7004|1|0|60|9,8630047,8230047,8230047,7003138.84,5835615.680000001,5835615.680000001,5835615.680000001,1226908.1600000001,1167523.1599999992,0
2025|2261|7004|3|0|60|9,55782,455782,455782,415782,277021.65,277021.65,277021.64,40000,138760.34999999998,0
2025|2261|2500|3|0|10|1,9529159,24898620.64,27866834,24780540.08,24666334.280000012,17617408.190000005,16438810.580000002,118080.56000000238,114205.79999998584,7048926.090000007
2025|2261|2500|4|0|10|1,26087175,1068474.12,1087175,1068474.12,1058605.55,765180.2700000001,756280.69,0,9868.570000000065,293425.2799999999
2025|2261|2500|4|0|47|1,35500,35500,35500,0,0,0,0,35500,0,0
2025|2261|2417|1|0|57|2,13849,28849,18111.771630426283,18105.72,18105.72,18105.72,18105.72,10743.279999999999,0,0
2025|2261|2417|1|0|10|1,95864443,98392734,97869381.46534988,97916222.07000002,97841114.84999998,97841114.85,97841114.85000001,476511.92999997735,75107.22000004351,-1.4901161193847656e-08
2025|2261|2417|3|0|10|1,0,1797132,1797132,1740250.3999999997,1740147.64,1740147.64,1740147.64,56881.600000000326,102.75999999977648,0
2025|2261|2417|3|0|10|7,14966097,14063345,13412374.125,13443689.580000002,13443689.58,13443689.58,13443689.58,619655.4199999981,1.862645149230957e-09,0
2025|2261|0|4|0|24|1,0,0,14526.5499999998,0,0,0,0,0,0,0
2025|2271|4029|3|0|10|1,4029453,5890821.86,5863459.49,5890821.86,5867578.550000001,4259142.319999999,4256806.610000001,0,23243.30999999959,1608436.2300000014
2025|2271|4032|3|0|10|1,19085232,17251295.57,17334866,17251295.570000004,17047820.410000004,15592032.229999999,15584248.520000001,-3.725290298461914e-09,203475.16000000015,1455788.1800000053
2025|2271|4032|3|0|70|1,0,169651.01,169651.01,169651.01,163528.43,163528.43,163528.43,0,6122.580000000016,0
2025|2271|4032|3|0|95|1,0,2100000,2000000,2097959.47,2000000,568671.0700000001,568671.0700000001,2040.529999999795,97959.4700000002,1431328.93
2025|2271|4032|4|0|95|1,0,670570.52,1500000,670570.52,670570.52,45951.82,45951.82,0,0,624618.7000000001
2025|2271|4032|4|0|10|1,2481495,8000,89214.40000000002,6487,6487,0,0,1513,0,6487
2025|2271|4034|3|0|70|1,0,976645.57,976645.57,976645.5700000001,695241.87,681811.74,681811.74,-1.1641532182693481e-10,281403.70000000007,13430.130000000005
2025|2271|4034|3|0|10|1,53157431,69812920.66000001,71188119.55,69812920.65999998,69751688.79,61355613.12000001,61271316.40999997,2.9802322387695312e-08,61231.869999974966,8396075.669999994
2025|2271|4034|3|0|95|1,0,4876606.35,2476606.35,4798233.48,4414127.3,2580435.8999999994,2580435.9000000004,78372.86999999918,384106.18000000063,1833691.4000000004
2025|2271|4034|3|0|10|3,558873,558873,558873,0,0,0,0,558873,0,0
2025|2271|4034|4|0|10|1,1746816,2564.1,6944.439999999944,2564.0999999999995,2564.1,2564.1,2564.1,4.547473508864641e-13,-4.547473508864641e-13,0
2025|2271|4034|4|0|95|1,0,707024.85,2520000,519024.85,519024.85,169867,38867,188000,0,349157.85
2025|2271|4034|4|0|1|1,279927,279927,279927,0,0,0,0,279927,0,0
2025|2271|4030|3|0|10|1,59277790,67361931,66161931,67361931.00000001,66375732.100000024,57791843.97999999,57174812.81999997,-1.4901161193847656e-08,986198.8999999911,8583888.120000035
2025|2271|4030|3|0|70|1,2370260,2453116.57,2453116.57,82856.56999999999,82291.38,82291.38,82291.38,2370260,565.1899999999878,0
2025|2271|4030|4|0|10|1,9366441,6319760.19,5366441,6319760.1899999995,6303843.8,3438770.38,3438770.38,9.313225746154785e-10,15916.389999999665,2865073.42
2025|2271|4035|3|0|10|1,112518874,149536103.98,147536103.98000002,149536103.9799999,149433252.84,129998108.04000007,129023033.47000006,8.940696716308594e-08,102851.13999989629,19435144.799999937
2025|2271|4035|3|0|95|1,0,3929079.52,3379079.52,3916704.1500000004,3033526.6500000004,2336178.27,2094626.67,12375.369999999646,883177.5,697348.3800000004
2025|2271|4035|3|0|70|1,12500000,14264243.27,12732780.23,4760178.070000001,4007717.7300000004,2156635.2199999997,1893499.85,9504065.2,752460.3400000008,1851082.5100000007
2025|2271|4035|4|0|10|1,3607841,131957.6,131957.59999999998,131957.6000000001,72957.6,72957.6,72957.6,-8.731149137020111e-11,59000.00000000009,0
2025|2271|4035|4|0|70|1,0,1599765.5,1599765.5,1599765.5,1551180.33,1130252.5,1130252.5,0,48585.169999999925,420927.8300000001
2025|2271|4035|4|0|45|1,5542,5542,5542,0,0,0,0,5542,0,0
2025|2271|4035|4|0|95|1,0,48374084.79,38255800.12,43349921.98,42356963.23,26028521.380000003,26004221.62,5024162.810000002,992958.75,16328441.849999994
2025|2271|4031|3|0|10|1,180940954,193509435.43,198459435.43,193509435.43,192833552.83999994,183602297.03000003,182835184.6800002,0,675882.5900000632,9231255.809999913
2025|2271|4031|3|0|95|1,0,13177708.06,13000000,13167241,11729965.940000001,3869567,3739632.11,10467.060000000522,1437275.0599999987,7860398.940000001
2025|2271|4031|3|0|9|1,52500,52500,52500,0,0,0,0,52500,0,0
2025|2271|4031|3|0|70|1,42109565,47732888.42,47378222.67999999,18524244.76,15150732.5,9129536.78,8945580.96,29208643.66,3373512.2600000016,6021195.720000001
2025|2271|4031|4|0|10|8,0,360000,360000,360000,0,0,0,0,360000,0
2025|2271|4031|4|0|70|1,0,103365.86,103365.85999999999,103365.85999999999,103365.86,103365.86,103365.86,1.4551915228366852e-11,-1.4551915228366852e-11,0
2025|2271|4031|4|0|10|1,5105988,1640725.36,3511337.67,1640725.3599999999,1637628.16,1509316,1509316,2.3283064365386963e-10,3097.1999999999534,128312.15999999992
2025|2271|4031|4|0|95|1,0,4560382.53,7500000,4360382.53,4360382.529999999,3979202.6700000004,3979202.67,200000,9.313225746154785e-10,381179.85999999894
2025|2271|4031|4|0|24|1,153000000,153000000,153000000,0,0,0,0,153000000,0,0
2025|2271|4036|3|0|10|1,184304105,193556142.94,192888784,193556142.94000006,193435608.84999996,171972371.17000002,171571338.57000002,-5.960464477539063e-08,120534.09000009298,21463237.679999948
2025|2271|4036|3|0|10|8,0,180000,180000,180000,179995.48,179995.48,179995.48,0,4.519999999989523,0
2025|2271|4036|3|0|70|1,0,4424361.71,4424361.71,4423176.5600000005,3610744.16,1616007.79,1616007.79,1185.1499999994412,812432.4000000004,1994736.37
2025|2271|4036|3|0|95|1,0,3845000,3000000,3832367.38,3000000,2964212.2400000007,2822958.15,12632.620000000112,832367.3799999999,35787.75999999931
2025|2271|4036|4|0|70|1,0,8306.02,8306.02,8306.02,8306.02,8306.02,8306.02,0,0,0
2025|2271|4036|4|0|10|1,4625863,270413.78,0,270413.77999999997,270413.78,24768.06,0,5.820766091346741e-11,-5.820766091346741e-11,245645.72000000003
2025|2271|4036|4|0|95|1,0,10587172.38,19196143.009999998,10585617.82,10456911.109999998,5595826.7,4345731.02,1554.5600000005215,128706.71000000276,4861084.409999997
2025|2271|7004|1|0|60|9,27787026,38787026,38787026,38787026,34799405.80999999,34799405.80999998,34794817.62999998,0,3987620.1900000125,7.450580596923828e-09
2025|2271|7004|3|0|60|9,1356404,6356404,6356404,6280209.91,3414301.3099999996,3414301.309999999,3414301.31,76194.08999999985,2865908.6000000006,4.656612873077393e-10
2025|2271|2500|3|0|10|1,68090415,67137533.86,63890415,67137533.85999998,67019441.18000002,56221672.470000006,55500759.29999998,1.4901161193847656e-08,118092.67999996245,10797768.710000016
2025|2271|2500|3|0|68|1,7589669,19745866.740000002,19182927.530000005,13830829.520000001,13289073.27,11705419.82,11393695.870000001,5915037.220000001,541756.2500000019,1583653.4499999993
2025|2271|2500|4|0|10|1,1065556,1064787.76,1065384.53,1064787.76,1062011.56,816851.7200000001,816851.72,0,2776.1999999999534,245159.83999999997
2025|2271|2500|4|0|47|1,186829,186829,186829,0,0,0,0,186829,0,0
2025|2271|2417|1|0|10|1,1255155649,1311548231,1306497487.9139016,1311386003.7900002,1311386003.79,1311079354.1500003,1311079354.1499999,162227.20999979973,2.384185791015625e-07,306649.63999962807
2025|2271|2417|1|0|57|2,31102717,30602717,24700694.355456017,24519406.900000002,24519406.9,24519406.9,24519406.9,6083310.099999998,3.725290298461914e-09,0
2025|2271|2417|3|0|10|1,0,26654515,23454515,26560783.6,26560783.599999998,26560783.599999998,26560783.6,93731.39999999851,3.725290298461914e-09,0
2025|2271|2417|3|0|10|7,182698450,186770934,185496268.14749998,185301455.37,185301455.37,185301455.37,185301455.37000003,1469478.6299999952,0,0
2025|2271|0|3|0|70|1,0,0,634875,0,0,0,0,0,0,0
2025|2271|0|3|0|68|1,0,0,683277.1,0,0,0,0,0,0,0
2025|2281|4300|3|0|10|1,3262653,3262653,3262653,3223992.72,3040062.3600000003,2620843.5300000003,2620843.5299999993,38660.279999999795,183930.35999999987,419218.8300000001
2025|2281|4300|3|0|36|1,325191,5354388.57,5354388.57,5029197.57,1104806.0799999998,1094806.08,1094806.08,325191,3924391.49,9999.999999999767
2025|2281|4300|4|0|10|1,1164134,1164134,1164134,1051730,133472.03,44698.149999999994,44698.149999999994,112404,918257.97,88773.88
2025|2281|7004|1|0|10|9,0,44706.86,44706.86,44706.86,44706.86,44706.86,44706.86,0,0,0
2025|2281|7004|1|0|60|9,1000,1000,1000,0,0,0,0,1000,0,0
2025|2281|7004|3|0|10|9,0,9214.25,9214.25,9214.25,9214.25,9214.25,9214.25,0,0,0
2025|2281|2500|3|0|10|1,355695,350710.03,346695,346695,307246.57,267904.52,267904.52,4015.0299999999697,39448.43000000005,39342.04999999999
2025|2281|2500|4|0|47|1,1000,1000,1000,0,0,0,0,1000,0,0
2025|2281|2500|4|0|10|1,75219,75219,75219,0,0,0,0,75219,0,0
2025|2281|2417|1|0|10|1,2008908,2356096,2350773.2775360798,2341225.0700000003,2341225.0700000003,2341225.0700000003,2341225.07,14870.929999999702,0,0
2025|2281|2417|3|0|10|7,444189,440359,430924,436384,436384,436384,436384,3975,0,0
2025|2281|0|3|0|36|1,0,0,453299.03,0,0,0,0,0,0,0
2025|2301|4280|4|0|10|1,42695071,17695071,-12287057.135305118,7334000,7334000,5689490.210000001,5689490.21,10361071,0,1644509.789999999
2025|2301|4288|4|0|95|1,5000000,15000000,15000000,0,0,0,0,15000000,0,0
2025|2301|4530|3|0|10|1,856740,356740,356740,303546.69,278760.75,278760.75,278760.75,53193.31,24785.940000000002,0
2025|2301|4284|3|0|91|1,0,500000,500000,500000,394333.24,394333.24,394333.24,0,105666.76000000001,0
2025|2301|4284|3|0|10|1,588057,1707538.66,1707538.66,647842.97,595842.97,595842.9700000001,595842.97,1059695.69,52000,-1.1641532182693481e-10
2025|2301|4284|4|0|10|1,17496440,16011914.74,16011914.74,6680946.91,6680946.909999999,6116011.4399999995,6116011.44,9330967.83,9.313225746154785e-10,564935.4699999997
2025|2301|4287|4|0|80|1,200000000,0,0,0,0,0,0,0,0,0
2025|2301|4287|4|0|95|1,20400000,20400000,20400000,8911031.15,8911031.15,0,0,11488968.85,0,8911031.15
2025|2301|4162|3|0|69|1,0,249289.75,249289.75,249289.75,92349.75,92349.75,70437.17,0,156940,0
2025|2301|4162|3|0|10|1,1050000,7574045.09,7574045.09,4507513.610000001,4497774.82,3665726.41,3665726.41,3066531.4799999986,9738.790000000969,832048.4100000001
2025|2301|4162|4|0|80|1,0,736365.61,736365.61,736365.61,736365.61,350401.39,350401.39,0,0,385964.22
2025|2301|4162|4|0|10|1,72050969,65526923.91,65526923.91,21841191.39,21841191.39,14989577.009999998,14724877.010000002,43685732.519999996,0,6851614.380000003
2025|2301|4272|3|0|10|1,133906,103.03,103.02999999999884,103.02999999999611,103.03,103.03,103.03,3.893774191965349e-12,-3.893774191965349e-12,0
2025|2301|4272|4|0|33|1,0,8910463.35,3176938,8910463.35,8910423.35,0,0,0,40,8910423.35
2025|2301|4272|4|0|10|3,0,75695.85,75695.85,75695.85,26996.370000000003,26996.37,26996.37,0,48699.48,3.637978807091713e-12
2025|2301|4272|4|0|69|1,0,894466.7,894466.7,894466.7,417040.26999999996,417040.27,417040.27,0,477426.43,-5.820766091346741e-11
2025|2301|4272|4|0|25|1,5985160,1629720,1629720,0,0,0,0,1629720,0,0
2025|2301|4272|4|0|10|1,18366352,69967121.33,39713585.09210279,39669548.47,39669548.47,9985358.83,9687552.48,30297572.86,0,29684189.64
2025|2301|4268|3|0|10|1,160524,103.13,103.13000000000466,103.02999999999884,103.03,103.03,103.03,0.1000000000011596,-1.1652900866465643e-12,0
2025|2301|4268|4|0|33|1,36352549,27442085.65,28479484.197428074,27442085.65,27442085.650000006,23846276.91,23846276.909999996,0,-7.450580596923828e-09,3595808.740000006
2025|2301|4268|4|0|10|8,2000,2000,2000,0,0,0,0,2000,0,0
2025|2301|4268|4|0|10|1,48168321,86571985.05,87880288.63654244,49914678.04000001,49914678.04000001,44298340.330000006,42584323.46,36657307.00999999,0,5616337.710000001
2025|2301|4268|4|0|80|1,0,61300000,0,6000000,6000000,863275.7,863275.7,55300000,0,5136724.3
2025|2301|4275|3|0|10|1,275814,275814,275814,222606.36,161525.24,161525.24000000002,161525.24,53207.640000000014,61081.119999999995,-2.9103830456733704e-11
2025|2301|4275|4|0|69|1,0,7229481.72,7229481.72,7229481.72,7229481.72,7229481.72,7229481.72,0,0,0
2025|2301|4275|4|0|10|0,0,5926783.82,0,5926783.82,5926783.82,0,0,0,0,5926783.82
2025|2301|4275|4|0|74|1,0,26789542.54,26789542.54,26789542.54,5380256.07,5380256.07,5380256.07,0,21409286.47,0
2025|2301|4275|4|0|10|8,3000,3000,3000,0,0,0,0,3000,0,0
2025|2301|4275|4|0|25|1,5745753,35106906.55,35106906.55,31784288.549999997,31784288.55,27840224.84,27840224.84,3322618,-3.725290298461914e-09,3944063.710000001
2025|2301|4275|4|0|10|3,3612000,3612000,3612000,0,0,0,0,3612000,0,0
2025|2301|4275|4|0|70|1,4002000,4682550.89,4682550.89,840550.89,840550.89,840550.89,0,3841999.9999999995,0,0
2025|2301|4275|4|0|68|1,8002000,9414539.21,9414539.209999999,1412539.21,1412539.21,1282772.5,1282772.5,8002000,0,129766.70999999996
2025|2301|4275|4|0|10|1,71164143,56162889.85,46631648.7555536,33696801.529999994,33696801.529999994,20443239.56,20441986.419999998,22466088.320000008,0,13253561.969999995
2025|2301|4275|4|0|80|1,0,39000000,39000000,14200000,14200000,7612990.17,7612990.17,24800000,0,6587009.83
2025|2301|4289|4|0|95|1,186139750,462076085.18,456245809.8299999,413711533.96999997,413030745.64000005,189074928.35,187976953.92000002,48364551.21000004,680788.3299999237,223955817.29000005
2025|2301|4385|4|0|25|1,0,12536784.51,15582321.96,12536784.510000002,12536784.51,12536784.510000002,11685065.780000001,-1.862645149230957e-09,1.862645149230957e-09,-1.862645149230957e-09
2025|2301|4385|4|0|54|2,0,6232587.16,6232587.16,6232587.16,6232587.16,0,0,0,0,6232587.16
2025|2301|4385|4|0|10|1,511858095,159428375.86,101269910.47732629,157315385.65,157315385.65,140194725.54999998,140194725.54999995,2112990.2100000083,0,17120660.100000024
2025|2301|4385|4|0|83|2,0,70000000,70000000,62559198.14,62559198.14000001,15733189.78,14331623.340000002,7440801.859999999,-7.450580596923828e-09,46826008.36000001
2025|2301|4385|4|0|80|1,0,83000000,144300000,0,0,0,0,83000000,0,0
2025|2301|4293|3|0|91|1,4376003,380046.23,380046.23,380046.2300000002,312649.42000000004,284884.1600000001,284884.1600000001,-2.3283064365386963e-10,67396.81000000017,27765.25999999995
2025|2301|4293|3|0|60|1,2197729,31400,31400,31399.99999999997,29136.359999999997,29136.36,29136.359999999997,2.9103830456733704e-11,2263.639999999974,-3.637978807091713e-12
2025|2301|4293|3|0|10|1,14594846,34517954.58,22517954.58,31463983.990000006,30788280.05,17940534.239999995,17934340.82,3053970.5899999924,675703.9400000051,12847745.810000006
2025|2301|4293|4|0|32|1,227804692,261983338.99,261983338.99,261983338.99000004,261983288.72000003,255910791.84,254669396.61,-2.9802322387695312e-08,50.270000010728836,6072496.880000025
2025|2301|4293|4|0|51|1,74149366,120508398.46,120508398.46000001,120508398.46000001,120508398.46,116998883.68,116998883.67999999,-1.4901161193847656e-08,1.4901161193847656e-08,3509514.7799999863
2025|2301|4293|4|0|25|1,0,3045537.45,0,3045537.45,3045537.45,0,0,0,0,3045537.45
2025|2301|4293|4|0|54|2,0,6232587.17,6232587.17,6232587.17,6232587.17,3169282.9699999997,3169282.9699999997,0,0,3063304.2
2025|2301|4293|4|0|10|0,0,17988382.65,0,17988382.65,17988382.65,0,0,0,0,17988382.65
2025|2301|4293|4|0|15|1,0,29533711.8,29533711.8,29533711.8,29495718.68,29495718.68,29495718.679999996,0,37993.12000000104,0
2025|2301|4293|4|0|80|1,0,150563634.39,150563634.39,138875162.3,138875162.3,116001814.8,110911288.47,11688472.089999974,0,22873347.500000015
2025|2301|4293|4|0|83|2,28040838,28040838,13040838,15785512.86,15785492.739999998,15658321.16,15658321.159999998,12255325.14,20.12000000104308,127171.57999999821
2025|2301|4293|4|0|10|1,100760904,249298576.44,198108312.09999996,224856329.16,224819281.65,217875026.29000002,217580930.29,24442247.28,37047.50999999046,6944255.3599999845
2025|2301|7004|1|0|10|9,27024653,86641752.5,86641752.5,86641752.5,78372216.4,78372216.40000002,78372216.4,0,8269536.099999994,-1.4901161193847656e-08
2025|2301|7004|3|0|10|9,6313216,5280765.94,5280765.939999998,5280765.939999998,3641236.8900000006,3641236.8900000006,3641236.8900000006,2.7939677238464355e-09,1639529.049999997,0
2025|2301|7004|4|0|10|9,1954064,35813917.45,35813917.45,35785425.43,26259614.04,26259614.04,26259614.04,28492.02000000328,9525811.39,0
2025|2301|2500|3|0|91|2,0,443550.86,443550.86,443550.86,443550.86,0,0,0,0,443550.86
2025|2301|2500|3|0|60|1,0,7255982.09,7255982.09,7255982.09,7255954.08,4435408.93,4435408.93,0,28.009999999776483,2820545.1500000004
2025|2301|2500|3|0|91|1,0,3495956.77,3495956.77,3495956.7699999996,3493799.0699999994,2160039.54,2160039.54,4.656612873077393e-10,2157.7000000001863,1333759.5299999993
2025|2301|2500|3|0|10|1,83255205,70747022.17,54657369.080000006,60365145.370000005,60267441.21000001,53159480.169999994,53158430.00999999,10381876.799999997,97704.15999999642,7107961.040000014
2025|2301|2500|4|0|47|1,1115301,2230602,2230602,1115301,1086053.76,708859.5,708859.5,1115301,29247.23999999999,377194.26
2025|2301|2500|4|0|10|1,6610403,12518444.69,11429443.690000001,10495163.04,10495140.97,7741770.92,7741770.92,2023281.6500000004,22.069999998435378,2753370.0500000007
2025|2301|2417|1|0|10|1,127522669,134762580,134372709.97904542,133825543.76999995,133813966.76999998,133813966.76999998,133813966.76999998,937036.2300000489,11576.999999970198,0
2025|2301|2417|3|0|10|1,0,1150000,1150000,103083.76000000001,103083.76000000001,103083.76000000001,103083.76,1046916.24,0,0
2025|2301|2417|3|0|10|7,34655862,33938173,32474901.534999996,32180881.310000002,32180881.310000002,32180881.310000002,32180881.31,1757291.6899999976,0,0
2025|2301|0|3|0|69|1,0,0,417370.35,0,0,0,0,0,0,0
2025|2301|0|4|0|70|1,0,0,748167.239999999,0,0,0,0,0,0,0
2025|2301|0|4|0|68|1,0,0,998413.34,0,0,0,0,0,0,0
2025|2301|0|4|0|74|1,0,0,3627265.62,0,0,0,0,0,0,0
2025|2311|4004|3|0|10|8,1000000,757200,757200,757200,706482.0700000001,651986.34,634270.4199999999,0,50717.929999999935,54495.7300000001
2025|2311|4004|3|0|10|1,509756,509756,509756,509756,348115.83,295805.26999999996,295805.27,0,161640.16999999998,52310.560000000056
2025|2311|4004|3|0|10|3,625,625,625,0,0,0,0,625,0,0
2025|2311|4004|3|0|24|1,62437,62437,62437,0,0,0,0,62437,0,0
2025|2311|4004|4|0|10|8,0,42800,42800,42800,0,0,0,0,42800,0
2025|2311|4002|3|0|10|1,2205147,2205147,2205147,2205147,2196694.2199999997,2176881.16,2176881.16,0,8452.78000000026,19813.05999999959
2025|2311|4002|3|0|10|8,500000,591660,591660,591660,477757.18999999994,475500.01000000007,475500.00999999995,0,113902.81000000006,2257.1799999998766
2025|2311|4005|3|0|10|1,4710146,4710146,4710146,4710146,4709224.0200000005,4696834.0200000005,4696834.019999999,0,921.9799999995157,12390
2025|2311|4005|3|0|10|8,250000,639000,639000,639000,616900,608650,608650,0,22100,8250
2025|2311|4005|4|0|10|8,0,21100,21100,21100,18662.620000000003,9862.62,9862.62,0,2437.3799999999974,8800
2025|2311|4550|3|0|10|1,2273874,0,-2273874,0,0,0,0,0,0,0
2025|2311|4550|3|0|60|1,8104286,10378160,8678160,9028160,9028144.71,7674900.73,7674900.379999999,1350000,15.28999999910593,1353243.9800000004
2025|2311|4006|3|0|10|1,6368380,8029102.35,7137540,8029102.35,8027858.21,4098763.0100000002,4098763.0100000002,0,1244.1399999996647,3929095.1999999997
2025|2311|4006|3|0|10|3,142757,142757,142757,0,0,0,0,142757,0,0
2025|2311|4006|3|0|36|1,30627021,37443030.87,37443030.87,6816009.87,4181516.3199999994,1739691.72,1739291.7200000002,30627020.999999996,2634493.5500000007,2441824.5999999996
2025|2311|4006|4|0|10|1,152292,960729.65,1852292,960729.6499999999,913519.6499999999,149892.25,149892.25,1.1641532182693481e-10,47210,763627.3999999999
2025|2311|4006|4|0|36|1,7311390,7311390,7311390,0,0,0,0,7311390,0,0
2025|2311|4001|3|0|60|3,0,233.2,233.2,233.2,233.2,233.2,233.2,0,0,0
2025|2311|4001|3|0|10|8,0,35000,35000,35000,0,0,0,0,35000,0
2025|2311|4001|3|0|10|1,13937854,14964057.19,14937854,14964057.189999998,14958891.430000002,11659870.78,11583919.930000002,1.862645149230957e-09,5165.759999996051,3299020.6500000022
2025|2311|4001|3|0|10|3,36864,36864,36864,0,0,0,0,36864,0,0
2025|2311|4001|3|0|1|1,698419,698419,698419,0,0,0,0,698419,0,0
2025|2311|4001|3|0|24|1,2987963,3437862.68,3437862.68,449899.68,171227.18,137739.62,137739.62,2987963,278672.5,33487.56
2025|2311|4001|4|0|10|1,237744,4912380.81,4938584,4912380.81,4912380.75,4829069.35,4829069.350000001,0,0.05999999959021807,83311.40000000037
2025|2311|4001|4|0|10|8,0,25000,25000,25000,0,0,0,0,25000,0
2025|2311|4001|4|0|10|3,4032,4032,4032,0,0,0,0,4032,0,0
2025|2311|4001|4|0|24|1,124300,124300,124300,0,0,0,0,124300,0,0
2025|2311|4001|4|0|1|1,600000,600000,600000,0,0,0,0,600000,0,0
2025|2311|4017|3|0|10|8,0,90000,90000,90000,0,0,0,0,90000,0
2025|2311|4017|3|0|10|1,64377261,64377261,64377261,62103386.99999999,61412706.15,49304660.46000001,49289330.49000003,2273874.0000000075,690680.849999994,12108045.68999999
2025|2311|4017|3|0|70|1,39066186,54690212.13,54690212.13,25915257.27,21594882.030000005,19489509.460000005,19467891.01,28774954.860000003,4320375.239999995,2105372.5700000003
2025|2311|4017|4|0|10|8,0,90000,90000,90000,0,0,0,0,90000,0
2025|2311|4017|4|0|10|1,313428,743428,743428,743428,223390,0,0,0,520038,223390
2025|2311|4017|4|0|70|1,2280744,5597903.78,5597903.78,5597903.779999999,1927813.29,1791221.38,1791221.3800000001,9.313225746154785e-10,3670090.4899999993,136591.91000000015
2025|2311|4017|4|0|10|3,1993,1993,1993,6.84,0,0,0,1986.16,6.84,0
2025|2311|4017|4|0|1|1,199299,199299,199299,54562.16,45375.47,0,0,144736.84,9186.690000000002,45375.47
2025|2311|7004|1|0|60|9,2548849,3081898.17,2862460.39,3081898.17,3081898.170000001,3081898.17,3081898.1700000004,0,-9.313225746154785e-10,9.313225746154785e-10
2025|2311|7004|3|0|60|9,51519,541486.67,526519,541486.6699999999,541486.67,541486.67,541486.67,1.1641532182693481e-10,-1.1641532182693481e-10,0
2025|2311|2500|3|0|10|1,9096558,9100644,9096558,9100644,9100633.680000002,6150239.27,6150239.2700000005,0,10.319999998435378,2950394.410000002
2025|2311|2500|3|0|10|8,300000,465000,465000,465000,440100,440100,440100,0,24900,0
2025|2311|2500|4|0|10|1,92964,88878,92964,88878,88878,17935,17935,0,0,70943
2025|2311|2417|1|0|57|2,780000,1680000,1523633.3213096603,1514735.3800000001,1514735.3800000001,1514735.3800000001,1514735.38,165264.61999999988,0,0
2025|2311|2417|1|0|60|1,1788961,1788961,1477831.3392271134,1475600.1700000002,1475600.17,1475600.17,1475600.17,313360.82999999984,2.3283064365386963e-10,0
2025|2311|2417|1|0|10|1,315790155,335346919,330514802.5063102,330065057.42000014,330065057.42,330065057.42,330065057.4200001,5281861.579999864,1.1920928955078125e-07,0
2025|2311|2417|3|0|10|1,7875419,7875419,7875419,7677397.65,7677397.65,7677397.65,7677397.65,198021.34999999963,0,0
2025|2311|2417|3|0|10|7,40507790,44412559,42985450.7875,42693202.129999995,42693202.13,42693202.13,42693202.13,1719356.8700000048,-7.450580596923828e-09,0
2025|2311|0|3|0|70|1,0,0,7742145.61,0,0,0,0,0,0,0
2025|2321|4237|3|0|10|1,4620147,5138595.850000001,5596151.47,4978171.22,4977636.29,4376374.7299999995,4375018.130000001,160424.63000000082,534.929999999702,601261.5600000005
2025|2321|4237|4|0|10|1,75443,2045.52,2045.520000000004,2045.520000000004,2045.52,2045.52,2045.52,-4.092726157978177e-12,4.092726157978177e-12,0
2025|2321|4222|3|0|10|1,10919926,7524508.5,9519926,7524508.460000001,7524508.459999999,5998444.970000001,5853173.749999999,0.03999999910593033,1.862645149230957e-09,1526063.4899999984
2025|2321|4222|3|0|10|3,80538,80538,80538,0,0,0,0,80538,0,0
2025|2321|4222|3|0|24|1,968856,968856,968856,0,0,0,0,968856,0,0
2025|2321|4222|4|0|10|8,751000,375500,375500,375500,0,0,0,0,375500,0
2025|2321|4222|4|0|10|3,5214113,3597178.57,5214113,3597178.57,2396622.0100000002,1995571.6999999997,1995571.7,0,1200556.5599999996,401050.3100000005
2025|2321|4222|4|0|47|1,115000,115000,115000,0,0,0,0,115000,0,0
2025|2321|4222|4|0|10|1,17344526,8546438.77,8722426.04,8383373.720000001,8383373.72,5246444.239999999,5131875.18,163065.04999999888,9.313225746154785e-10,3136929.4800000004
2025|2321|4222|4|0|1|1,338371,338371,338371,39690,39690,39690,39690,298681,0,0
2025|2321|4222|4|0|24|1,7604933,7604933,7604933,2553564.9899999998,2553564.99,1854524.0100000002,1852375.46,5051368.01,-4.656612873077393e-10,699040.98
2025|2321|4212|3|0|24|1,0,535140.83,535140.83,535140.83,535140.83,535140.83,535140.83,0,0,0
2025|2321|4212|3|0|70|1,208266,359339.06,359339.06,151073.06,151073.06,151073.06,151073.06,208266,0,0
2025|2321|4212|3|0|10|1,160230874,174596261.79,169350366.97,172517799.31,172482160.20999998,143892930.6500001,140662415.44000003,2078462.4799999893,35639.10000002384,28589229.559999883
2025|2321|7004|1|0|60|9,1938171,6878171,6288171,6878171,6800762.379999999,6800762.379999999,6800762.379999999,0,77408.62000000104,0
2025|2321|7004|3|0|60|9,0,560000,950000,560000,522445.64999999997,522445.64999999997,522445.64999999997,0,37554.350000000035,0
2025|2321|2417|1|0|57|2,727204,841204,649411.6558020577,647525.8200000001,647525.8200000001,647525.8200000001,647525.82,193678.17999999993,0,0
2025|2321|2417|1|0|10|1,167551675,163894607,161557753.4940741,162131533.32,162131533.32,162131533.32000002,162090495.65,1763073.6800000072,0,-2.9802322387695312e-08
2025|2321|2417|3|0|10|7,26865649,26865649,25420259.79,25401516.55000001,25401516.55,25401516.55,25401516.55,1464132.4499999918,7.450580596923828e-09,0
2025|2331|4026|3|0|73|1,610000,740000,740000,372500,364499.52999999997,342345.42,342345.42000000004,367500,8000.47000000003,22154.109999999986
2025|2331|4026|4|0|73|1,100000,100000,100000,0,0,0,0,100000,0,0
2025|2331|4024|3|0|73|1,10729198,13106026.68,13106026.68,8714430.190000001,8614315.899999999,7763230.45,7763230.449999996,4391596.489999998,100114.29000000283,851085.4499999983
2025|2331|4024|4|0|73|1,600000,675000,675000,264968.13,264303.13,264303.13,264303.13,410031.87,665,0
2025|2331|7004|1|0|73|9,102255,222255,222255,141862.55,141862.55,141862.55000000002,141862.55,80392.45000000001,0,-2.9103830456733704e-11
2025|2331|2500|3|0|73|1,6431436,7557048.44,8131436,5953320.27,5886024.739999999,5337713.46,5331382.949999999,1603728.1700000009,67295.53000000026,548311.2799999993
2025|2331|2500|4|0|73|1,450000,450000,450000,47300,46898.43,46898.43,46898.43,402700,401.5699999999997,0
2025|2331|2417|1|0|10|1,198964,399696.39,392093.04000000004,392093.04000000004,392093.04000000004,392093.04000000004,392093.04000000004,7603.349999999977,0,0
2025|2331|2417|1|0|73|1,13516045,13395416,13308940.086427625,13310279.540000005,13310279.539999997,13310279.539999997,13310279.54,85136.4599999953,7.450580596923828e-09,0
2025|2331|2417|3|0|73|7,5461066,6719426.88,7557496.41,6719426.879999998,6719426.88,6719426.88,6719426.880000001,1.862645149230957e-09,-1.862645149230957e-09,0
2025|2331|0|1|0|73|1,0,0,-1182502.70642763,0,0,0,0,0,0,0
2025|2351|1018|3|0|10|1,1000,1000,1000,1000,0,0,0,0,1000,0
2025|2351|4088|3|0|10|1,2900000,2030000,2030000,2030000,1943963.3499999999,1700045.3899999997,1700045.39,0,86036.65000000014,243917.9600000002
2025|2351|4088|4|0|10|1,0,170000,170000,170000,31496,0,0,0,138504,31496
2025|2351|4089|3|0|10|1,4598000,4548000,4548000,4548000,4501151.839999999,4459479.99,4450379.989999999,-9.313225746154785e-10,46848.16000000201,41671.849999998696
2025|2351|4089|3|0|70|1,0,515075,515075,515075,397967.65,333183.05,312138.25,0,117107.34999999998,64784.600000000035
2025|2351|4089|3|0|10|8,1500000,2045000,2045000,2045000,1861120.71,1840160.39,1836611.22,0,183879.29000000004,20960.320000000065
2025|2351|4089|3|0|10|3,0,10217.33,10217.33,0,0,0,0,10217.33,0,0
2025|2351|4089|3|0|1|1,0,370000,370000,56066.65,118.8,118.8,118.8,313933.35,55947.85,0
2025|2351|4089|3|0|3|1,1000000,1000000,1000000,0,0,0,0,1000000,0,0
2025|2351|4089|4|0|70|1,0,122000,122000,122000,122000,122000,122000,0,0,0
2025|2351|4089|4|0|10|8,0,220000,220000,220000,59055,0,0,0,160945,59055
2025|2351|4089|4|0|10|1,0,402970.75,402970.75,352970.75,292480,0,0,50000,60490.75,292480
2025|2351|4089|4|0|10|3,169820,159602.67,159602.67,1752.82,1425,1425,1425,157849.85,327.81999999999994,0
2025|2351|4089|4|0|3|1,1140000,1140000,1140000,0,0,0,0,1140000,0,0
2025|2351|4089|4|0|1|1,1633154,1263154,1263154,9035.04,2850,2850,2850,1254118.96,6185.040000000001,0
2025|2351|4087|3|0|10|1,8210000,4869951.1,4340000,4869951.1,4715366.52,4661716.56,4648966.56,0,154584.58000000007,53649.95999999996
2025|2351|4087|4|0|10|1,0,3040048.9,3570000,2730048.9,2708281.2600000002,377530.61,377530.61,310000,21767.639999999665,2330750.6500000004
2025|2351|4090|3|0|10|8,320000,802174,802174,802174,802000,793600,793600,0,174,8400
2025|2351|4090|3|0|10|1,27522122,18312164.25,18312164.25,18312164.249999996,17880031.19,16256639.189999998,16249069.19,3.725290298461914e-09,432133.05999999493,1623392.0000000037
2025|2351|4090|4|0|10|8,250000,0,0,0,0,0,0,0,0,0
2025|2351|4090|4|0|10|1,0,372971,372971,372971,0,0,0,0,372971,0
2025|2351|4086|3|0|10|1,92800933,89235505,89235505,89235505.00000003,84368158.55000001,66585444.46000001,66580875.45999996,-2.9802322387695312e-08,4867346.450000018,17782714.090000004
2025|2351|4086|3|0|97|1,0,30000,30000,30000,0,0,0,0,30000,0
2025|2351|4086|3|0|10|8,0,161660,161660,161660,21327.24,0,0,0,140332.76,21327.24
2025|2351|4086|3|0|10|3,179781,189183.82,189183.82,26361.64,9402.82,9402.82,0,162822.18,16958.82,0
2025|2351|4086|3|0|24|1,12846807,14607728.24,14607728.24,2456742.24,1181298.11,1141159.9800000002,167015.33,12150986,1275444.1300000001,40138.12999999989
2025|2351|4086|4|0|15|1,0,150000,150000,150000,103530,0,0,0,46470,103530
2025|2351|4086|4|0|97|1,0,100000,100000,100000,0,0,0,0,100000,0
2025|2351|4086|4|0|10|1,4682250,15681694,15681694,15681694,15221488.47,6441252.76,6293235.8100000005,0,460205.52999999933,8780235.71
2025|2351|4086|4|0|10|8,571000,781000,781000,780000,546144.23,0,0,1000,233855.77000000002,546144.23
2025|2351|4086|4|0|24|1,201500,403000,403000,201500,131205.9,131205.9,131205.9,201500,70294.1,0
2025|2351|4086|4|0|10|3,400000,400000,400000,2470.76,0,0,0,397529.24,2470.76,0
2025|2351|7004|1|0|10|9,4037512,9528976.040000001,3737512,9490474.84,3467499.93,3467499.93,3457133.21,38501.20000000112,6022974.91,0
2025|2351|7004|1|0|60|9,1862000,1862000,1862000,0,0,0,0,1862000,0,0
2025|2351|7004|3|0|60|9,0,26768.32,26768.32,26768.32,26768.32,26768.32,26768.32,0,0,0
2025|2351|7004|3|0|10|9,0,300000,300000,300000,213648.03000000003,213648.03000000003,213648.03000000003,0,86351.96999999997,0
2025|2351|2500|3|0|10|1,1365563,1565563,1565563,1565563,1409336.1800000002,1294482.8699999999,1294482.7699999998,0,156226.81999999983,114853.31000000029
2025|2351|2417|1|0|10|1,243500634,260568377,254818551.24655995,252172147.01000005,252165244.76,252128179.35999998,252128179.35999995,8396229.98999995,6902.250000059605,37065.40000000596
2025|2351|2417|3|0|10|1,0,500000,500000,500000,207222.26,207222.26,207222.25999999998,0,292777.74,0
2025|2351|2417|3|0|10|7,32429651,38779900,37508274.05,37169357.360000014,37169357.36,37169357.36,37169357.36,1610542.6399999857,1.4901161193847656e-08,0
2025|2351|0|3|0|24|1,0,0,230776.699999999,0,0,0,0,0,0,0
2025|2351|0|4|0|70|1,0,0,14550.27,0,0,0,0,0,0,0
2025|2351|0|4|0|1|1,0,0,102391.69,0,0,0,0,0,0,0
2025|2361|7208|3|0|60|1,71495951,71495951,71495951,0,61814660.49000001,61814660.49000001,61814660.49000001,71495951,-61814660.49000001,0
2025|2361|7004|3|0|60|9,321836,321836,321836,0,0,0,0,321836,0,0
2025|2361|2009|1|0|60|1,1241000,1241000,0,0,327866.0200000001,327866.0200000001,327866.0200000001,1241000,-327866.0200000001,0
2025|2361|2009|3|0|60|1,7457551,7457551,7457551,0,3646423.4000000004,3646423.4000000004,3646423.4000000004,7457551,-3646423.4000000004,0
2025|2361|2009|4|0|60|1,487731,487731,487731,0,0,0,0,487731,0,0
2025|2361|2113|3|0|60|1,4906275,4906275,4906275,0,2676892.1799999997,2676892.1799999997,2676892.1799999997,4906275,-2676892.1799999997,0
2025|2361|2114|4|0|60|1,6749406,6749406,6749406,0,0,0,0,6749406,0,0
2025|2361|2114|5|0|60|1,16854750,16854750,16854750,0,0,0,0,16854750,0,0
2025|2371|4238|3|0|91|1,1000,0,0,0,0,0,0,0,0,0
2025|2371|4252|3|0|91|1,1000,0,0,0,0,0,0,0,0,0
2025|2371|4252|3|0|95|1,0,2054480.52,2054480.52,0,0,0,0,2054480.52,0,0
2025|2371|4203|3|0|91|1,531501,406501,294678,401586.05000000005,401586.04999999993,314906.79,314906.79,4914.949999999953,1.1641532182693481e-10,86679.25999999995
2025|2371|4228|3|1|91|1,1000,1000,1000,0,0,0,0,1000,0,0
2025|2371|4228|3|1|95|1,0,6618507.38,6155480.4,4880255.7,4663009.000000001,2339437.19,2339437.1899999995,1738251.6799999997,217246.69999999925,2323571.810000001
2025|2371|4228|4|1|95|1,0,8060363.94,8060363.94,3769687.9999999995,3769688,3769688,3769688,4290675.940000001,-4.656612873077393e-10,0
2025|2371|4206|3|0|91|1,1256845,1056845,840291,1055347.02,1055343.31,308635.27999999997,308635.28,1497.9799999999814,3.709999999962747,746708.03
2025|2371|4202|3|0|91|1,2686194,2323558.25,2323558.25,2304446.0300000003,2304444.0999999996,1741348,1465715.5899999999,19112.21999999974,1.9300000006332994,563096.0999999994
2025|2371|4202|3|0|91|3,101188,106868,106868,5680,1269.84,1269.84,1269.84,101188,4410.16,0
2025|2371|4202|3|0|24|1,829672,954443.2,954443.2,311305.16,202372.44,202372.44,202372.44,643138.04,108932.71999999997,0
2025|2371|4202|3|0|1|1,951200,951200,951200,0,0,0,0,951200,0,0
2025|2371|4202|4|0|91|3,80062,80062,80062,0,0,0,0,80062,0,0
2025|2371|4202|4|0|24|1,228232,228232,228232,0,0,0,0,228232,0,0
2025|2371|4318|3|0|91|1,196975,206975,173036,197005.25,197005.25,150287.46,150287.46000000002,9969.75,0,46717.79000000001
2025|2371|4317|3|0|91|1,878957,823837.2,672393.2,823837.2000000001,823837.19,514240.59999999986,514240.60000000003,-1.1641532182693481e-10,0.010000000125728548,309596.5900000001
2025|2371|4317|3|0|60|1,1142880,1142880,945962,1091592.69,1091534.7999999998,708828.7399999999,674708.64,51287.310000000056,57.890000000130385,382706.05999999994
2025|2371|4319|3|0|91|1,516432,428732,339751,424731.20000000007,424395.8,307939.71,307939.71,4000.79999999993,335.4000000000815,116456.08999999997
2025|2371|4498|3|0|91|1,131426,123871.1,101226.1,123871.09999999999,123871.1,88631.26,88631.26,1.4551915228366852e-11,-1.4551915228366852e-11,35239.84000000001
2025|2371|4440|3|0|91|1,404978,305833.49,236055.49,305833.49,305665.78,255449.15000000002,255449.15000000002,0,167.70999999996275,50216.630000000005
2025|2371|4439|3|0|91|1,256148,184873.12,140739.12,184873.12,184873.12000000002,86303.62999999999,86303.63,0,-2.9103830456733704e-11,98569.49000000003
2025|2371|7004|1|0|60|9,0,775365.98,775365.98,775365.98,774983.24,774983.24,774983.24,0,382.7399999999907,0
2025|2371|7004|1|0|91|9,0,1562943.69,1562943.69,1562943.69,1561444.1499999994,1561444.1499999994,1561444.1499999994,0,1499.540000000503,0
2025|2371|7004|1|0|10|9,6633896,6333896,6333896,3048115.24,2892989.4799999986,2892989.4799999986,2892989.4799999986,3285780.76,155125.76000000164,0
2025|2371|7004|3|0|60|9,0,520687.56,520687.55999999994,520687.55999999994,512205.47000000015,512205.47000000015,512205.47000000015,5.820766091346741e-11,8482.089999999793,0
2025|2371|7004|3|0|91|9,0,384928.83,384928.82999999996,384928.82999999996,356263.83999999997,356263.83999999997,356263.83999999997,5.820766091346741e-11,28664.98999999999,0
2025|2371|7004|3|0|10|9,77592,377592,377592,358695.33,354443.24999999994,354443.24999999994,354443.24999999994,18896.669999999984,4252.0800000000745,0
2025|2371|2500|3|0|91|1,7131296,7568174.98,7551725.840000001,7516539.539999999,7513921.069999999,6456511.220000001,6361643.709999998,51635.44000000134,2618.4699999997392,1057409.8499999987
2025|2371|2500|3|0|60|1,6938883,6894364,6363410,6136045.529999999,6135886.59,5473125.99,5363161.990000001,758318.4700000007,158.93999999947846,662760.5999999996
2025|2371|2500|4|0|47|1,300000,300000,108067.3,108067.3,108067.3,108067.3,108067.3,191932.7,0,0
2025|2371|2417|1|0|91|1,37723800,88843482.76,83609826.94,83609826.94000001,83609826.94,83593130.72999999,83593130.72999999,5233655.819999993,1.4901161193847656e-08,16696.210000008345
2025|2371|2417|1|0|60|1,11468870,11468870,0,776.23,776.23,0,0,11468093.77,0,776.23
2025|2371|2417|1|0|10|1,175084245,183616996,139671270.44145346,139737660.92999995,139737660.93,139737660.93,139737660.93,43879335.07000005,-5.960464477539063e-08,0
2025|2371|2417|3|0|60|1,865063,865063,865063,665483.37,613259.6,613259.6,613259.6,199579.63,52223.77000000002,0
2025|2371|2417|3|0|10|7,31914469,31914469,30728786.180000003,30591599.05000001,30591599.05,30591599.05,30591599.05,1322869.9499999918,7.450580596923828e-09,0
2025|2371|0|3|0|24|1,0,0,33759.9399999999,0,0,0,0,0,0,0
2025|2421|1028|1|0|71|1,474263,1726493.7,1699725.5418634324,1726493.7,1726493.7,1726493.7,1726493.7,0,0,0
2025|2421|1028|3|0|71|7,85096,395743.25,394125.35,395743.25,395743.25,395743.25,395743.25,-5.820766091346741e-11,5.820766091346741e-11,0
2025|2421|1028|3|0|10|8,1781000,0,0,0,0,0,0,0,0,0
2025|2421|1028|3|0|71|1,203000,391783.54,438778.3400000001,391783.48,389970.55999999994,357266.64999999997,354327.53,0.059999999997671694,1812.920000000042,32703.909999999974
2025|2421|1028|3|0|9|1,10256000,4026097.69,4026097.6900000004,0,0,0,0,4026097.69,0,0
2025|2421|1028|4|0|71|1,0,633454.04,586459.24,633454.04,585625.66,0,0,0,47828.380000000005,585625.66
2025|2421|1028|4|0|15|1,0,1545357.78,1545357.78,1545357.78,534644.7,0,0,0,1010713.0800000001,534644.7
2025|2421|1028|4|0|9|1,3100000,2564487.74,2564487.7399999998,0,0,0,0,2564487.74,0,0
2025|2421|1095|3|0|71|1,1000,1000,1000,1000,1000,606.3,606.3,0,0,393.70000000000005
2025|2421|1095|3|0|10|3,0,5050000,5050000,5050000,4964712.629999999,4896793.08,4067286.82,0,85287.37000000104,67919.54999999888
2025|2421|1095|3|0|24|1,4100966,4100966,4100966,1536975.13,41180,41180,41180,2563990.87,1495795.13,0
2025|2421|1095|4|0|24|1,8999000,10999000,10999000,2000000,45801.52,45801.52,45801.52,8999000,1954198.48,0
2025|2421|1025|3|0|71|1,126000,5330692.54,5324142.54,5330692.54,5329974.260000001,2022900.0900000003,1880159.5899999999,0,718.2799999993294,3307074.1700000004
2025|2421|1025|3|0|15|1,0,6752349.75,6752349.75,6752349.75,6596249.250000001,2259567.99,2215648.27,0,156100.49999999907,4336681.260000001
2025|2421|1025|3|0|10|8,5060000,4095035.57,4095035.57,4083495.48,4083495.48,3912630.62,3912630.6199999996,11540.089999999851,0,170864.85999999987
2025|2421|1025|3|0|24|1,1468532,1468532,1468532,0,0,0,0,1468532,0,0
2025|2421|1025|4|0|71|1,0,0,6550,0,0,0,0,0,0,0
2025|2421|1025|4|0|10|8,800000,0,0,0,0,0,0,0,0,0
2025|2421|4323|3|0|10|8,500000,0,0,0,0,0,0,0,0,0
2025|2421|4323|3|0|15|1,0,315371.3,315371.3,315371.3,315371.3,109362.8,109362.8,0,0,206008.5
2025|2421|4323|3|0|71|1,1000,42000,42000,42000,41940,0,0,0,60,41940
2025|2421|4323|3|0|24|1,854000,854000,854000,0,0,0,0,854000,0,0
2025|2421|4325|1|0|71|1,302849,302849,132099.5017903455,122471.59000000001,122471.59,122471.59,122471.59,180377.40999999997,1.4551915228366852e-11,0
2025|2421|4325|3|0|15|1,0,121430.42,121430.42,121430.42,121430.42,0,0,0,0,121430.42
2025|2421|4325|3|0|71|3,0,477.98,477.98,477.98,0,0,0,0,477.98,0
2025|2421|4325|3|0|10|3,0,2103.67,2103.67,2103.67,0,0,0,0,2103.67,0
2025|2421|4325|3|0|71|1,515000,406767,406767,406767,395260.14999999997,395127.22,395127.22,0,11506.850000000035,132.92999999999302
2025|2421|4325|3|0|10|8,50000,149561.21,149561.21,148924.1,148924.1,148924.09999999998,148924.1,637.109999999986,0,2.9103830456733704e-11
2025|2421|4325|3|0|71|7,49250,49250,44876.58,41947.86,41947.86,41947.86,41947.86,7302.139999999999,0,0
2025|2421|4325|3|0|24|1,576502,1227318.33,1227318.33,650816.33,0,0,0,576502,650816.33,0
2025|2421|4325|4|0|10|8,400000,0,0,0,0,0,0,0,0,0
2025|2421|4325|4|0|71|1,0,108233,108233,104824.72,104824.72,0,0,3408.279999999999,0,104824.72
2025|2421|4516|1|0|71|1,323984,323984,240073.0520439943,237228.19,237228.19,237228.19,237228.18999999997,86755.81,0,0
2025|2421|4516|3|0|71|7,57483,57483,53015.48,52335.05,52335.05,52335.05,52335.049999999996,5147.949999999997,0,0
2025|2421|4516|4|0|10|8,1710000,0,0,0,0,0,0,0,0,0
2025|2421|4516|4|0|71|1,0,983000,0,983000,979090.74,0,0,0,3909.2600000000093,979090.74
2025|2421|4516|4|0|15|1,0,3980517.76,3980517.76,3980517.76,3884927.76,501592.76,501592.76,0,95590,3383335
2025|2421|4516|4|0|1|1,2000,2000,2000,0,0,0,0,2000,0,0
2025|2421|4516|4|0|10|4,160000,160000,160000,0,0,0,0,160000,0,0
2025|2421|4516|4|0|24|1,14938771,14938771,14938771,0,0,0,0,14938771,0,0
2025|2421|4320|3|0|71|1,72240,14240,14240,14240,9606.96,9606.96,9606.96,0,4633.040000000001,0
2025|2421|4320|3|0|10|3,0,4004112.38,4004112.38,4004112.38,3300651.4,2997969.71,2997969.71,0,703460.98,302681.68999999994
2025|2421|4320|3|0|24|1,14122669,20834654.36,20834654.36,17757123.36,16674466.599999998,12911295.32,12911295.320000002,3077531,1082656.7600000016,3763171.2799999975
2025|2421|7004|3|0|10|9,1000,1000,1000,0,0,0,0,1000,0,0
2025|2421|2500|1|0|71|1,7314202,6295372,6176185.201598481,6134316.86,6134316.859999999,6134316.859999999,6134316.86,161055.13999999966,9.313225746154785e-10,0
2025|2421|2500|3|0|71|1,5953772,2860263.9,2882363.9,2855363.9,2798046.89,2406734.19,2384224.45,4900,57317.00999999978,391312.7000000002
2025|2421|2500|3|0|71|7,1422900,1415200,1388260.6600000004,1389258.82,1389258.82,1389258.82,1389258.82,25941.179999999935,0,0
2025|2421|2500|4|0|10|8,1000000,0,0,0,0,0,0,0,0,0
2025|2421|2500|4|0|71|1,0,83100,57100,83100,63652.22,7100,7100,0,19447.78,56552.22
2025|2421|0|3|0|9|1,0,0,6765414.57,0,0,0,0,0,0,0
2025|2431|4446|3|0|60|1,367224,354926.09,354926.09,354926.08999999997,291555.63,238686.94,238686.94,5.820766091346741e-11,63370.45999999996,52868.69
2025|2431|4447|3|0|10|1,337725,336430.86,336430.86,336430.86,336430.86,336430.86,336430.86,0,0,0
2025|2431|4447|3|0|95|1,0,1893172.27,1893172.27,1404006.63,1404006.6300000001,1404006.6300000001,1404006.6300000001,489165.64000000013,-2.3283064365386963e-10,0
2025|2431|7004|1|0|10|9,1000,1000,1000,0,0,0,0,1000,0,0
2025|2431|2500|3|0|10|1,0,30000,30000,30000,0,0,0,0,30000,0
2025|2431|2500|3|0|60|1,732776,2259699.85,2259699.85,2259699.8499999996,1322457.5899999999,1222290.14,1044952.0599999999,4.656612873077393e-10,937242.2599999998,100167.44999999995
2025|2431|2500|4|0|60|1,0,40000,40000,40000,22545,0,0,0,17455,22545
2025|2431|2417|1|0|10|1,4439010,4439010,4027740.6682291823,4024555.0600000005,4024555.0599999996,4024555.0599999996,4024555.0600000005,414454.9399999995,9.313225746154785e-10,0
2025|2431|2417|3|0|10|7,578444,578444,530454,530477,530477,530477,530477,47967,0,0
2025|2441|4015|3|0|59|1,366856,362389.33,362389.33,337415.89999999997,332393.42,295294.33,294628.12,24973.43000000005,5022.479999999981,37099.08999999997
2025|2441|4015|4|0|59|1,0,4466.67,4466.67,0,0,0,0,4466.67,0,0
2025|2441|4013|3|0|59|1,320501,505705,505705,498996.58,481981.13,445546.57999999996,445546.57999999996,6708.419999999984,17015.45000000001,36434.55000000005
2025|2441|4014|3|0|59|1,1390859,1277543,1277543,1271311.04,1203403.98,1096552.1800000002,1087804.83,6231.959999999963,67907.06000000006,106851.79999999981
2025|2441|4014|4|0|59|1,0,20600,20600,19700,19700,0,0,900,0,19700
2025|2441|7004|1|0|59|9,32087,48781.97,48781.97,21176.56,21176.56,21176.56,21176.56,27605.41,0,0
2025|2441|2500|3|0|59|1,1075498,2983010,2983010,996265.2700000001,917654.15,779768.78,779768.78,1986744.73,78611.12000000011,137885.37
2025|2441|2417|1|0|59|1,14653501,15014949,14979263.313683009,14964745.8,14964745.800000003,14964745.800000003,14964745.799999999,50203.199999999255,-1.862645149230957e-09,0
2025|2441|2417|3|0|59|7,1291779,1116787,1109983.435,1090421.34,1090421.34,1090421.34,1090421.34,26365.659999999916,0,0
2025|2461|4286|3|0|10|1,0,167583.06,167583.06,167583.06,167583.06,167583.06,0,0,0,0
2025|2461|4286|3|0|32|1,236320,236320,236320,212847.21000000002,139925.63999999998,139925.64,139925.64,23472.78999999998,72921.57000000004,-2.9103830456733704e-11
2025|2461|4286|4|0|10|1,100100,100100,100100,100100,84826.98000000001,13764,13764,0,15273.01999999999,71062.98000000001
2025|2461|4273|3|0|10|1,158690,158690,158690,154184.19999999998,115935.87,89355.45999999999,89355.45999999999,4505.8000000000175,38248.32999999999,26580.410000000003
2025|2461|4273|3|0|32|1,222572,222572,222572,210865.14,209961.13999999998,8187.65,8187.65,11706.859999999986,904.0000000000291,201773.49
2025|2461|4273|3|0|60|1,60000,60000,60000,38497.08,18758.5,18758.5,18758.5,21502.92,19738.58,0
2025|2461|4528|3|1|32|1,2430568,2230568,2230568,2202511.4800000004,1616977.16,1277723.97,1259781.87,28056.519999999553,585534.3200000005,339253.18999999994
2025|2461|4528|3|1|10|3,96325,96325,96325,0,0,0,0,96325,0,0
2025|2461|4528|3|1|24|1,3433022,3433022,3433022,0,0,0,0,3433022,0,0
2025|2461|4528|4|1|32|1,0,200000,200000,195420,147000,0,0,4580,48420,147000
2025|2461|7004|1|0|10|9,1000,1000,1000,0,0,0,0,1000,0,0
2025|2461|2500|3|0|10|1,257320,257320,257320,209155.12,209055.14,109065.12,109065.12000000001,48164.880000000005,99.97999999998137,99990.02000000002
2025|2461|2417|1|0|10|1,1948289,1928350,1821261.5640130413,1816031.6199999999,1816031.6199999999,1816031.6199999999,1816031.62,112318.38000000012,0,0
2025|2461|2417|3|0|10|7,251163,271102,262659.5,263237,263237,263237,263237,7865,0,0
2025|2471|4208|3|0|10|1,0,2495592.8,2495592.8,2495592.8000000003,1984990.17,1014565.7799999999,1014565.7799999999,-4.656612873077393e-10,510602.63000000035,970424.39
2025|2471|4208|3|0|60|2,0,1079229.52,1079229.52,1079229.52,1073986.26,734034.45,734034.45,0,5243.260000000009,339951.81000000006
2025|2471|4208|3|0|59|1,0,1840000,1840000,0,0,0,0,1840000,0,0
2025|2471|4208|4|0|10|1,0,3420390.7,3420390.7,1608648.57,1558875.9000000001,1295157.42,1295157.42,1811742.1300000001,49772.669999999925,263718.4800000002
2025|2471|4208|4|0|60|2,0,11030725.24,11030725.24,4433029.06,4018332.7499999995,2357251.79,2357251.79,6597696.180000001,414696.31000000006,1661080.9599999995
2025|2471|2417|1|0|10|1,0,4819797.3100000005,4176452.0368611966,3992027.500000001,3992027.4999999995,3777249.1999999993,3777249.2,827769.8099999996,1.3969838619232178e-09,214778.30000000028
2025|2471|2417|3|0|10|7,0,404163.64,372735.68666666665,366969.16000000003,366969.16,366969.16,366969.16,37194.47999999998,5.820766091346741e-11,0
2025|3041|4235|3|0|80|1,63496554,0,0,0,0,0,0,0,0,0
2025|3041|4235|3|0|60|1,22127267,36100104,35027267,36100104,34971289.09,34971289.09,34971289.09,0,1128814.9099999964,0
2025|3041|4235|3|0|1|1,286500,286500,286500,0,0,0,0,286500,0,0
2025|3041|4235|3|0|60|3,136817,290574.78,290574.77999999997,0,83587.3,83587.3,83587.3,290574.78,-83587.3,0
2025|3041|4235|3|0|24|1,0,615031.13,615031.13,0,0,0,0,615031.13,0,0
2025|3041|4235|3|0|2|1,6380400,6380400,6380400,0,4008550,4008550,4008550,6380400,-4008550,0
2025|3041|4235|3|0|67|1,51019988,51019988,51019988,22100380.57,51019888,51019888,51019888,28919607.43,-28919507.43,0
2025|3041|4235|4|0|10|8,600000,0,0,0,0,0,0,0,0,0
2025|3041|4235|4|0|60|1,9881062,15790324.32,10981062,15790324.32,15790324.32,15790324.32,15790324.32,0,0,0
2025|3041|4235|4|0|10|4,70000,70000,70000,0,0,0,0,70000,0,0
2025|3041|4235|4|0|60|3,118938,297915.64,297915.64,0,126821,126821,126821,297915.64,-126821,0
2025|3041|4235|4|0|24|1,0,715910.56,715910.56,0,545957.6,545957.6,545957.6,715910.56,-545957.6,0
2025|3041|4235|4|0|1|1,839887,839887,839887,0,257850,257850,257850,839887,-257850,0
2025|3041|4235|4|0|97|1,0,1156881.78,1156881.78,0,0,0,0,1156881.78,0,0
2025|3041|4235|4|0|2|1,2322158,2322158,2322158,0,0,0,0,2322158,0,0
2025|3041|4235|4|0|80|1,0,57668317.33,57668317.33,1678613.63,1678613.63,1678613.63,1678613.63,55989703.699999996,0,0
2025|3041|1034|3|0|67|1,7500,7500,7500,0,0,0,0,7500,0,0
2025|3041|1034|4|0|60|1,7500,7500,7500,3000,0,0,0,4500,3000,0
2025|3041|4236|3|0|79|2,0,90000,90000,90000,90000,90000,90000,0,0,0
2025|3041|4236|3|0|10|1,0,329660.96,329660.96,329660.96,329660.96,329660.96,329660.96,0,0,0
2025|3041|4236|3|0|15|1,0,2715844.05,314386,2715844.05,2715844,2715844,2715844,0,0.049999999813735485,0
2025|3041|4236|3|0|67|1,7500,7500,7500,0,0,0,0,7500,0,0
2025|3041|4236|3|0|10|8,8888500,3244326.59,3244326.59,3223144.1100000003,3024884.88,3024884.88,3024884.88,21182.479999999516,198259.23000000045,0
2025|3041|4236|4|0|71|1,0,6325000,6325000,6325000,6325000,6325000,6325000,0,0,0
2025|3041|4236|4|0|15|1,0,16962230.08,9391640,16962230.08,16923711.419999998,16923711.419999998,16923711.419999998,0,38518.66000000015,0
2025|3041|4236|4|0|60|1,7500,7500,7500,3000,0,0,0,4500,3000,0
2025|3041|4236|4|0|10|8,14953000,9148575.13,9148575.129999999,9113754.46,8869576.690000001,8869576.690000001,8869576.690000001,34820.669999999925,244177.76999999955,0
2025|3041|1044|3|0|60|1,731263,731263,731263,289580.15,372164.71,372164.71,372164.71,441682.85,-82584.56,0
2025|3041|1045|3|0|67|1,15000,15000,15000,0,0,0,0,15000,0,0
2025|3041|7004|1|0|60|9,34950,34950,34950,0,34950,34950,34950,34950,-34950,0
2025|3041|2500|3|0|67|1,1829054,1829054,1829054,595765.49,1464502.97,1464502.97,1464502.97,1233288.51,-868737.48,0
2025|3041|2417|1|0|60|1,16954703,16954703,15985901.835563246,16954703,14359302.639999999,14359302.639999999,14359302.639999999,0,2595400.3600000013,0
2025|3041|2417|1|0|67|1,47230958,47230958,48953206.26237431,47230958,43879519.22,43879519.22,43879519.22,0,3351438.780000001,0
2025|3041|2417|1|0|10|1,231192439,231192439,198080269.12452433,231192439,204774904.14999998,204774904.14999998,204774904.14999998,0,26417534.850000024,0
2025|3041|0|4|0|1|1,0,0,5835348.62,0,0,0,0,0,0,0
2025|3051|4370|3|0|10|1,1000,1000,0,820.41,0,0,0,179.59000000000003,820.41,0
2025|3051|4371|3|0|10|1,1000,1000,0,820.41,0,0,0,179.59000000000003,820.41,0
2025|3051|4016|1|0|10|1,15107880,15107880,13790763.916765425,15107880,13959041.95,13959041.95,13959041.95,0,1148838.0500000007,0
2025|3051|4016|3|0|60|1,96000,96000,96000,96000,53745.39,53745.39,53745.39,0,42254.61,0
2025|3051|4016|3|0|10|1,4145283,5954212.23,5754212.23,5954212.2299999995,5780565.569999998,5780565.569999998,5780565.569999998,9.313225746154785e-10,173646.66000000108,0
2025|3051|4016|4|0|10|1,12754717,14342042.17,15411368.17,14342042.17,13411094.26,13411094.26,13411094.26,0,930947.9100000001,0
2025|3051|4023|3|0|60|1,200000,200000,200000,200000,151563.9,151563.9,151563.9,0,48436.100000000006,0
2025|3051|4020|3|0|60|1,650000,780000,700000,780000,746576.7999999999,746576.7999999999,746576.7999999999,0,33423.20000000007,0
2025|3051|4021|3|0|60|1,650000,650000,650000,650000,572728.3,572728.3,572728.3,0,77271.69999999995,0
2025|3051|4022|3|0|60|1,1100000,1450000,2794485.9,1449999.55,1263823.26,1263823.26,1263823.26,0.44999999995343387,186176.29000000004,0
2025|3051|4019|3|0|60|1,1600000,1020000,1100000,1020000,106617.98,106617.98,106617.98,0,913382.02,0
2025|3051|4018|3|0|60|1,6120992,8650173.62,8650173.620000001,8650173.620000001,5850029.760000001,5850029.760000001,5850029.760000001,-1.862645149230957e-09,2800143.8600000003,0
2025|3051|4018|3|0|10|8,100000,0,0,0,0,0,0,0,0,0
2025|3051|4018|3|0|60|3,0,11560.05,11560.05,7068.87,7068.870000000001,7068.870000000001,7068.870000000001,4491.179999999999,-9.094947017729282e-13,0
2025|3051|4018|3|0|10|3,1747,86399,86399,1747,0,0,0,84652,1747,0
2025|3051|4018|3|0|2|1,0,85431.75,85431.75,0,0,0,0,85431.75,0,0
2025|3051|4018|3|0|1|1,0,144024.31,144024.31,23925.82,87429.59,87429.59,87429.59,120098.48999999999,-63503.77,0
2025|3051|4018|3|0|70|1,214500,214500,214500,0,13211.52,13211.52,13211.52,214500,-13211.52,0
2025|3051|4018|3|0|10|1,12085685,10906131.9,9692320,10669536.89,10830159.95,10830159.95,10830159.95,236595.00999999978,-160623.05999999866,0
2025|3051|4018|3|0|59|1,0,349412.37,349412.37,61304.26,54060.26999999999,54060.26999999999,54060.26999999999,288108.11,7243.9900000000125,0
2025|3051|4018|3|0|24|1,879320,1560317.25,1560317.25,459842.49,1018466.1400000001,1018466.1400000001,1018466.1400000001,1100474.76,-558623.6500000001,0
2025|3051|4018|4|0|15|1,0,555000,555000,555000,555000,555000,555000,0,0,0
2025|3051|4018|4|0|10|8,500000,350000,350000,350000,349999.99000000005,349999.99000000005,349999.99000000005,0,0.009999999951105565,0
2025|3051|4018|4|0|59|1,0,166667.76,166667.76,166667.76,49607.73,49607.73,49607.73,0,117060.03,0
2025|3051|4018|4|0|60|1,500000,2951383.01,2951383.01,2951383.01,1065546.58,1065546.58,1065546.58,0,1885836.4299999997,0
2025|3051|4018|4|0|47|1,2230200,5520000,5520000,5520000,1258537.33,1258537.33,1258537.33,0,4261462.67,0
2025|3051|4018|4|0|10|3,59779,67948.22,67948.22,49169.22,8169.22,8169.22,8169.22,18779,41000,0
2025|3051|4018|4|0|70|1,37500,37500,37500,0,0,0,0,37500,0,0
2025|3051|4018|4|0|2|1,0,400463.25,400463.25,0,148587.63,148587.63,148587.63,400463.25,-148587.63,0
2025|3051|4018|4|0|1|1,479500,479500,479500,0,0,0,0,479500,0,0
2025|3051|4018|4|0|24|1,4805877,5217234,5217234,11387,1309114.77,1309114.77,1309114.77,5205847,-1297727.77,0
2025|3051|7004|1|0|10|9,1000,1000,1000,0,0,0,0,1000,0,0
2025|3051|2500|3|0|60|1,4610000,4710000,4710000,4710000,4569024.31,4569024.31,4569024.31,0,140975.6900000004,0
2025|3051|2500|3|0|10|1,1250000,1250000,1250000,1195433.2399999998,1047370.29,1047370.29,1047370.29,54566.76000000024,148062.94999999972,0
2025|3051|2417|1|0|10|1,94186035,94186035,86640367.08655478,94186035,86435653.39999999,86435653.39999999,86435653.39999999,0,7750381.600000009,0
2025|3051|0|4|0|24|1,0,0,-1000036,0,0,0,0,0,0,0
2025|3151|4424|3|1|59|2,1000,1000,1000,0,0,0,0,1000,0,0
2025|3151|4333|3|0|10|1,473280,473280,473280,473279,330795.07,330795.07,330795.07,1,142483.93,0
2025|3151|2031|1|0|10|1,481040,847565,844669.9978921782,847564,732163.53,732163.53,732163.53,1,115400.46999999997,0
2025|3151|2031|3|0|10|1,1000,1000,1000,1000,129.94,129.94,129.94,0,870.06,0
2025|3151|4295|1|0|10|1,192416,192416,152780.34245894293,192416,146281.42,146281.42,146281.42,0,46134.57999999999,0
2025|3151|4295|3|0|10|1,2400,2400,2400,2400,1300,1300,1300,0,1100,0
2025|3151|4296|3|0|60|1,0,263000,263000,263000,263000,263000,263000,0,0,0
2025|3151|4296|3|0|10|1,195228,768705.18,768705.1799999999,768705.1799999999,720874.7,720874.7,720874.7,1.1641532182693481e-10,47830.47999999998,0
2025|3151|4294|1|0|10|1,288624,390955,340986.3721726486,390954,312589.24000000005,312589.24000000005,312589.24000000005,1,78364.75999999995,0
2025|3151|4294|3|0|10|1,1062060,1062060,1062060,1062059,1010169.2999999999,1010169.2999999999,1010169.2999999999,1,51889.70000000007,0
2025|3151|4297|3|0|60|1,500000,768000,768000,768000,768000,768000,768000,0,0,0
2025|3151|4297|3|0|10|1,3084193,1629715.82,1629715.8199999998,1629715.82,1553550.76,1553550.76,1553550.76,0,76165.06000000006,0
2025|3151|4315|1|0|10|1,3944528,3664528,3251499.5456464714,3664528,3106042.8200000003,3106042.8200000003,3106042.8200000003,0,558485.1799999997,0
2025|3151|4315|3|0|60|1,700000,650000,650000,650000,642976.0399999998,642976.0399999998,642976.0399999998,0,7023.960000000196,0
2025|3151|4315|3|0|10|1,2406915,1806915,1806915,1806914,1577225.5400000003,1577225.5400000003,1577225.5400000003,1,229688.45999999973,0
2025|3151|2052|3|0|10|1,6180000,5530000,5283157.09,5529999,5486367.88,5486367.88,5486367.88,1,43631.12000000011,0
2025|3151|4316|1|0|10|1,6157312,5478503,4950415.845829426,5478502,4691352.35,4691352.35,4691352.35,1,787149.6500000004,0
2025|3151|4316|3|0|10|1,3389760,2093290.01,3384770.01,2093289,2031484.1,2031484.1,2031484.1,1.0100000000093132,61804.89999999991,0
2025|3151|4316|4|0|10|1,0,4989.99,4989.99,4989.99,4989.99,4989.99,4989.99,0,0,0
2025|3151|7004|1|0|10|9,0,952052.82,952052.8200000001,500000,517855.95,517855.95,517855.95,452052.81999999995,-17855.95000000001,0
2025|3151|7004|3|0|10|9,1000,96957.18,96957.18,0,24405.69,24405.69,24405.69,96957.18,-24405.69,0
2025|3151|2500|1|0|10|1,2886240,4133597,3820338.6916741184,4133596,3652184.9,3652184.9,3652184.9,1,481411.1000000001,0
2025|3151|2500|3|0|10|1,3161967,2994383.94,1949809.31,2994383,2429830.3799999994,2429830.3799999994,2429830.3799999994,0.9399999999441206,564552.6200000006,0
2025|4031|2109|3|0|77|1,4900000,4900000,4900000,0,4786065.54,4541709.69,4440827.19,4900000,-4786065.54,244355.84999999963
2025|4031|2055|3|0|60|7,220000000,220000000,220000000,0,220000000,220000000,220000000,220000000,-220000000,0
2025|4031|2025|3|0|77|1,165011296,146864808,146864808,0,134413452.8,114115005.95,114115005.94999999,146864808,-134413452.8,20298446.85000001
2025|4031|2025|4|0|77|1,130618898,118834806,118834806,0,117775443.47,66649399.63000001,66649399.63,118834806,-117775443.47,51126043.83999999
2025|4031|2091|3|0|77|1,117619275,117619275,117619275,0,108696294.54999998,89509414.81,87291421.30000001,117619275,-108696294.54999998,19186879.73999998
2025|4031|2091|4|0|60|1,173348463,173348463,173348463,0,92480186.62,75375817.59,75375817.58999999,173348463,-92480186.62,17104369.03
2025|4031|2091|4|0|77|1,359828403,359828403,359828403,0,298048613.5,252078140.9,252078140.9,359828403,-298048613.5,45970472.599999994
2025|4031|4395|3|0|70|1,964009,964009,964009,0,653051.63,599853.48,599853.48,964009,-653051.63,53198.15000000002
2025|4031|4395|3|0|61|1,67798609,67798609,67798609,0,53317930.36,50810091.61,50810091.61,67798609,-53317930.36,2507838.75
2025|4031|4395|3|0|60|2,88357413,88357413,88357413,0,80593.78,70981.9,70981.9,88357413,-80593.78,9611.880000000005
2025|4031|4395|3|0|60|1,963014659,960714659,960714659,0,394649087.85,314668614.2799999,314668614.28,960714659,-394649087.85,79980473.57000011
2025|4031|4395|3|0|77|1,1225624642,1243771130,1243771130,0,1105013999.3399992,977389305.9499997,972330960.1199968,1243771130,-1105013999.3399992,127624693.38999951
2025|4031|4395|4|0|47|1,351360,351360,351360,0,0,0,0,351360,0,0
2025|4031|4395|4|0|77|1,39756692,51540784,51540784,0,27994679.740000002,5009696.739999999,5009696.739999999,51540784,-27994679.740000002,22984983.000000004
2025|4031|4395|4|0|60|1,58141432,57941432,57941432,0,31864928.98,4845790.3,4845790.3,57941432,-31864928.98,27019138.68
2025|4031|0|4|0|70|1,0,0,10967,0,0,0,0,0,0,0
2025|4091|4207|3|0|45|1,4200000,5774039.5600000005,1807504.5800000005,2112773.2500000005,610536.65,323136.66000000003,323136.66,3661266.31,1502236.6000000006,287399.99
2025|4091|4207|4|0|45|1,0,748190.07,748190.07,748190.07,0,0,0,0,748190.07,0
2025|4091|4428|3|0|45|1,439000,572731.68,438999.99999999994,133731.68,0,0,0,439000,133731.68,0
2025|4101|4427|3|0|60|1,1000,1000,1000,0,0,0,0,1000,0,0
2025|4101|2075|3|0|60|1,1390000,1390000,1390000,1390000,1155000,1155000,505000,0,235000,0
2025|4101|2075|5|0|60|1,16823595,16823595,16823595,15721796,15715000,15715000,15065000,1101799,6795.999999998137,1.862645149230957e-09
2025|4111|4043|5|0|60|1,1000,1000,1000,0,0,0,0,1000,0,0
2025|4111|4041|5|0|60|1,1000,1000,1000,0,0,0,0,1000,0,0
2025|4111|4042|5|0|60|1,1000,1000,1000,0,0,0,0,1000,0,0
2025|4121|4539|3|0|60|1,1000,1000,1000,0,0,0,0,1000,0,0
2025|4121|4084|5|0|60|1,17999000,17999000,17999000,0,7461545.4399999995,5846301.4399999995,5846301.4399999995,17999000,-7461545.4399999995,1615244
2025|4141|1046|3|0|10|3,0,1020.21,1020.21,1020.21,0,0,0,0,1020.21,0
2025|4141|1046|3|0|39|1,5920000,1020000,1420000,260600,260600,0,0,759400,0,260600
2025|4141|1046|3|0|57|1,996034,3190358.91,3190358.91,2194324.91,1483863.88,1483863.8800000001,1483863.88,996034,710461.0300000003,-2.3283064365386963e-10
2025|4141|1046|4|0|39|1,0,4900000,4500000,3871724,2232720.06,44890,44890,1028276,1639003.94,2187830.06
2025|4141|1046|4|0|57|1,8723497,22394464.4,22394464.400000002,16517940.55,6430067.23,4959835.62,4959835.62,5876523.849999998,10087873.32,1470231.6100000003
2025|4141|0|4|0|57|1,0,0,1440136.5,0,0,0,0,0,0,0
2025|4151|4497|3|0|10|1,1000,1000,1000,0,0,0,0,1000,0,0
2025|4251|2074|3|0|10|8,1450000,425694.14,425694.14,425694.14,425693.80000000005,425693.80000000005,425693.80000000005,0,0.3399999999674037,0
2025|4251|2074|3|0|71|1,0,9000,9000,4500,0,0,0,4500,4500,0
2025|4251|2074|4|0|10|8,2600000,1400000,1400000,1400000,1400000,1400000,1400000,0,0,0
2025|4251|2074|4|0|5|1,100000,695872.05,695872.05,695872.05,90842.05,90842.05,90842.05,0,605030,0
2025|4251|2074|4|0|71|1,1000,1000,1000,0,0,0,0,1000,0,0
2025|4251|2074|4|0|6|1,2000,2000,2000,0,0,0,0,2000,0,0
2025|4251|4435|3|0|71|1,1000000,1017150,1017150,936942.0799999998,762275.0200000001,658346.91,657597.85,80207.92000000016,174667.0599999997,103928.1100000001
2025|4251|4435|3|0|56|1,1993750,2184041.14,2007914.97,536461.24,421805.4700000001,381324.54000000004,381324.5399999999,1647579.9000000001,114655.7699999999,40480.93000000005
2025|4251|4435|4|0|56|1,0,147040,147040,59735,59735,22666.57,22666.57,87305,0,37068.43
2025|4251|4434|3|0|56|1,357243,878603.12,838603.12,778431.04,737011.3400000001,697430.51,697430.51,100172.07999999996,41419.69999999995,39580.830000000075
2025|4251|4434|3|0|71|1,7175503,5696603,5972603,5525728.36,4402964.929999999,4289554.87,4289554.87,170874.63999999966,1122763.4300000016,113410.05999999866
2025|4251|4433|3|0|71|1,400736,944602,944602,784428.28,676268.6,598043.87,581409.12,160173.71999999997,108159.68000000005,78224.72999999998
2025|4251|4433|3|0|56|1,2374445,2623821.95,2769980.1,1061454.16,873429.65,806256.77,806256.7699999999,1562367.7900000003,188024.5099999999,67172.88
2025|4251|4433|3|0|80|1,0,34902955,34902955,143286.12,97624.08,28182.739999999998,28182.739999999998,34759668.88,45662.03999999999,69441.34
2025|4251|4433|4|0|71|1,1923840,2278960,2278960,2135632,2135632,1819000,1675846,143328,0,316632
2025|4251|4433|4|0|56|1,596784,596784,596784,0,0,0,0,596784,0,0
2025|4251|4430|3|0|56|1,640000,840000,840000,600000,600000,600000,600000,240000,0,0
2025|4251|4430|3|0|71|1,12722172,12268678,12268678,12018104.32,11614629.020000001,11573629.020000003,11573629.020000003,250573.6799999997,403475.2999999989,40999.99999999814
2025|4251|4429|3|0|71|1,15107506,15342484,15342484,14716665.73,14524642.62,13979493.12,13903196.809999999,625818.2699999996,192023.11000000127,545149.5
2025|4251|4429|3|0|56|1,2620621,3296396.6100000003,3366364.6300000004,1823703.6,1700509.92,1593656.1000000003,1591012.23,1472693.0100000002,123193.68000000017,106853.8199999996
2025|4251|4429|4|0|56|1,271743,271743,271743,0,0,0,0,271743,0,0
2025|4251|4025|3|0|71|1,240000,240000,240000,240000,240000,240000,240000,0,0,0
2025|4251|4431|3|0|71|1,130783080,131824652.8,131548652.8,131824652.80000001,131644652.8,130747172.8,130380430,-1.4901161193847656e-08,180000.0000000149,897480
2025|4251|1096|3|0|71|1,1000,1000,1000,0,0,0,0,1000,0,0
2025|4251|0|4|0|56|1,0,0,305252.279999999,0,0,0,0,0,0,0
2025|4291|4123|3|0|10|8,17937369,180000,180000,0,0,0,0,180000,0,0
2025|4291|4123|4|0|71|1,0,200000,200000,200000,200000,200000,200000,0,0,0
2025|4291|4123|4|0|10|1,128468000,203797960.49,75474499.39,203797957.49,201956029.49,193376887.49000004,191319509.49,3,1841928,8579141.99999997
2025|4291|4123|4|0|10|8,32519342,33421137.14,33421137.14,32512561,32512561,32312561,32312561,908576.1400000006,0,200000
2025|4291|4123|4|0|93|1,153900960,151400960,151400960,0,0,0,0,151400960,0,0
2025|4291|1020|3|1|10|1,671350,2578304.13,7617949,2578304.130000001,2578304.13,1459813.24,1459813.2399999998,-9.313225746154785e-10,9.313225746154785e-10,1118490.89
2025|4291|1020|3|1|95|1,0,1534968,1534968,1534968,1534968,0,0,0,0,1534968
2025|4291|1020|4|1|95|1,0,415425081.09000003,410425349.75,316601568.81000006,285010029.22999996,214449803.45,214449803.45,98823512.27999997,31591539.580000103,70560225.77999997
2025|4291|4122|3|0|10|8,700000,18045875.33,18045875.33,18045875.33,18045875.33,18045875.33,18045875.33,0,0,0
2025|4291|4122|3|0|10|1,299266357,381255503.46000004,381255503.46000004,381255503.46000004,381130988.65,380977496.48,380977496.4800001,0,124514.81000006199,153492.16999995708
2025|4291|4122|3|0|92|1,0,9166885.92,9166885.92,9166885.92,0,0,0,0,9166885.92,0
2025|4291|4122|3|0|10|4,1000000,1000000,1000000,0,0,0,0,1000000,0,0
2025|4291|4121|3|0|92|1,3035736,64698736,64698736,64691736.000000015,57028943.03999999,56684503.599999994,56684503.60000001,6999.999999985099,7662792.960000023,344439.4399999976
2025|4291|4121|3|0|10|1,2125842105,2089589322.35,1907020228.3500001,2089439296.2700002,2087353528.599999,2086741906.2499995,2086492650.15,150026.0799996853,2085767.6700012684,611622.3499994278
2025|4291|4121|3|0|10|8,219033810,280036715.98,280036715.98,279097654.48,279097654.48,278877381.72999996,278377381.73,939061.5,0,220272.7500000596
2025|4291|4121|3|0|63|1,4075451,4975451,4975451,900000,900000,900000,900000,4075451,0,0
2025|4291|4121|3|0|62|1,16597030,22677567,22677567,6080537,6080537,6080537,6080537,16597030,0,0
2025|4291|4121|4|0|10|8,7689592,10,10,0,0,0,0,10,0,0
2025|4291|4121|4|0|64|1,604538,604538,604538,0,0,0,0,604538,0,0
2025|4291|4121|4|0|65|1,7462380,7462380,7462380,0,0,0,0,7462380,0,0
2025|4291|2026|3|0|10|1,1245000,1275000,1625000,1275000,795501.3000000002,683314.41,655251.77,0,479498.69999999984,112186.89000000013
2025|4291|2026|3|0|92|1,2499521,4184875.71,4184875.71,1685354.71,223505.65,223505.65,223505.65,2499521,1461849.06,0
2025|4291|4458|3|0|10|1,7101968,5920968,5920968,5918601.79,5798152.36,5507475.9399999995,5505845.92,2366.2099999999627,120449.4299999997,290676.42000000086
2025|4291|4458|4|0|10|1,55000,134903.15,189899,134903.15,134903.15,0,0,0,0,134903.15
2025|4291|4458|4|0|10|8,0,180000,180000,180000,179996.83,0,0,0,3.1700000000128057,179996.83
2025|4291|2023|3|0|10|1,25687573,8592120,8295120,8592120,8585327.190000001,6265170.08,6265170.02,0,6792.809999998659,2320157.1100000013
2025|4291|2023|3|0|92|1,0,30532709.33,30532709.33,30532709.33,0,0,0,0,30532709.33,0
2025|4291|2023|4|0|10|1,20850000,12494915.92,16309915.92,12494825.46,12494825.46,7832470.72,7481501.43,90.45999999903142,0,4662354.740000001
2025|4291|2024|3|0|92|1,8200500,8197348.01,8197348.010000001,8197348.01,4515141.350000001,4515141.35,4512861.789999998,0,3682206.659999999,9.313225746154785e-10
2025|4291|2024|3|0|10|1,190781250,149208609,161047609,149013107.06,145789498.68999994,129900131.52000007,127011101.8600001,195501.93999999762,3223608.3700000644,15889367.169999868
2025|4291|2024|4|0|10|1,4549000,838609,3063609,838046.6599999999,637290.2700000001,99555.53,78977.41,562.3400000000838,200756.38999999978,537734.7400000001
2025|4291|1022|3|0|10|1,813940,204440,504440,204330.85,194785.69,84028.42000000001,84028.42,109.14999999999418,9545.160000000003,110757.26999999999
2025|4291|4126|3|0|71|1,0,31633301.28,31633301.28,31633301.28,31633301.280000005,31633301.28000002,31633301.280000005,0,-3.725290298461914e-09,-1.4901161193847656e-08
2025|4291|4126|3|0|10|8,540000,7519052,7519052,7519052,7519052,7519052,7519052,0,0,0
2025|4291|4126|3|0|10|1,118388143,88701263,89461263,88700330.61,88664814.98999994,88417644.71000007,88417302.37,932.390000000596,35515.62000006437,247170.27999986708
2025|4291|4126|3|0|92|1,189733,285231.91,285231.9099999999,267998.9099999999,267998.91,0,0,17233.00000000006,-5.820766091346741e-11,267998.91
2025|4291|4126|4|0|71|1,0,1460400,1460400,1460400,1460400,466334.32999999996,466334.32999999996,0,0,994065.67
2025|4291|4126|4|0|10|1,1257955,3017955,-1022045,3017955,3017954.55,3017954.55,3017954.55,0,0.4500000001862645,0
2025|4291|4127|3|0|10|1,171350,117354.75,171350,117354.75,117354.75,44538,44538,0,0,72816.75
2025|4291|4127|3|0|10|8,187020051,502528,502528,0,0,0,0,502528,0,0
2025|4291|4127|4|0|10|1,150000000,78688957.49,60677980.3,78688957.49000001,78474636.22,63110839.309999995,63110839.31,-1.4901161193847656e-08,214321.27000001073,15363796.910000004
2025|4291|4127|4|0|15|1,50000000,0,0,0,0,0,0,0,0,0
2025|4291|4127|4|0|10|8,98302329,22734518,22734518,22554518,22554518,22554518,22554518,180000,0,0
2025|4291|4125|3|0|10|1,440337363,439967363,440087363,439894555.13,439848361.1900018,439648377.7399998,439523813.420001,72807.87000000477,46193.93999820948,199983.45000201464
2025|4291|4125|3|0|10|8,307350769,466461286.41,466461286.41,466246213.22999996,466246213.22999996,466246213.23,466246213.22999996,215073.18000006676,0,-5.960464477539063e-08
2025|4291|4125|4|0|10|8,6800000,0,0,0,0,0,0,0,0,0
2025|4291|4125|4|0|80|1,110000000,0,0,0,0,0,0,0,0,0
2025|4291|4132|3|0|10|1,44112500,24108099.49,24207500,24108099.49,24108099.489999995,24108099.49,24108099.49,0,3.725290298461914e-09,-3.725290298461914e-09
2025|4291|4132|4|0|10|8,0,710000,710000,710000,710000,710000,710000,0,0,0
2025|4291|4132|4|0|10|1,0,1517449,-3000000,1517449,1517449,1517449,1517449,0,0,0
2025|4291|4130|3|0|10|8,2540000,1760000,1760000,1760000,1760000,1760000,1760000,0,0,0
2025|4291|4130|3|0|10|1,129111290,104130290,110031290,104129218.86999999,104089632.47,103993116.10999998,103993116.11,1071.1300000101328,39586.39999999106,96516.3600000143
2025|4291|4130|4|0|10|8,0,720000,720000,720000,720000,720000,720000,0,0,0
2025|4291|4130|4|0|10|1,100000,1418142.71,1620000,1418142.71,1418142.71,1418142.71,1418142.71,0,0,0
2025|4291|4129|3|0|10|8,8998488,10380000,10380000,10380000,10380000,10380000,10380000,0,0,0
2025|4291|4129|3|0|71|1,0,18612278.72,18612278.72,18612278.72,18594544.20000002,7700314.75000001,7700314.75000001,0,17734.5199999772,10894229.45000001
2025|4291|4129|3|0|92|1,21024408,21024408,21024408,21024408,16550833.060000002,14915854.4,14915854.4,0,4473574.939999998,1634978.660000002
2025|4291|4129|3|0|10|4,50000,50000,50000,0,0,0,0,50000,0,0
2025|4291|4129|3|0|10|1,154436672,218048437.05999997,185127295,205096064.04,204926938.1599999,190473750.05000004,168911005.07000002,12952373.01999998,169125.88000008464,14453188.109999865
2025|4291|4129|4|0|10|8,10608369,6656395.47,6656395.47,6656395.47,6656395.47,6656395.47,6656395.47,0,0,0
2025|4291|4129|4|0|10|1,0,45660000,41100000,45660000,45660000,33480000,30480000,0,0,12180000
2025|4291|4131|3|0|10|8,16458369,21048886.06,21048886.06,21048886.06,21048886.06,21048886.06,21048886.06,0,0,0
2025|4291|4131|3|0|92|1,0,1866942.99,1866942.99,1866942.99,0,0,0,0,1866942.99,0
2025|4291|4131|3|0|10|1,301983504,270913370.75,272913370.75,270865789.99,269807249.57,269129215.71999997,269036827.69,47580.75999999046,1058540.4200000167,678033.8500000238
2025|4291|4131|3|0|63|1,6113176,2806215,2806215,1693039,1693039,1693039,1693039,1113176,0,0
2025|4291|4131|3|0|24|1,1846945,1846945,1846945,0,0,0,0,1846945,0,0
2025|4291|4131|3|0|62|1,25880631,23777301.01,23777301.009999998,896670.01,702573.53,702573.53,702573.53,22880631,194096.47999999998,0
2025|4291|4131|4|0|71|1,0,95408,95408,95408,95408,95408,95408,0,0,0
2025|4291|4131|4|0|10|8,0,2990257,2990257,2990257,2990257,2990257,2990257,0,0,0
2025|4291|4131|4|0|10|1,8000000,41203905.92,39740901.59,41203905.92,41203905.92,39439421.92,39439421.92,0,0,1764484
2025|4291|4131|4|0|64|1,906808,406808,406808,0,0,0,0,406808,0,0
2025|4291|4131|4|0|65|1,11193570,11193570,11193570,0,0,0,0,11193570,0,0
2025|4291|4134|3|0|10|8,11958369,0,0,0,0,0,0,0,0,0
2025|4291|4134|3|0|10|1,49225801,136796977,111894977,136796977,135937204.13,52199806.86,47408077.35,0,859772.8700000048,83737397.27
2025|4291|4134|4|0|10|1,6700000,10810037,-11402171,10810036.52,10810036.52,9687681.29,9687681.29,0.48000000044703484,0,1122355.2300000004
2025|4291|4137|3|0|37|1,2501000,0,0,0,0,0,0,0,0,0
2025|4291|4137|3|0|10|1,57382052,38478890.24,39628890.24,38461175.099999994,38407151.19,38291466.37,38192884.04000001,17715.140000008047,54023.909999996424,115684.8200000003
2025|4291|4137|3|0|92|1,211685471,241481363.5,251481363.49999994,107680270.69999999,46460957.19999997,45485678.20999999,45410388.58999999,133801092.80000001,61219313.500000015,975278.9899999797
2025|4291|4137|4|0|10|1,3050000,1770000,3050000,1761529.2,1761529.2,478956,478956,8470.800000000047,0,1282573.2
2025|4291|4135|3|0|10|1,3863775,614945.95,614945.9500000002,598358.1000000001,581911.75,180341.82,180341.82,16587.84999999986,16446.350000000093,401569.93
2025|4291|4135|4|0|15|1,42144772,0,0,0,0,0,0,0,0,0
2025|4291|4135|4|0|71|1,64169228,609600,609600,609600,609600,609600,0,0,0,0
2025|4291|4135|4|0|10|1,0,197902432,134192936,197902432,197902432,197024474,195421044,0,0,877958
2025|4291|4135|4|0|10|8,16454067,50749585,50749585,50740882,50740882,50740882,50740882,8703,0,0
2025|4291|4136|3|0|10|1,350448900,292002263.11,297297108.59000003,292002263.11,291708727.41999996,256896858.92999998,256882421.96999997,0,293535.6900000572,34811868.48999998
2025|4291|4136|3|0|92|1,190180668,206180668,196180668,206180668,185872855.88,185872855.88,185872855.88,0,20307812.120000005,0
2025|4291|4136|3|0|64|1,0,585916.84,585916.84,97251.32,97250.68000000001,97250.68000000001,97250.68000000001,488665.51999999996,0.6399999999994179,0
2025|4291|4136|3|0|37|1,0,3146419.91,3146419.91,1336173.75,1336173.75,1336173.75,1336173.75,1810246.1600000001,0,0
2025|4291|4136|3|0|62|1,0,6953869.54,6953869.539999999,4975599.1899999995,4975599.18,4975599.18,4975599.18,1978270.3500000006,0.009999999776482582,0
2025|4291|4136|3|0|93|1,0,2566005.15,2566005.15,75407.94,75407.94,75407.94,75407.94,2490597.21,0,0
2025|4291|4136|3|0|63|1,0,5851093.29,5851093.29,1153082.67,1153082.6699999997,1153082.6699999997,1153082.6699999997,4698010.62,2.3283064365386963e-10,0
2025|4291|4136|4|0|10|8,2048569,0,0,0,0,0,0,0,0,0
2025|4291|4136|4|0|93|1,50040,50040,50040,0,0,0,0,50040,0,0
2025|4291|4133|3|0|15|1,108007766,0,0,0,0,0,0,0,0,0
2025|4291|4133|3|0|10|1,812870849,932524577.85,805766359.08,932524577.85,932066596.9600002,719900947.0400001,691902881.7700001,0,457980.8899998665,212165649.92000008
2025|4291|4133|4|0|10|1,3490000,1662320,1662320,1662320,1662320,1017364,1017364,0,0,644956
2025|4291|4144|3|0|10|1,1890000,701956,750522.8400000001,701956,701956,239439.6,239439.6,0,0,462516.4
2025|4291|4144|3|0|92|1,2720084,26820084,26820084,25679666.62,16309750.48,14642780.559999999,14642780.56,1140417.379999999,9369916.14,1666969.9200000018
2025|4291|4146|3|0|92|1,0,12021129.87,12021129.870000001,12021129.870000001,11551330.94,11551330.94,11551330.94,-1.862645149230957e-09,469798.93000000156,0
2025|4291|4146|3|0|10|1,7819790,5569690.23,5569690.23,5569690.220000001,5548970.98,5321332.189999999,5321332.190000002,0.009999999776482582,20719.240000000224,227638.7900000019
2025|4291|4146|4|0|10|1,369000,5905200,369000,5905200,5905200.000000017,5844854.030000009,5716585.820000015,0,-1.6763806343078613e-08,60345.97000000812
2025|4291|4147|3|0|10|1,18742781,2327535,2427535,2318474.419999997,1602911.7599999995,1451263.52,1372328.5699999998,9060.580000002868,715562.6599999976,151648.23999999953
2025|4291|4147|3|0|92|1,9356912,46379764.160000004,46379764.16,45347312.480000004,35707038.460000016,32984381.32,32753620.910000004,1032451.6799999997,9640274.019999988,2722657.1400000155
2025|4291|4147|4|0|10|1,16462300,2574300,3022300,2573930.2800000003,2573930.28,1660645.88,1660645.88,369.71999999973923,4.656612873077393e-10,913284.3999999999
2025|4291|1021|3|0|92|1,0,9410000,9410000,9410000,9409725.12,9409725.12,9409725.12,0,274.88000000081956,0
2025|4291|1021|3|0|10|1,105448671,105448671,105448671,105448671,105428226.87000005,105276450.47,105226250.47000004,0,20444.129999950528,151776.40000005066
2025|4291|1021|4|0|10|1,0,7369488,1116816,7369488,7369488,6960488,6960488,0,0,409000
2025|4291|4143|3|0|10|1,80603561,91164344.75999999,91274344.76,91164340.00000001,91009991.58999999,90503946.04999998,90304004.57,4.759999975562096,154348.41000002623,506045.54000000656
2025|4291|4143|3|0|92|1,43087095,70893911.27,70893911.27000001,55755174.14,23832704.02,17826121.710000005,17680238.750000004,15138737.129999995,31922470.12,6006582.309999995
2025|4291|4143|3|0|60|1,21192574,21192574,8604939,5646908.75,3458000,3458000,3430000,15545665.25,2188908.75,0
2025|4291|4143|4|0|10|8,0,860000,860000,860000,860000,860000,860000,0,0,0
2025|4291|4143|4|0|93|1,0,5700000,5700000,5700000,2667390,2522390,2180390,0,3032610,145000
2025|4291|4143|4|0|10|1,0,3351876,-228124,3275052.58,3186194.46,2826194.46,2826194.46,76823.41999999993,88858.12000000011,360000
2025|4291|4145|3|0|92|1,682000,8458339.18,8458339.18,8458339.18,7974678.109999999,4142778.11,4142778.11,0,483661.0700000003,3831899.9999999995
2025|4291|4145|3|0|10|1,90722392,156421200.8,158421200.8,156395734.01,156190678.27,151834176.71,150021844.31000003,25466.790000021458,205055.73999997973,4356501.560000002
2025|4291|4145|4|0|10|8,0,2717990,2717990,2717990,2717990,2717990,2717990,0,0,0
2025|4291|4145|4|0|10|1,600000,33159478,6479578,33159478,33159478,33159478,32887679,0,0,0
2025|4291|4149|3|0|10|1,118691112,95882112,102681112,95881834.86,95586660.91000018,81816760.66000006,81482207.82000014,277.14000000059605,295173.94999982417,13769900.25000012
2025|4291|4149|4|0|10|8,0,180000,180000,180000,180000,180000,180000,0,0,0
2025|4291|4149|4|0|10|1,3016680,20211503,17146359,20211502.049999997,20211502.05,14084801.950000001,14084801.95,0.9500000029802322,-3.725290298461914e-09,6126700.1
2025|4291|4148|3|0|10|1,302976555,261785156.37999997,261785156.38,261785156.37,261745430.10000002,240091071.3499999,237565232.15000004,0.009999960660934448,39726.26999998093,21654358.75000012
2025|4291|4148|3|0|92|1,77372652,180813930.87,180813930.87,140253793.91,138648352.70999998,97744166.80000001,95041024.68,40560136.96000001,1605441.2000000179,40904185.90999997
2025|4291|4490|3|0|71|1,0,12558240,12558240,12558240,12352500,12352500,9297504,0,205740,0
2025|4291|4490|4|0|71|1,1000000,0,0,0,0,0,0,0,0,0
2025|4291|2137|3|0|10|1,3000,3000,67003000,0,0,0,0,3000,0,0
2025|4291|2115|3|0|10|1,633000,5035081.1,5035081.1,5035081.100000001,5007415.0200000005,5007415.0200000005,5007415.02,-9.313225746154785e-10,27666.080000000075,0
2025|4291|2110|3|0|10|1,24910765,26769652.46,26550381.92,26769652.460000005,25353136.74,25353136.74,25353136.740000002,-3.725290298461914e-09,1416515.7200000063,0
2025|4291|2112|3|0|10|1,192680044,198665683.78,197036472.55999997,198665683.77999997,190927892.39999998,190927892.39999998,190927892.4,2.9802322387695312e-08,7737791.379999995,0
2025|4291|2135|3|0|10|1,392902891,390621323,385839080.28,390621323,383522321.63,383522321.63,383522321.63,0,7099001.370000005,0
2025|4291|2136|3|0|10|1,610830540,548886227.26,579853090.3600003,548886227.26,547141575.24,547141575.24,547141575.24,0,1744652.019999981,0
2025|4291|2111|3|0|10|1,2147817226,2299566947.09,2309813431.1499996,2299566947.09,2294549084.52,2294549084.52,2294549084.52,0,5017862.570000172,0
2025|4291|2500|3|0|15|1,5000000,0,0,0,0,0,0,0,0,0
2025|4291|2500|3|0|10|8,11958369,0,0,0,0,0,0,0,0,0
2025|4291|2500|3|0|57|1,29197167,28351167,28351167,28348646.929999996,28312453.77,28312453.769999996,28312453.77,2520.0700000040233,36193.159999996424,3.725290298461914e-09
2025|4291|2500|3|0|60|1,1395061,1395061,1395061,767000,715000,42665.6,0,628061,52000,672334.4
2025|4291|2500|3|0|10|1,97496687,78960387,80200387,77724142.36,75269214.93999998,66878296.23,61492273.080000006,1236244.6400000006,2454927.4200000167,8390918.709999986
2025|4291|2500|4|0|10|1,2932448,197231391,95587483,197231391,197221751,196341972,195258019,0,9640,879779
2025|4291|2500|4|0|10|8,38060511,84011359.5,84011359.5,83795753,83795753,83795753,83795753,215606.5,0,0
2025|4291|2417|1|0|57|1,103830,134830,104219.466578097,107195.48000000001,107195.48,107195.48,107195.48,27634.51999999999,1.4551915228366852e-11,0
2025|4291|2417|1|0|10|1,411884493,389945993,387211146.998357,387679117.71,387629438.62000006,387244647.44,387244647.43999994,2266875.2900000215,49679.08999991417,384791.18000006676
2025|4291|2417|3|0|10|1,8296823,5542596,5542596,5542595.170000002,5542584.239999999,5314246.850000001,5314246.85,0.8299999982118607,10.930000002495944,228337.38999999873
2025|4291|2417|3|0|92|1,0,10373000,10373000,7346670.71,7346670.71,7346670.71,7346670.71,3026329.29,0,0
2025|4291|2417|3|0|10|7,50134521,49611449,46696374.85999999,46292688.260000005,46292688.26,46292688.26,46292688.26,3318760.7399999946,7.450580596923828e-09,0
2025|4291|0|3|0|92|1,0,0,36737975.96,0,0,0,0,0,0,0
2025|4291|0|3|0|57|1,0,0,45920674.7434219,0,0,0,0,0,0,0
2025|4291|0|3|0|10|1,0,0,498603724.33000004,0,0,0,0,0,0,0
2025|4291|0|4|0|10|1,0,0,49600061.55,0,0,0,0,0,0,0
2025|4321|4436|3|0|10|1,1000,1000,1000,0,0,0,0,1000,0,0
2025|4331|4529|3|0|10|1,1000,1000,1000,200,0,0,0,800,200,0
2025|4331|4518|3|0|10|1,89000,89000,89000,89000,62210.08,62210.08,62210.08,0,26789.92,0
2025|4331|4518|3|0|59|1,89000,89000,89000,89000,35218.369999999995,35218.369999999995,35218.37,0,53781.630000000005,0
2025|4331|4471|3|0|59|1,1000,2939013,2939013,2938213,2938013,0,0,800,200,2938013
2025|4341|4258|3|0|31|1,875000,875000,94593.06174534035,0,0,0,0,875000,0,0
2025|4341|4413|3|0|31|1,49031,49031,5300.56275478375,0,0,0,0,49031,0,0
2025|4341|4392|3|0|31|1,3138002,3138002,339237.96222057287,0,0,0,0,3138002,0,0
2025|4341|4064|3|0|31|1,2231100,2231100,241196.0914971761,0,0,0,0,2231100,0,0
2025|4341|4151|3|0|31|1,20611582,20611582,454098.73999999836,1459917.81,1395927.02,498783.4899999999,361164.50999999995,19151664.19,63990.79000000004,897143.5300000001
2025|4341|4264|4|0|31|1,677004,677004,73188.4356272486,0,0,0,0,677004,0,0
2025|4341|4263|3|0|31|1,3113350,3113350,336572.92432555,931617.1900000004,892813.72,819795.91,819795.9099999999,2181732.8099999996,38803.47000000044,73017.80999999994
2025|4341|2500|3|0|31|1,438438,438438,47397.934634861245,0,0,0,0,438438,0,0
2025|4381|4211|4|0|83|1,11128288,0,0,0,0,0,0,0,0,0
2025|4381|4209|3|0|83|1,70000,704459.79,704459.79,704459.79,704459.79,704459.79,704459.79,0,0,0
2025|4381|4209|4|0|83|1,0,170958.69,170958.69,170958.69,0,0,0,0,170958.69,0
2025|4381|4210|4|0|54|1,3871712,3871712,3871712,3734551.32,3132463.9000000004,2932463.9,2932463.9,137160.68000000017,602087.4199999995,200000.00000000047
2025|4381|4382|4|0|83|1,20000000,9000000,3734042.8599999994,3734042.8600000003,3234042.86,3116712.19,3116712.19,5265957.14,500000.00000000047,117330.66999999993
2025|4381|4201|4|0|83|1,38490000,53069584.74,53079584.74,28745541.880000003,28745541.88,23370323.79,23370323.789999995,24324042.86,3.725290298461914e-09,5375218.09
2025|4381|4526|4|0|83|1,57700000,67067744.57,40333701.71,64667744.57,64667744.56999999,48533764.43,48533764.42999999,2400000,7.450580596923828e-09,16133980.139999993
2025|4381|2029|3|0|83|1,25193473,28569013.21,28559013.21,28551363.009999994,26686322.949999996,24227646.35,24227646.349999994,17650.200000006706,1865040.0599999987,2458676.599999994
2025|4421|4179|3|0|39|1,465300,465300,465300,365300,3658.62,3658.62,3658.62,100000,361641.38,0
2025|4421|4179|4|0|39|1,4187700,4187700,4187700,3932175.71,0,0,0,255524.29000000004,3932175.71,0
2025|4441|1009|3|0|60|1,24000000,25500000,24000000,0,16809743.690000027,7413233.9799999995,7289459.619999998,25500000,-16809743.690000027,9396509.710000027
2025|4441|1009|4|0|47|1,50000,50000,50000,0,0,0,0,50000,0,0
2025|4441|1009|4|0|60|1,25950000,35950000,25950000,0,22816462.9,9513626.89,8023799.29,35950000,-22816462.9,13302836.009999998
2025|4451|4256|3|0|60|1,25000000,26500000,25000000,0,23038949.580000006,11540420.120000001,11510177.579999996,26500000,-23038949.580000006,11498529.460000005
2025|4451|4256|4|0|47|1,50000,50000,50000,0,0,0,0,50000,0,0
2025|4451|4256|4|0|60|1,19950000,44950000,19950000,0,25592363,391899.85,391899.85,44950000,-25592363,25200463.15
2025|4491|4360|3|1|59|1,17962294,2637482.38,2502867,2637482.38,2634653.32,2500037.94,2500037.94,0,2829.060000000056,134615.3799999999
2025|4491|4360|4|1|59|1,4490573,0,0,0,0,0,0,0,0,0
2025|4541|4349|3|0|60|1,454863,454863,454863,454863,350405,318593.91000000003,318593.91,0,104458,31811.089999999967
2025|4551|4404|3|0|10|1,59326424,64857045.81,49272332.43,64857045.81,64857045.81,64823192.24999999,64823192.25,0,0,33853.560000009835
2025|4551|4404|3|0|59|1,79468059,83965482.33,79468059,83965482.33,83701080.27000001,83207374.97000001,83207374.97,0,264402.0599999875,493705.299999997
2025|4551|7004|3|0|59|9,369334,369334,369334,369334,324923.12,324923.12,324923.12,0,44410.880000000005,0
2025|4601|4180|3|0|45|1,6330000,7875141.66,2158729.66,2158729.66,1473191.28,1033455.88,1033455.88,5716412,685538.3800000001,439735.4
2025|4611|2056|3|0|60|1,3000000,3000000,3000000,0,0,0,0,3000000,0,0
2025|4611|2056|4|0|60|1,3000000,3000000,3000000,0,0,0,0,3000000,0,0
2025|4621|4444|5|0|60|1,2000,10002000,10002000,0,0,0,0,10002000,0,0
2025|4631|4224|5|0|10|1,1000,1000,1000,0,0,0,0,1000,0,0
2025|4631|4334|5|0|60|2,1000,1000,1000,0,0,0,0,1000,0,0
2025|4631|4128|5|0|10|1,62400000,0,0,0,0,0,0,0,0,0
2025|4631|4128|5|0|80|1,0,355000000,355000000,0,0,0,0,355000000,0,0
2025|4631|4225|5|0|10|1,1000,1000,1000,0,0,0,0,1000,0,0
2025|4631|4221|5|0|10|1,0,0,-25000000,0,0,0,0,0,0,0
2025|4631|4221|5|0|60|2,1000,1000,1000,0,0,0,0,1000,0,0
2025|4631|4226|5|0|10|1,1000,67001000,67001000,0,0,0,0,67001000,0,0
2025|4631|4226|5|0|95|1,0,200689167,200689167,0,0,0,0,200689167,0,0
2025|4631|4139|5|0|10|1,1000,1000,1000,0,0,0,0,1000,0,0
2025|4631|4227|5|0|10|1,1000,1000,1000,0,0,0,0,1000,0,0
2025|4631|4213|3|0|59|2,1114825,7032676,7032676,7032676,7032676,5823208.109999999,5823208.109999999,0,0,1209467.8900000006
2025|4631|4213|3|0|10|1,5917851,417851,0,0,0,0,0,417851,0,0
2025|4631|4219|3|0|10|1,19316485,25466485,26316485,25466484.999999996,25464686.240000002,23166388.34,23166388.34,3.725290298461914e-09,1798.7599999941885,2298297.9000000022
2025|4631|4216|5|0|10|1,72142114,99906488.59,72142114,99906488.59,96996960.07999998,95060174.45,17513172.630000003,0,2909528.5100000203,1936785.6299999803
2025|4631|4217|3|0|10|1,49987840,60587840,59987840,60587840,60587840,55535374.230000004,55535374.230000004,0,0,5052465.769999996
2025|4631|4218|3|0|10|1,46927053,60177053,59927053,60177053,60177053.00000001,55006112.919999994,55006112.92,0,-7.450580596923828e-09,5170940.080000013
2025|4631|4214|5|0|10|1,100727991,127318728.8,112686140.27000001,120697658.52000001,120697658.52,111995477.74,111995477.74000001,6621070.279999986,1.4901161193847656e-08,8702180.780000001
2025|4631|4220|5|0|95|1,737946767,737946767,737946767,10000000,10000000,3688689.7800000003,3688689.78,727946767,0,6311310.22
2025|4631|4223|5|0|60|2,105697643,177112717.35,170697643,177112717.35,177112717.35,167848717.35000002,167848717.35,0,0,9263999.99999997
2025|4631|4223|5|0|10|1,70264443,55264443,55264443,15000000,15000000,0,0,40264443,1.862645149230957e-09,15000000
2025|4631|4215|3|0|10|1,76764042,72859609.83,76764042,72859609.82999998,72859609.83,66489609.830000006,66489609.83,1.4901161193847656e-08,-1.4901161193847656e-08,6369999.999999993
2025|4631|4215|5|0|10|1,86136863,66758367.59,73471774.75,66758367.59,66758367.59,60814465.79,60814465.79000001,0,0,5943901.8000000045
2025|4641|4432|3|0|10|1,1000,1000,1000,0,0,0,0,1000,0,0
2025|4651|4502|3|0|10|1,1000,1000,1000,0,0,0,0,1000,0,0
2025|4651|7038|3|0|10|1,1000,1000,1000,0,0,0,0,1000,0,0
2025|4661|4541|3|0|60|1,1000,1000,1000,0,0,0,0,1000,0,0
2025|4671|4549|3|0|10|1,1000,1000,1000,0,0,0,0,1000,0,0
2025|4691|2071|3|0|57|1,34781860,54496241.26,54496241.260000005,34530414.14,14778723.580000002,6430858.33,4993612.550000001,19965827.119999997,19751690.56,8347865.250000002
2025|4691|2071|4|0|57|1,58154341,84111736.56,84111736.55999997,57441465.440000005,49926740.81999999,8005891.489999999,4796698.529999999,26670271.119999997,7514724.620000012,41920849.32999999
2025|4691|0|4|0|57|1,0,0,726765.8138866425,0,0,0,0,0,0,0
2025|4701|4152|3|0|10|3,0,156000,120000,156000,0,0,0,0,156000,0
2025|4701|4152|3|0|57|1,6659902,11638502,11638502,4978600,883106.3899999999,781389.3900000001,781389.3899999999,6659902,4095493.6100000003,101716.99999999977
2025|4701|4152|4|0|57|1,2530048,2530048,2530048,1500000,1224080,0,0,1030048,275920,1224080
2025|4701|4159|3|1|10|3,2720802,2720802,2720802,0,0,0,0,2720802,0,0
2025|4701|4159|3|1|57|1,6295828,6295828,6295828,0,0,0,0,6295828,0,0
2025|4701|0|3|0|57|1,0,0,1742394.68,0,0,0,0,0,0,0
2025|4711|7009|1|0|10|1,1000,1000,0,0,0,0,0,1000,0,0
2025|4711|7015|1|0|10|1,1000,1000,0,0,0,0,0,1000,0,0
2025|4711|7027|1|0|10|1,1000,1000,0,0,0,0,0,1000,0,0
2025|4711|7034|1|0|10|1,1000,1000,0,0,0,0,0,1000,0,0
2025|4711|7031|1|0|10|1,1000,1000,0,0,0,0,0,1000,0,0
2025|4711|7105|1|0|10|1,1000,1000,0,0,0,0,0,1000,0,0
2025|4711|7028|1|0|10|1,1000,1000,0,0,0,0,0,1000,0,0
2025|4711|7033|1|0|10|1,1000,1000,0,0,0,0,0,1000,0,0
2025|4711|7039|1|0|10|1,1000,1000,0,0,0,0,0,1000,0,0
2025|4711|7032|1|0|10|1,1000,1000,0,0,0,0,0,1000,0,0
2025|4711|7011|1|0|10|1,1000,1000,0,0,0,0,0,1000,0,0
2025|4711|7065|1|0|10|1,1000,1000,0,0,0,0,0,1000,0,0
2025|4711|7005|1|0|10|1,1000,1000,0,0,0,0,0,1000,0,0
2025|4711|7040|1|0|10|1,1000,1000,0,0,0,0,0,1000,0,0
2025|4711|7094|1|0|10|1,109107,109107,78885.16098904653,78917.37999999998,78917.38,78917.38,78917.37999999999,30189.620000000024,-2.9103830456733704e-11,0
2025|4711|7055|1|0|10|1,160004,160004,113331.07840944229,113314.47,113314.47,113314.47,113314.47,46689.53,0,0
2025|4711|7063|1|0|10|1,1116447,1133710,1126090.6598637623,1126559.8299999998,1126559.83,1126559.83,1126559.83,7150.170000000158,-2.3283064365386963e-10,0
2025|4711|7586|1|0|10|1,1206507,1206507,1126149.5596870347,1155015.11,1155015.11,1155015.11,1155015.11,51491.8899999999,0,0
2025|4711|7022|1|0|42|1,424121,543959,534927.3185114383,542521.08,542521.0800000001,542521.0800000001,542521.08,1437.920000000042,-1.1641532182693481e-10,0
2025|4711|7022|1|0|60|2,13339,23339,17115.690705920835,16305.880000000003,16305.88,16305.88,16305.88,7033.119999999997,3.637978807091713e-12,0
2025|4711|7022|1|0|43|1,699995,699995,670264.6780017538,640958.9899999999,640958.99,640958.99,640958.99,59036.010000000126,-1.1641532182693481e-10,0
2025|4711|7012|1|0|10|1,1232546,1234740,1217875.1145491658,1217775.2699999998,1217775.27,1217775.27,1217775.27,16964.730000000214,-2.3283064365386963e-10,0
2025|4711|7089|1|0|10|1,2079785,2201896,2168357.302240204,2170915.12,2170915.12,2170915.12,2170915.12,30980.87999999989,0,0
2025|4711|7044|1|0|10|1,2185230,2221977,2204864.150968362,2204562.7100000004,2204562.7099999995,2204562.7099999995,2204562.71,17414.28999999957,9.313225746154785e-10,0
2025|4711|7617|1|0|42|1,322058,353153,351334.19316071196,352418.99,352418.99,352418.99,352418.99,734.0100000000093,0,0
2025|4711|7617|1|0|43|1,111534,166534,165550.72855086278,165731.63,165731.63,165731.63,165731.63,802.3699999999953,0,0
2025|4711|7617|1|0|60|2,1811411,1811411,1647881.9013945314,1642676.4300000002,1642676.43,1642676.43,1642676.43,168734.56999999983,2.3283064365386963e-10,0
2025|4711|7939|1|0|10|1,2519701,2519701,2393988.4958990025,2393656.1100000003,2393656.1099999994,2393656.1099999994,2393656.11,126044.88999999966,9.313225746154785e-10,0
2025|4711|7840|1|0|42|1,1768773,1768773,1736878.8828004939,1732825.66,1732825.66,1732825.66,1732825.66,35947.340000000084,0,0
2025|4711|7840|1|0|43|1,593713,593713,496234.6524696439,500223.28,500223.28,500223.28,500223.28,93489.71999999997,0,0
2025|4711|7840|1|0|60|2,770893,2770893,821979.636505996,821882.71,821882.7100000001,821882.7100000001,821882.71,1949010.29,-1.1641532182693481e-10,0
2025|4711|7091|1|0|10|1,3331494,3464572,3384734.6884111767,3365673.8000000003,3365673.8000000003,3365673.8000000003,3365673.8000000003,98898.19999999972,0,0
2025|4711|7484|1|0|10|1,3698155,3954592,3929361.470676839,3953883.19,3953883.1899999995,3953883.1899999995,3953883.19,708.8100000000559,4.656612873077393e-10,0
2025|4711|7017|1|0|10|1,4234023,4234023,4069568.6889526322,4071389.6799999997,4071389.68,4071389.68,4071389.68,162633.3200000003,-4.656612873077393e-10,0
2025|4711|7061|1|0|10|1,4541824,4541824,3912262.3443301436,3909337.2199999997,3909337.22,3909337.22,3909337.22,632486.7800000003,-4.656612873077393e-10,0
2025|4711|7104|1|0|10|1,4568944,4669808,4634061.214597558,4635736.41,4635736.409999999,4635736.409999999,4635736.41,34071.58999999985,9.313225746154785e-10,0
2025|4711|7096|1|0|10|1,7220306,7500335,7218081.114370964,7217002.07,7217002.07,7217002.07,7217002.07,283332.9299999997,0,0
2025|4711|7529|1|0|43|1,827353,1232353,1226594.8586109048,1227166.78,1227166.78,1227166.78,1227166.78,5186.219999999972,0,0
2025|4711|7529|1|0|42|1,3559978,3568963,3551518.922513243,3552994.0599999987,3552994.0599999996,3552994.0599999996,3552994.06,15968.940000001341,-9.313225746154785e-10,0
2025|4711|7529|1|0|60|2,3991527,3991527,3847347.5919093615,3851533.7900000005,3851533.7900000005,3851533.7900000005,3851533.79,139993.2099999995,0,0
2025|4711|7047|1|0|10|1,9899162,9899162,9435886.054557176,9431718.959999999,9431718.96,9431718.96,9431718.96,467443.04000000097,-1.862645149230957e-09,0
2025|4711|7059|1|0|10|1,13341300,13403470,13148895.626675148,13093701.97,13093701.97,13093701.97,13093701.969999999,309768.02999999933,0,0
2025|4711|7428|1|0|52|2,4599592,4599592,4518356.179590186,4518880.9,4518880.9,4518880.9,4518880.9,80711.09999999963,0,0
2025|4711|7428|1|0|43|1,3722773,3722773,3582085.251450096,3583438.24,3583438.2399999998,3583438.2399999998,3583438.24,139334.75999999978,4.656612873077393e-10,0
2025|4711|7428|1|0|42|1,7596755,7464389,6978398.484470329,6978313.21,6978313.210000001,6978313.210000001,6978313.21,486075.79000000004,-9.313225746154785e-10,0
2025|4711|7064|1|0|10|1,22393802,22393802,21006007.35016369,20879886.93,20879886.929999996,20879886.929999996,20879886.93,1513915.0700000003,3.725290298461914e-09,0
2025|4711|7060|1|0|10|1,24515473,24557044,24096011.29761228,24062374.759999998,24062374.76,24062374.76,24062374.76,494669.2400000021,-3.725290298461914e-09,0
2025|4711|7058|1|0|10|1,25314578,25364029,24753922.803956524,24742785.639999997,24742785.64,24742785.64,24742785.64,621243.3600000031,-3.725290298461914e-09,0
2025|4711|7312|1|0|60|2,24272540,26472540,26151794.50277134,26147602.970000006,26147602.97,26147602.97,26147602.970000003,324937.02999999374,7.450580596923828e-09,0
2025|4711|7722|1|0|10|1,26301864,26334346,25807713.67061901,25815262.120000005,25815262.12,25815262.12,25815262.119999997,519083.87999999523,3.725290298461914e-09,0
2025|4711|7056|1|0|10|1,29407440,29407440,27914466.76759483,27890734.2,27890734.2,27890734.2,27890734.2,1516705.8000000007,0,0
2025|4711|7209|1|0|60|2,30994923,30994923,30534363.897898927,30528052.35000001,30528052.349999998,30528052.349999998,30528052.35,466870.64999999106,1.1175870895385742e-08,0
2025|4711|7473|1|0|10|1,32639063,34471544,34135614.07175409,34118473.76,34118473.76,34118473.76,34118473.76,353070.2400000021,0,0
2025|4711|7016|3|0|10|1,7563054,23365953,23365953,23365953,17411833.21000001,15720816.440000003,15720816.439999998,0,5954119.789999992,1691016.7700000051
2025|4711|7046|1|0|10|1,41406601,46093216,45581741.03740317,45510222.510000005,45510222.510000005,45510222.510000005,45510222.51,582993.4899999946,0,0
2025|4711|7052|1|0|10|1,46284026,46284026,44655390.34429716,44697894.160000004,44697894.160000004,44697894.160000004,44697894.16,1586131.8399999961,0,0
2025|4711|7088|1|0|10|1,57394477,60487389,60340832.33886251,60384263.35,60384263.34999999,60384263.34999999,60384263.349999994,103125.64999999851,1.4901161193847656e-08,0
2025|4711|7051|1|0|10|1,67331467,65634238,63933138.68538707,63831932.69999999,63831932.699999996,63831932.699999996,63831932.7,1802305.300000012,-7.450580596923828e-09,0
2025|4711|7014|1|0|10|1,66876937,76048744,75482176.009057,75963186.18,75963186.17999999,75963186.17999999,75963186.18,85557.81999999285,1.4901161193847656e-08,0
2025|4711|7018|1|0|10|1,88793501,85698837,83514184.12482396,83598477.93,83598477.93,83598477.93,83598477.93,2100359.069999993,0,0
2025|4711|7023|1|0|10|1,19474086,25109044,31712894.7593931,23284705.480000004,23284705.48,23284705.48,23284705.48,1824338.5199999958,3.725290298461914e-09,0
2025|4711|7023|1|0|61|1,68579821,68579821,64409845.54000001,65363807.99,65323692.86000001,65323692.86000001,65323692.86,3216013.009999998,40115.12999999523,0
2025|4711|7049|1|0|10|1,119363418,117443421,114634244.75144692,114501499.51,114501499.50999999,114501499.50999999,114501499.51,2941921.4899999946,1.4901161193847656e-08,0
2025|4711|7725|1|0|10|1,218612454,213998939,208327029.08052206,208288661.60999998,208288661.61000004,208288661.61000004,208288661.61,5710277.3900000155,-5.960464477539063e-08,0
2025|4711|7205|1|0|10|1,325550357,318868116,310202479.5876337,309799163.8500001,309799163.85,309799163.85,309799163.85,9068952.149999917,5.960464477539063e-08,0
2025|4711|7225|1|0|10|1,160378472,99325398,98139554.64999999,98139554.64999999,98139554.64999999,98139554.64999999,98139554.64999999,1185843.350000009,0,0
2025|4711|7225|1|0|60|2,160378471,231378471,227576846.48439613,227641671.84,227641671.84,227641671.84,227641671.84,3736799.1599999964,0,0
2025|4711|7959|1|0|10|1,401998392,415930958,413327982.7415716,413197102.32000005,413197102.31999993,413197102.31999993,413197102.32,2733855.6799999475,1.1920928955078125e-07,0
2025|4711|7004|1|0|10|9,1500000,10000000,10000000,10000000,7986834.010000001,7976928.47,7909418.640000001,0,2013165.9899999993,9905.540000000969
2025|4711|7037|1|0|10|1,3176378,5692786,5518882.859720288,5412979.0200000005,5412979.02,5412979.02,5412979.0200000005,279806.9799999995,9.313225746154785e-10,0
2025|4711|7037|1|0|43|1,1403847659,1365452465,1355873569.548458,1355352152.7399998,1354414808,1354414808,1354414808,10100312.260000229,937344.7399997711,0
2025|4711|7048|1|0|10|1,1881500081,1859795249,1818070365.660013,1819273089.4399998,1819273089.4400003,1819273089.4400003,1819273089.44,40522159.56000018,-4.76837158203125e-07,0
2025|4711|7008|1|0|10|1,22685670,23296668,22981756.030359834,22982036.869999986,22982036.87,22982036.87,22982036.87,314631.13000001386,-1.4901161193847656e-08,0
2025|4711|7008|1|0|42|1,2719964023,2704237850,2682070242.57,2682145632.549999,2682087768.3500004,2682087768.3500004,2682087768.35,22092217.450000763,57864.19999885559,0
2025|4711|7957|1|0|60|1,166588,166588,0,0,0,0,0,166588,0,0
2025|4711|7957|1|0|15|1,1393551364,3529950000.22,3525000000,3525000000,3525000000,3525000000,3525000000,4950000.21999979,0,0
2025|4711|7957|1|0|42|1,2537750090,2553448711,2544748710.64,2544748710.64,2543655405.95,2543655405.95,2543655405.95,8700000.360000134,1093304.6900000572,0
2025|4711|7957|1|0|44|1,41641705,91189779.17,75000000,75000000,75000000,75000000,75000000,16189779.170000002,0,0
2025|4711|7957|1|0|43|1,928311436,1061841806.51,1025000000.0000002,1025000000,1025000000,1025000000,1025000000,36841806.50999999,0,0
2025|4711|7957|1|0|10|1,6016327764,3263724865,3057029164.855045,3041513494.0799994,3041513494.08,3041513494.08,3041513494.0800004,222211370.92000055,-4.76837158203125e-07,0
2025|4721|7001|3|0|10|1,1000,1000,1000,0,0,0,0,1000,0,0
2025|4731|2072|3|0|59|1,0,63942000,63942000,0,0,0,0,63942000,0,0
2025|4741|2069|3|0|60|1,0,10550000,10550000,0,0,0,0,10550000,0,0
2025|4741|2069|3|0|59|1,0,30000000,30000000,0,0,0,0,30000000,0,0
2025|4741|2069|4|0|60|1,0,10000000,10000000,0,0,0,0,10000000,0,0
2025|4741|2069|4|0|59|1,0,20000000,20000000,0,0,0,0,20000000,0,0
2024|1011|7004|1|0|10|9,1000,1001000,0,0,1001000,0,0,1001000,-1001000,1001000
2024|1011|7004|3|0|10|9,30000,30000,0,0,7579.110000000001,7579.110000000001,7579.110000000001,30000,-7579.110000000001,0
2024|1011|7006|1|0|10|1,1518000,1518000,0,0,1517662.93,1517662.93,1517662.93,1518000,-1517662.93,0
2024|1011|7006|1|0|43|5,123820000,98820000,0,0,96969503.67000002,96969503.67000002,96969503.67,98820000,-96969503.67000002,0
2024|1011|7006|1|0|42|5,102000000,104000000,0,0,103672412.03,103672412.03,103672412.03,104000000,-103672412.03,0
2024|1011|7006|1|0|10|5,317200000,328200000,0,0,328199798.37999994,328199798.37999994,328199798.38,328200000,-328199798.37999994,0
2024|1011|4239|1|0|10|1,1105345000,1139345000,0,0,1139342945.2900002,1139342945.2900002,1139342945.2900002,1139345000,-1139342945.2900002,0
2024|1011|4239|3|0|60|1,21918227,21918227,0,0,21918227,21918227,21918227,21918227,-21918227,0
2024|1011|4239|3|0|10|7,61000000,58000000,0,0,57235887.49,57235887.49,57235887.49000001,58000000,-57235887.49,0
2024|1011|4239|3|0|10|1,243036970,223036970,0,0,222345333.50999993,189790554.71,189789791.74,223036970,-222345333.50999993,32554778.799999923
2024|1011|4239|4|0|10|1,10585000,10585000,0,0,9184780.4,3310014.71,3310014.7100000004,10585000,-9184780.4,5874765.69
2024|1011|4239|5|0|10|1,11953000,11953000,0,0,11953000,11953000,11953000,11953000,-11953000,0
2024|1021|2157|3|0|10|7,22730000,22730000,0,0,21343195.09,21343195.09,21343195.09,22730000,-21343195.09,0
2024|1021|2157|3|0|10|1,24757229,24757229,0,0,24753909.67,24753909.67,24753909.67,24757229,-24753909.67,0
2024|1021|7004|3|0|10|9,1000,1000,0,0,0,0,0,1000,0,0
2024|1021|7006|1|0|10|1,933696,1683696,0,0,1143824.58,1143824.58,1143824.58,1683696,-1143824.58,0
2024|1021|7006|1|0|42|5,101083596,101083596,0,0,97047165.69,97047165.69,97047165.69,101083596,-97047165.69,0
2024|1021|7006|1|0|43|5,108552329,108552329,0,0,98735142.1,98735142.1,98735142.1,108552329,-98735142.1,0
2024|1021|7006|1|0|10|5,218750672,230750672,0,0,230748678.96999997,230748678.96999997,230748678.97,230750672,-230748678.96999997,0
2024|1021|4445|1|0|10|1,613775410,601025410,0,0,601008831.68,601008831.68,601008831.68,601025410,-601008831.68,0
2024|1021|4445|3|0|10|1,4689040,4689040,0,0,1842621.41,1613654.62,1613654.62,4689040,-1842621.41,228966.7899999998
2024|1021|2009|3|0|10|8,2100000,2100000,0,0,1509164.79,480881.63,480881.63,2100000,-1509164.79,1028283.16
2024|1021|2009|3|0|60|1,3801000,3801000,0,0,0,0,0,3801000,0,0
2024|1021|2009|3|0|10|1,115229880,115229880,0,0,115029357.43,86570510.93000002,86570510.93000002,115229880,-115029357.43,28458846.499999985
2024|1021|2009|4|0|60|1,3801000,3801000,0,0,0,0,0,3801000,0,0
2024|1021|2009|4|0|10|1,14211960,14211960,0,0,14168310.570000002,10285976.07,10285976.07,14211960,-14168310.570000002,3882334.500000002
2024|1021|2145|3|0|10|1,3945549,3945549,0,0,3332129.79,2318287.3800000004,2312530.8,3945549,-3332129.79,1013842.4099999997
2024|1031|7004|1|0|10|9,1000,1000,0,0,0,0,0,1000,0,0
2024|1031|7006|1|0|10|1,139935257,139935257,0,0,139935257,139935257,139935257,139935257,-139935257,0
2024|1031|7006|1|0|10|5,599392952,599392952,0,0,599392952,599392952,599392952,599392952,-599392952,0
2024|1031|7006|1|0|43|5,777479336,777479336,0,0,753102298.27,753102298.27,753102298.2699999,777479336,-753102298.27,0
2024|1031|7006|1|0|42|5,1103569901,1103569901,0,0,991505176.1300001,991505176.1300001,991505176.1300001,1103569901,-991505176.1300001,0
2024|1031|7006|3|0|10|7,1326422,1326422,0,0,1326422,1326422,1326422,1326422,-1326422,0
2024|1031|7006|3|0|10|1,49778854,49778854,0,0,49778854.00000001,49778854.00000001,49778854,49778854,-49778854.00000001,0
2024|1031|2053|1|0|10|1,1266721624,1266721624,0,0,1266721623.9999998,1266721623.9999998,1266721623.9999998,1266721624,-1266721623.9999998,0
2024|1031|2053|3|0|10|7,28448433,28448433,0,0,28448433,28448433,28448433,28448433,-28448433,0
2024|1031|2053|3|0|10|1,28701599,28701599,0,0,28701599,28701599,28701599,28701599,-28701599,0
2024|1031|2053|3|0|60|1,30073192,30073192,0,0,30073191.999999996,30073191.999999996,30073192,30073192,-30073191.999999996,0
2024|1031|2054|1|0|10|1,4955306145,4953973750.9,0,0,4953517355.18,4953517355.18,4953517355.179999,4953973750.9,-4953517355.18,0
2024|1031|2054|3|0|10|1,56906892,56906892,0,0,56906892.00000001,56906892.00000001,56906892,56906892,-56906892.00000001,0
2024|1031|2054|3|0|60|1,61700000,61700000,0,0,61700000,61700000,61700000,61700000,-61700000,0
2024|1031|2054|3|0|10|7,376345674,376345674,0,0,376345674,376345674,376345674,376345674,-376345674,0
2024|1051|7004|3|0|10|9,1000,1000,0,0,0,0,0,1000,0,0
2024|1051|7006|1|0|10|1,5289981,5289981,0,0,5289980.999999999,5289980.999999999,5289981,5289981,-5289980.999999999,0
2024|1051|7006|1|0|43|5,7233016,7233016,0,0,7013224.27,7013224.27,7013224.2700000005,7233016,-7013224.27,0
2024|1051|7006|1|0|42|5,9600038,9600038,0,0,7991553.289999999,7991553.289999999,7991553.289999999,9600038,-7991553.289999999,0
2024|1051|7006|1|0|10|5,19334416,19334416,0,0,19334416,19334416,19334415.999999996,19334416,-19334416,0
2024|1051|7007|1|0|10|1,4231572,5531572,0,0,5531572,5531572,5531572,5531572,-5531572,0
2024|1051|4003|3|0|60|1,300000,300000,0,0,298950.06999999995,209800.81,209800.80999999994,300000,-298950.06999999995,89149.25999999995
2024|1051|4003|4|0|60|1,20000,20000,0,0,7492.7300000000005,0,0,20000,-7492.7300000000005,7492.7300000000005
2024|1051|1019|4|0|60|1,800000,800000,0,0,800000,762889.08,762889.08,800000,-800000,37110.92000000004
2024|1051|2047|3|0|60|7,700000,700000,0,0,544844.93,544844.93,544844.93,700000,-544844.93,0
2024|1051|2047|3|0|10|7,7760636,7760636,0,0,7758837.819999999,7758837.819999999,7758837.82,7760636,-7758837.819999999,0
2024|1051|4355|3|0|10|1,9780107,11680107,0,0,11680107.000000002,8533770.349999998,8533770.349999998,11680107,-11680107.000000002,3146336.650000004
2024|1051|4355|4|0|60|1,1278800,1278800,0,0,1245424.94,143489.97999999998,143489.97999999998,1278800,-1245424.94,1101934.96
2024|1051|4355|4|0|10|1,3053992,3253992,0,0,3201487.9899999998,1935251.9100000001,1935251.91,3253992,-3201487.9899999998,1266236.0799999996
2024|1051|2077|1|0|10|1,18852458,18852458,0,0,18852458,18852458,18852458.000000004,18852458,-18852458,0
2024|1051|2078|1|0|10|1,49979975,46579975,0,0,46579975,46579975,46579974.99999999,46579975,-46579975,0
2024|1071|4341|1|0|10|1,575566,461576,0,454234.51,454234.51,454234.51,454234.51,7341.489999999991,0,0
2024|1071|4341|3|0|10|1,3694719,3359050.46,0,3359050.46,3356462.999999999,3144367.04,3144367.0400000005,0,2587.460000000894,212095.95999999903
2024|1071|4341|3|0|10|7,209987,174838,0,162881.43999999997,162881.44,162881.44,162881.44,11956.560000000027,-2.9103830456733704e-11,0
2024|1071|4426|1|0|10|1,4111346,4111346,0,3437008.75,3437008.75,3437008.75,3437008.7499999995,674337.25,0,0
2024|1071|4426|3|0|95|1,0,2000,0,2000,1336.68,1336.68,1336.68,0,663.3199999999999,0
2024|1071|4426|3|0|10|1,8092871,10727394.93,0,10721544.41,10712932.129999997,8623832.209999999,8623832.21,5850.519999999553,8612.280000003055,2089099.919999998
2024|1071|4426|3|0|10|7,486689,427657,0,381950.74999999994,381950.74999999994,381950.74999999994,381950.75,45706.25000000006,0,0
2024|1071|4426|4|0|95|1,0,14668.96,0,14668.96,1620,1620,1620,0,13048.96,0
2024|1071|4381|3|0|10|8,491000,491000,0,491000,490976.4,430978,430978,0,23.599999999976717,59998.40000000002
2024|1071|4381|3|0|60|2,0,1792993.87,0,1792993.87,1792949.8,1792949.8,1792949.8,0,44.07000000006519,0
2024|1071|4381|3|0|10|1,273748,1935877.58,0,1935877.58,1912964.77,91285.27000000002,91285.27,0,22912.810000000056,1821679.5
2024|1071|4381|3|0|57|1,6000000,4143192.66,0,0,0,0,0,4143192.66,0,0
2024|1071|4390|1|0|10|1,246703,410591,0,364813.86000000004,364813.8599999999,364813.8599999999,364813.86,45777.139999999956,1.1641532182693481e-10,0
2024|1071|4390|3|0|10|1,454404,396800.24,0,396800.24,392576.07999999996,380590.0299999999,380590.02999999997,0,4224.160000000033,11986.050000000047
2024|1071|4390|3|0|10|7,23564,99523,0,88104,88104,88104,88104,11419,0,0
2024|1071|1089|3|0|95|1,0,15000,0,15000,7329.339999999999,7329.339999999999,7329.339999999999,0,7670.660000000001,0
2024|1071|1089|4|0|95|1,10000000,10000000,0,0,0,0,0,10000000,0,0
2024|1071|4356|1|0|10|1,845039,984040,0,950603.4200000002,950603.4199999999,950603.4199999999,950603.4200000002,33436.57999999984,2.3283064365386963e-10,0
2024|1071|4356|3|0|10|1,1391685,295160.11,0,295160.11,291847.89999999997,284492.33,284492.33,0,3312.210000000021,7355.569999999949
2024|1071|4356|3|0|95|1,0,55500,0,55500,0,0,0,0,55500,0
2024|1071|4356|3|0|10|7,180365,221357,0,191884.5,191884.5,191884.5,191884.5,29472.5,0,0
2024|1071|4356|3|0|57|1,6501000,8817103.51,0,2316102.52,2316102.52,2316102.52,2316102.52,6501000.99,0,0
2024|1071|4354|1|0|10|1,1058496,795680,0,735561.14,735561.14,735561.14,735561.14,60118.859999999986,0,0
2024|1071|4354|3|0|95|1,0,1933.36,0,1933.3600000000006,1437.15,1437.15,1437.15,-6.821210263296962e-13,496.2100000000005,0
2024|1071|4354|3|0|10|1,5720399,4617340.24,0,4617340.239999999,4617340.23,4308762.17,4308762.17,9.313225746154785e-10,0.009999998845160007,308578.0600000005
2024|1071|4354|3|0|10|7,376373,251328,0,221091,221091,221091,221091,30237,0,0
2024|1071|4354|4|0|95|1,0,78738.25,0,78738.25,19377.85,15426.5,15426.5,0,59360.4,3951.3499999999985
2024|1071|4335|3|0|10|1,3561352,4091074.5,0,4090213.9900000007,4055909.2000000007,3937587.63,3937587.630000001,860.5099999993108,34304.79000000004,118321.57000000076
2024|1071|4335|3|0|95|1,0,319746.77,0,54320,0,0,0,265426.77,54320,0
2024|1071|4335|4|0|10|1,2000,5452.4,0,5452.4,5452.4,0,0,0,0,5452.4
2024|1071|4335|4|0|95|1,0,123655.9,0,123655.9,42137.4,42137.32,42137.32,0,81518.5,0.08000000000174623
2024|1071|2500|1|0|10|1,1618084,1732835,0,1717260.1599999997,1717260.16,1717260.16,1717260.16,15574.840000000317,-2.3283064365386963e-10,0
2024|1071|2500|3|0|10|1,944359,747578.71,0,747578.71,746344.4400000002,658451.5,658451.5,0,1234.2699999997858,87892.94000000006
2024|1071|2500|3|0|10|7,402800,464241,0,422281.49999999994,422281.5,422281.5,422281.5,41959.50000000006,-5.820766091346741e-11,0
2024|1081|1010|3|0|10|1,25000,25000,0,25000,23031.309999999998,12496.050000000001,12496.05,0,1968.6900000000023,10535.259999999997
2024|1081|1008|3|0|10|1,216000,523000,0,518875,514419.07000000007,514419.07000000007,514419.06999999995,4125,4455.929999999935,0
2024|1081|1014|3|0|10|1,1000,1000,0,0,0,0,0,1000,0,0
2024|1081|1014|3|0|95|1,436099,1978335,0,1746679.3900000001,1291679.3900000001,687979.1399999999,687979.14,231655.60999999987,455000,603700.2500000002
2024|1081|1014|4|0|95|1,17000000,16295000,0,930251.55,907358.2,780051.44,780051.4400000001,15364748.45,22893.350000000093,127306.76000000001
2024|1081|1012|3|0|10|1,2963600,2963600,0,2062400,2062290,1857586.59,1857586.5899999999,901200,109.99999999976717,204703.41000000015
2024|1081|1012|4|0|9|1,0,621240,0,621240,621240,281061,281061,0,0,340179
2024|1081|1012|4|0|10|1,4080000,4080000,0,4080000,4080000,3529291.16,3529291.16,0,0,550708.8399999999
2024|1081|1013|1|0|10|1,295116182,297613233,0,296800579.51,296800579.51,296800579.51,296800579.51,812653.4900000095,0,0
2024|1081|1013|3|0|60|2,0,38531.32,0,38531.32,25605.14,21531.940000000002,21531.940000000002,0,12926.18,4073.199999999997
2024|1081|1013|3|0|9|1,0,2057983.2,0,2057983.2,271367.72,177316.98,177316.98,0,1786615.48,94050.73999999996
2024|1081|1013|3|0|10|1,13303763,13662344.77,0,13636981.97,12982308.47,12384796.77,11896876.46,25362.799999998882,654673.5,597511.7000000011
2024|1081|1013|3|0|10|7,13452726,19192084,0,19003394.87,19003394.870000005,19003394.870000005,19003394.87,188689.12999999896,-3.725290298461914e-09,0
2024|1081|1013|4|0|9|1,0,2366268.89,0,2354985.2800000003,1946047,476047,476047,11283.60999999987,408938.28000000026,1470000
2024|1081|1013|4|0|57|1,0,152009.07,0,98500,98500,98500,98500,53509.07000000001,0,0
2024|1081|7803|1|0|10|9,1546186695,1335033841.5900002,0,600064000,519254172.13999987,519254172.1399996,509378264.50999975,734969841.5900002,80809827.86000013,2.384185791015625e-07
2024|1081|7803|3|0|10|9,286661111,286661111,0,286661111,257411789.85001177,254951649.33000603,253789030.09999356,0,29249321.149988234,2460140.520005733
2024|1081|2500|1|0|10|1,32695882,45339374,0,44974417.45,44974417.45000001,44974417.45000001,44974417.45,364956.549999997,-7.450580596923828e-09,0
2024|1081|2500|3|0|9|1,0,968180.38,0,968180.38,730944.29,636547.57,636547.57,0,237236.08999999997,94396.72000000009
2024|1081|2500|3|0|10|7,8968485,4872781,0,4826284.970000001,4826284.970000001,4826284.970000001,4826284.97,46496.02999999933,0,0
2024|1081|2500|3|0|10|1,9023753,8290671.23,0,8177824.590000001,7880282.180000001,7109682.450000001,6989607.249999997,112846.63999999966,297542.41000000015,770599.7299999995
2024|1081|2500|4|0|9|1,0,1148708.55,0,1145214.8,677428.73,671388.27,671388.27,3493.75,467786.07000000007,6040.459999999963
2024|1091|2028|1|0|60|1,2630000,2630000,0,0,712835.96,712835.96,712835.96,2630000,-712835.96,0
2024|1091|2028|3|0|60|1,19950000,19950000,0,0,743549.96,581849.96,581849.96,19950000,-743549.96,161700
2024|1091|2028|4|0|60|1,40000000,40000000,0,0,6102.07,6102.07,6102.07,40000000,-6102.07,0
2024|1091|4493|1|0|10|1,1243100000,1213100000,0,0,1213099999.9999998,1213099999.9999998,1213100000.0000002,1213100000,-1213099999.9999998,0
2024|1091|4493|3|0|10|7,65918000,65918000,0,0,64868779.629999995,64868779.629999995,64868779.629999995,65918000,-64868779.629999995,0
2024|1091|2009|1|0|10|1,1129600000,1137600000,0,0,1137599999.9999998,1137599999.9999998,1137599999.9999998,1137600000,-1137599999.9999998,0
2024|1091|2009|3|0|60|1,0,10000000,0,0,2405742.72,0,0,10000000,-2405742.72,2405742.72
2024|1091|2009|3|0|10|7,85381000,103381000,0,0,103274647.47999999,103274647.47999999,103274647.48,103381000,-103274647.47999999,0
2024|1091|2009|3|0|10|1,406572000,403572000,0,0,403571857.4000009,344924852.03000045,342217900.95999753,403572000,-403571857.4000009,58647005.37000042
2024|1091|2009|4|0|47|1,1600000,1600000,0,0,0,0,0,1600000,0,0
2024|1091|2009|4|0|60|1,0,20000000,0,0,3274608.25,0,0,20000000,-3274608.25,3274608.25
2024|1091|2009|4|0|10|1,30000000,30000000,0,0,30000000,11014934.17,11014934.169999998,30000000,-30000000,18985065.83
2024|1091|7004|1|0|10|9,1000,1000,0,0,0,0,0,1000,0,0
2024|1091|7006|1|0|10|1,61000000,51000000,0,0,51000000,51000000,51000000,51000000,-51000000,0
2024|1091|7006|1|0|10|5,76000000,93000000,0,0,93000000,93000000,93000000,93000000,-93000000,0
2024|1091|7006|1|0|43|5,224112640,224112640,0,0,224112640,224112640,224112640,224112640,-224112640,0
2024|1091|7006|1|0|42|5,331458483,331458483,0,0,331458483,331458483,331458483,331458483,-331458483,0
2024|1091|7006|3|0|10|7,18700000,18700000,0,0,18237043.310000002,18237043.310000002,18237043.310000002,18700000,-18237043.310000002,0
2024|1091|1064|3|0|10|1,2000000,2000000,0,0,2000000,451309.65,451309.64999999997,2000000,-2000000,1548690.35
2024|1091|1064|4|0|10|1,34000000,34000000,0,0,34000000,1113774.91,1113774.9100000001,34000000,-34000000,32886225.09
2024|1091|1064|5|0|10|1,6000000,6000000,0,0,6000000,0,0,6000000,-6000000,6000000
2024|1101|2020|3|0|10|1,10178,13298,0,13298,11336.220000000001,11336.22,11336.22,0,1961.7799999999988,1.8189894035458565e-12
2024|1101|1016|3|0|95|1,228190,259209.05,0,259209.05,259209.05,259209.05,259209.05,0,0,0
2024|1101|4104|1|0|10|1,422749,1812334.2999999998,0,1261334.49,1261334.49,1261334.49,1261334.4899999998,550999.8099999998,0,0
2024|1101|4104|3|0|10|1,15900,15900,0,15900,8365.4,1295,1295,0,7534.6,7070.4
2024|1101|4104|3|0|10|7,149927,194356,0,181414.00999999998,181414.01,181414.01,181414.01,12941.99000000002,-2.9103830456733704e-11,0
2024|1101|4104|4|0|10|1,0,33700,0,33700,26500,0,0,0,7200,26500
2024|1101|4108|1|0|10|1,131270,69238,0,69095.46,69095.45999999999,69095.45999999999,69095.46,142.5399999999936,1.4551915228366852e-11,0
2024|1101|4108|3|0|10|7,17171,19230,0,16650,16650,16650,16650,2580,0,0
2024|1101|4109|3|0|10|1,10178,1317.7,0,1317.7000000000007,1067.6999999999998,1067.7,1067.7,-6.821210263296962e-13,250.0000000000009,-2.2737367544323206e-13
2024|1101|4101|1|0|10|1,109813,123242,0,122305.20999999999,122305.21,122305.21,122305.21,936.7900000000081,-1.4551915228366852e-11,0
2024|1101|4101|3|0|10|7,16019,15825,0,15825,15825,15825,15825,0,0,0
2024|1101|4101|3|0|10|1,89857,119230.2,0,82324,49290.84,49290.84,49290.84,36906.2,33033.16,0
2024|1101|1017|1|0|10|1,455399,497732,0,496928.03,496928.03,496928.03,496928.03,803.9699999999721,0,0
2024|1101|1017|3|0|10|7,16019,19552,0,17850,17850,17850,17850,1702,0,0
2024|1101|1017|4|0|10|1,32490,32490,0,32490,0,0,0,0,32490,0
2024|1101|4102|1|0|10|1,284045,304812,0,304805.14,304805.14,304805.14,304805.13999999996,6.85999999998603,0,0
2024|1101|4102|3|0|10|1,47025,95943.78,0,95943.78000000001,92670.38,91074.17000000001,91074.17,-1.4551915228366852e-11,3273.4000000000087,1596.2099999999919
2024|1101|4102|3|0|10|7,68250,65606,0,65605.5,65605.5,65605.5,65605.5,0.5,0,0
2024|1101|4110|1|0|10|1,7694867,6882779,0,6872883.950000001,6872883.949999998,6872883.949999998,6872883.950000001,9895.049999998882,2.7939677238464355e-09,0
2024|1101|4110|3|0|10|1,1293158,1168845.4,0,1168845.4,1097393.1400000004,1043820.47,1043820.47,0,71452.25999999954,53572.67000000039
2024|1101|4110|3|0|10|7,822999,948918,0,831104.7100000001,831104.71,831104.71,831104.71,117813.28999999992,1.1641532182693481e-10,0
2024|1101|2500|1|0|10|1,3793094,3993540.6999999997,0,3922252.53,3922252.53,3922252.53,3922252.5299999993,71288.16999999993,0,0
2024|1101|2500|3|0|10|1,602461,645787.3,0,645787,608794.05,608478.14,608478.1400000001,0.30000000004656613,36992.94999999995,315.9100000000326
2024|1101|2500|3|0|10|7,421199,504866,0,439298.5,439298.5,439298.5,439298.5,65567.5,0,0
2024|1101|2500|4|0|10|1,0,3300,0,3300,3105.44,3105.44,3105.44,0,194.55999999999995,0
2024|1191|1002|3|1|10|1,5136846,7031043.58,0,7031043.58,7031027.34,3600034.83,3407654.7,0,16.240000000223517,3430992.51
2024|1191|2004|3|0|10|1,6509400,6509400,0,6509400,6509400,5935200,5361000,0,0,574200
2024|1191|2004|4|0|10|1,606948,606948,0,250383.89,250383.89,0,0,356564.11,0,250383.89
2024|1191|2005|4|0|74|1,20000000,39880000,0,19650000,15430592.5,8298047.19,8298047.19,20230000,4219407.5,7132545.31
2024|1191|2007|3|0|10|1,56934228,57685050.16,0,57685050.160000004,57150716.20999999,41588436.440000005,39222466.93,-7.450580596923828e-09,534333.9500000104,15562279.769999988
2024|1191|2007|3|0|29|1,12750324,13792728.66,0,13792728.660000002,13792728.659999998,6550232.789999999,6135237.600000001,-1.862645149230957e-09,3.725290298461914e-09,7242495.869999999
2024|1191|2007|4|0|10|1,6098903,5880834.9,0,3191969.67,2512864.69,1892117.36,1892117.36,2688865.2300000004,679104.98,620747.3299999998
2024|1191|2007|4|0|48|1,4840267,4840267,0,840266.9999999995,304200,304200,304200,4000000,536066.9999999995,0
2024|1191|2006|1|0|10|1,21301746,21710808,0,21040563.57,21040563.57,21040563.57,21040563.569999997,670244.4299999997,0,0
2024|1191|2006|3|0|29|1,9822696,8780291.34,0,8780291.34,8780291.340000002,5314336.91,5314336.91,0,-1.862645149230957e-09,3465954.4300000016
2024|1191|2006|3|0|10|1,57685838,60675498.6,0,60675498.599999994,60455558.59999999,31693883.160000004,30018966.77,7.450580596923828e-09,219940.00000000745,28761675.439999983
2024|1191|2006|3|0|10|7,1104961,1286991,0,1191589.4,1191589.4,1191589.4,1191589.4,95401.6000000001,0,0
2024|1191|2006|4|0|10|1,6604678,4345340.06,0,2062078.8800000001,1384039.9800000002,1253452.07,1253452.07,2283261.1799999997,678038.8999999999,130587.91000000015
2024|1191|2016|3|0|10|1,42800,114893.4,0,114893.02,0,0,0,0.3799999999901047,114893.02,0
2024|1191|2032|3|0|10|1,46442,46442,0,20442,0,0,0,26000,20442,0
2024|1191|4107|3|0|10|1,57192,57192,0,16192,0,0,0,41000,16192,0
2024|1191|2019|3|0|10|1,73631,73631,0,73631,3440.029999999999,3440.0299999999997,3440.0299999999997,0,70190.97,-9.094947017729282e-13
2024|1191|4096|1|0|10|1,1887952,1887952,0,1815965.3399999999,1815965.3399999999,1815965.3399999999,1815965.3399999999,71986.66000000015,0,0
2024|1191|4096|3|0|10|7,152930,152930,0,112634.29999999999,112634.30000000002,112634.30000000002,112634.3,40295.70000000001,-2.9103830456733704e-11,0
2024|1191|4096|3|0|10|1,65600,65600,0,600,0,0,0,65000,600,0
2024|1191|4106|1|0|10|1,2720821,2797454,0,2666251.45,2666251.4500000007,2666251.4500000007,2666251.4499999997,131202.5499999998,-4.656612873077393e-10,0
2024|1191|4106|3|0|10|1,1126441,46441,0,46441,19161.06,14474.9,14474.900000000001,0,27279.94,4686.160000000002
2024|1191|4106|3|0|10|7,187875,190427,0,157616.56,157616.55999999997,157616.55999999997,157616.56,32810.44,2.9103830456733704e-11,0
2024|1191|4106|4|0|10|1,0,30000,0,30000,0,0,0,0,30000,0
2024|1191|4097|1|0|10|1,5212585,5212585,0,5043048.650000001,5043048.65,5043048.65,5043048.650000001,169536.3499999987,9.313225746154785e-10,0
2024|1191|4097|3|0|10|1,7960,7960,0,2551.5699999999997,179.82999999999998,179.82999999999998,179.82999999999998,5408.43,2371.74,0
2024|1191|4097|3|0|10|7,140682,314682,0,256201.43999999997,256201.43999999997,256201.43999999997,256201.44,58480.56000000003,0,0
2024|1191|4105|1|0|10|1,7473465,4354111,0,4277540.05,4277540.049999999,4277540.049999999,4277540.050000001,76570.95000000019,9.313225746154785e-10,0
2024|1191|4105|3|0|10|7,292713,292713,0,201789.47999999998,201789.48,201789.48,201789.48,90923.52000000002,-2.9103830456733704e-11,0
2024|1191|4105|3|0|10|1,3168469,2318469,0,1873363.9700000002,1570892.8000000003,1262149.0200000003,1251983.1099999999,445105.0299999998,302471.1699999999,308743.78
2024|1191|4098|1|0|10|1,4202997,4415738,0,4179884.6800000006,4179884.680000001,4179884.680000001,4179884.6799999997,235853.31999999937,-4.656612873077393e-10,0
2024|1191|4098|3|0|10|1,1224942,1424942,0,1424942,1424942,1367746.87,1250549.05,0,0,57195.12999999989
2024|1191|4098|3|0|10|7,134558,322558,0,278551.85,278551.85,278551.85,278551.85,44006.15000000002,0,0
2024|1191|4103|1|0|10|1,798507,798507,0,682884.04,682884.04,682884.04,682884.04,115622.95999999996,0,0
2024|1191|4103|3|0|10|7,41069,45645,0,39332.659999999996,39332.66,39332.66,39332.66,6312.340000000004,-7.275957614183426e-12,0
2024|1191|4103|3|0|10|1,23268899,23188899,0,22788899,22318654.76,17605507.04,17605507.04,400000,470244.23999999836,4713147.7200000025
2024|1191|4103|4|0|48|1,22844654,22844654,0,19844654,19576116,14790493.8,14790493.8,3000000,268538,4785622.199999999
2024|1191|4095|1|0|10|1,13168822,12018175,0,11787359.639999999,11787359.64,11787359.64,11787359.639999999,230815.36000000127,-1.862645149230957e-09,0
2024|1191|4095|3|0|83|2,1300000,1300000,0,1300000,1300000,772016.8500000001,772016.8500000001,0,0,527983.1499999999
2024|1191|4095|3|0|27|1,21000000,21000000,0,21000000,21000000,15186254.92,15186254.92,0,0,5813745.08
2024|1191|4095|3|0|10|7,622707,760372,0,680704.15,680704.1499999999,680704.1499999999,680704.15,79667.84999999998,1.1641532182693481e-10,0
2024|1191|4095|3|0|10|1,27200121,27200121,0,26200121,26153326.19,21045475.619999997,21045475.62,1000000,46794.80999999866,5107850.570000004
2024|1191|4085|4|0|74|1,10501000,17193661.77,0,1461072.84,977855.26,826114.8200000001,826114.8200000001,15732588.93,483217.5800000001,151740.43999999994
2024|1191|1015|3|0|10|1,1000,1000,0,0,0,0,0,1000,0,0
2024|1191|1015|4|0|10|1,0,1352874.45,0,1352874.45,1346959.73,292149.43,292149.43,0,5914.719999999972,1054810.3
2024|1191|1015|4|0|9|1,0,10517610.96,0,0,0,0,0,10517610.96,0,0
2024|1191|4079|1|0|10|1,17320685,15988716,0,15551128.829999998,15551128.830000002,15551128.830000002,15551128.829999998,437587.1700000018,-3.725290298461914e-09,0
2024|1191|4079|3|0|10|1,1320268,1324988,0,1321939.0399999996,1128424.48,1011086.56,1011086.56,3048.9600000004284,193514.5599999996,117337.91999999993
2024|1191|4079|3|0|10|7,848704,848704,0,696459.1599999999,696459.16,696459.16,696459.16,152244.84000000008,-1.1641532182693481e-10,0
2024|1191|4081|3|0|10|1,1000,13107900,0,13106900,5951839.650000155,5939339.650000092,5915696.760000033,1000,7155060.349999845,12500.00000006333
2024|1191|4083|1|0|10|1,26705254,23756750,0,0,0,0,0,23756750,0,0
2024|1191|4083|1|0|15|1,161751594,251751594,0,222381023.67000002,222381023.67,222381023.67,222381023.67000002,29370570.329999983,2.9802322387695312e-08,0
2024|1191|4083|3|0|29|1,525000,525000,0,525000,501642.19999999995,150266.40000000002,150266.4,0,23357.800000000047,351375.79999999993
2024|1191|4083|3|0|10|1,5377700,5187700,0,4343322.95,4115718.2399999993,3427815.16,3424937.2299999995,844377.0499999998,227604.7100000009,687903.0799999991
2024|1191|4083|3|0|10|7,9779610,15723720,0,14201099.63,14201099.629999999,14201099.629999999,14201099.63,1522620.3699999992,1.862645149230957e-09,0
2024|1191|4083|4|0|10|1,105520,40800,0,5000,5000,0,0,35800,0,5000
2024|1191|4082|1|0|10|1,171781880,15040598,0,0,0,0,0,15040598,0,0
2024|1191|4082|1|0|15|1,872744450,1031740216,0,1009905368.63,1009905368.6300001,1009905368.6300001,1009905368.6300001,21834847.370000005,-1.1920928955078125e-07,0
2024|1191|4082|3|0|29|1,11815000,11815000,0,11815000,11456293.139999999,9041510.590000002,8991136.18,0,358706.86000000127,2414782.549999997
2024|1191|4082|3|0|10|1,21459360,14225693.5,0,12582348.840000002,11692147.110000001,10080826.96,10020772.420000002,1643344.6599999983,890201.7300000004,1611320.1500000004
2024|1191|4082|3|0|10|7,51523411,61133594,0,55575268.809999995,55575268.81,55575268.81,55575268.81,5558325.190000005,-7.450580596923828e-09,0
2024|1191|4082|4|0|10|1,900000,900000,0,39789.72,35800,35800,35800,860210.28,3989.720000000001,0
2024|1191|2500|1|0|10|1,88109622,83959133,0,81992902.59999996,81252929.89999999,81159980.94999999,81067032,1966230.4000000358,739972.6999999732,92948.95000000298
2024|1191|2500|3|0|29|1,940987,940987,0,940987,912563.0800000001,739607.61,739607.6099999999,0,28423.919999999925,172955.4700000001
2024|1191|2500|3|0|9|1,0,1742269.47,0,1742269.47,1481027.84,1481027.84,1481027.84,0,261241.6299999999,0
2024|1191|2500|3|0|10|7,4653531,5651277,0,5040900.2700000005,5040900.2700000005,5040900.2700000005,5040900.27,610376.7299999995,0,0
2024|1191|2500|3|0|10|1,11541196,10941701.57,0,9212377.269999998,8415654.999999998,5316724.009999999,5207628.6,1729324.3000000026,796722.2699999996,3098930.9899999993
2024|1191|2500|4|0|10|1,15000,15000,0,11010.279999999999,0,0,0,3989.720000000001,11010.279999999999,0
2024|1221|1100|3|0|71|3,0,62831.18,0,62831.18,62831.18,62831.18,62831.18,0,0,0
2024|1221|1100|3|0|31|3,0,565480.59,0,565480.59,565480.59,565480.59,565480.59,0,0,0
2024|1221|1100|3|0|1|1,100000,100000,0,0,0,0,0,100000,0,0
2024|1221|1100|3|0|24|1,1073519,7818429.62,0,6744910.62,6744910.62,6744910.62,6744910.62,1073519,0,0
2024|1221|1100|4|0|1|1,0,586055.86,0,586055.86,586055.8600000001,586055.8600000001,586055.8600000001,0,-1.1641532182693481e-10,0
2024|1221|1100|4|0|10|3,0,60692.05,0,60692.05,60692.05,60692.05,60692.05,0,0,0
2024|1221|1100|4|0|71|3,0,16703.88,0,16703.879999999997,16703.879999999997,16703.879999999997,16703.879999999997,3.637978807091713e-12,0,0
2024|1221|1100|4|0|24|1,17382813,28866582.55,0,11483769.55,4815126.77,4815126.77,4815126.77,17382813,6668642.780000001,0
2024|1221|4481|3|0|10|1,1000,1000,0,500,0,0,0,500,500,0
2024|1221|4544|1|0|10|1,359331,0,0,0,0,0,0,0,0,0
2024|1221|4544|3|0|10|1,200000,200000,0,200000,0,0,0,0,200000,0
2024|1221|4544|3|0|10|7,85102,85102,0,0,0,0,0,85102,0,0
2024|1221|1083|1|0|10|1,359331,0,0,0,0,0,0,0,0,0
2024|1221|1083|3|0|10|1,1256892,896892,0,896892,822130.6699999999,713125.54,713125.54,0,74761.33000000007,109005.12999999989
2024|1221|1083|3|0|10|7,85102,85102,0,0,0,0,0,85102,0,0
2024|1221|4482|1|0|10|1,718662,744231,0,744133.4299999999,744133.4299999999,744133.4299999999,744133.4299999999,97.57000000006519,0,0
2024|1221|4482|3|0|10|7,170204,159267,0,159267,159267,159267,159267,0,0,0
2024|1221|4482|3|0|10|1,4656217,2871800,0,2871800,2864294.4,1256280.05,1236331.43,0,7505.600000000093,1608014.3499999999
2024|1221|1082|1|1|10|1,841480,522223,0,522221.74,522221.74,522221.74,522221.73999999993,1.2600000000093132,0,0
2024|1221|1082|3|1|32|1,7862436,8788281.64,0,8788281.64,8160635.75,7491599.7,7491599.7,0,627645.8900000006,669036.0499999998
2024|1221|1082|3|1|10|7,170204,170204,0,91818,91818,91818,91818,78386,0,0
2024|1221|1082|3|1|10|1,1089960,1754377,0,1478734.02,1478734.02,1236949.7399999998,1236949.74,275642.98,0,241784.28000000026
2024|1221|1097|1|0|95|1,0,214936,0,0,0,0,0,214936,0,0
2024|1221|1097|3|0|10|1,1000,1000,0,500,0,0,0,500,500,0
2024|1221|1097|3|0|95|7,0,48600,0,0,0,0,0,48600,0,0
2024|1221|1097|3|0|95|1,0,338016,0,0,0,0,0,338016,0,0
2024|1221|1097|4|0|95|1,0,623744445.5,0,4526471.27,4526471.27,4526471.27,4526471.27,619217974.23,0,0
2024|1221|1072|1|0|10|1,439084,436554,0,329696.33,329696.33,329696.33,329696.33,106857.66999999998,0,0
2024|1221|1072|3|0|10|7,76592,68079,0,68079,68079,68079,68079,0,0,0
2024|1221|1072|3|0|32|1,336954,336954,0,336954,278812.07999999996,252330.08,252330.08000000002,0,58141.92000000004,26481.99999999997
2024|1221|1071|1|1|10|1,425744,763967,0,692720.1499999998,692720.15,692720.15,692720.15,71246.85000000021,-2.3283064365386963e-10,0
2024|1221|1071|3|1|32|1,171976,171976,0,171976,144763.90000000002,144209.16999999998,144209.17,0,27212.099999999977,554.7300000000396
2024|1221|1071|3|1|10|1,725900,390900,0,368970.72000000003,368970.72,368969.83,368969.82999999996,21929.27999999997,5.820766091346741e-11,0.8899999999557622
2024|1221|1071|3|1|10|7,170204,170204,0,106902.01000000001,106902.01000000001,106902.01000000001,106902.01,63301.98999999999,0,0
2024|1221|4474|1|0|10|1,462580,462580,0,378704.35,378704.35000000003,378704.35000000003,378704.35,83875.65000000002,-5.820766091346741e-11,0
2024|1221|4474|3|0|10|4,0,400000,0,400000,400000,310000,310000,0,0,90000
2024|1221|4474|3|0|32|1,654026,654026,0,654026,629656.19,564656.2000000001,564656.2000000001,0,24369.810000000056,64999.989999999874
2024|1221|4474|3|0|10|7,95740,86630,0,86629.5,86629.5,86629.5,86629.5,0.5,0,0
2024|1221|1073|1|0|10|1,579948,544834,0,435621.29,435621.29000000004,435621.29000000004,435621.29,109212.71000000002,-5.820766091346741e-11,0
2024|1221|1073|3|0|32|1,361600,361600,0,361600,353245.54,348881.63000000006,348881.63,0,8354.460000000021,4363.909999999916
2024|1221|1073|3|0|10|7,79783,69940,0,64275,64275,64275,64275,5665,0,0
2024|1221|1081|3|1|10|1,1000,1000,0,0,0,0,0,1000,0,0
2024|1221|4499|1|0|10|1,359331,0,0,0,0,0,0,0,0,0
2024|1221|4499|3|0|10|1,118723,73723,0,73723,0,0,0,0,73723,0
2024|1221|4499|3|0|10|7,67018,21789,0,0,0,0,0,21789,0,0
2024|1221|1078|1|0|10|1,215833,202925,0,174818.84,174818.84000000003,174818.84000000003,174818.84000000003,28106.160000000003,-2.9103830456733704e-11,0
2024|1221|1078|3|0|32|1,43016,43016,0,43016,8064.539999999998,5409.6900000000005,5409.69,0,34951.46,2654.8499999999976
2024|1221|1078|3|0|10|7,55307,48472,0,47874,47874,47874,47874,598,0,0
2024|1221|1079|1|0|10|1,353131,353131,0,291326.35,291326.35000000003,291326.35000000003,291326.35000000003,61804.65000000002,-5.820766091346741e-11,0
2024|1221|1079|3|0|32|1,312169,312169,0,312169,97433.63,58092.33000000001,58092.33,0,214735.37,39341.299999999996
2024|1221|1079|3|0|10|7,104250,104250,0,71526.01000000001,71526.01000000001,71526.01000000001,71526.01,32723.98999999999,0,0
2024|1221|1091|1|0|10|1,263328,489579,0,415078.41,415078.41000000003,415078.41000000003,415078.41000000003,74500.59000000003,-5.820766091346741e-11,0
2024|1221|1091|3|0|10|1,72806,72806,0,72806,39398.47,39398.47,39398.469999999994,0,33407.53,0
2024|1221|1091|3|0|32|1,223001,223001,0,223001,89813.86,82995.68,82995.68,0,133187.14,6818.180000000008
2024|1221|1091|3|0|10|7,90421,107543,0,107542.5,107542.5,107542.5,107542.5,0.5,0,0
2024|1221|1076|1|0|10|1,53132,0,0,0,0,0,0,0,0,0
2024|1221|1076|3|0|10|7,31914,0,0,0,0,0,0,0,0,0
2024|1221|1076|3|0|32|1,2049313,49313,0,49313,28827.270000000004,28827.27,28827.27,0,20485.729999999996,3.637978807091713e-12
2024|1221|1077|1|0|10|1,1192562,941729,0,941471.4700000001,941471.47,941471.47,941471.4700000001,257.5299999999115,1.1641532182693481e-10,0
2024|1221|1077|3|0|32|1,44016,44016,0,44016,40413.18,35413.15,35413.149999999994,0,3602.8199999999997,5000.029999999999
2024|1221|1077|3|0|10|1,617791,212791,0,212791,197642.75,197642.61,197642.61000000002,0,15148.25,0.14000000001396984
2024|1221|1077|3|0|10|7,85102,132953,0,132822,132822,132822,132822,131,0,0
2024|1221|1077|3|0|95|1,1100000,300000,0,40167.09,22945.389999999996,10241.16,10241.16,259832.91,17221.7,12704.229999999996
2024|1221|1090|1|0|10|1,436943,586697,0,585677.29,585677.2899999999,585677.2899999999,585677.2899999999,1019.7099999999627,1.1641532182693481e-10,0
2024|1221|1090|3|0|10|7,47870,22527,0,21975,21975,21975,21975,552,0,0
2024|1221|1090|3|0|10|1,15000000,13500000,0,3500000,1500000,0,0,10000000,2000000,1500000
2024|1221|1075|1|0|10|1,707771,330218,0,230774.97999999998,230774.97999999998,230774.97999999998,230774.98,99443.02000000002,0,0
2024|1221|1075|3|0|32|1,40158,40158,0,40158,30850.95,28902.670000000002,28902.67,0,9307.05,1948.2799999999988
2024|1221|1075|3|0|10|7,51061,64160,0,63649.5,63649.5,63649.5,63649.5,510.5,0,0
2024|1221|1075|4|0|32|1,0,5416754.59,0,5416754.59,5416754.59,5416754.58,5416754.58,0,0,0.009999999776482582
2024|1221|4449|1|0|10|1,838474,876067,0,789267.4900000002,789267.49,789267.49,789267.49,86799.50999999978,2.3283064365386963e-10,0
2024|1221|4449|3|0|10|1,481405,481405,0,481405,441165.2,441164.43999999994,440493.64,0,40239.79999999999,0.7600000000675209
2024|1221|4449|3|0|10|7,130844,197086,0,179053.5,179053.5,179053.5,179053.5,18032.5,0,0
2024|1221|4449|4|0|10|8,500000,0,0,0,0,0,0,0,0,0
2024|1221|4472|1|0|10|1,1288119,1044642,0,776985.97,776985.97,776985.97,776985.97,267656.03,0,0
2024|1221|4472|3|0|10|1,501831,2001831,0,2001831,1880183.1299999997,1876361.47,1876361.47,0,121647.87000000034,3821.6599999996834
2024|1221|4472|3|0|10|7,208499,208499,0,172363,172363,172363,172363,36136,0,0
2024|1221|2500|1|0|10|1,11131276,13650237,0,13152856.560000002,13152856.559999997,13152856.559999997,13152856.559999999,497380.4399999976,5.587935447692871e-09,0
2024|1221|2500|3|0|10|1,4625542,6825542,0,6825542,6785016.5200000005,6476887.61,6476745.7299999995,0,40525.479999999516,308128.91000000015
2024|1221|2500|3|0|10|7,1695206,2478848,0,2156886.7199999997,2156886.7199999997,2156886.7199999997,2156886.7199999997,321961.28000000026,0,0
2024|1231|4357|3|0|10|1,98124,8041.61,0,5209.44,5209.44,5209.44,5209.44,2832.17,0,0
2024|1231|4361|1|0|10|1,170484,230484,0,190793.81999999998,190793.81999999998,190793.81999999998,190793.81999999998,39690.18000000002,0,0
2024|1231|4361|3|0|10|7,42595,55241,0,44911.5,44911.5,44911.5,44911.5,10329.5,0,0
2024|1231|4361|3|0|10|1,116907,20681.04,0,10059.04,10059.04,10059.04,10059.039999999999,10622,0,0
2024|1231|4361|4|0|10|8,500000,0,0,0,0,0,0,0,0,0
2024|1231|4359|1|0|10|1,217603,238326,0,225951.16,225951.16000000003,225951.16000000003,225951.15999999997,12374.839999999997,-2.9103830456733704e-11,0
2024|1231|4359|3|0|10|1,3000,2412.7,0,1500,912.7,912.6999999999999,912.7,912.6999999999998,587.3,1.1368683772161603e-13
2024|1231|4359|3|0|10|7,82243,72983,0,67541,67541,67541,67541,5442,0,0
2024|1231|4358|1|0|10|1,147168,160454,0,155216.59,155216.59,155216.59,155216.59,5237.4100000000035,0,0
2024|1231|4358|3|0|10|1,92064,0,0,0,0,0,0,0,0,0
2024|1231|4358|3|0|10|4,0,600000,0,600000,599844,111444,111444,0,156,488400
2024|1231|4358|3|0|10|8,480000,244190,0,244190,243398,243398,243398,0,792,0
2024|1231|4358|3|0|15|1,0,1025752,0,1025752,996391.94,996391.94,996391.94,0,29360.060000000056,0
2024|1231|4358|3|0|10|7,39081,38439,0,32827.5,32827.5,32827.5,32827.5,5611.5,0,0
2024|1231|4358|4|0|10|8,400000,0,0,0,0,0,0,0,0,0
2024|1231|4363|1|1|10|1,1624367,1609785,0,1523333.3399999999,1523333.34,1523333.34,1523333.34,86451.66000000015,-2.3283064365386963e-10,0
2024|1231|4363|3|1|10|8,450000,0,0,0,0,0,0,0,0,0
2024|1231|4363|3|1|15|1,0,300000,0,300000,231919.2,0,0,0,68080.79999999999,231919.2
2024|1231|4363|3|1|10|1,7020865,7146823.13,0,7146823.13,6041886.890000001,1295754.1,1295754.0999999999,0,1104936.2399999993,4746132.790000001
2024|1231|4363|3|1|95|1,0,972588.48,0,919460.44,729026.89,539605.58,539605.58,53128.04000000004,190433.54999999993,189421.31000000006
2024|1231|4363|3|1|10|7,277840,277840,0,181821,181821,181821,181821,96019,0,0
2024|1231|4363|3|1|71|1,0,2019168,0,800024,648681.9,648459.11,648459.11,1219144,151342.09999999998,222.79000000003725
2024|1231|4363|3|1|24|1,3040500,3502221.83,0,461721.83,461721.83,461721.83,461721.83,3040500,0,0
2024|1231|4384|1|0|10|1,303871,303871,0,0,0,0,0,303871,0,0
2024|1231|4384|3|0|10|1,98111,0,0,0,0,0,0,0,0,0
2024|1231|4384|3|0|10|7,76219,76219,0,0,0,0,0,76219,0,0
2024|1231|1053|3|0|10|1,5000,4363.8,0,3363.8,3363.8,3363.8,3363.8,1000,0,0
2024|1231|1053|3|0|59|1,3500000,3500000,0,2333333.33,0,0,0,1166666.67,2333333.33,0
2024|1231|4383|1|0|10|1,215372,215788,0,192913.42999999996,192913.43,192913.43,192913.42999999996,22874.570000000036,-2.9103830456733704e-11,0
2024|1231|4383|3|0|10|4,0,499125.9,0,499125.9,499125.9,499125.9,499125.9,0,0,0
2024|1231|4383|3|0|15|1,0,300248,0,300248,223013.7,223013.69999999998,223013.7,0,77234.29999999999,2.9103830456733704e-11
2024|1231|4383|3|0|98|1,0,610730,0,610730,0,0,0,0,610730,0
2024|1231|4383|3|0|1|1,1500,1500,0,0,0,0,0,1500,0,0
2024|1231|4383|3|0|10|1,113764,28117.15,0,17743,17743,17743,17743,10374.150000000001,0,0
2024|1231|4383|3|0|10|7,60359,62321,0,46348.5,46348.5,46348.5,46348.5,15972.5,0,0
2024|1231|4383|3|0|24|1,1577925,1577925,0,0,0,0,0,1577925,0,0
2024|1231|4383|4|0|10|8,1000000,0,0,0,0,0,0,0,0,0
2024|1231|4383|4|0|10|4,0,500000,0,500000,478000,0,0,0,22000,478000
2024|1231|4420|3|0|10|1,5000,0,0,0,0,0,0,0,0,0
2024|1231|4420|4|0|10|8,8860000,927201,0,927201,927201,927201,927201,0,0,0
2024|1231|4420|4|0|10|4,0,9018420,0,9018420,8564041.04,8564041.04,8564041.04,0,454378.9600000009,0
2024|1231|4420|4|0|15|1,30000000,36813284.81,0,36813284.809999995,36692065.59,36692065.59,35701370.78,7.450580596923828e-09,121219.21999999136,0
2024|1231|4420|4|0|24|1,11703111,4063111,0,0,0,0,0,4063111,0,0
2024|1231|4408|3|0|10|1,76291,0,0,0,0,0,0,0,0,0
2024|1231|4397|3|0|10|1,5000,4184.42,0,4184.42,4184.42,4184.42,4184.42,0,0,0
2024|1231|4407|3|0|10|1,7500,7500,0,7500,2336.5,2336.5,2336.5,0,5163.5,0
2024|1231|4403|1|0|10|1,400290,536880,0,403006.25,403006.25,403006.25,403006.24999999994,133873.75,0,0
2024|1231|4403|3|0|10|1,40000,25329.5,0,25329.5,25329.5,25329.5,25329.5,0,0,0
2024|1231|4403|3|0|10|7,83649,70178,0,50145.8,50145.8,50145.8,50145.8,20032.199999999997,0,0
2024|1231|4406|3|0|10|1,7500,2056,0,2056,2056,2056,2056,0,0,0
2024|1231|4400|3|0|10|1,100000,51896.1,0,0,0,0,0,51896.1,0,0
2024|1231|4399|3|0|10|1,5779493,19493,0,0,0,0,0,19493,0,0
2024|1231|4399|3|0|71|1,0,11500832,0,5730976,5721120,5721120,5721120,5769856,9856,0
2024|1231|4394|1|0|10|1,939903,912502,0,798650.3399999999,798650.3400000001,798650.3400000001,798650.34,113851.66000000015,-2.3283064365386963e-10,0
2024|1231|4394|3|0|10|1,29097,19017.9,0,19017.9,19017.9,19017.9,19017.9,0,0,0
2024|1231|4394|3|0|10|7,239510,239510,0,187158,187158,187158,187158,52352,0,0
2024|1231|4396|3|0|10|1,74608,2328.3,0,2328.300000000003,2328.2999999999993,2328.3,2328.3,-2.7284841053187847e-12,3.637978807091713e-12,-9.094947017729282e-13
2024|1231|4396|3|0|71|3,0,237605.61,0,237605.61,0,0,0,0,237605.61,0
2024|1231|4396|3|0|10|3,0,3432748.95,0,3432748.95,59732.83,59732.83,59732.83,0,3373016.12,0
2024|1231|4396|3|0|24|1,2672728,2672728,0,0,0,0,0,2672728,0,0
2024|1231|4396|4|0|24|1,0,10226386.35,0,10226386.35,6297761.869999999,3954844.2699999996,3954844.2700000005,0,3928624.4800000004,2342917.5999999996
2024|1231|4393|1|0|10|1,362825,415027,0,402426.7899999999,402426.79000000004,402426.79000000004,402426.79,12600.21000000008,-1.1641532182693481e-10,0
2024|1231|4393|3|0|10|7,76898,91537,0,79179,79179,79179,79179,12358,0,0
2024|1231|4393|3|0|10|1,6524252,4886784.14,0,4789134.140000001,4278571.21,2052134.6899999997,2027943.8,97649.99999999907,510562.93000000063,2226436.5200000005
2024|1231|4393|4|0|10|1,97650,97650,0,97650,61195.119999999995,0,0,0,36454.880000000005,61195.119999999995
2024|1231|4393|4|0|10|3,0,159840,0,159840,0,0,0,0,159840,0
2024|1231|4393|4|0|24|1,0,7640000,0,0,0,0,0,7640000,0,0
2024|1231|4398|1|0|10|1,261158,240765,0,218117.88000000003,218117.87999999998,218117.87999999998,218117.88,22647.119999999966,5.820766091346741e-11,0
2024|1231|4398|3|0|10|8,0,50000,0,50000,36256.6,0,0,0,13743.400000000001,36256.6
2024|1231|4398|3|0|10|4,0,2087598.1,0,2087598.1,1548472.8,0,0,0,539125.3,1548472.8
2024|1231|4398|3|0|71|1,0,12790889,0,12790889,8562200,0,0,0,4228689,8562200
2024|1231|4398|3|0|10|1,9780,14610.9,0,12319.839999999998,12319.84,12319.84,12319.84,2291.0600000000013,-1.8189894035458565e-12,0
2024|1231|4398|3|0|10|7,52873,59644,0,52279.5,52279.5,52279.5,52279.5,7364.5,0,0
2024|1231|4398|3|0|24|1,1586778,1586778,0,0,0,0,0,1586778,0,0
2024|1231|4398|4|0|10|8,100000,0,0,0,0,0,0,0,0,0
2024|1231|4419|3|0|10|1,473153,12243.1,0,11643.099999999999,11643.1,11643.1,11643.1,600.0000000000018,-1.8189894035458565e-12,0
2024|1231|4419|4|0|10|8,500000,0,0,0,0,0,0,0,0,0
2024|1231|4419|4|0|15|1,20000000,29530278.52,0,29530278.52,29530278.23,29530278.23,26080278.23,0,0.28999999910593033,0
2024|1231|4391|3|0|10|1,92676,11789.3,0,11789.3,11789.300000000001,11789.300000000001,11789.3,0,-1.8189894035458565e-12,0
2024|1231|4386|1|0|10|1,463094,463094,0,416311.9700000001,416311.97,416311.97,416311.97,46782.02999999991,1.1641532182693481e-10,0
2024|1231|4386|3|0|10|7,159655,138143,0,118291.5,118291.5,118291.5,118291.5,19851.5,0,0
2024|1231|4386|3|0|10|1,48035,48035,0,26031.97000000001,22251.970000000005,21575.969999999998,21575.97,22003.02999999999,3780.0000000000036,676.0000000000073
2024|1231|4405|1|0|10|1,581673,616610,0,586528.3699999999,586528.37,586528.37,586528.37,30081.63000000012,-1.1641532182693481e-10,0
2024|1231|4405|3|0|10|1,10000,9354.5,0,9354.5,9354.5,9354.5,9354.5,0,0,0
2024|1231|4405|3|0|10|7,177093,163182,0,145947,145947,145947,145947,17235,0,0
2024|1231|2500|1|0|10|1,16302428,15904039,0,14416901.17,14416901.17,14416901.17,14416901.170000002,1487137.83,0,0
2024|1231|2500|3|0|10|1,6687020,8519472.68,0,8509366.59,8212789.149999999,6583439.299999999,6578530.49,10106.089999999851,296577.4400000004,1629349.8500000006
2024|1231|2500|3|0|10|7,2699078,2699078,0,1969011.9500000002,1969011.9500000002,1969011.9500000002,1969011.95,730066.0499999998,0,0
2024|1251|4372|1|0|10|1,34089818,36530471,0,35315745.260000005,35315745.260000005,35315745.260000005,35315745.26,1214725.7399999946,0,0
2024|1251|4372|3|0|60|1,340000,340000,0,340000,340000,177120,177120,0,0,162880
2024|1251|4372|3|0|60|2,0,1898334,0,1898334,1898334,794085.1499999999,790009.31,0,0,1104248.85
2024|1251|4372|3|0|70|1,0,79780.1,0,79780.1,79780.08,75053.66,75053.66,0,0.020000000004074536,4726.419999999998
2024|1251|4372|3|0|10|3,0,16650.88,0,16650.88,3442.64,3442.64,3442.64,0,13208.240000000002,0
2024|1251|4372|3|0|69|1,0,501039.46,0,491638.66000000003,491527,411275.44,411275.44,9400.799999999988,111.6600000000326,80251.56
2024|1251|4372|3|0|10|1,13715645,14909183.86,0,14883390.119999997,14883038.52,13468040.870000001,13449877.120000001,25793.740000002086,351.5999999977648,1414997.6499999985
2024|1251|4372|3|0|10|7,1936779,1936779,0,1705446.52,1705446.52,1705446.52,1705446.52,231332.47999999998,0,0
2024|1251|4372|4|0|10|1,0,922480,0,922480,922480,0,0,0,0,922480
2024|1251|4372|4|0|60|2,0,335000,0,335000,333199.88,185223.96,185158.04,0,1800.1199999999953,147975.92
2024|1251|4372|4|0|70|1,0,210186.61,0,210186.61,127222.78,127222.78,127222.78,0,82963.82999999999,0
2024|1251|4372|4|0|69|1,80000,185141.69,0,98837.69,83931.99,41834.99,12403.99,86304,14905.699999999997,42097
2024|1251|2065|3|0|10|1,150000,150000,0,150000,149971.45999999996,145487.36,143391.75999999995,0,28.540000000037253,4484.099999999977
2024|1251|2057|3|0|10|1,70392,50382.06,0,49766.5,49760.46,49398.780000000006,49398.78,615.5599999999904,6.040000000008149,361.679999999993
2024|1251|2060|1|0|10|1,220952526,232449674,0,225186016.09000003,225186016.09000003,225186016.09000003,225186016.09,7263657.909999967,0,0
2024|1251|2060|3|0|10|1,1000,469.48,0,469.48,469.48,469.48,469.48,0,0,0
2024|1251|2060|3|0|60|2,0,102974418.88,0,102949680.34000003,102947528.14000002,77373561.65,73733627.46,24738.539999961853,2152.2000000178814,25573966.49000001
2024|1251|2060|3|0|10|7,11265085,12610368,0,11316400.56,11316400.560000002,11316400.560000002,11316400.56,1293967.4399999995,-1.862645149230957e-09,0
2024|1251|2060|4|0|60|2,0,2979691.01,0,2979691.01,2979492.3399999994,628973.5,204090.16999999998,0,198.67000000039116,2350518.8399999994
2024|1251|2060|4|0|95|1,4000000,4000000,0,1821434.34,1821434.34,0,0,2178565.66,0,1821434.34
2024|1251|2058|1|0|10|1,13888445,19880629,0,18446496.090000004,18429806.64,18429806.64,18429806.64,1434132.9099999964,16689.45000000298,0
2024|1251|2058|3|0|70|1,0,80000,0,80000,79847.17,79847.17,79847.17,0,152.83000000000175,0
2024|1251|2058|3|0|10|1,4748274,4545115.19,0,4545112.64,4545051.3999999985,3559788.6999999993,3465546.0699999994,2.550000000745058,61.24000000115484,985262.6999999993
2024|1251|2058|3|0|10|7,760812,1748412,0,1598342.5999999999,1598342.5999999999,1598342.5999999999,1598342.6,150069.40000000014,0,0
2024|1251|2059|1|0|10|1,147722546,175753488,0,170577352.51000002,170577352.51,170577352.51,170577352.51000005,5176135.48999998,2.9802322387695312e-08,0
2024|1251|2059|3|0|70|1,0,80000,0,80000,79847.17,79847.17,79847.17,0,152.83000000000175,0
2024|1251|2059|3|0|10|1,861184,2134682.06,0,2134682.0599999996,2134553.1299999994,1895584.6400000001,1808434.08,4.656612873077393e-10,128.93000000016764,238968.4899999993
2024|1251|2059|3|0|10|7,10719550,21285597,0,20836115.13,20836115.130000003,20836115.130000003,20836115.130000003,449481.87000000104,-3.725290298461914e-09,0
2024|1251|4373|3|0|10|8,250000,0,0,0,0,0,0,0,0,0
2024|1251|4373|3|0|60|1,326261,326261,0,326261,326261,199508.41,199508.41,0,0,126752.59
2024|1251|2063|3|0|10|1,4940900,4096081.07,0,4096081.07,4096081.0700000003,3519905.5700000003,2872614.83,0,-4.656612873077393e-10,576175.5
2024|1251|2063|4|0|46|1,0,822322.38,0,822322.38,822100,0,0,0,222.38000000000466,822100
2024|1251|2063|4|0|95|1,1317050,1492734.32,0,1492430,1492430,0,0,304.3200000000652,0,1492430
2024|1251|2063|4|0|68|1,150000,318747.53,0,240747.53,221044.63999999998,24586.98,23886.98,78000.00000000003,19702.890000000014,196457.65999999997
2024|1251|4366|3|1|15|1,0,1620726.08,0,1620726.08,1595773.4,297146.9,30559.5,0,24952.680000000168,1298626.5
2024|1251|4366|3|1|10|8,897450,3475172.07,0,3475172.07,3331310.25,1217348.14,153075.32,0,143861.81999999983,2113962.1100000003
2024|1251|4366|3|1|10|1,1000,1000,0,0,0,0,0,1000,0,0
2024|1251|4366|4|1|15|1,0,8784213.6,0,8784213.6,8382936.019999999,4866486.41,4642835.640000001,0,401277.580000001,3516449.6099999985
2024|1251|4366|4|1|10|8,31510530,24218703.7,0,24137115.7,23696631.1,9640810.48,8377063.540000001,81588,440484.59999999776,14055820.620000001
2024|1251|2061|1|0|10|1,111107555,220369515,0,183139736.33,183139736.33,183139736.33,183139736.33,37229778.66999999,0,0
2024|1251|2061|3|0|60|1,18055,18040,0,18040,18040,18040,12871.84,0,0,0
2024|1251|2061|3|0|24|1,0,47660,0,47660,32660,32660,32660,0,15000,0
2024|1251|2061|3|0|10|1,21772752,21602934,0,21601157.02,21599650.23000002,19611987.799999997,18936438.210000016,1776.980000000447,1506.7899999804795,1987662.430000022
2024|1251|2061|3|0|69|1,0,50000,0,4014,0,0,0,45986,4014,0
2024|1251|2061|3|0|10|7,11277677,18623546,0,16411133.670000002,16411133.670000002,16411133.670000002,16411133.67,2212412.329999998,0,0
2024|1251|2061|4|0|24|1,0,7412,0,7412,1696,0,0,0,5716,1696
2024|1251|2061|4|0|69|1,0,250000,0,225986,67729.98999999999,0,0,24014,158256.01,67729.98999999999
2024|1251|4374|1|0|27|1,143928869,131547178,0,128148559.82,128148559.82000001,128148559.82000001,128148559.82,3398618.180000007,-1.4901161193847656e-08,0
2024|1251|4374|1|0|10|1,270193375,291873961,0,283776104.75,283776104.75,283776104.75,283776104.75,8097856.25,0,0
2024|1251|4374|3|0|68|1,0,64.62,0,64.62,64.62,64.62,64.62,0,0,0
2024|1251|4374|3|0|52|2,0,10500004,0,10500004,10496997.950000001,7937416.48,7816300.789999999,0,3006.0499999988824,2559581.4700000007
2024|1251|4374|3|0|24|1,0,215508.89,0,215508.88999999998,212206.89,175078.81999999998,175078.81999999998,2.9103830456733704e-11,3301.999999999971,37128.070000000036
2024|1251|4374|3|0|10|1,4710693,5072823.81,0,5072823.809999999,5072734.34,4158926.83,3952208.19,9.313225746154785e-10,89.4699999988079,913807.5099999998
2024|1251|4374|3|0|83|2,15000000,15000000,0,14999999.999999996,14999978.28,13191184.07,12307560.8,3.725290298461914e-09,21.719999996945262,1808794.209999999
2024|1251|4374|3|0|69|1,0,40000,0,0,0,0,0,40000,0,0
2024|1251|4374|3|0|70|1,5499150,11451911.67,0,11029634.72,8120371.41,4831297.67,4805301.92,422276.94999999925,2909263.3100000005,3289073.74
2024|1251|4374|3|0|73|1,16001000,24621000,0,23940974.14,20532529.379999995,13244551.69,13055226.480000004,680025.8599999994,3408444.7600000054,7287977.689999996
2024|1251|4374|3|0|10|7,33918005,29864389,0,28192028.750000007,28192028.75,28192028.75,28192028.75,1672360.2499999925,7.450580596923828e-09,0
2024|1251|4374|4|0|24|1,0,298043.04,0,298043.04,296944.14,12308,12308,0,1098.899999999965,284636.14
2024|1251|4374|4|0|68|1,0,23688.99,0,23688.99,17910.18,17910.18,17840.3,0,5778.810000000001,0
2024|1251|4374|4|0|69|1,0,60000,0,0,0,0,0,60000,0,0
2024|1251|4374|4|0|70|1,2575992,10749188.16,0,8961835.790000001,6869353.489999999,3280867.09,3160737.49,1787352.3699999992,2092482.3000000017,3588486.3999999994
2024|1251|4374|4|0|73|1,30000000,41913658.05,0,18922870.319999997,16638920.879999999,1272049.46,1244038.91,22990787.73,2283949.4399999976,15366871.419999998
2024|1251|4365|1|0|10|1,3930436241,3955842854,0,3905362087.150003,3895483945.49,3895483945.49,3895483945.4900002,50480766.84999704,9878141.660003185,0
2024|1251|4365|3|0|10|3,0,389825.69,0,389825.69000000006,389765.42,377969,166046.46999999997,-5.820766091346741e-11,60.270000000076834,11796.419999999984
2024|1251|4365|3|0|2|1,1055000,1227300.66,0,1227300.66,1227300.66,1227300.66,1227300.66,0,0,0
2024|1251|4365|3|0|60|1,2610129,2904300.71,0,2904300.71,2904220.24,1370404.9,994993.6399999999,0,80.46999999973923,1533815.3400000003
2024|1251|4365|3|0|82|1,12000000,12000000,0,12000000,11999872.2,10068835.15,9914438.440000001,0,127.80000000074506,1931037.0499999989
2024|1251|4365|3|0|45|1,33027,101830.44,0,101830.44,98834.44,74525.44,74525.44,0,2996,24309
2024|1251|4365|3|0|9|1,62438,266027.26,0,266027.26,0,0,0,0,266027.26,0
2024|1251|4365|3|0|97|1,0,2291900.47,0,2291900.4699999997,1833224.8900000001,865998.14,827683.4199999999,4.656612873077393e-10,458675.5799999996,967226.7500000001
2024|1251|4365|3|0|68|1,102550,113867.95000000001,0,11317.949999999999,9720.38,9720.38,9720.38,102550,1597.5699999999997,0
2024|1251|4365|3|0|24|1,3489773,10808402.350000001,0,10500438.37,9864489.03,5266459.499999999,5056585.59,307963.9800000023,635949.3399999999,4598029.53
2024|1251|4365|3|0|10|7,261480439,275830853,0,275410943.36,275410943.36,275410943.36,275410943.36,419909.6399999857,0,0
2024|1251|4365|3|0|69|1,2080544,3682944.78,0,2878619.8500000006,2303984.11,52677.6,37605.2,804324.9299999992,574635.7400000007,2251306.51
2024|1251|4365|3|0|10|1,221341638,205643522.58,0,204562400.51000002,204555346.22999954,160201181.27000022,149510460.3199998,1081122.0699999928,7054.280000478029,44354164.95999932
2024|1251|4365|3|0|1|1,1088435,2515669.59,0,1427234.5899999999,1427234.59,1427234.59,1427234.59,1088435,-2.3283064365386963e-10,0
2024|1251|4365|3|0|70|1,4565000,5428644.54,0,3570092.1300000018,2621543.87,1716345.69,1716345.69,1858552.4099999983,948548.2600000016,905198.1800000002
2024|1251|4365|4|0|10|8,1540000,0,0,0,0,0,0,0,0,0
2024|1251|4365|4|0|45|1,9410,99274.2,0,99274.2,98841.5,35811.5,35811.5,0,432.6999999999971,63030
2024|1251|4365|4|0|2|1,37067667,35082670.71,0,35082670.71,29829703.16,19372500,19372500,0,5252967.550000001,10457203.16
2024|1251|4365|4|0|10|3,0,1129835.81,0,1129835.8099999998,628837.9299999999,52418.7,52418.7,2.3283064365386963e-10,500997.8799999999,576419.23
2024|1251|4365|4|0|69|1,1428950,3428773.49,0,3428773.4899999998,2509154.92,456298.02,453012.01999999996,4.656612873077393e-10,919618.5699999998,2052856.9
2024|1251|4365|4|0|9|1,486034,3529892.95,0,3529892.9499999997,5209.82,5209.82,5209.82,4.656612873077393e-10,3524683.13,0
2024|1251|4365|4|0|97|1,0,14729536.3,0,14729536.299999995,8057109.859999999,2620092.64,2483425.23,5.587935447692871e-09,6672426.439999996,5437017.219999999
2024|1251|4365|4|0|10|1,5801142,7997389.97,0,7994607.0200000005,7993888.260000001,3933513.16,3627898.2800000003,2782.949999999255,718.7599999997765,4060375.1000000006
2024|1251|4365|4|0|68|1,461550,591771.89,0,185153.89,86822.29000000001,31890.29,31890.29,406618,98331.6,54932
2024|1251|4365|4|0|95|1,1350728,1764220.85,0,656492.8499999999,648403.52,244277.52,243000,1107728,8089.329999999842,404126
2024|1251|4365|4|0|97|3,0,2600000,0,1021769.67,942694.47,832180.85,832180.8500000001,1578230.33,79075.20000000007,110513.62
2024|1251|4365|4|0|70|1,6180000,7903131.34,0,5541167.71,4465179.7,3426677.43,3426677.4299999997,2361963.63,1075988.0099999998,1038502.27
2024|1251|4365|4|0|24|1,29258591,25269147.93,0,19084829.17,18743199.850000005,15428794.32,15420341.559999999,6184318.759999998,341629.3199999966,3314405.530000005
2024|1251|4365|4|0|1|1,11804995,12053519.59,0,2353669.54,2267075.13,916370.59,916370.5900000001,9699850.05,86594.41000000015,1350704.54
2024|1251|7010|3|0|10|7,33550964,26739228,0,24665664.40000001,24665664.4,24665664.4,24665664.4,2073563.5999999903,1.1175870895385742e-08,0
2024|1251|2500|1|0|10|1,255042344,249480701.47,0,245617343.03,245617343.03,245617343.03,245617343.02999997,3863358.4399999976,0,0
2024|1251|2500|3|0|60|1,3234225,2710180.21,0,2710180.21,2710014.38,529884.64,455343.1499999999,0,165.8300000000745,2180129.7399999998
2024|1251|2500|3|0|10|1,10355393,10793153.62,0,10792133.270000001,10792101.87,8760752.69,8622006.629999999,1020.3499999977648,31.400000002235174,2031349.1799999997
2024|1251|2500|3|0|10|7,12336237,13520324,0,13495338.79,13495338.79,13495338.79,13495338.79,24985.210000000894,0,0
2024|1251|7007|1|0|10|1,8001882416,8245488647.82,0,8167736851.369999,8167736851.370001,8167736851.370001,8167736851.370001,77751796.45000076,-1.9073486328125e-06,0
2024|1261|2133|3|0|10|1,1000,0,0,0,0,0,0,0,0,0
2024|1261|2092|1|0|10|1,2727657,6263774,0,5618315.04,5618315.04,5618315.04,5618315.039999999,645458.96,0,0
2024|1261|2092|3|0|10|7,54286,102405,0,102405,102405,102405,102405,0,0,0
2024|1261|2098|1|0|10|1,10157202,3698978,0,3441126.72,3441126.72,3441126.72,3441126.7200000007,257851.2799999998,0,0
2024|1261|2098|3|0|10|7,495552,384295,0,354582.04000000004,354582.0399999999,354582.0399999999,354582.04,29712.959999999963,1.1641532182693481e-10,0
2024|1261|2099|3|1|10|1,40000000,39809934.19,0,39083409.4,38883845.29000001,32268686.60000002,32111927.839999974,726524.7899999991,199564.10999999195,6615158.689999986
2024|1261|2095|3|0|10|1,2730000,57207499.85,0,57207499.85,57207499.85,56789422.95,56774422.95,0,0,418076.8999999985
2024|1261|2095|4|0|10|1,0,44858405,0,44858405,44858405,44858405,44858405,0,0,0
2024|1261|2080|1|0|10|1,479450,2269868.92,0,2203553.8600000003,2203553.86,2203553.86,2203553.86,66315.05999999959,4.656612873077393e-10,0
2024|1261|2080|1|0|23|1,99080612,64156589,0,63319209.37999997,63319209.379999995,63319209.379999995,63319209.379999995,837379.6200000271,-2.2351741790771484e-08,0
2024|1261|2080|3|0|23|7,2095140,1003215,0,943674.6,943674.6,943674.6,943674.6,59540.40000000002,0,0
2024|1261|2096|1|0|23|1,67393294,55127017.48,0,55127016.610000014,55127016.60999998,55127016.60999998,55127016.61,0.8699999824166298,3.725290298461914e-08,0
2024|1261|2096|1|0|10|1,333377,2291469.24,0,2169906.85,2169906.85,2169906.85,2169906.85,121562.39000000013,0,0
2024|1261|2096|3|0|23|1,0,40000,0,40000,40000,1629.54,1202.38,0,0,38370.46
2024|1261|2096|3|0|23|7,9956702,7763275.95,0,7763275.449999999,7763275.45,7763275.45,7763275.45,0.5000000009313226,-9.313225746154785e-10,0
2024|1261|2096|3|0|10|7,0,559644,0,553545.56,553545.5599999999,553545.5599999999,553545.56,6098.439999999944,1.1641532182693481e-10,0
2024|1261|2096|3|0|10|1,0,4300000,0,4028247.230000001,4028247.23,4028247.23,4028247.23,271752.7699999991,9.313225746154785e-10,0
2024|1261|2093|1|0|23|1,78545921,100694836,0,100694835.19,100694835.18999998,100694835.18999998,100694835.18999998,0.8100000023841858,1.4901161193847656e-08,0
2024|1261|2093|1|0|10|1,19588,173707.07,0,173706.19999999998,173706.2,173706.2,173706.2,0.8700000000244472,-2.9103830456733704e-11,0
2024|1261|2093|3|0|23|7,1397835,1193373,0,1180044.23,1180044.23,1180044.23,1180044.23,13328.770000000019,0,0
2024|1261|2082|1|0|10|1,19978,233216.42,0,233216.09999999998,233216.09999999998,233216.09999999998,233216.1,0.32000000003608875,0,0
2024|1261|2082|1|0|23|1,127301966,116375794,0,116375793.14,116375793.14000003,116375793.14000003,116375793.13999999,0.8599999994039536,-2.9802322387695312e-08,0
2024|1261|2082|3|0|23|7,1574341,1911420,0,1800698.0800000005,1800698.08,1800698.08,1800698.08,110721.91999999946,4.656612873077393e-10,0
2024|1261|2094|1|0|23|1,87694615,132748575,0,132748574.62000002,132748574.62,132748574.62,132748574.62000003,0.3799999803304672,1.4901161193847656e-08,0
2024|1261|2094|1|0|10|1,10049,158985,0,158984.21,158984.21000000002,158984.21000000002,158984.21,0.7900000000081491,-2.9103830456733704e-11,0
2024|1261|2094|3|0|23|7,1639913,3147802,0,3109224.3500000006,3109224.35,3109224.35,3109224.35,38577.64999999944,4.656612873077393e-10,0
2024|1261|2088|1|0|23|1,257409668,251161274,0,251161272.72999996,251161272.73000002,251161272.73000002,251161272.73,1.2700000405311584,-5.960464477539063e-08,0
2024|1261|2088|1|0|10|1,691283,3211433,0,3191336.5300000003,3191336.5299999993,3191336.5299999993,3191336.53,20096.46999999974,9.313225746154785e-10,0
2024|1261|2088|3|0|23|7,4095347,3564682,0,3524982.0899999994,3524982.0900000003,3524982.0900000003,3524982.0900000003,39699.910000000615,-9.313225746154785e-10,0
2024|1261|2089|1|0|10|1,187468,1029468.11,0,1029467.8299999997,1029467.8300000001,1029467.8300000001,1029467.8300000001,0.2800000002607703,-3.4924596548080444e-10,0
2024|1261|2089|1|0|23|1,353539653,477688022,0,477222749.03999996,477222749.04,477222749.04,477222749.03999996,465272.96000003815,-5.960464477539063e-08,0
2024|1261|2089|3|0|23|7,2924995,6448742,0,6359516.69,6359516.6899999995,6359516.6899999995,6359516.6899999995,89225.30999999959,9.313225746154785e-10,0
2024|1261|2097|1|0|10|1,2231060,8654766,0,8654765.24,8654765.24,8654765.24,8654765.24,0.7599999997764826,0,0
2024|1261|2097|1|0|23|1,451016654,475908116,0,475664789.89,475664789.89,475664789.89,475664789.89,243326.1100000143,0,0
2024|1261|2097|3|0|23|7,66633303,61923849,0,61923848.139999986,61923848.14000001,61923848.14000001,61923848.14,0.8600000143051147,-2.2351741790771484e-08,0
2024|1261|2086|1|0|10|1,53862,418052.44,0,371549.49000000005,371549.49000000005,371549.49000000005,371549.49,46502.94999999995,0,0
2024|1261|2086|1|0|23|1,704675773,847558309,0,839837291.9300002,839837291.9300001,839837291.9300001,839837291.93,7721017.069999814,1.1920928955078125e-07,0
2024|1261|2086|3|0|23|7,14381343,26852359,0,26852358.999999996,26852359,26852359,26852359,3.725290298461914e-09,-3.725290298461914e-09,0
2024|1261|2083|1|0|23|1,893248756,1005776874,0,1005776873.36,1005776873.36,1005776873.36,1005776873.36,0.6399999856948853,0,0
2024|1261|2083|1|0|10|1,5031052,14095419,0,13994958.739999998,13994958.740000002,13994958.740000002,13994958.74,100460.26000000164,-3.725290298461914e-09,0
2024|1261|2083|3|0|23|7,10676201,13929323,0,13929322.129999999,13929322.129999999,13929322.129999999,13929322.129999999,0.8700000010430813,0,0
2024|1261|2081|1|0|10|1,8513729,24320512,0,24010851.72999999,24010851.729999997,24010851.729999997,24010851.73,309660.2700000107,-7.450580596923828e-09,0
2024|1261|2081|1|0|23|1,1565133980,1372785279,0,1372239355.8999999,1372239355.9,1372239355.9,1372239355.9,545923.100000143,-2.384185791015625e-07,0
2024|1261|2081|3|0|23|7,43162654,32426488,0,31963100.569999993,31963100.57,31963100.57,31963100.57,463387.43000000715,-7.450580596923828e-09,0
2024|1261|2090|1|0|10|1,390227,6636060.73,0,6636060.23,6636060.2299999995,6636060.2299999995,6636060.23,0.5,9.313225746154785e-10,0
2024|1261|2090|1|0|23|1,3054708072,3294699102,0,3294699100.649999,3294699100.649999,3294699100.649999,3294699100.650001,1.3500008583068848,0,0
2024|1261|2090|3|0|23|7,33938701,41952936,0,41952935.480000004,41952935.480000004,41952935.480000004,41952935.48,0.5199999958276749,0,0
2024|1261|2085|1|0|23|1,4010667420,3674283543.52,0,3656839389.2800007,3656839389.2799997,3656839389.2799997,3656839389.2800007,17444154.239999294,9.5367431640625e-07,0
2024|1261|2085|1|0|10|1,1780296791,1628801189.19,0,1575929875.13,1575929875.13,1573944397.8600001,1573944397.86,52871314.05999994,0,1985477.269999981
2024|1261|2085|3|0|23|7,69323342,65929420.05,0,64733160.16000001,64733160.16,64733160.16,64733160.160000004,1196259.8899999857,1.4901161193847656e-08,0
2024|1261|2102|3|0|36|1,262600000,202124692.83,0,201698692.83,201656315.37000006,201653315.36999997,201653315.37,426000,42377.45999994874,3000.000000089407
2024|1261|2100|3|0|21|1,25000000,29314499.5,0,29313499.5,29313499.5,29313499.5,29313499.5,1000,0,0
2024|1261|2101|3|0|21|1,518131759,463940759,0,463830331.29,463746897.61999863,463684009.85999775,463597589.77000016,110427.70999997854,83433.6700013876,62887.76000088453
2024|1261|2104|4|0|10|1,80000000,0,0,0,0,0,0,0,0,0
2024|1261|2127|3|0|10|1,1000000,261045.99,0,261045.99000000002,249086.29999999984,249086.2999999999,248959.59999999983,-2.9103830456733704e-11,11959.690000000177,-5.820766091346741e-11
2024|1261|2127|3|0|24|1,346154,235404.91,0,234250.65,191231.85000000015,191231.85000000015,191231.85000000015,1154.2600000000093,43018.79999999984,0
2024|1261|2127|3|0|10|3,20250,20250,0,0,0,0,0,20250,0,0
2024|1261|2127|4|0|21|3,0,1153.41,0,1153.41,0,0,0,0,1153.41,0
2024|1261|2127|4|0|24|1,0,110749.09,0,110749.09,108570,108570,0,0,2179.0899999999965,0
2024|1261|1094|3|0|10|1,9015104,7958218.39,0,7958218.390000001,7912150.2399999965,7911051.469999994,7911051.47,-9.313225746154785e-10,46068.1500000041,1098.770000002347
2024|1261|1094|3|0|23|1,0,2827177,0,2827177,2686825.1599999997,2686825.1599999997,2684345.1599999997,0,140351.84000000032,0
2024|1261|2105|3|1|10|1,35000000,12677714.6,0,12677714.6,12677714.28,12677714.28,12677714.280000001,0,0.3200000002980232,0
2024|1261|2107|3|0|10|1,50000000,24395109.09,0,24395109.090000004,24395109.09,24331567.84,24324137.840000004,-3.725290298461914e-09,3.725290298461914e-09,63541.25
2024|1261|2107|3|0|23|1,0,52571548,0,52571548,52431202,41286261.44,40523706.44,0,140346,11144940.560000002
2024|1261|2107|4|0|10|1,5057195,3816778.51,0,3816778.5100000002,3816778.51,3782176.73,3782176.73,-4.656612873077393e-10,4.656612873077393e-10,34601.779999999795
2024|1261|2107|4|0|23|1,0,6750000,0,6750000,6750000,6750000,6650000,0,0,0
2024|1261|2116|3|0|10|1,1000000,0,0,0,0,0,0,0,0,0
2024|1261|2117|3|0|10|1,3500000,0,0,0,0,0,0,0,0,0
2024|1261|1093|3|0|10|1,3000000,577750.06,0,577750.06,535063.2999999999,535023.3000000005,534417,0,42686.760000000126,39.99999999941792
2024|1261|2119|3|0|10|1,1000000,0,0,0,0,0,0,0,0,0
2024|1261|2119|4|0|10|1,1500000,0,0,0,0,0,0,0,0,0
2024|1261|2123|3|0|36|1,0,6746460.42,0,6746460.42,4657023.92,4657023.92,4657023.92,0,2089436.5,0
2024|1261|2123|3|0|10|1,10000000,13699028.23,0,3699028.2299999995,3699028.23,3695756.2700000005,3695756.27,10000000,-4.656612873077393e-10,3271.959999999497
2024|1261|2123|4|0|10|1,1000,0,0,0,0,0,0,0,0,0
2024|1261|2120|3|0|10|8,0,100000,0,100000,100000,100000,100000,0,0,0
2024|1261|2120|3|0|10|1,7000000,18774318.75,0,18774318.75,18774318.74999988,18774318.74999988,18774318.74999988,0,1.1920928955078125e-07,0
2024|1261|2120|4|0|10|1,500000,108497486.25,0,108497486.25,108497486.25000079,108497486.25000079,108497486.25000079,0,-7.897615432739258e-07,0
2024|1261|2120|4|0|10|8,500000,100000,0,100000,100000,100000,100000,0,0,0
2024|1261|1092|3|0|23|1,0,121321060,0,121321060,121321060,121321060,121321060,0,0,0
2024|1261|1092|3|0|10|1,8000000,8058605.97,0,8058605.97,8047696.069999999,8047696.07,8047696.070000001,0,10909.900000000373,-9.313225746154785e-10
2024|1261|4508|3|0|10|1,30000000,2501993.59,0,2501993.59,2476838.59,2476838.59,2476838.59,0,25155,0
2024|1261|4508|3|0|23|1,0,1070130.71,0,1070130.71,922988.95,922988.95,922917.98,0,147141.76,0
2024|1261|4508|3|0|36|1,2000000,85159115.49,0,83388152.65,12397532.3,8992657.579999998,8991141.870000003,1770962.8399999887,70990620.35000001,3404874.7200000025
2024|1261|4508|4|0|10|8,250000,639353.89,0,639353.89,639353.89,639353.89,639353.89,0,0,0
2024|1261|4508|4|0|10|1,20000000,636000,0,636000,636000,636000,636000,0,0,0
2024|1261|4508|4|0|36|1,0,68300521.39,0,68300521.39,543334.08,0,0,0,67757187.31,543334.08
2024|1261|2122|3|0|10|1,20000000,85728001.69,0,85728001.69,85728001.69000004,85727901.69000003,85227951.69000006,0,-4.470348358154297e-08,100.00000001490116
2024|1261|2122|3|0|23|1,0,20000000,0,20000000,19999730,0,0,0,270,19999730
2024|1261|2122|4|0|10|1,0,49142927.65,0,49142927.65,49142927.65000009,49142927.65000008,49142927.65000009,0,-8.940696716308594e-08,7.450580596923828e-09
2024|1261|4512|3|0|10|1,10000000,470000,0,470000,470000,470000,470000,0,0,0
2024|1261|4512|3|0|23|1,0,54471080.49,0,54471080.49,54369598.84,54369598.84,54369598.84,0,101481.64999999851,0
2024|1261|4512|3|0|36|1,5000000,43117916.93,0,38429916.93,12654221.5,10938908.140000002,10897271.66,4688000,25775695.43,1715313.3599999975
2024|1261|4512|4|0|23|1,0,54200000,0,54200000,54200000,54200000,54200000,0,0,0
2024|1261|4512|4|0|10|1,7000000,0,0,0,0,0,0,0,0,0
2024|1261|4512|4|0|36|1,0,4165951.82,0,4165951.82,0,0,0,0,4165951.82,0
2024|1261|4511|3|0|10|1,20000000,111588031.18,0,111588031.18,111403437.18000007,111283488.18000005,111244988.18000004,0,184593.9999999404,119949.0000000149
2024|1261|4511|4|0|10|1,0,39784998.45,0,39784998.45,39784998.44999997,39784998.44999997,39784998.44999997,0,2.9802322387695312e-08,0
2024|1261|2118|3|1|10|1,400000000,441928574.05,0,441928574.05,441811336.0900002,428570122.61999995,427688905.73000014,0,117237.95999979973,13241213.470000267
2024|1261|2118|3|1|71|1,0,120186685.21,0,120186685.21,119943501.78,106870077.31999987,106365656.36000001,0,243183.42999999225,13073424.460000128
2024|1261|2118|3|1|23|1,0,1000,0,0,0,0,0,1000,0,0
2024|1261|4517|4|0|10|1,5000000,0,0,0,0,0,0,0,0,0
2024|1261|2125|3|0|10|1,15000000,0,0,0,0,0,0,0,0,0
2024|1261|4522|3|0|23|1,0,764830.95,0,764830.95,764830.95,764830.95,764830.95,0,0,0
2024|1261|4522|3|0|10|1,10000000,0,0,0,0,0,0,0,0,0
2024|1261|4522|4|0|23|1,0,35074.08,0,35074.080000000075,35074.08,35074.08,35074.08,-7.275957614183426e-11,7.275957614183426e-11,0
2024|1261|2124|3|0|10|1,20000000,23692664.5,0,23692664.5,23692664.5,23602664.5,23602664.5,0,0,90000
2024|1261|4521|3|0|10|1,17500000,17175000,0,17175000,17175000,17170000,17170000,0,0,5000
2024|1261|4521|3|0|36|1,0,19000000,0,19000000,16542764.21,5421828.05,5421828.05,0,2457235.789999999,11120936.16
2024|1261|4521|4|0|36|1,0,75829105.2,0,75829105.2,48679703.4,16047279.080000002,16047279.08,0,27149401.800000004,32632424.319999997
2024|1261|4520|3|0|23|1,0,121000000,0,121000000,120764197.30000003,102517656.61999999,102516284.28999999,0,235802.69999997318,18246540.680000037
2024|1261|4520|3|0|10|1,50000000,63014506.14,0,63014506.13999999,62991004.419999994,61185181.61,60958992.179999985,7.450580596923828e-09,23501.719999998808,1805822.809999995
2024|1261|4523|3|0|10|1,0,1105111.72,0,1105111.7200000004,1105111.7199999997,1104160.1600000001,1104160.16,-4.656612873077393e-10,6.984919309616089e-10,951.5599999995902
2024|1261|4523|3|0|36|1,665813,0,0,0,0,0,0,0,0,0
2024|1261|4523|3|0|10|8,4000000,0,0,0,0,0,0,0,0,0
2024|1261|4523|3|0|21|1,0,8627214.09,0,8627214.09,8621166.56,5009907.550000001,5009907.55,0,6047.529999999329,3611259.01
2024|1261|4523|3|0|10|3,59750,59750,0,0,0,0,0,59750,0,0
2024|1261|4523|3|0|21|3,64643,64643,0,0,0,0,0,64643,0,0
2024|1261|4523|3|0|24|1,123300,123300,0,0,0,0,0,123300,0,0
2024|1261|4523|3|0|3|1,3000000,3000000,0,0,0,0,0,3000000,0,0
2024|1261|4523|4|0|21|1,10000000,122636049.47999999,0,122636049.48,122532807.60999998,30767480.159999996,21824008.5,-1.4901161193847656e-08,103241.87000001967,91765327.44999999
2024|1261|4523|4|0|23|1,0,1546054.95,0,1546054.95,1546054.9500000002,1546054.9500000002,1546054.9500000002,0,-2.3283064365386963e-10,0
2024|1261|4523|4|0|97|1,0,100000,0,100000,100000,100000,100000,0,0,0
2024|1261|4523|4|0|36|1,15234187,0,0,0,0,0,0,0,0,0
2024|1261|4523|4|0|10|8,7902929,13733275,0,13733275,13733275,10159275,9318275,0,0,3574000
2024|1261|4523|4|0|10|1,50000000,88392706.56,0,88392706.56,88372334.29,63851053.28,61663758.730000004,0,20372.269999995828,24521281.010000005
2024|1261|4523|4|0|13|1,50000,50000,0,50000,0,0,0,0,50000,0
2024|1261|4523|4|0|10|3,110000,110000,0,0,0,0,0,110000,0,0
2024|1261|4523|4|0|24|1,166902,166902,0,0,0,0,0,166902,0,0
2024|1261|4523|4|0|3|1,7105000,7105000,0,0,0,0,0,7105000,0,0
2024|1261|2126|4|0|10|1,20000000,29895090.73,0,29895090.730000004,29895090.73,29895090.73,29795090.729999997,-3.725290298461914e-09,3.725290298461914e-09,0
2024|1261|2126|4|0|97|1,0,250000,0,250000,250000,250000,250000,0,0,0
2024|1261|2126|4|0|36|1,15000000,0,0,0,0,0,0,0,0,0
2024|1261|2126|4|0|21|1,17351598,0,0,0,0,0,0,0,0,0
2024|1261|2126|4|0|10|3,110000,144000,0,34000,34000,34000,0,110000,0,0
2024|1261|2126|4|0|10|8,90436196,55933130.79,0,52559548.79,52559548.79,52559548.79,52559548.79,3373582,0,0
2024|1261|4524|3|0|10|1,25000000,76466708.67,0,76466708.67000002,76466708.67000008,76442674.5500001,76316309.32000008,-1.4901161193847656e-08,-5.960464477539063e-08,24034.119999974966
2024|1261|4524|3|0|10|4,0,100000,0,100000,100000,100000,100000,0,0,0
2024|1261|4524|3|0|10|8,2733863,37521227.52,0,37521227.52,37521227.519999996,37521227.519999996,37521227.519999996,0,7.450580596923828e-09,0
2024|1261|4524|3|0|21|1,0,38667.4,0,38667.399999999994,38667.4,38667.4,38667.4,7.275957614183426e-12,-7.275957614183426e-12,0
2024|1261|4524|3|0|23|1,0,147812252.65,0,143347840.29999998,142198294.93999863,141614751.26999998,138885745.39999878,4464412.350000024,1149545.3600013554,583543.6699986458
2024|1261|4524|4|0|21|1,0,250847.65,0,250847.65,250847.65,250847.65000000002,250847.65,0,0,-2.9103830456733704e-11
2024|1261|4524|4|0|10|8,1000000,0,0,0,0,0,0,0,0,0
2024|1261|4524|4|0|23|1,0,1471827.5,0,1471827.5,1471827.5,600415,600415,0,0,871412.5
2024|1261|4524|4|0|10|1,0,7453765.83,0,7215720.22,7214320.220000001,7208720.220000001,7193320.220000001,238045.61000000034,1399.9999999990687,5600
2024|1261|4519|3|1|10|8,1000000,0,0,0,0,0,0,0,0,0
2024|1261|4519|3|1|21|1,0,2509329.99,0,2509329.99,973698.6700000002,176040.11000000002,54620.270000000004,0,1535631.32,797658.5600000002
2024|1261|4519|3|1|23|1,0,18468.45,0,18468.449999999953,18468.450000000026,10983.7,10983.7,4.729372449219227e-11,-7.275957614183426e-11,7484.7500000000255
2024|1261|4519|3|1|10|1,0,268952.87,0,268952.8699999996,268952.86999999994,266195.48,218987.88,4.0745362639427185e-10,-3.4924596548080444e-10,2757.3899999999558
2024|1261|4519|4|1|23|1,0,6675005.41,0,6675005.410000009,6665868.090000004,5978791.88,5978791.879999999,-9.313225746154785e-09,9137.320000005886,687076.2100000037
2024|1261|4519|4|1|10|1,100000000,86478191.66,0,86478191.66,86478191.66000004,86274197.02000001,86271794.35000004,0,-4.470348358154297e-08,203994.6400000304
2024|1261|4519|4|1|21|1,40000000,189622571.68,0,189622571.68,166526736.71,32687075.240000002,21830495.16,0,23095834.97,133839661.47
2024|1261|4527|3|0|36|1,2000000,0,0,0,0,0,0,0,0,0
2024|1261|4527|3|0|21|1,0,166000000,0,166000000,165206119.38999924,134206816.20999931,134074579.9899992,0,793880.6100007594,30999303.179999933
2024|1261|4527|3|0|23|1,0,28524296.81,0,28524296.81,674176.41,584176.41,584176.41,0,27850120.4,90000
2024|1261|4527|3|0|10|1,250000000,540206820.51,0,540051590.0300001,539581603.5699992,539129986.7099996,539062587.7500007,155230.47999989986,469986.4600008726,451616.8599996567
2024|1261|4527|4|0|10|1,0,220400,0,65790,65790,65790,65790,154610,0,0
2024|1261|2129|3|0|10|1,2000000,646265.1,0,646265.1,592728.29,554070.2399999999,554070.2400000001,0,53536.80999999994,38658.05000000016
2024|1261|2129|4|0|10|1,0,11906.38,0,11906.380000000001,11906.380000000001,1460,1460,-1.8189894035458565e-12,0,10446.380000000001
2024|1261|2128|3|0|21|1,0,1000917.49,0,1000917.4900000002,793138.03,919.1500000000001,919.1500000000001,-2.3283064365386963e-10,207779.4600000002,792218.88
2024|1261|2128|3|0|23|1,0,5406598,0,5406598,2879008.49,0,0,0,2527589.51,2879008.49
2024|1261|2128|3|0|10|1,180432676,190591622.75,0,190591622.74999997,183773997.53999993,167148337.05000022,164957509.91999996,2.9802322387695312e-08,6817625.210000038,16625660.489999712
2024|1261|2128|4|0|10|1,70000000,34027865.21,0,34027865.21,34023565.21,32187699.25,32091255.64,0,4300,1835865.960000001
2024|1261|2128|4|0|23|1,0,8323195,0,8323195,7000000,0,0,0,1323195,7000000
2024|1261|4534|3|0|10|1,10000000,0,0,0,0,0,0,0,0,0
2024|1261|4537|3|0|10|1,1000000,0,0,0,0,0,0,0,0,0
2024|1261|4540|3|0|10|1,200000,0,0,0,0,0,0,0,0,0
2024|1261|4099|3|0|10|8,1000,1000,0,0,0,0,0,1000,0,0
2024|1261|4531|3|0|10|1,300000,286666.81,0,286666.81,286666.8100000002,280000.14000000013,273333.47000000015,0,-1.7462298274040222e-10,6666.670000000042
2024|1261|4532|3|0|10|1,500000,705509.64,0,704569.4400000001,704569.4400000001,634761.31,634761.31,940.1999999999534,0,69808.13
2024|1261|4536|3|0|10|1,5000000,1164246.06,0,1164246.0599999998,866555.3600000003,726675.4800000002,725478.3200000002,2.3283064365386963e-10,297690.6999999995,139879.88000000012
2024|1261|4533|3|0|10|1,3000000,877667.23,0,877667.23,877667.2299999993,872942.8299999977,872942.8299999991,0,6.984919309616089e-10,4724.400000001537
2024|1261|4533|4|0|10|1,0,100000,0,100000,100000,100000,100000,0,0,0
2024|1261|4538|3|0|21|1,0,1337755,0,1337755,1115303.05,1115303.05,1039127.05,0,222451.94999999995,0
2024|1261|4538|3|0|10|1,25000000,28201823,0,28201821.56,28201821.56,28201821.56,28201821.56,1.4400000013411045,0,0
2024|1261|4548|3|0|10|1,5000000,0,0,0,0,0,0,0,0,0
2024|1261|4548|4|0|21|1,50000000,0,0,0,0,0,0,0,0,0
2024|1261|4548|4|0|10|1,20000000,21162427.69,0,21162427.69,21162427.32,17256615.580000002,13809775.490000002,0,0.3700000010430813,3905811.7399999984
2024|1261|4546|3|0|36|1,2500000,0,0,0,0,0,0,0,0,0
2024|1261|4546|3|0|10|1,30000000,66095389.93000001,0,66095389.93,66095389.930000015,65724111.970000006,65724111.970000006,7.450580596923828e-09,-1.4901161193847656e-08,371277.96000000834
2024|1261|4543|3|1|13|1,0,23182824.84,0,23182824.840000004,23182824.840000004,23182824.840000004,23182824.620000005,-3.725290298461914e-09,0,0
2024|1261|4543|3|1|21|1,0,1977190.67,0,1977190.67,1977190.67,1977190.67,1977190.67,0,0,0
2024|1261|4543|3|1|10|1,50000000,670426.94,0,670426.94,670426.94,670426.94,670426.94,0,0,0
2024|1261|4543|3|1|36|1,0,426000,0,426000,425810,425810,425810,0,190,0
2024|1261|4543|4|1|21|1,7952000,0,0,0,0,0,0,0,0,0
2024|1261|4543|4|1|10|1,200000000,218644539.09,0,218644539.09,212486080.79000002,211986080.79000002,202893628.37,0,6158458.299999982,500000
2024|1261|4545|4|0|21|1,40000000,9048506.05,0,9048506.05,9048506.05,9048506.05,8337314.06,0,0,0
2024|1261|4545|4|0|10|1,50000000,84970008.51,0,84970008.51,84970008.5,84970008.5,77342024.88999999,0,0.01000000536441803,0
2024|1261|4545|4|0|10|8,0,2531000,0,2519360,1881000,1881000,1881000,11640,638360,0
2024|1261|4547|3|0|10|1,475000000,314065124.84999996,0,314065124.85,314065124.8300001,314065124.83000004,314065124.79999983,-5.960464477539063e-08,0.019999921321868896,5.960464477539063e-08
2024|1261|4547|3|0|23|1,0,189409012.92,0,189409012.92000002,189363908.07999998,189363908.0799999,189363908.07999998,-2.9802322387695312e-08,45104.84000003338,8.940696716308594e-08
2024|1261|4547|3|0|71|1,0,136367764.79,0,136367764.79,136367764.79,136367764.79000014,136367764.79,0,0,-1.4901161193847656e-07
2024|1261|4547|3|0|21|1,125000000,99176015,0,99176015,99176014.99999999,99176014.99999999,99176014.99999999,0,1.4901161193847656e-08,0
2024|1261|4547|3|0|13|1,0,22276941.4,0,22276941.4,22276523.630000003,22276523.630000003,22276523.630000003,0,417.7699999958277,0
2024|1271|4328|1|1|10|1,188403,199403,0,190630.03,190630.03,190630.03,190630.02999999997,8772.970000000001,0,0
2024|1271|4328|3|1|10|1,58159,58159,0,58158.32000000001,35933.740000000005,29909.82,29909.82,0.6799999999930151,22224.58,6023.9200000000055
2024|1271|4328|3|1|10|7,79942,38701,0,36510,36510,36510,36510,2191,0,0
2024|1271|4479|1|0|10|1,279876,338218,0,316640.82,316640.82000000007,316640.82000000007,316640.82,21577.179999999993,-5.820766091346741e-11,0
2024|1271|4479|3|0|10|1,139832,179832,0,179831.69,110139.79,106791.94,106791.94,0.3099999999976717,69691.90000000001,3347.8499999999913
2024|1271|4479|3|0|10|7,102713,72518,0,63101,63101,63101,63101,9417,0,0
2024|1271|4327|1|0|10|1,731135,776380,0,751788.64,751788.64,751788.64,751788.64,24591.359999999986,0,0
2024|1271|4327|3|0|10|1,40089,70089,0,70089,65808.47,47557.719999999994,47557.72,0,4280.529999999999,18250.750000000007
2024|1271|4327|3|0|10|7,207900,128957,0,111130.5,111130.5,111130.5,111130.5,17826.5,0,0
2024|1271|4330|3|0|95|1,2035000,2365000,0,500000,500000,500000,500000,1865000,0,0
2024|1271|4330|4|0|95|1,0,170000,0,0,0,0,0,170000,0,0
2024|1271|4324|1|0|10|1,641130,611908,0,584283.4199999999,584283.42,584283.42,584283.4199999999,27624.580000000075,-1.1641532182693481e-10,0
2024|1271|4324|3|0|69|1,0,9340142.67,0,9340142.67,9306717.84,8537717.84,8537717.84,0,33424.830000000075,769000
2024|1271|4324|3|0|10|7,180624,180624,0,140702,140702,140702,140702,39922,0,0
2024|1271|4324|3|0|10|1,37277,447277,0,253277,222318.98,65955.47,65955.46999999999,194000,30958.01999999999,156363.51
2024|1271|4324|3|0|95|1,1187500,2387500,0,1897924.5,1695719.3900000001,1684339.92,1684339.92,489575.5,202205.10999999987,11379.470000000205
2024|1271|4324|4|0|69|1,0,800000,0,800000,0,0,0,0,800000,0
2024|1271|4324|4|0|10|1,0,1500000,0,0,0,0,0,1500000,0,0
2024|1271|4331|1|0|10|1,2124864,1951864,0,1926137.31,1926137.3099999998,1926137.3099999998,1926137.31,25726.689999999944,2.3283064365386963e-10,0
2024|1271|4331|3|0|10|7,731033,582126,0,533345.99,533345.99,533345.99,533345.99,48780.01000000001,0,0
2024|1271|4331|3|0|10|1,736926,436926,0,367580.76,343078.13,266583.54999999993,266583.55,69345.23999999999,24502.630000000005,76494.58000000007
2024|1271|4332|1|0|10|1,0,1327946,0,1275396.48,1275396.48,1275396.48,1275396.4799999997,52549.52000000002,0,0
2024|1271|4332|1|0|95|1,91477,91477,0,5070.58,5070.58,5070.58,5070.58,86406.42,0,0
2024|1271|4332|3|0|15|1,0,5113317.97,0,5113317.97,5113063.97,5113063.97,5113063.97,0,254,0
2024|1271|4332|3|0|10|8,1345158,500000,0,500000,200000,200000,200000,0,300000,0
2024|1271|4332|3|0|10|4,0,3050000,0,3050000,2650000,2550000,2550000,0,400000,100000
2024|1271|4332|3|0|10|7,0,251101,0,220748,220748,220748,220748,30353,0,0
2024|1271|4332|3|0|95|7,80101,80101,0,1476,1476,1476,1476,78625,0,0
2024|1271|4332|3|0|24|1,562600,702208.21,0,139608.21,139608.21,139608.21,139608.21,562600,0,0
2024|1271|4332|4|0|15|1,0,250000,0,250000,250000,250000,250000,0,0,0
2024|1271|4332|4|0|10|8,400000,50000,0,50000,50000,50000,50000,0,0,0
2024|1271|4343|1|0|10|1,3887710,3562710,0,3295870.1199999996,3295870.1200000006,3295870.1200000006,3295870.1199999996,266839.88000000035,-9.313225746154785e-10,0
2024|1271|4343|3|0|17|1,0,144617955.44,0,144617955.44000003,144617955.44,144021055.77,144021055.76999998,-2.9802322387695312e-08,2.9802322387695312e-08,596899.6699999869
2024|1271|4343|3|0|57|1,0,52160197.5,0,52160197.5,51921911.11,51228703.78,51228703.78,0,238286.3900000006,693207.3299999982
2024|1271|4343|3|0|10|7,772006,634205,0,575128.5,575128.5,575128.5,575128.5,59076.5,0,0
2024|1271|4343|3|0|10|1,623865,623865,0,464140.93,458389.7799999999,410210.55,410210.55000000005,159724.07,5751.1500000000815,48179.22999999992
2024|1271|4343|3|0|16|1,170000000,170000000,0,5500000,1028087.27,1015900.2300000001,1015900.23,164500000,4471912.73,12187.03999999992
2024|1271|4326|3|0|10|1,100000,300000,0,125000,102624.9,87316.6,87316.59999999999,175000,22375.100000000006,15308.299999999988
2024|1271|4322|1|0|10|1,4221136,3086132,0,2841480.8,2841480.8,2841480.8,2841480.8,244651.2000000002,0,0
2024|1271|4322|3|0|10|1,10109384,8878995,0,8878994.02,8755783.62,8245967.220000001,8243447.220000001,0.9800000004470348,123210.40000000037,509816.3999999985
2024|1271|4322|3|0|10|7,843918,528798,0,446823.39000000013,446823.39,446823.39,446823.39,81974.60999999987,1.1641532182693481e-10,0
2024|1271|4322|4|0|10|8,400000,0,0,0,0,0,0,0,0,0
2024|1271|4329|3|0|10|1,19500000,19500000,0,19500000,19495054.009999998,19495054.009999998,19495054.01,0,4945.990000002086,0
2024|1271|4337|3|0|10|1,166060,66060,0,0,0,0,0,66060,0,0
2024|1271|4336|1|0|10|1,539134,551134,0,541246.8600000001,541246.86,541246.86,541246.86,9887.139999999898,1.1641532182693481e-10,0
2024|1271|4336|3|0|10|7,87006,87006,0,72154.5,72154.5,72154.5,72154.5,14851.5,0,0
2024|1271|4336|3|0|10|1,58160,58160,0,29778.32,24778.32,16374.14,16374.14,28381.68,5000,8404.18
2024|1271|4342|1|0|10|1,414728,78472,0,0,0,0,0,78472,0,0
2024|1271|4342|3|0|10|7,123712,0,0,0,0,0,0,0,0,0
2024|1271|4342|3|0|10|1,78159,78159,0,12289.16,12289.16,9076.470000000001,9076.470000000001,65869.84,0,3212.6899999999987
2024|1271|4339|3|0|10|1,451200,271200,0,129224.12,129224.12,98515.81000000001,98515.81,141975.88,0,30708.309999999983
2024|1271|4338|1|0|10|1,1401753,1522126,0,1495255.59,1495255.5900000003,1495255.5900000003,1495255.59,26870.409999999916,-2.3283064365386963e-10,0
2024|1271|4338|3|0|10|7,514126,466349,0,421552.51,421552.51,421552.51,421552.51,44796.48999999999,0,0
2024|1271|4338|3|0|10|1,1349847,118041,0,69094.62,37586.86000000001,32051.800000000003,32051.800000000003,48946.380000000005,31507.759999999987,5535.060000000005
2024|1271|2500|1|0|10|1,10349957,11673206,0,11121272.430000002,11121272.429999998,11121272.429999998,11121272.43,551933.5699999984,3.725290298461914e-09,0
2024|1271|2500|3|0|10|1,1758677,2739559.65,0,2739559.1000000006,2623995.45,2358293.78,2358293.7800000003,0.5499999993480742,115563.65000000037,265701.6700000004
2024|1271|2500|3|0|10|7,2329906,2274406,0,1716415.62,1716415.62,1716415.62,1716415.62,557990.3799999999,0,0
2024|1301|4266|3|0|10|1,1000,1000,0,1000,0,0,0,0,1000,0
2024|1301|1037|3|0|24|1,0,5915035.96,0,5915035.96,5915035.96,5915035.96,5915035.96,0,0,0
2024|1301|1037|4|0|10|3,0,2497913.51,0,2497913.51,2370919.61,1822721.8399999999,1822721.8399999999,0,126993.8999999999,548197.77
2024|1301|1037|4|0|15|3,0,7342864.58,0,7342864.58,5427299,0,0,0,1915565.58,5427299
2024|1301|1037|4|0|32|1,11217313,1604476.13,0,1604476.1299999994,1604476.13,138961.50999999998,138961.50999999998,4.656612873077393e-10,-4.656612873077393e-10,1465514.6199999999
2024|1301|1037|4|0|10|1,23686740,7352639.88,0,7352638.88,7116556.39,3358605.829999999,3358605.8299999996,1,236082.49000000022,3757950.5600000005
2024|1301|1037|4|0|24|1,171769699,173654400.34,0,20163656.56,14675343.25,13853382.39,13853382.389999999,153490743.78,5488313.309999999,821960.8599999994
2024|1301|4346|4|0|10|1,30000000,25224601.22,0,0,0,0,0,25224601.22,0,0
2024|1301|4346|5|0|95|1,0,400000,0,400000,400000,0,0,0,0,400000
2024|1301|4345|3|0|60|2,3535668,3535668,0,3355668,0,0,0,180000,3355668,0
2024|1301|4345|4|0|10|1,2137405,2137405,0,2137405,712468.34,0,0,0,1424936.6600000001,712468.34
2024|1301|4253|3|0|10|1,398001,398001,0,398001,398000,175161.09000000003,142702.76,0,1,222838.90999999997
2024|1301|4253|4|0|10|1,922720,167391.34,0,167391.34000000003,167391.34,0,0,-2.9103830456733704e-11,2.9103830456733704e-11,167391.34
2024|1301|4205|1|0|10|1,3976102,3522208,0,3518381.72,3518381.7200000007,3518381.7200000007,3518381.72,3826.279999999795,-4.656612873077393e-10,0
2024|1301|4205|3|0|10|7,480629,564581,0,564580.6199999999,564580.6199999999,564580.6199999999,564580.62,0.38000000012107193,0,0
2024|1301|4205|3|0|74|1,281000,281000,0,0,0,0,0,281000,0,0
2024|1301|4205|4|0|10|1,41297351,1192083.8,0,1192083.8000000007,1192083.8,0,0,-6.984919309616089e-10,6.984919309616089e-10,1192083.8
2024|1301|4205|4|0|74|1,0,6363266.55,0,6363266.55,1285816.55,0,0,0,5077450,1285816.55
2024|1301|4208|1|0|10|1,4537159,8100435,0,7437258.92,7437258.92,7437258.92,7437258.920000001,663176.0800000001,0,0
2024|1301|4208|3|0|60|2,3448586,3448586,0,3448586,2485845.9300000006,1641408.08,1641408.08,0,962740.0699999994,844437.8500000006
2024|1301|4208|3|0|10|1,939000,939000,0,704250,0,0,0,234750,704250,0
2024|1301|4208|3|0|10|7,488074,2053207,0,1814289.6999999997,1814289.6999999997,1814289.6999999997,1814289.7,238917.30000000028,0,0
2024|1301|4208|3|0|95|1,0,12618935.06,0,6699999.99,6699999.99,0,0,5918935.07,0,6699999.99
2024|1301|4208|4|0|10|1,5638000,1823533.79,0,1823533.79,1823533.79,1823533.79,1823533.79,0,0,0
2024|1301|4208|4|0|60|2,11066345,11066345,0,11066345,8040108.450000001,5392436.420000001,5392436.42,0,3026236.549999999,2647672.0300000003
2024|1301|1042|4|0|95|1,45000000,45000000,0,0,0,0,0,45000000,0,0
2024|1301|4261|1|0|10|1,6735472,7672316,0,7098650.050000001,7098650.050000001,7098650.050000001,7098650.05,573665.9499999993,0,0
2024|1301|4261|3|0|10|1,400000,162173.92,0,162172.56000000003,47611.88999999997,47611.89,47611.89000000001,1.3599999999860302,114560.67000000006,-2.9103830456733704e-11
2024|1301|4261|3|0|70|1,2000,2000,0,0,0,0,0,2000,0,0
2024|1301|4261|3|0|10|7,700675,1567881,0,1421256.5899999999,1421256.59,1421256.59,1421256.59,146624.41000000015,-2.3283064365386963e-10,0
2024|1301|4261|4|0|10|8,5503179,0,0,0,0,0,0,0,0,0
2024|1301|4261|4|0|10|1,412009,412009,0,412009,265157.52999999997,257289.61,257289.61,0,146851.47000000003,7867.919999999984
2024|1301|4261|4|0|70|1,8418331,8418331,0,0,0,0,0,8418331,0,0
2024|1301|1040|4|0|95|1,30000000,30000000,0,12142028.02,9998183.43,9501186.83,9244586.36,17857971.98,2143844.59,496996.5999999996
2024|1301|1038|3|0|10|1,161000,170000,0,169999.99999999997,168800,168800,168800,2.9103830456733704e-11,1199.999999999971,0
2024|1301|1038|4|0|32|1,3474183,1611523.62,0,1611523.62,1605993.9000000001,471773.31,471773.31,0,5529.719999999972,1134220.59
2024|1301|1038|4|0|32|3,0,9866914.92,0,9866914.92,8931514.27,0,0,0,935400.6500000004,8931514.27
2024|1301|1038|4|0|24|1,1667622,3137888.65,0,2400000,358911.67,0,0,737888.6499999999,2041088.33,358911.67
2024|1301|1039|3|0|10|1,1450000,1441000,0,1441000,1197500,1197500,1195750,0,243500,0
2024|1301|1039|4|0|32|1,6043846,2597089.66,0,2597089.66,2597089.66,1492860.25,1489972.36,0,0,1104229.4100000001
2024|1301|1039|4|0|10|1,0,237826.08,0,0,0,0,0,237826.08,0,0
2024|1301|4265|1|0|10|1,7931145,7541052,0,6992687.130000001,6992687.13,6992687.13,6992687.13,548364.8699999992,9.313225746154785e-10,0
2024|1301|4265|3|0|10|1,50000,50000,0,50000,32674.199999999997,21160.620000000003,21160.62,0,17325.800000000003,11513.579999999994
2024|1301|4265|3|0|10|7,702353,1619988,0,1443883.74,1443883.74,1443883.74,1443883.74,176104.26,0,0
2024|1301|4265|4|0|95|1,0,10061665.69,0,999159.71,999159.71,336270.07,336270.07,9062505.98,0,662889.6399999999
2024|1301|4265|4|0|10|1,0,11000000,0,0,0,0,0,11000000,0,0
2024|1301|1035|4|0|32|1,1828788,1446726.88,0,1383579.6,1383579.6,36921.67,36921.67,63147.279999999795,0,1346657.9300000002
2024|1301|1035|4|0|24|1,7807384,8109438.32,0,5981094.71,809763.3599999996,43485.770000000004,43485.77,2128343.6100000003,5171331.350000001,766277.5899999996
2024|1301|1036|3|0|24|1,3001000,3001000,0,0,0,0,0,3001000,0,0
2024|1301|1036|4|0|10|1,7100000,4438309.23,0,4438309.23,4438309.23,806357.3099999999,806357.31,0,0,3631951.9200000004
2024|1301|1036|4|0|32|1,0,4043318,0,3988656.16,3988656.16,320971.62,229670.88999999998,54661.83999999985,0,3667684.54
2024|1301|1036|4|0|24|1,212166884,215570863.4,0,3403979.4000000004,1403979.4000000004,545312.4099999999,545312.41,212166884,2000000,858666.9900000005
2024|1301|1041|4|0|25|1,0,20395252.32,0,20395252.32,19551487.53,12888069.32,12888069.319999998,0,843764.7899999991,6663418.210000001
2024|1301|1041|4|0|10|1,9336583,15670300.92,0,13303300.92,13303299.91,2424674.9499999997,2424674.9499999997,2367000,1.0099999997764826,10878624.96
2024|1301|4262|3|0|10|1,0,20000,0,20000,0,0,0,0,20000,0
2024|1301|4262|4|0|10|8,14000000,800000,0,800000,800000,800000,800000,0,0,0
2024|1301|4262|4|0|15|1,160000000,132054713.39,0,132054713.39,131452129.35,131452129.35,131452129.35,0,602584.0400000066,0
2024|1301|4262|4|0|32|1,0,12353328.36,0,12353328.36,7184195.04,7184195.04,0,0,5169133.319999999,0
2024|1301|4262|4|0|10|1,8021776,58144823.82,0,58144823.81999999,31552167.58,25102150.639999997,23127655.020000003,7.450580596923828e-09,26592656.239999995,6450016.940000001
2024|1301|4262|4|0|95|1,0,70000000,0,69994460.59,34997230.300000004,34997230.300000004,34997230.3,5539.409999996424,34997230.29,0
2024|1301|4292|3|0|59|1,2340000,2340000,0,1560000,307.30000000000155,307.3000000000029,307.3,780000,1559692.7,-1.3642420526593924e-12
2024|1301|4292|3|0|73|1,5087680,5087680,0,0,0,0,0,5087680,0,0
2024|1301|4292|3|0|10|1,6782244,6782244,0,2000,530.3,530.3,530.3,6780244,1469.7,0
2024|1301|4291|3|0|10|1,1000,321000,0,321000,320000,0,0,0,1000,320000
2024|1301|4290|1|0|10|1,5994179,6804550,0,5911073.6899999995,5911073.69,5911073.69,5911073.69,893476.3100000005,-9.313225746154785e-10,0
2024|1301|4290|3|0|10|1,0,7034766.7,0,7034766.7,3418177.6200000006,3418177.6200000006,3418177.6200000006,0,3616589.0799999996,0
2024|1301|4290|3|0|95|1,0,382634980.26,0,382634980.26,325958000,197789000,197789000,0,56676980.25999999,128169000
2024|1301|4290|3|0|10|7,761385,1211598,0,1120943.51,1120943.51,1120943.51,1120943.51,90654.48999999999,0,0
2024|1301|1055|3|0|24|1,0,1159863.57,0,1159863.57,1159863.56,1159863.56,1159863.56,0,0.010000000009313226,0
2024|1301|1055|4|0|10|1,1881091,2063991,0,2063991,2063991,1368930.48,1368930.48,0,0,695060.52
2024|1301|1055|4|0|32|1,1415849,1415849,0,943899.3200000001,943899.32,163634.09,163634.09,471949.67999999993,1.1641532182693481e-10,780265.23
2024|1301|2500|1|0|10|1,12283498,11817791,0,11563473.120000005,11563472.899999999,11372472.900000002,11372472.900000002,254317.87999999523,0.2200000062584877,190999.99999999627
2024|1301|2500|3|0|10|7,1324010,2038379,0,1837603.7200000002,1837603.72,1837603.72,1837603.72,200775.2799999998,2.3283064365386963e-10,0
2024|1301|2500|3|0|10|1,20271320,15868643.66,0,15206882.36,14555698.699999997,14039328.419999998,12091661.56,661761.3000000007,651183.660000002,516370.27999999933
2024|1301|2500|4|0|10|1,50000,4876943.26,0,4876943.26,2888507.9699999997,2348066.5700000003,2348066.57,0,1988435.29,540441.3999999994
2024|1371|4044|3|0|72|1,0,1620000,0,1620000,1619999.9999999998,1619999.9999999998,1619999.9999999995,0,2.3283064365386963e-10,0
2024|1371|4044|3|0|29|1,3500000,2780000,0,2780000,2779999.97,2779999.97,2779999.97,0,0.029999999795109034,0
2024|1371|4037|3|0|94|1,50400,50400,0,31313.84,31312.639999999996,29321.190000000002,29321.19,19086.16,1.2000000000043656,1991.4499999999935
2024|1371|4037|3|0|29|1,195611,195611,0,99599.32999999999,92705.42,74071.57,74071.57,96011.67000000001,6893.909999999989,18633.84999999999
2024|1371|4037|3|0|72|1,4887200,3987200,0,2633519.5700000003,2607416.43,1355713.06,1355713.06,1353680.4299999997,26103.14000000013,1251703.37
2024|1371|4037|4|0|15|1,0,2601600,0,2601600,2591500,2591500,2591500,0,10100,0
2024|1371|4037|4|0|72|1,120000,120000,0,3472.4999999999927,3472.5,0,0,116527.5,-7.275957614183426e-12,3472.5
2024|1371|4028|1|0|72|1,651439,3367286.66,0,3308182.48,3308182.4800000004,3308182.4800000004,3308182.4799999995,59104.18000000017,-4.656612873077393e-10,0
2024|1371|4028|1|0|95|1,0,278893.32,0,0,0,0,0,278893.32,0,0
2024|1371|4028|3|0|10|3,0,1207798.21,0,1207798.21,1207798.21,836052.49,836052.49,0,0,371745.72
2024|1371|4028|3|0|72|3,0,31049.03,0,31049.03,0,0,0,0,31049.03,0
2024|1371|4028|3|0|31|7,335212,705863,0,692956.21,692956.2100000001,692956.2100000001,692956.21,12906.790000000037,-1.1641532182693481e-10,0
2024|1371|4028|3|0|29|1,108360,108360,0,75523.35,53247.04,53247.03999999999,53247.04000000001,32836.649999999994,22276.310000000005,7.275957614183426e-12
2024|1371|4028|3|0|95|7,0,122967.6,0,0,0,0,0,122967.6,0,0
2024|1371|4028|3|0|94|1,779400,779400,0,649804.13,649802.9299999999,588599.15,588599.15,129595.87,1.2000000000698492,61203.77999999991
2024|1371|4028|3|0|72|1,2346035,2346035,0,2120123.34,2093525.04,1841685.1099999999,1841685.1099999999,225911.66000000015,26598.299999999814,251839.93000000017
2024|1371|4028|3|0|24|1,1981299,4995411.87,0,3014112.87,197686.12,94262.52,94262.52,1981299,2816426.75,103423.59999999999
2024|1371|4028|4|0|10|8,1150000,200000,0,200000,200000,200000,200000,0,0,0
2024|1371|4028|4|0|15|1,0,3082000,0,3082000,2882000,2882000,2882000,0,200000,0
2024|1371|4028|4|0|72|3,0,3985120.78,0,3985120.78,3217242.4700000007,2300255.54,2300255.54,0,767878.3099999991,916986.9300000006
2024|1371|4028|4|0|24|1,388574,6836433.24,0,6447859.239999999,3919430.8899999997,3919430.8899999997,3919430.8899999997,388574.00000000093,2528428.3499999996,0
2024|1371|4028|4|0|9|1,0,2059500.5,0,0,0,0,0,2059500.5,0,0
2024|1371|4040|3|0|72|1,39800,39800,0,14040,5375.4,5375.4,5375.4,25760,8664.6,0
2024|1371|4053|3|0|94|1,25200,25200,0,14145.29,13637.22,13136.4,13136.4,11054.71,508.0700000000015,500.8199999999997
2024|1371|4053|3|0|72|1,563668,196668,0,136824.96000000002,94916.74,94916.73999999999,94916.73999999999,59843.03999999998,41908.220000000016,1.4551915228366852e-11
2024|1371|4039|1|0|72|1,2845338,1930247.41,0,1919881.0600000003,1919881.0599999998,1919881.0599999998,1919881.0599999998,10366.349999999627,4.656612873077393e-10,0
2024|1371|4039|3|0|72|1,106172,106172,0,0,0,0,0,106172,0,0
2024|1371|4039|3|0|31|7,810486,731859,0,360362.38999999996,360362.38999999996,360362.38999999996,360362.39,371496.61000000004,0,0
2024|1371|4039|4|0|72|1,31041,21041,0,0,0,0,0,21041,0,0
2024|1371|4038|1|0|72|1,19059395,22551852.79,0,22551852,22551852,22551852,22551852.000000004,0.7899999991059303,0,0
2024|1371|4038|3|0|72|1,3614041,3861041,0,3814056.04,3482851.39,3279187.12,3279187.12,46984.95999999996,331204.6499999999,203664.27000000002
2024|1371|4038|3|0|95|1,250000,250000,0,0,0,0,0,250000,0,0
2024|1371|4038|3|0|94|1,1349400,1349400,0,913402.97,909397.7699999999,860366.8200000001,860366.8200000001,435997.03,4005.20000000007,49030.94999999984
2024|1371|4038|3|0|31|7,4281385,4581385,0,4055224.769999999,4055224.7699999996,4055224.7699999996,4055224.77,526160.2300000009,-4.656612873077393e-10,0
2024|1371|4038|3|0|52|2,12500004,2000000,0,0,0,0,0,2000000,0,0
2024|1371|4038|4|0|72|1,31563,41563,0,11189,11189,8183,8183,30374,0,3006
2024|1371|4038|4|0|95|1,120000,120000,0,0,0,0,0,120000,0,0
2024|1371|4046|1|0|72|1,47693738,1112275.24,0,1098938.9100000001,1098938.91,1098938.91,1098938.91,13336.329999999842,2.3283064365386963e-10,0
2024|1371|4046|1|0|95|1,225602,225602,0,0,0,0,0,225602,0,0
2024|1371|4046|3|0|94|1,75600,75600,0,50130.89000000001,48706.829999999994,48206.83,48206.83,25469.109999999993,1424.0600000000122,499.9999999999927
2024|1371|4046|3|0|95|7,103919,103919,0,0,0,0,0,103919,0,0
2024|1371|4046|3|0|72|1,638031,638031,0,316583.76999999996,266148.47,258237.88000000003,258237.88000000003,321447.23000000004,50435.29999999999,7910.589999999938
2024|1371|4046|3|0|29|1,420000,420000,0,0,0,0,0,420000,0,0
2024|1371|4046|3|0|31|7,13328062,12078062,0,168154.28,168154.28,168154.28,168154.28,11909907.72,0,0
2024|1371|4046|4|0|72|1,2565000,434556.94,0,0,0,0,0,434556.94,0,0
2024|1371|4045|1|0|72|1,3289604,3528345.8,0,3528344.6599999997,3528344.6599999997,3528344.6599999997,3528344.66,1.1400000001303852,0,0
2024|1371|4045|1|0|95|1,0,79683.81999999999,0,0,0,0,0,79683.81999999999,0,0
2024|1371|4045|3|0|31|7,903932,761908,0,745477.67,745477.67,745477.67,745477.6699999999,16430.329999999958,0,0
2024|1371|4045|3|0|29|1,20000,20000,0,0,0,0,0,20000,0,0
2024|1371|4045|3|0|95|7,0,35133.6,0,0,0,0,0,35133.6,0,0
2024|1371|4045|3|0|94|1,575200,575200,0,425788.74999999994,425786.55,295141.11,295141.11,149411.25000000006,2.199999999953434,130645.44
2024|1371|4045|3|0|72|1,990798,990798,0,709842.03,691399.55,684891.04,684891.0399999999,280955.97,18442.47999999998,6508.510000000009
2024|1371|4047|3|0|10|4,0,200000,0,200000,200000,200000,0,0,0,0
2024|1371|4047|3|0|15|1,0,2520000,0,2520000,2430000,2430000,2430000,0,90000,0
2024|1371|4047|3|0|29|1,161473,161473,0,0,0,0,0,161473,0,0
2024|1371|4047|3|0|94|1,578650,578650,0,5001.8,5000.8,0,0,573648.2,1,5000.8
2024|1371|4047|3|0|72|1,1477957,1477957,0,753691.13,744282.91,6920.380000000001,6920.38,724265.87,9408.219999999972,737362.53
2024|1371|4047|3|0|10|8,24116358,22103457.29,0,8853128.22,8853128.219999999,8853128.219999999,8853128.219999999,13250329.069999998,1.862645149230957e-09,0
2024|1371|4047|4|0|10|4,0,400000,0,400000,400000,400000,400000,0,0,0
2024|1371|4047|4|0|72|1,50000,50000,0,0,0,0,0,50000,0,0
2024|1371|4047|4|0|10|8,800000,1749670.93,0,0,0,0,0,1749670.93,0,0
2024|1371|1074|4|0|95|1,5505517,3505517,0,2330624,2330624,1594516,1493564.5,1174893,0,736108
2024|1371|2500|1|0|95|1,0,239051.40999999997,0,0,0,0,0,239051.40999999997,0,0
2024|1371|2500|1|0|72|1,48083140,73977655.22,0,68018617.04999998,68018617.05000001,68018617.05000001,68018617.05,5959038.170000017,-2.9802322387695312e-08,0
2024|1371|2500|3|0|95|1,0,2353,0,2353,0,0,0,0,2353,0
2024|1371|2500|3|0|29|1,0,720000,0,693976.3599999999,679774.1699999999,679763.7999999999,679763.8000000002,26023.64000000013,14202.189999999944,10.369999999995343
2024|1371|2500|3|0|94|1,819810,789810,0,735567.78,730449.01,665299.22,665299.22,54242.21999999997,5118.770000000019,65149.79000000004
2024|1371|2500|3|0|95|7,0,105400.8,0,0,0,0,0,105400.8,0,0
2024|1371|2500|3|0|9|1,0,406893.25,0,289998.19,282265.65,6998,6998,116895.06,7732.539999999979,275267.65
2024|1371|2500|3|0|72|1,15625893,17156336.06,0,16890330.23,16056436.880000003,12437637.010000002,12346908.370000001,266005.8299999982,833893.3499999978,3618799.870000001
2024|1371|2500|3|0|31|7,17217107,18017107,0,13769617.379999999,13769617.379999999,13769617.379999999,13769617.38,4247489.620000001,0,0
2024|1371|2500|4|0|72|1,248457,248457,0,139883.12,139883.12,124018.12,31268.56,108573.88,0,15865
2024|1371|2500|4|0|9|1,0,6353894.8,0,4934248.93,1564262.0299999998,290389.37,290389.37,1419645.87,3369986.9,1273872.6599999997
2024|1401|4142|3|0|10|1,3284877,3172007.18,0,3171162.01,3170671.71,2287793.19,2175974.6399999997,845.1700000003912,490.29999999981374,882878.52
2024|1401|4117|3|0|10|1,48000,15099.09,0,15099.09,12940.430000000004,12940.43,12940.430000000002,0,2158.659999999996,3.637978807091713e-12
2024|1401|4116|3|0|10|1,72000,22943.51,0,22943.510000000002,22449.780000000002,22449.78,22449.78,-3.637978807091713e-12,493.72999999999956,3.637978807091713e-12
2024|1401|4141|3|0|95|1,0,600000,0,600000,600000,224114,224114,0,0,375886
2024|1401|4141|4|0|95|1,1000,184.4,0,0,0,0,0,184.4,0,0
2024|1401|4112|4|0|24|1,0,6225.89,0,6225.89,6198.58,2526,2526,0,27.3100000000004,3672.58
2024|1401|4112|4|0|10|8,0,65000,0,65000,64930.19,54760.19,54760.19,0,69.80999999999767,10170
2024|1401|4112|4|0|97|1,0,46535.72,0,46535.72,22799,19409,19409,0,23736.72,3390
2024|1401|4112|4|0|27|1,905368,272290,0,0,0,0,0,272290,0,0
2024|1401|4112|4|0|60|1,0,496848,0,50,0,0,0,496798,50,0
2024|1401|4112|4|0|95|1,0,3570705.77,0,114320.58,114320.58,114320.58,114320.58,3456385.19,0,0
2024|1401|4140|3|0|95|1,0,5457374,0,359752.2000000001,346790.33999999997,203457.24000000002,170828.33000000002,5097621.8,12961.86000000016,143333.09999999995
2024|1401|4140|4|0|95|1,8998000,3540626,0,198624.17,178321.16999999998,161796.87000000002,161796.87000000002,3342001.83,20303.00000000003,16524.29999999996
2024|1401|1098|3|1|60|1,0,200000,0,200000,200000,85061.88,85061.88,0,0,114938.12
2024|1401|1098|3|1|10|1,1000,1000,0,0,0,0,0,1000,0,0
2024|1401|1098|4|1|10|8,190000,0,0,0,0,0,0,0,0,0
2024|1401|4120|3|0|24|1,0,104953.42,0,104953.42,104953.42,104953.42,104953.42,0,0,0
2024|1401|4120|3|0|10|8,360000,170000,0,170000,169999.96,0,0,0,0.04000000000814907,169999.96
2024|1401|4120|3|0|60|1,0,211901,0,211901,211304.18,136702.7,136702.7,0,596.820000000007,74601.47999999998
2024|1401|4120|3|0|66|1,0,341455.7,0,341455.7,62058.549999999996,33168.66,33168.66,0,279397.15,28889.889999999992
2024|1401|4120|3|0|27|1,1274901,823506.99,0,823389.6,823035.1499999999,144916.31,144916.31,117.39000000001397,354.45000000006985,678118.8399999999
2024|1401|4120|3|0|70|1,128000,270483.25,0,222483.25,112932.35,112932.35,112932.35,48000,109550.9,0
2024|1401|4120|4|0|10|8,1384950,0,0,0,0,0,0,0,0,0
2024|1401|4120|4|0|15|1,0,4450000,0,4450000,4448950.94,213417.52000000002,213417.52,0,1049.0599999995902,4235533.42
2024|1401|4120|4|0|27|1,392799,299700,0,299700,294889,248953,0,0,4811,45936
2024|1401|4120|4|0|97|1,0,1541316.05,0,1541316.05,539919.56,528021,504200,0,1001396.49,11898.560000000056
2024|1401|4120|4|0|70|1,623500,768576.09,0,500997.07,401314.42999999993,216372.14,216372.14,267579.01999999996,99682.64000000007,184942.28999999992
2024|1401|4113|3|0|66|1,0,693.25,0,693.25,0,0,0,0,693.25,0
2024|1401|4113|3|0|27|1,7400837,7034443.69,0,7033394.209999999,7033329.750000001,5119372.12,5114750.369999999,1049.4800000013784,64.4599999981001,1913957.6300000008
2024|1401|4113|3|0|70|1,155000,123490.04,0,3323.3700000000013,2963.96,2963.96,2963.96,120166.67,359.4100000000012,0
2024|1401|4113|3|0|60|1,0,1730067.27,0,1449376.27,1449376.27,402915.62,402915.62,280691,0,1046460.65
2024|1401|4113|4|0|24|1,0,36.04,0,36.04,0,0,0,0,36.04,0
2024|1401|4113|4|0|97|1,0,33416,0,33416,33152.19,33152.19,33152.19,0,263.8099999999977,0
2024|1401|4113|4|0|66|1,0,20841.38,0,20841.379999999997,20837.019999999997,0,0,3.637978807091713e-12,4.360000000000582,20837.019999999997
2024|1401|4113|4|0|70|1,95000,90070.6,0,70.60000000000127,0,0,0,90000,70.60000000000127,0
2024|1401|4138|3|0|60|2,0,5820077.36,0,5820077.36,5820027.359999999,4360226.9,4360226.9,0,50.00000000093132,1459800.459999999
2024|1401|4138|3|0|10|1,3709425,3566983.79,0,3454296.81,3451871.7800000017,2930695.740000001,2881128.210000001,112686.97999999998,2425.029999998398,521176.0400000005
2024|1401|4138|4|0|60|2,0,1872745,0,1872745,1869537.5699999998,1525911.2300000002,875322.0599999999,0,3207.4300000001676,343626.3399999996
2024|1401|2021|1|0|10|1,25223803,26780569,0,26544501.569999997,26544501.569999997,26544501.569999997,26544501.570000004,236067.43000000343,0,0
2024|1401|2021|3|0|10|1,82609,118272.18,0,118272.18,117693.23,117693.23,117693.23000000001,0,578.9499999999971,0
2024|1401|2021|3|0|60|2,0,931015.88,0,931015.88,929562.4500000002,403746.83,303522.24,0,1453.4299999998184,525815.6200000001
2024|1401|2021|3|0|10|7,1432310,1432310,0,1284840.63,1284840.63,1284840.63,1284840.63,147469.3700000001,0,0
2024|1401|2021|4|0|60|2,0,54173,0,54173,54161.47,45437.21,43974.96,0,11.529999999998836,8724.260000000002
2024|1401|4119|1|0|10|1,32355406,37047792,0,28151515.65,28151515.65,28151515.65,28151515.65,8896276.350000001,0,0
2024|1401|4119|3|0|60|1,4468014,5250163.29,0,5250163.29,5247945.139999998,4102646.449999999,4024870.0399999977,0,2218.150000002235,1145298.689999999
2024|1401|4119|3|0|66|1,0,507328,0,507328,286102.8800000002,286102.8800000002,286102.8800000002,0,221225.11999999982,0
2024|1401|4119|3|0|10|1,3502390,2574581.91,0,2315748.91,2314725.469999998,1977131.7999999975,1924653.5899999985,258833,1023.4400000022724,337593.6700000004
2024|1401|4119|3|0|10|7,2847362,5533010,0,3059284.54,3059284.54,3059284.54,3059284.54,2473725.46,0,0
2024|1401|4119|4|0|10|8,150000,0,0,0,0,0,0,0,0,0
2024|1401|4119|4|0|66|1,0,9631.46,0,9631.459999999995,8686.94,1307.98,1307.98,3.637978807091713e-12,944.519999999995,7378.960000000001
2024|1401|4114|1|0|10|1,319187588,347717520.63,0,342615987.85999995,342615987.86,342615987.86,342615987.86,5101532.7700000405,-5.960464477539063e-08,0
2024|1401|4114|3|0|53|1,0,5324.91,0,5324.91,5324.91,5324.91,5324.91,0,0,0
2024|1401|4114|3|0|70|1,0,48818.82,0,48818.81999999999,48231.53,40551.53,40551.53,7.275957614183426e-12,587.2899999999936,7680
2024|1401|4114|3|0|60|1,0,1169970.44,0,1169920.4400000002,1158793.5999999994,364053.86,364053.86,49.99999999976717,11126.840000000782,794739.7399999994
2024|1401|4114|3|0|95|1,0,1315.57,0,0,0,0,0,1315.57,0,0
2024|1401|4114|3|0|10|1,8128336,10406157.31,0,10381820.13,10377021.019999998,8855727.02,8662900.910000004,24337.179999999702,4799.110000003129,1521293.9999999981
2024|1401|4114|3|0|27|1,6635355,4085137.95,0,3863736.079999999,3861993.4800000004,3510086.2400000007,3497851.55,221401.87000000104,1742.5999999986961,351907.23999999976
2024|1401|4114|3|0|10|7,12873529,18418223,0,16513471.18,16513471.18,16513471.18,16513471.18,1904751.8200000003,0,0
2024|1401|4114|4|0|27|1,643100,0,0,0,0,0,0,0,0,0
2024|1401|4114|4|0|10|8,0,11151.59,0,11151.59,11136,0,0,0,15.590000000000146,11136
2024|1401|4114|4|0|60|1,0,643100,0,643100,640131.02,121002,121002,0,2968.9799999999814,519129.02
2024|1401|4114|4|0|70|1,20000,102581.52,0,92581.52,84456.34,411.34000000000003,411.34000000000003,10000,8125.180000000008,84045
2024|1401|4115|1|0|10|1,436546170,437526914,0,432847650.05999976,432847650.05999994,432847650.05999994,432847650.06,4679263.940000236,-1.7881393432617188e-07,0
2024|1401|4115|3|0|53|1,0,1345.82,0,1345.82,1345.82,1345.82,1345.82,0,0,0
2024|1401|4115|3|0|27|1,0,126538.34,0,126538.34,126538.34,126538.34,126538.34,0,0,0
2024|1401|4115|3|0|60|1,0,478328.26,0,478328.26,477889.52,0,0,0,438.7399999999907,477889.52
2024|1401|4115|3|0|15|1,0,150000,0,150000,149375.67999999996,3112.08,3112.08,0,624.3200000000361,146263.59999999998
2024|1401|4115|3|0|10|8,520000,451300,0,451300,449556.02999999997,120877.14,120798.48000000001,0,1743.9700000000303,328678.88999999996
2024|1401|4115|3|0|66|1,179765,75914.78,0,75914.78,68525.5,65105.2,65105.200000000004,0,7389.279999999999,3420.300000000003
2024|1401|4115|3|0|97|1,0,936.97,0,936.9,0,0,0,0.07000000000005002,936.9,0
2024|1401|4115|3|0|70|1,1171250,400091.14,0,347194.5300000001,238499.57,158916.28999999998,158916.28999999998,52896.60999999993,108694.96000000008,79583.28000000003
2024|1401|4115|3|0|10|1,12719680,11183379.86,0,10833832.16,10823441.609999996,8507437.520000001,8115532.699999997,349547.69999999925,10390.55000000447,2316004.0899999943
2024|1401|4115|3|0|10|7,31666121,31427905,0,30235996.349999998,30235996.349999998,30235996.349999998,30235996.35,1191908.6500000022,0,0
2024|1401|4115|3|0|24|1,2631200,3028400.24,0,544845.87,441557.1,441557.1,441557.1,2483554.37,103288.77000000002,0
2024|1401|4115|4|0|66|1,0,29673.65,0,29673.650000000023,29582.200000000004,29582.200000000004,29582.200000000004,-2.1827872842550278e-11,91.45000000001892,0
2024|1401|4115|4|0|10|1,0,37260,0,37260,37260,37260,3134,0,0,0
2024|1401|4115|4|0|27|1,54000,0,0,0,0,0,0,0,0,0
2024|1401|4115|4|0|9|1,206000,0,0,0,0,0,0,0,0,0
2024|1401|4115|4|0|15|1,0,2219793,0,2219793,2219791.2600000002,90672.48999999999,62112.49,0,1.7399999997578561,2129118.7700000005
2024|1401|4115|4|0|10|4,0,400000,0,400000,399995.48,28560,28560,0,4.5200000000186265,371435.48
2024|1401|4115|4|0|10|8,4710000,3584650,0,3584650,3584116.8,1171943.7999999998,1014514.44,0,533.2000000001863,2412173
2024|1401|4115|4|0|98|1,0,480000,0,480000,0,0,0,0,480000,0
2024|1401|4115|4|0|10|3,0,586461.92,0,586302.46,514174.4,0,0,159.46000000007916,72128.05999999994,514174.4
2024|1401|4115|4|0|97|1,0,403912.33,0,401412.33,266683.44,202739.44,202739.44,2500,134728.89,63944
2024|1401|4115|4|0|70|1,1249750,2739379.97,0,2730879.9699999993,2259231.47,443331.31,443331.30999999994,8500.000000000931,471648.49999999907,1815900.1600000001
2024|1401|4115|4|0|60|1,0,54000,0,0,0,0,0,54000,0,0
2024|1401|4115|4|0|1|1,2587880,2683404.44,0,95524.43999999999,95524.44,95524.44,95524.44,2587880,-1.4551915228366852e-11,0
2024|1401|4115|4|0|24|1,4132200,4850792.62,0,908531.6199999999,907788.04,907788.04,907788.04,3942261,743.5799999998417,0
2024|1401|4115|4|0|2|1,16736392,17268853.92,0,12006287.520000001,11937764.06,463938.46,463938.46,5262566.4,68523.4600000009,11473825.6
2024|1401|4094|3|0|15|1,0,550000,0,550000,548717.44,20806.45,20806.45,0,1282.5600000000559,527910.99
2024|1401|4094|3|0|10|8,930000,910000,0,910000,906879.14,302638.11,298404.11,0,3120.859999999986,604241.03
2024|1401|4094|3|0|10|1,6147590,5850789.79,0,5850119.130000001,5848297.250000001,5297037.96,5112582.95,670.6599999992177,1821.8799999998882,551259.290000001
2024|1401|4094|3|0|70|1,157000,152851.6,0,2851.6000000000004,2851.6,2851.6,2851.6,150000,4.547473508864641e-13,0
2024|1401|4094|4|0|15|1,0,1270000,0,1270000,1269004.1099999999,96495.75,84213,0,995.8900000001304,1172508.3599999999
2024|1401|4094|4|0|10|8,13820000,13197000,0,13195000,13181752.12,609590.76,565452.76,2000,13247.88000000082,12572161.36
2024|1401|4094|4|0|70|1,60000,50000,0,0,0,0,0,50000,0,0
2024|1401|4556|4|0|95|1,1000,1000,0,0,0,0,0,1000,0,0
2024|1401|7010|3|0|10|7,1132345,1132345,0,1035644.7300000003,1035644.73,1035644.73,1035644.73,96700.26999999967,3.4924596548080444e-10,0
2024|1401|2500|1|0|10|1,1527048,2185488,0,1731407.8299999998,1731407.8299999998,1731407.8299999998,1731407.8299999996,454080.17000000016,0,0
2024|1401|2500|3|0|60|1,0,5074196.18,0,5074196.18,5073062.05,4612014.04,4612014.04,0,1134.1299999998882,461048.0099999998
2024|1401|2500|3|0|10|1,2180,653112.38,0,653112.38,646882.6299999998,646882.6299999999,646882.6299999999,0,6229.750000000233,-1.1641532182693481e-10
2024|1401|2500|3|0|10|7,433324,433324,0,390080.9699999999,390080.97000000003,390080.97000000003,390080.97000000003,43243.030000000086,-1.1641532182693481e-10,0
2024|1401|7007|1|0|10|1,665960356,692007844,0,685594894.22,685594894.22,685594894.22,685594894.22,6412949.779999971,0,0
2024|1441|7004|1|0|10|9,1000,1000,0,0,0,0,0,1000,0,0
2024|1441|7006|1|0|10|5,1000000,1000000,0,0,522533.5999999999,522533.5999999999,522533.60000000003,1000000,-522533.5999999999,0
2024|1441|7006|1|0|43|5,63641237,63641237,0,0,58644331.739999995,58644331.739999995,58644331.74,63641237,-58644331.739999995,0
2024|1441|7006|1|0|42|5,95066258,95066258,0,0,81205092.52,81205092.52,81205092.52000001,95066258,-81205092.52,0
2024|1441|1099|3|0|10|1,1000,1000,0,0,0,0,0,1000,0,0
2024|1441|1050|3|0|10|1,1000,1000,0,0,0,0,0,1000,0,0
2024|1441|4033|3|0|10|1,1000,1000,0,0,0,0,0,1000,0,0
2024|1441|2068|3|0|10|1,300000,300000,0,0,276474.06000000006,247377.34999999995,247377.34999999998,300000,-276474.06000000006,29096.71000000011
2024|1441|4150|3|0|60|1,12887742,12887742,0,0,0,0,0,12887742,0,0
2024|1441|4150|3|0|10|1,146199000,146199000,0,0,140194443.62,118744278.75,118507265.48000003,146199000,-140194443.62,21450164.870000005
2024|1441|4150|4|0|60|1,9000000,9000000,0,0,0,0,0,9000000,0,0
2024|1441|4150|4|0|10|1,14703806,14703806,0,0,14380121.5,8840031.35,8823031.35,14703806,-14380121.5,5540090.15
2024|1441|4193|1|0|10|1,660050026,660050026,0,0,649049618.72,649049618.72,649049618.7199999,660050026,-649049618.72,0
2024|1441|4193|3|0|10|7,30923900,30923900,0,0,26209391.89,26209391.89,26209391.89,30923900,-26209391.89,0
2024|1451|4347|3|0|10|3,0,47068.91,0,47068.91,0,0,0,0,47068.91,0
2024|1451|4347|3|0|24|1,0,135511.74,0,135511.74,0,0,0,0,135511.74,0
2024|1451|4347|4|0|24|1,0,6493.56,0,6493.56,0,0,0,0,6493.56,0
2024|1451|4347|4|0|1|1,100000,100000,0,0,0,0,0,100000,0,0
2024|1451|4344|1|0|10|1,3699572,3057839,0,3057837.67,3057837.67,3057837.67,3057837.67,1.3300000000745058,0,0
2024|1451|4344|3|0|10|8,200000,0,0,0,0,0,0,0,0,0
2024|1451|4344|3|0|10|1,47098929,46692309.010000005,0,46688509.01000002,46355129.739999995,45837137.30000001,45506458.96000001,3799.999999985099,333379.27000002563,517992.4399999827
2024|1451|4344|3|0|27|7,728097,664380,0,638963.5700000001,638963.5700000001,638963.5700000001,638963.57,25416.429999999935,0,0
2024|1451|4344|4|0|1|1,0,74324.62,0,74324.62,74324.62,74324.62,74324.62,0,0,0
2024|1451|4344|4|0|10|8,0,200000,0,200000,199599,0,0,0,401,199599
2024|1451|4344|4|0|10|3,0,8988.61,0,8988.609999999999,856,856,856,1.8189894035458565e-12,8132.609999999999,0
2024|1451|1047|3|0|95|1,0,20436128.85,0,20386128.85,20386128.85,16455376.65,15586159.6,50000,0,3930752.200000001
2024|1451|1047|4|0|95|1,26150000,5713871.15,0,1900000,0,0,0,3813871.1500000004,1900000,0
2024|1451|4350|3|0|10|1,25740000,20161084.4,0,20161084.400000002,20161084.3,16500894.769999998,16500894.77,-3.725290298461914e-09,0.10000000149011612,3660189.530000003
2024|1451|4350|4|0|24|1,0,209000.5,0,209000.5,193104,103104,103104,0,15896.5,90000
2024|1451|4350|4|0|10|3,0,5724.56,0,5280.59,4295.99,4295.99,4295.99,443.97000000000025,984.6000000000004,0
2024|1451|1048|3|1|10|8,422738,50950,0,50950,50800,50800,0,0,150,0
2024|1451|1048|3|1|10|3,0,10316.42,0,10316.42,0,0,0,0,10316.42,0
2024|1451|1048|3|1|10|1,1176090,2387558.0900000003,0,2387558.09,2387558.09,11811.91,11811.91,4.656612873077393e-10,0,2375746.1799999997
2024|1451|1048|3|1|24|1,576888,1093803.87,0,919201.25,65666,0,0,174602.6200000001,853535.25,65666
2024|1451|1048|4|1|10|1,11567878,26810581.25,0,26810581.25,26720639.67,7195135.249999999,7195135.25,0,89941.57999999821,19525504.42
2024|1451|1048|4|1|15|1,0,1628818,0,1628818,1491190,1103200,1103200,0,137628,387990
2024|1451|1048|4|1|10|8,3462986,2495706,0,2495706,2337621.83,1784888.31,1592898.25,0,158084.16999999993,552733.52
2024|1451|1048|4|1|10|3,0,657809.92,0,657766.92,395049.81,386402.81,386402.81,43,262717.11000000004,8647
2024|1451|1048|4|1|97|1,0,659019.2,0,597961,569170.1799999999,266223,227098.56,61058.19999999995,28790.820000000065,302947.17999999993
2024|1451|1048|4|1|3|1,0,117043,0,0,0,0,0,117043,0,0
2024|1451|1048|4|1|1|1,1326115,1746080.64,0,1045806.6399999999,614775.5,551086.46,551086.46,700274,431031.1399999999,63689.04000000004
2024|1451|1048|4|1|24|1,3669100,7579168.36,0,4013287.5600000005,2633843.8499999996,2442249.85,1657563.8499999999,3565880.8,1379443.710000001,191593.99999999953
2024|1451|1048|4|1|2|1,0,5412824,0,0,0,0,0,5412824,0,0
2024|1451|4351|3|0|10|1,107752397,98366065.02,0,98366065.02000001,98366064.02,97863594.66,97863594.66000001,-1.4901161193847656e-08,1.0000000149011612,502469.3599999994
2024|1451|4351|4|0|97|1,0,150000,0,150000,150000,150000,150000,0,0,0
2024|1451|4351|4|0|10|4,0,1000000,0,1000000,997689,977349,902349,0,2311,20340
2024|1451|4351|4|0|24|1,6627597,6627597,0,0,0,0,0,6627597,0,0
2024|1451|4353|1|0|57|2,0,1168484.67,0,1072237.28,1072237.28,1072237.28,1072237.28,96247.3899999999,0,0
2024|1451|4353|1|0|10|1,109973068,117772108,0,117162310.71,117162310.70999998,117162310.70999998,117162310.71,609797.2900000066,1.4901161193847656e-08,0
2024|1451|4353|3|0|10|7,4302585,6958951,0,6956928.58,6956928.58,6956928.58,6956928.58,2022.4199999999255,0,0
2024|1451|4353|3|0|10|1,40238350,25085355.78,0,25044355.769999992,23585557.369999997,17282216.259999998,17073942.599999998,41000.01000000909,1458798.3999999948,6303341.109999999
2024|1451|4353|4|0|10|1,15734308,9801467.87,0,9801467.870000001,9799453.530000001,3172386.4899999998,3169593.49,-1.862645149230957e-09,2014.339999999851,6627067.040000001
2024|1451|4348|1|0|10|1,642920989,949889071,0,949889070.6400001,949872815.5699999,949870555.05,949795119.69,0.3599998950958252,16255.070000171661,2260.5199999809265
2024|1451|4348|1|0|27|1,1428362635,1342092098.6,0,1342092098.06,1342092098.06,1342092098.06,1342092098.0600004,0.5399999618530273,0,0
2024|1451|4348|1|0|57|2,0,571966.24,0,352613.93999999994,352613.93999999994,352613.93999999994,352613.94,219352.30000000005,0,0
2024|1451|4348|3|0|9|1,0,1569200.13,0,1569200.13,1569200.13,36760.79,1286.63,0,0,1532439.3399999999
2024|1451|4348|3|0|15|1,0,100000,0,100000,99993.48999999999,17564,17564,0,6.510000000009313,82429.48999999999
2024|1451|4348|3|0|10|8,676249,1122745.37,0,1122745.37,1121804.52,891454.1200000001,891454.12,0,940.8500000000931,230350.3999999999
2024|1451|4348|3|0|24|1,0,559445.36,0,559445.36,259435,259435,259435,0,300010.36,0
2024|1451|4348|3|0|27|7,156389589,162082541,0,162082540.38999996,162082540.39,162082540.39,162082540.39000002,0.6100000441074371,-2.9802322387695312e-08,0
2024|1451|4348|3|0|60|1,3760773,3760773,0,3746821.090000001,3708319.36,2935017.01,2931980.7600000002,13951.909999999218,38501.73000000091,773302.3500000001
2024|1451|4348|3|0|61|1,59960,59960,0,41972,36606.4,36606.4,36606.4,17988,5365.5999999999985,0
2024|1451|4348|3|0|10|1,623727458,640396199.8199999,0,640236801.4599999,639615976.27,563119348.4500002,562908984.64,159398.3600000143,620825.189999938,76496627.81999981
2024|1451|4348|4|0|10|3,0,34933.88,0,34933.88,34723.65,34476.65,34476.65,0,210.22999999999593,247
2024|1451|4348|4|0|10|8,720633,446042.43,0,446042.43,444766.87000000005,167705.14,167705.14,0,1275.5599999999395,277061.73000000004
2024|1451|4348|4|0|10|1,3229473,2282375.06,0,2282375.06,2278211.1999999997,487128.76,363215.42,0,4163.860000000335,1791082.4399999997
2024|1451|4348|4|0|24|1,0,749637.04,0,749637.0399999999,572725.54,406182.87,371883.14999999997,1.1641532182693481e-10,176911.49999999988,166542.67000000004
2024|1451|4375|3|0|1|1,0,382.44,0,382.44,140.84,140.84,140.84,0,241.6,0
2024|1451|4375|3|0|10|3,0,2.8,0,0,0,0,0,2.8,0,0
2024|1451|4375|3|0|10|1,142945,34498,0,25405.619999999995,25405.620000000003,25405.620000000003,25405.62,9092.380000000005,-7.275957614183426e-12,0
2024|1451|4375|4|0|1|1,100000,100000,0,0,0,0,0,100000,0,0
2024|1451|4377|3|0|10|1,147290,73212.04,0,73212.04000000001,73212.04000000001,67295.52,66864.73999999999,-1.4551915228366852e-11,0,5916.520000000004
2024|1451|1054|3|0|10|1,1000,84000,0,84000,84000,84000,84000,0,0,0
2024|1451|4379|3|0|10|1,1299702,2769677.42,0,2769677.42,2750888.920000001,2750888.920000001,2750888.9200000013,0,18788.49999999907,0
2024|1451|4379|3|0|24|1,244200,488400,0,244200,129896.07,0,0,244200,114303.93,129896.07
2024|1451|4379|4|0|15|1,0,16232.76,0,16232.76,16225.34,15125.34,15125.34,0,7.420000000000073,1100
2024|1451|4379|4|0|10|3,0,6217.16,0,6217.16,0,0,0,0,6217.16,0
2024|1451|4379|4|0|24|1,724658,1133908.99,0,409250.99,0,0,0,724658,409250.99,0
2024|1451|4378|1|1|10|1,17002553,25240818,0,25161995.270000003,25161995.270000003,25161995.270000003,25161995.269999996,78822.72999999672,0,0
2024|1451|4378|3|1|24|1,0,1450092.13,0,1450092.13,1431081.98,1431081.98,1431081.98,0,19010.149999999907,0
2024|1451|4378|3|1|10|1,18318994,18958287.01,0,18958287.009999998,18937342.819999997,15664846.580000002,15651236.910000002,3.725290298461914e-09,20944.19000000134,3272496.2399999946
2024|1451|4378|3|1|27|7,2957065,4375799,0,4375798.729999999,4375798.73,4375798.73,4375798.73,0.2700000014156103,-1.862645149230957e-09,0
2024|1451|4378|3|1|1|1,1000,1000,0,0,0,0,0,1000,0,0
2024|1451|4378|4|1|15|1,0,200000,0,200000,200000,200000,200000,0,0,0
2024|1451|4378|4|1|10|3,0,774,0,774,0,0,0,0,774,0
2024|1451|4378|4|1|10|1,3899230,3943329.6,0,3941975.4800000004,3941975.48,3675021.45,3675021.45,1354.119999999646,4.656612873077393e-10,266954.0299999998
2024|1451|4378|4|1|1|1,32794,298700.5,0,265906.5,0,0,0,32794,265906.5,0
2024|1451|4376|3|0|10|1,39300637,39300637,0,39300634.42999999,37565289.519999996,37547341.58999999,37546336.95,2.570000007748604,1735344.9099999964,17947.930000007153
2024|1451|4438|1|0|10|1,44469,13596,0,0,0,0,0,13596,0,0
2024|1451|4438|3|0|10|1,301826,428502.65,0,428502.65,347021.42,343828.70999999996,343828.71,0,81481.23000000004,3192.710000000021
2024|1451|4438|3|0|10|7,48930,48930,0,2627.86,2627.86,2627.86,2627.86,46302.14,0,0
2024|1451|4438|3|0|10|8,4000000,4000000,0,0,0,0,0,4000000,0,0
2024|1451|4437|3|0|10|1,14491614,10095886.620000001,0,10095886.62,9909780.24,9706006.819999998,9139366.74,1.862645149230957e-09,186106.37999999896,203773.4200000018
2024|1451|4437|3|0|10|8,4800000,4800000,0,0,0,0,0,4800000,0,0
2024|1451|4437|4|0|10|8,0,182000,0,182000,182000,182000,182000,0,0,0
2024|1451|4437|4|0|10|1,4120008,126063,0,126063,126063,113303,113303,0,0,12760
2024|1451|4443|1|0|57|2,0,80102.52,0,65738.03,65738.03,65738.03,65738.03,14364.490000000005,0,0
2024|1451|4443|1|0|10|1,19441505,18516121,0,18195786.549999993,18195786.55,18195786.55,18195786.55,320334.4500000067,-7.450580596923828e-09,0
2024|1451|4443|3|0|10|1,1270665,415133.66,0,415133.66000000003,301945.32,188968.02,188968.02,-5.820766091346741e-11,113188.34000000003,112977.30000000002
2024|1451|4443|3|0|10|7,1139891,1563948,0,1557101.7,1557101.7000000002,1557101.7000000002,1557101.7,6846.300000000047,-2.3283064365386963e-10,0
2024|1451|4443|4|0|10|1,266,374888.87,0,374888.87,204490.51,108490.51,108490.51,0,170398.36,96000
2024|1451|4441|1|1|10|1,164434587,165685025,0,165685024.06999996,165607846.72,165607846.72,165607846.71999997,0.9300000369548798,77177.34999996424,0
2024|1451|4441|1|1|57|2,0,61357.52,0,5629.13,5629.13,5629.13,5629.13,55728.39,0,0
2024|1451|4441|3|1|27|7,12069168,12409662,0,12409661.980000002,12409661.98,12409661.98,12409661.98,0.019999997690320015,1.862645149230957e-09,0
2024|1451|4441|3|1|10|1,25298182,25563570.269999996,0,25563204.440000005,25247562.619999994,22318430.600000005,21886486.299999997,365.8299999907613,315641.8200000115,2929132.0199999884
2024|1451|4441|4|1|10|1,0,2846018.17,0,2846018.1700000004,2830393,899263.2799999999,899263.2799999999,-4.656612873077393e-10,15625.170000000391,1931129.7200000002
2024|1451|4441|4|1|10|8,0,227734,0,227734,227730.35,157500,157500,0,3.6499999999941792,70230.35
2024|1451|4441|4|1|24|1,29500000,29500000,0,0,0,0,0,29500000,0,0
2024|1451|4442|1|0|10|1,15016612,21281284,0,21281283.050000004,21281283.049999997,21281283.049999997,21281283.050000004,0.9499999955296516,7.450580596923828e-09,0
2024|1451|4442|1|0|57|2,0,5000,0,0,0,0,0,5000,0,0
2024|1451|4442|3|0|10|1,174228915,172120005,0,172120005,172120005,172120005,172120005,0,0,0
2024|1451|4442|3|0|27|7,1964107,2240629,0,2240628.92,2240628.92,2240628.92,2240628.92,0.0800000000745058,0,0
2024|1451|4442|3|0|24|1,1807896,1807896,0,0,0,0,0,1807896,0,0
2024|1451|2500|1|0|10|1,84639268,97465364,0,97465363.84,97465363.84,97161176.64,97159948.82999998,0.1599999964237213,0,304187.200000003
2024|1451|2500|1|0|57|2,0,6613.06,0,4814.62,4814.62,4814.62,4814.62,1798.4400000000005,0,0
2024|1451|2500|3|0|27|7,18605231,17985149,0,17985148.529999994,17985148.53,17985148.53,17985148.529999997,0.4700000062584877,-7.450580596923828e-09,0
2024|1451|2500|3|0|10|1,21643015,18084221.349999998,0,18083041.480000004,17723638.55,15681435.770000001,15201486.909999998,1179.8699999935925,359402.9300000034,2042202.7799999993
2024|1451|2500|4|0|10|8,445158,0,0,0,0,0,0,0,0,0
2024|1481|4154|1|0|10|1,1239028,319959,0,115003.58,115003.58000000002,115003.58000000002,115003.57999999999,204955.41999999998,-1.4551915228366852e-11,0
2024|1481|4154|1|0|71|1,0,836254.3300000001,0,629749.15,629749.15,629749.15,629749.1500000001,206505.18000000005,0,0
2024|1481|4154|3|0|10|8,0,240000,0,240000,100000,0,0,0,140000,100000
2024|1481|4154|3|0|10|4,0,1290000,0,1290000,1020000,0,0,0,270000,1020000
2024|1481|4154|3|0|10|1,280438,6084.37,0,0,0,0,0,6084.37,0,0
2024|1481|4154|3|0|71|7,0,156728,0,95625,95625,95625,95625,61103,0,0
2024|1481|4154|3|0|71|1,0,1834734.1099999999,0,1560380.48,252464.37,224858.11999999997,223374.35,274353.6299999999,1307916.1099999999,27606.25000000003
2024|1481|4154|3|0|10|7,323799,323799,0,11920.5,11920.5,11920.5,11920.5,311878.5,0,0
2024|1481|4154|4|0|1|1,0,24659.63,0,24659.63,24659.63,24659.63,24659.63,0,0,0
2024|1481|4154|4|0|10|8,350000,0,0,0,0,0,0,0,0,0
2024|1481|4154|4|0|24|1,0,24659.63,0,0,0,0,0,24659.63,0,0
2024|1481|4157|3|0|10|1,333109,0,0,0,0,0,0,0,0,0
2024|1481|4157|3|0|71|1,0,8703689.68,0,8351844.84,8345460.359999999,299156.88,295284.2,351844.83999999985,6384.480000000447,8046303.4799999995
2024|1481|4157|4|0|71|1,0,1715070,0,1528332.62,1354799.98,0,0,186737.3799999999,173532.64000000013,1354799.98
2024|1481|4153|1|0|10|1,3448145,666404,0,546740.88,546740.88,546740.88,546740.88,119663.12,0,0
2024|1481|4153|1|0|71|1,0,3654107.7,0,3075448.37,3075448.3699999996,3075448.3699999996,3075448.3699999996,578659.3300000001,4.656612873077393e-10,0
2024|1481|4153|3|0|10|8,200000,200000,0,200000,200000,0,0,0,0,200000
2024|1481|4153|3|0|71|7,0,675360.5,0,528463.5,528463.5,528463.5,528463.5,146897,0,0
2024|1481|4153|3|0|10|1,1640791,382040,0,0,0,0,0,382040,0,0
2024|1481|4153|3|0|10|7,561252,561252,0,54237,54237,54237,54237,507015,0,0
2024|1481|4153|3|0|71|1,0,2908926.74,0,1650175.74,1606577.23,1383105.3300000003,1267998.6900000002,1258751,43598.51000000001,223471.89999999967
2024|1481|4153|4|0|71|1,0,809.32,0,809.32,0,0,0,0,809.32,0
2024|1481|4158|1|1|71|1,0,1180129.34,0,856236.5799999998,856236.58,856236.58,856236.58,323892.76000000024,-1.1641532182693481e-10,0
2024|1481|4158|1|1|10|1,1831018,914353,0,537199.1,537199.1,537199.1,537199.1,377153.9,0,0
2024|1481|4158|3|1|24|1,0,5639.93,0,5639.93,5639.93,5639.93,5639.93,0,0,0
2024|1481|4158|3|1|10|8,8900000,0,0,0,0,0,0,0,0,0
2024|1481|4158|3|1|15|1,0,965562.02,0,965562.02,963562.02,963562.02,963562.02,0,2000,0
2024|1481|4158|3|1|10|1,127940,592.85,0,0,0,0,0,592.85,0,0
2024|1481|4158|3|1|71|7,0,196985,0,114510,114510,114510,114510,82475,0,0
2024|1481|4158|3|1|71|1,0,13344701.59,0,13217354.44,12227695.179999998,89045.94,82571.49,127347.15000000037,989659.2600000016,12138649.239999998
2024|1481|4158|3|1|10|7,280626,280626,0,72130.5,72130.5,72130.5,72130.5,208495.5,0,0
2024|1481|4165|1|0|10|1,180770,405311.34,0,405310.55000000005,405310.54999999993,405310.54999999993,405310.55000000005,0.7899999999790452,1.1641532182693481e-10,0
2024|1481|4165|3|0|10|7,64760,88769,0,81882,81882,81882,81882,6887,0,0
2024|1481|4163|1|1|10|1,356594,356594,0,0,0,0,0,356594,0,0
2024|1481|4163|3|1|38|1,1075402,1080402,0,1080402,1076520.55,1076520.55,1076520.55,0,3881.4499999999534,0
2024|1481|4163|3|1|10|1,467000,465710,0,445710,12940.57,12940.57,12940.57,20000,432769.43,0
2024|1481|4163|3|1|10|7,43172,21508,0,0,0,0,0,21508,0,0
2024|1481|4164|1|0|10|1,787203,1369902,0,1365530.8699999999,1365530.87,1365530.87,1365530.8699999999,4371.130000000121,-2.3283064365386963e-10,0
2024|1481|4164|3|0|10|1,24432,0,0,0,0,0,0,0,0,0
2024|1481|4164|3|0|10|7,194280,163602,0,163602,163602,163602,163602,0,0,0
2024|1481|4164|3|0|38|1,1655039,1571107.43,0,518810.69999999995,227810.7,227810.7,227810.7,1052296.73,290999.99999999994,0
2024|1481|4164|3|0|59|1,3900000,2730000,0,646218.64,646218.64,646218.64,646218.64,2083781.3599999999,0,0
2024|1481|4167|1|0|10|1,1941021,915832,0,756300.5499999999,756300.5499999998,756300.5499999998,756300.55,159531.45000000007,1.1641532182693481e-10,0
2024|1481|4167|3|0|10|1,773134,769509.1,0,746588.7999999999,694178.1100000001,594895.8200000001,524020.45999999996,22920.300000000047,52410.68999999983,99282.29000000004
2024|1481|4167|3|0|38|1,749500,368000,0,216133.14,153140.26,25977.4,25977.4,151866.86,62992.880000000005,127162.86000000002
2024|1481|4167|3|0|10|7,259040,259040,0,102283.5,102283.5,102283.5,102283.5,156756.5,0,0
2024|1481|4167|4|0|10|1,79968,79968,0,79968,79968,0,0,0,0,79968
2024|1481|4514|1|0|10|1,606741,606741,0,295787.42,295787.42,295787.42,295787.42,310953.58,0,0
2024|1481|4514|3|0|10|1,0,4914.9,0,4914.9,3900.0999999999995,3900.1000000000004,3900.1,0,1014.8000000000002,-9.094947017729282e-13
2024|1481|4514|3|0|10|7,151107,151107,0,83034,83034,83034,83034,68073,0,0
2024|1481|4514|3|0|38|1,1812670,745297.86,0,305721.7,1561.7000000000007,1561.7,1561.7,439576.16,304160,6.821210263296962e-13
2024|1481|4514|3|0|24|1,1289529,1289529,0,0,0,0,0,1289529,0,0
2024|1481|4169|1|0|10|1,664698,664698,0,297088.20999999996,297088.20999999996,297088.20999999996,297088.20999999996,367609.79000000004,0,0
2024|1481|4169|3|0|10|1,608170,608170,0,608170,602296,602296,506546,0,5874,0
2024|1481|4169|3|0|10|7,21588,73500.5,0,70515,70515,70515,70515,2985.5,0,0
2024|1481|4169|3|0|38|1,1581670,1581670,0,1384625,1382250,1382250,1103500,197045,2375,0
2024|1481|4166|1|0|10|1,90617,141367,0,140724.62,140724.62,140724.62,140724.62,642.3800000000047,0,0
2024|1481|4166|3|0|10|1,15000,0,0,0,0,0,0,0,0,0
2024|1481|4166|3|0|10|7,43173,17175,0,17175,17175,17175,17175,0,0,0
2024|1481|4166|3|0|10|8,700000,0,0,0,0,0,0,0,0,0
2024|1481|4166|3|0|24|1,595107,362968.73,0,0,0,0,0,362968.73,0,0
2024|1481|4166|3|0|38|1,7205376,6637225.4,0,5293565.3,4485151.349999999,4358018.219999999,4358018.219999999,1343660.1000000006,808413.9500000011,127133.12999999989
2024|1481|4168|1|0|10|1,111493,96843,0,0,0,0,0,96843,0,0
2024|1481|4168|3|0|38|1,9843847,16188811.63,0,16188811.629999999,16087387.210000003,12489326.65,12489326.649999999,1.862645149230957e-09,101424.4199999962,3598060.5600000024
2024|1481|4168|3|0|10|7,43173,43173,0,0,0,0,0,43173,0,0
2024|1481|4168|4|0|38|1,520081,520081,0,147026.4,0,0,0,373054.6,147026.4,0
2024|1481|4170|1|0|10|1,186098,1178092.05,0,1178090.76,1178090.76,1178090.76,1178090.76,1.290000000037253,0,0
2024|1481|4170|3|0|24|1,0,30872.34,0,30872.34,30872.34,30872.34,30872.34,0,0,0
2024|1481|4170|3|0|38|1,0,2100600,0,2100600,2100560,2100560,2100560,0,40,0
2024|1481|4170|3|0|10|1,19038,58470,0,58470,54247.02,47882.16,47882.16,0,4222.980000000003,6364.859999999993
2024|1481|4170|3|0|10|8,2150000,350000,0,350000,324212.24,250000,250000,0,25787.76000000001,74212.23999999999
2024|1481|4170|3|0|10|4,0,370000,0,370000,247000,247000,0,0,123000,0
2024|1481|4170|3|0|15|1,0,277819.43,0,277819.43,147160.29,147160.29,147160.29,0,130659.13999999998,0
2024|1481|4170|3|0|10|7,43173,141814.5,0,141814,141814,141814,141814,0.5,0,0
2024|1481|4170|4|0|10|4,0,409856,0,409856,409856,409856,409856,0,0,0
2024|1481|4170|4|0|1|1,0,1434731.42,0,1434731.42,1434731.42,1434731.42,1434731.42,0,0,0
2024|1481|4170|4|0|10|8,6175795,691622.7,0,691622.7,666787.9,666787.9,666787.9,0,24834.79999999993,0
2024|1481|4170|4|0|15|1,0,15301535.280000001,0,15301535.280000001,15240746.830000002,14514511.66,13914511.66,0,60788.449999999255,726235.1700000018
2024|1481|4170|4|0|38|1,0,2750000,0,2750000,1750000,1750000,1500000,0,1000000,0
2024|1481|4170|4|0|24|1,0,1434731.42,0,0,0,0,0,1434731.42,0,0
2024|1481|4181|3|0|10|1,440270,0,0,0,0,0,0,0,0,0
2024|1481|4181|3|0|71|1,0,302745.6,0,151372.8,145514.5,132654.96000000002,132654.96,151372.8,5858.299999999988,12859.539999999979
2024|1481|4171|3|0|71|1,0,2000000,0,2000000,2000000,2000000,2000000,0,0,0
2024|1481|4171|3|0|10|1,2000000,0,0,0,0,0,0,0,0,0
2024|1481|4173|3|0|10|3,0,77799.46,0,77799.46,77799.46,77799.46,77799.46,0,0,0
2024|1481|4173|3|0|24|1,1550000,1550000,0,275000,275000,275000,275000,1275000,0,0
2024|1481|4176|3|0|10|3,0,2043666.5999999999,0,2043665.6199999999,2043665.5999999999,2043665.5999999999,2043665.5999999999,0.9799999999813735,0.02000000001862645,0
2024|1481|4176|3|0|24|1,2000000,2019254.82,0,1219254.82,1219254.82,1219254.82,1219254.82,800000,0,0
2024|1481|4176|4|0|10|3,0,262811.12,0,262811.12,262811.12,262811.12,262811.12,0,0,0
2024|1481|4177|3|0|10|3,0,1256837.92,0,1256837.92,1256837.92,1256837.92,1256837.92,0,0,0
2024|1481|4177|3|0|71|3,0,3696962.17,0,3696962.17,3696962.17,3696962.17,3696962.17,0,0,0
2024|1481|4177|3|0|24|1,2673715,2675767.55,0,2002052.55,2002052.55,2002052.55,2002052.55,673714.9999999998,0,0
2024|1481|4177|4|0|71|3,0,139909.67,0,139909.67,139909.67,139909.67,139909.67,0,0,0
2024|1481|4177|4|0|24|1,26285,84936.37,0,58651.37,58651.37,58651.37,58651.37,26284.999999999993,0,0
2024|1481|4178|1|0|10|1,1877190,735097,0,266204.79,266204.79,266204.79,266204.79000000004,468892.21,0,0
2024|1481|4178|1|0|71|1,0,3186362.78,0,2713849.0700000003,2713849.0700000003,2713849.0700000003,2713849.07,472513.7099999995,0,0
2024|1481|4178|3|0|71|1,0,174507.2,0,110253.6,85578.97,83204.85,80589.31999999999,64253.600000000006,24674.630000000005,2374.1199999999953
2024|1481|4178|3|0|10|1,183600,119346.4,0,0,0,0,0,119346.4,0,0
2024|1481|4178|3|0|71|7,0,654201,0,519279,519279,519279,519279,134922,0,0
2024|1481|4178|3|0|10|7,410146,410146,0,3225,3225,3225,3225,406921,0,0
2024|1481|4174|3|0|10|3,0,2040.82,0,2040.82,1900,0,0,0,140.81999999999994,1900
2024|1481|4174|3|0|10|8,350000,270000,0,270000,114090,0,0,0,155910,114090
2024|1481|4174|3|0|10|4,0,310000,0,310000,0,0,0,0,310000,0
2024|1481|4174|3|0|71|1,0,10650.8,0,5325.4,5325.4,5325.4,5325.4,5325.4,0,0
2024|1481|4174|3|0|1|1,102000,350642.4,0,248642.4,248642.4,248642.4,248642.4,102000.00000000003,0,0
2024|1481|4174|3|0|24|1,960294,2010102.6,0,1049808.6,1049808.6,1049808.6,1049808.6,960294,0,0
2024|1481|4174|4|0|10|8,1000000,0,0,0,0,0,0,0,0,0
2024|1481|4174|4|0|24|1,210624,2003831.19,0,1793207.19,1793207.19,1793207.19,1793207.19,210624,0,0
2024|1481|4182|1|0|10|1,13017541,1365663.47,0,1206537.4799999997,1206537.4799999997,1206537.4799999997,1206537.48,159125.99000000022,0,0
2024|1481|4182|1|0|71|1,0,8224789.77,0,6030639.260000001,6030639.26,6006820.140000001,6006820.140000001,2194150.509999999,9.313225746154785e-10,23819.11999999918
2024|1481|4182|3|0|10|7,2331356,146190.35,0,145266.49,145266.49,145266.49,145266.49,923.8600000000151,0,0
2024|1481|4182|3|0|10|1,2100999,39574.39,0,24241.77,24241.77,0,0,15332.619999999999,0,24241.77
2024|1481|4182|3|0|71|7,0,1869712.95,0,1315508.97,1315508.97,1315508.97,1315508.97,554203.98,0,0
2024|1481|4182|3|0|71|1,0,3536434.62,0,1897591.55,1715336.85,1507012.3200000003,1301779.75,1638843.07,182254.69999999995,208324.5299999998
2024|1481|2134|1|0|10|1,7270808,5812493,0,5812492.329999999,5812492.329999999,5812492.329999999,5812492.33,0.6700000008568168,0,0
2024|1481|2134|1|0|71|1,0,3397017.6799999997,0,977309.9600000001,977309.96,977309.96,977309.9600000001,2419707.7199999997,1.1641532182693481e-10,0
2024|1481|2134|3|0|10|8,800000,0,0,0,0,0,0,0,0,0
2024|1481|2134|3|0|10|7,1511063,1048329,0,912628.48,912628.48,912628.48,912628.48,135700.52000000002,0,0
2024|1481|2134|3|0|71|7,0,603781.66,0,271063.5,271063.5,271063.5,271063.5,332718.16000000003,0,0
2024|1481|4184|1|0|71|1,0,84364.34,0,65099.53999999999,65099.54000000001,65099.54000000001,65099.54,19264.800000000003,-1.4551915228366852e-11,0
2024|1481|4184|1|0|10|1,115585,115585,0,38442.600000000006,38442.6,38442.6,38442.6,77142.4,7.275957614183426e-12,0
2024|1481|4184|3|0|10|7,43173,10610,0,10609.5,10609.5,10609.5,10609.5,0.5,0,0
2024|1481|4184|3|0|71|7,0,22767,0,15571.5,15571.5,15571.5,15571.5,7195.5,0,0
2024|1481|4184|3|0|10|1,60804,20004,0,0,0,0,0,20004,0,0
2024|1481|4184|3|0|71|1,0,81600,0,40800,39143.329999999994,36949.97,36949.97000000001,40800,1656.6700000000055,2193.3599999999933
2024|1481|4184|4|0|10|1,60000,60000,0,0,0,0,0,60000,0,0
2024|1481|4185|1|1|71|1,0,88449.34,0,0,0,0,0,88449.34,0,0
2024|1481|4185|1|1|10|1,530695,530695,0,0,0,0,0,530695,0,0
2024|1481|4185|3|1|71|7,0,14391,0,0,0,0,0,14391,0,0
2024|1481|4185|3|1|10|7,43173,43173,0,0,0,0,0,43173,0,0
2024|1481|4185|3|1|71|1,0,575450.02,0,429942.68000000005,134294.63,107425.14,98480.2,145507.33999999997,295648.05000000005,26869.490000000005
2024|1481|4185|3|1|10|1,352125,205331.39,0,0,0,0,0,205331.39,0,0
2024|1481|4185|4|1|10|1,124980000,0,0,0,0,0,0,0,0,0
2024|1481|4185|4|1|71|1,0,15648309.05,0,1040863.6799999997,0,0,0,14607445.370000001,1040863.6799999997,0
2024|1481|2033|1|0|71|1,0,166269.34,0,0,0,0,0,166269.34,0,0
2024|1481|2033|1|0|10|1,752770,316567.62,0,0,0,0,0,316567.62,0,0
2024|1481|2033|3|0|10|1,25426,0,0,0,0,0,0,0,0,0
2024|1481|2033|3|0|71|7,0,14391,0,0,0,0,0,14391,0,0
2024|1481|2033|3|0|71|1,0,50852,0,25426,2606.51,2606.51,2606.5099999999998,25426,22819.489999999998,0
2024|1481|2033|3|0|10|7,43173,43173,0,0,0,0,0,43173,0,0
2024|1481|4197|1|0|71|1,0,74248.66,0,0,0,0,0,74248.66,0,0
2024|1481|4197|1|0|10|1,222746,222746,0,0,0,0,0,222746,0,0
2024|1481|4197|3|0|10|8,515159,70000,0,70000,16105.519999999997,16105.52,16105.52,0,53894.48,-3.637978807091713e-12
2024|1481|4197|3|0|10|4,0,300000,0,300000,196183.68000000002,196183.67999999996,195876.38,0,103816.31999999998,5.820766091346741e-11
2024|1481|4197|3|0|10|1,339357,414.2,0,0,0,0,0,414.2,0,0
2024|1481|4197|3|0|71|7,0,10793.66,0,0,0,0,0,10793.66,0,0
2024|1481|4197|3|0|10|7,64760,64760,0,0,0,0,0,64760,0,0
2024|1481|4197|3|0|71|1,0,677885.6,0,338942.8,201133.84000000003,179727.96999999997,179727.97,338942.8,137808.95999999996,21405.870000000054
2024|1481|4197|4|0|10|8,30000,30000,0,30000,29705,0,0,0,295,29705
2024|1481|4196|1|0|71|1,0,149908.34,0,0,0,0,0,149908.34,0,0
2024|1481|4196|1|0|10|1,710389,710389,0,0,0,0,0,710389,0,0
2024|1481|4196|3|0|71|7,0,14391.34,0,0,0,0,0,14391.34,0,0
2024|1481|4196|3|0|10|7,86347,86347,0,0,0,0,0,86347,0,0
2024|1481|4196|3|0|10|1,273103,205360.2,0,0,0,0,0,205360.2,0,0
2024|1481|4196|3|0|71|1,0,731322.4299999999,0,405019.48,241351.40000000002,224548.30000000005,224548.3,326302.94999999995,163668.07999999996,16803.099999999977
2024|1481|4196|4|0|10|1,600000,0,0,0,0,0,0,0,0,0
2024|1481|4196|4|0|10|8,900000,0,0,0,0,0,0,0,0,0
2024|1481|4196|4|0|10|4,0,2250000,0,2250000,2175788.6500000004,2175788.6500000004,2175788.6500000004,0,74211.34999999963,0
2024|1481|4196|4|0|71|1,0,1409523.17,0,1409523.17,1220695.55,1220695.55,1220695.55,0,188827.61999999988,0
2024|1481|4418|1|0|10|1,40960,0,0,0,0,0,0,0,0,0
2024|1481|4418|1|0|71|1,0,13653.34,0,0,0,0,0,13653.34,0,0
2024|1481|4418|3|0|10|7,21587,0,0,0,0,0,0,0,0,0
2024|1481|4418|3|0|71|1,0,95001508.8,0,95001508.8,0,0,0,0,95001508.8,0
2024|1481|4418|3|0|10|1,1000,1000,0,0,0,0,0,1000,0,0
2024|1481|4418|3|0|71|7,0,5243.66,0,0,0,0,0,5243.66,0,0
2024|1481|4418|4|0|10|8,1000000,0,0,0,0,0,0,0,0,0
2024|1481|4416|3|1|71|1,0,1033293.32,0,1029146.6599999999,194537.07999999996,586.98,586.98,4146.660000000033,834609.58,193950.09999999995
2024|1481|4416|3|1|10|1,908440,904293.34,0,0,0,0,0,904293.34,0,0
2024|1481|4416|4|1|10|1,2584000,2584000,0,0,0,0,0,2584000,0,0
2024|1481|2035|3|0|10|1,76103,414.2,0,0,0,0,0,414.2,0,0
2024|1481|2035|3|0|71|1,0,122727.6,0,47038.8,33124.47,23112.45,23112.449999999997,75688.8,13914.330000000002,10012.02
2024|1481|4412|3|1|71|1,0,7011766.71,0,6999874.71,6989873.9399999995,6986372.76,7081.77,11892,10000.770000000484,3501.179999999702
2024|1481|4412|3|1|10|1,5124906,1279755.88,0,0,0,0,0,1279755.88,0,0
2024|1481|2036|3|0|10|1,327522,0,0,0,0,0,0,0,0,0
2024|1481|2036|3|0|71|1,0,25600,0,12800,7011.32,5125.09,5125.09,12800,5788.68,1886.2299999999996
2024|1481|2037|1|0|71|1,0,23064.34,0,0,0,0,0,23064.34,0,0
2024|1481|2037|1|0|10|1,138379,121750,0,0,0,0,0,121750,0,0
2024|1481|2037|3|0|71|7,0,14391,0,0,0,0,0,14391,0,0
2024|1481|2037|3|0|10|1,260581,17677.3,0,0,0,0,0,17677.3,0,0
2024|1481|2037|3|0|10|7,43173,43173,0,0,0,0,0,43173,0,0
2024|1481|2037|3|0|71|1,0,507134.4,0,264230.69999999995,246566.80000000002,206490.38000000003,206490.38,242903.70000000007,17663.899999999936,40076.419999999984
2024|1481|2037|4|0|10|8,500000,0,0,0,0,0,0,0,0,0
2024|1481|4204|1|0|10|1,8573231,259979,0,259978.57,259978.57,259978.57,259978.57,0.4299999999930151,0,0
2024|1481|4204|1|0|71|1,0,2781911.6799999997,0,1353038.99,1353038.99,1353038.99,1353038.99,1428872.6899999997,0,0
2024|1481|4204|3|0|10|7,2352942,17965,0,17964.04,17964.04,17964.04,17964.04,0.9599999999991269,0,0
2024|1481|4204|3|0|10|1,879626,104287.15,0,0,0,0,0,104287.15,0,0
2024|1481|4204|3|0|71|7,0,684976,0,286065.56000000006,286065.56,286065.56,286065.56,398910.43999999994,5.820766091346741e-11,0
2024|1481|4204|3|0|71|1,0,4370498.260000001,0,2233511.89,2136861.89,1904923.8099999998,1903189.4200000004,2136986.3700000006,96650,231938.0800000003
2024|1481|4204|4|0|71|1,0,74560.82,0,74560.82,61464.44,0,0,0,13096.380000000005,61464.44
2024|1481|4414|1|0|71|1,0,88450.69,0,0,0,0,0,88450.69,0,0
2024|1481|4414|1|0|10|1,530702,530702,0,0,0,0,0,530702,0,0
2024|1481|4414|3|0|10|1,1152007,0,0,0,0,0,0,0,0,0
2024|1481|4414|3|0|71|7,0,34852.34,0,0,0,0,0,34852.34,0,0
2024|1481|4414|3|0|10|7,172693,172693,0,0,0,0,0,172693,0,0
2024|1481|4414|3|0|71|1,0,2523684.86,0,1244842.43,1097893.24,971866.71,955955.53,1278842.43,146949.18999999994,126026.53000000003
2024|1481|4414|4|0|10|1,150000,0,0,0,0,0,0,0,0,0
2024|1481|4415|1|0|10|1,1206359,209258,0,0,0,0,0,209258,0,0
2024|1481|4415|1|0|71|1,0,235936.66,0,0,0,0,0,235936.66,0,0
2024|1481|4415|3|0|10|8,150000,0,0,0,0,0,0,0,0,0
2024|1481|4415|3|0|10|1,1787112,0,0,0,0,0,0,0,0,0
2024|1481|4415|3|0|24|1,0,71062.76,0,71062.76,0,0,0,0,71062.76,0
2024|1481|4415|3|0|71|7,0,93542,0,0,0,0,0,93542,0,0
2024|1481|4415|3|0|10|7,280626,280626,0,0,0,0,0,280626,0,0
2024|1481|4415|3|0|71|1,0,2834421.2800000003,0,1831648.52,709611.48,480677.25999999995,477855.7899999999,1002772.7600000002,1122037.04,228934.22000000003
2024|1481|4415|4|0|10|3,0,4737.52,0,4737.52,0,0,0,0,4737.52,0
2024|1481|4415|4|0|24|1,0,161075.51,0,149012.48,0,0,0,12063.029999999999,149012.48,0
2024|1481|2076|1|0|71|1,0,284761,0,0,0,0,0,284761,0,0
2024|1481|2076|1|0|10|1,1510617,599794,0,2273.62,2273.62,2273.62,2273.62,597520.38,0,0
2024|1481|2076|3|0|10|1,43272,0,0,0,0,0,0,0,0,0
2024|1481|2076|3|0|71|1,0,54258.11,0,10986.11,6636.129999999994,6636.13,6636.130000000001,43272,4349.980000000007,-6.366462912410498e-12
2024|1481|2076|3|0|71|7,0,87426.34,0,0,0,0,0,87426.34,0,0
2024|1481|2076|3|0|10|7,524554,524554,0,1050,1050,1050,1050,523504,0,0
2024|1481|2079|1|0|10|1,1286821,168621,0,0,0,0,0,168621,0,0
2024|1481|2079|1|0|71|1,0,214471.34,0,0,0,0,0,214471.34,0,0
2024|1481|2079|3|0|10|8,8700000,0,0,0,0,0,0,0,0,0
2024|1481|2079|3|0|71|7,0,74474.66,0,0,0,0,0,74474.66,0,0
2024|1481|2079|3|0|10|7,446843,446843,0,0,0,0,0,446843,0,0
2024|1481|2079|3|0|71|1,0,7365864.57,0,3839911.03,3839911.03,3833930.52,3833930.52,3525953.5400000005,0,5980.5099999997765
2024|1481|2079|4|0|71|1,0,445572,0,445572,445572,445572,445572,0,0,0
2024|1481|2079|4|0|10|8,20033179,613109.5,0,598095.5499999999,595311.51,360359.13,360359.13,15013.95000000007,2784.039999999921,234952.38
2024|1481|2500|1|0|95|1,163683,163683,0,0,0,0,0,163683,0,0
2024|1481|2500|1|0|10|1,16618931,29377663.59,0,29116416.339999996,29116416.340000004,29116416.340000004,29116416.339999996,261247.25000000373,-7.450580596923828e-09,0
2024|1481|2500|1|0|71|1,0,10567577.45,0,5373523.880000002,5373523.88,5373523.88,5373523.879999999,5194053.5699999975,1.862645149230957e-09,0
2024|1481|2500|3|0|10|1,5850605,1825510.71,0,1825510.3800000001,1638939.3800000001,1202950.27,1202749.26,0.32999999984167516,186571,435989.1100000001
2024|1481|2500|3|0|95|7,77616,77616,0,0,0,0,0,77616,0,0
2024|1481|2500|3|0|10|7,3432272,5946607,0,5191828.62,5191828.619999999,5191828.619999999,5191828.619999999,754778.3799999999,9.313225746154785e-10,0
2024|1481|2500|3|0|71|7,0,2880697.15,0,1537433.85,1537433.85,1537433.85,1537433.85,1343263.2999999998,0,0
2024|1481|2500|3|0|71|1,0,4833714.23,0,2431785.59,2337004.9300000006,2211840.67,2211753.2800000003,2401928.6400000006,94780.65999999922,125164.26000000071
2024|1481|2500|4|0|10|1,2418250,2418250,0,2418250,397913.95,0,0,0,2020336.05,397913.95
2024|1491|2041|1|0|10|1,1991711,2042163,0,2023239.5699999998,2023239.57,2023239.57,2023239.57,18923.430000000168,-2.3283064365386963e-10,0
2024|1491|2041|3|0|10|7,489719,507071,0,444139.51,444139.51,444139.51,444139.51,62931.48999999999,0,0
2024|1491|2041|3|0|10|1,24743974,20006014.97,0,11768514.970000003,11004428.370000001,9502416.15,9500956.3,8237499.999999996,764086.6000000015,1502012.2200000007
2024|1491|2041|4|0|10|1,22000,1641492.75,0,1641492.75,1555532.75,10000,10000,0,85960,1545532.75
2024|1491|2042|1|0|10|1,3121022,4117940,0,4019775.37,4019775.37,4019775.37,4019775.3699999996,98164.62999999989,0,0
2024|1491|2042|3|0|10|1,132869,292869,0,292869,271500.93000000005,259939.22999999998,259939.22999999998,-5.820766091346741e-11,21368.070000000007,11561.70000000007
2024|1491|2042|3|0|10|7,303971,344668,0,321945,321945,321945,321945,22723,0,0
2024|1491|2046|3|0|10|1,25000000,0,0,0,0,0,0,0,0,0
2024|1491|2043|1|0|10|1,1109359,579947,0,525404.55,525404.5499999999,525404.5499999999,525404.5499999999,54542.44999999995,1.1641532182693481e-10,0
2024|1491|2043|3|0|10|1,1175947,1295947,0,1290430,1192135.1500000001,989675.8099999998,989675.8099999999,5517,98294.84999999986,202459.34000000032
2024|1491|2043|3|0|10|7,220294,220294,0,110911.5,110911.5,110911.5,110911.5,109382.5,0,0
2024|1491|2045|1|0|10|1,4554135,4554135,0,4409733.109999999,4409733.11,4409733.11,4409733.11,144401.8900000006,-9.313225746154785e-10,0
2024|1491|2045|3|0|10|1,2636619,3041619,0,3041619,2836365.4800000004,2807258.85,2807258.8500000006,0,205253.51999999955,29106.630000000354
2024|1491|2045|3|0|10|7,675121,703004,0,636360,636360,636360,636360,66644,0,0
2024|1491|2045|4|0|10|8,51469449,1402215.41,0,1402215.41,1402215.41,1402215.4100000001,1402215.41,0,0,-2.3283064365386963e-10
2024|1491|2045|4|0|10|4,0,500000,0,500000,498698.1,498698.1,498698.1,0,1301.9000000000233,0
2024|1491|2045|4|0|15|1,140000000,136304869.84,0,136304869.84,135673263.14,110052244.74,109752244.74,0,631606.7000000179,25621018.39999999
2024|1491|2048|3|1|10|8,40357603,39629351.47,0,39629350.97,39629350.95,39629350.95,39629350.95,0.5,0.019999995827674866,0
2024|1491|2048|3|1|10|1,1000,1000,0,0,0,0,0,1000,0,0
2024|1491|2048|4|1|10|8,524644078,675828415.08,0,669493753.58,669493753.58,669493753.58,669493753.58,6334661.5,0,0
2024|1491|2044|1|0|10|1,3049904,3049904,0,2678577.6499999994,2678577.65,2678577.65,2678577.65,371326.35000000056,-4.656612873077393e-10,0
2024|1491|2044|3|0|10|1,1105902,1145902,0,1145902,1131562.69,1119569.77,1119569.77,0,14339.310000000056,11992.919999999925
2024|1491|2044|3|0|10|7,489661,489661,0,385488.81000000006,385488.81000000006,385488.81000000006,385488.81,104172.18999999994,0,0
2024|1491|2044|4|0|10|1,1500000,971507.25,0,971507.25,702404.35,153780.96,153780.96,0,269102.9,548623.39
2024|1491|2138|3|0|10|1,117,117,0,0,0,0,0,117,0,0
2024|1491|2051|1|0|10|1,1492024,1640239,0,1524642.02,1524642.0200000003,1524642.0200000003,1524642.0200000003,115596.97999999998,-2.3283064365386963e-10,0
2024|1491|2051|3|0|10|7,87592,109328,0,91773,91773,91773,91773,17555,0,0
2024|1491|2051|3|0|10|1,1174595,1796295,0,1295493,1085747.93,272138.94,272138.94,500802,209745.07000000007,813608.99
2024|1491|2051|4|0|10|1,2056104,2056104,0,2056104,2056104,1850193,1850193,0,0,205911
2024|1491|2051|4|0|15|1,0,2004000,0,2004000,2004000,0,0,0,0,2004000
2024|1491|2050|1|0|10|1,2754100,3371082,0,3347452.2600000002,3347387.62,3341727.79,3341727.79,23629.739999999758,64.64000000013039,5659.8300000000745
2024|1491|2050|3|0|10|1,1878542,1908542,0,1908541.9999999998,1856770.21,1761082.65,1761082.65,2.3283064365386963e-10,51771.789999999804,95687.56000000006
2024|1491|2050|3|0|10|7,332291,332291,0,297902.51,297902.51,297902.51,297902.51,34388.48999999999,0,0
2024|1491|2050|4|0|10|1,5158296,5158296,0,5158296,5158266,5045895.800000001,5045895.8,0,30,112370.19999999925
2024|1491|2500|1|0|10|1,22033019,26003983,0,25503420.379999995,25436283.45,25435900.97,25435900.970000003,500562.62000000477,67136.92999999598,382.48000000044703
2024|1491|2500|3|0|10|1,11182840,11113456.09,0,11004595.09,10176879.97,9695424.54,8922789.18,108861,827715.1199999992,481455.43000000156
2024|1491|2500|3|0|10|7,3109831,3117393,0,2797705.8700000006,2797705.87,2797705.87,2797705.87,319687.1299999994,4.656612873077393e-10,0
2024|1491|2500|4|0|10|1,0,212000,0,212000,138473.12,0,0,0,73526.88,138473.12
2024|1501|4478|3|1|10|1,205000,8199.32,0,8199.32,8199.32,8199.32,8199.32,0,0,0
2024|1501|4468|1|0|10|1,4324055,4193573,0,4033387.8500000006,4033387.85,4033387.85,4033387.8499999996,160185.14999999944,4.656612873077393e-10,0
2024|1501|4468|3|0|10|7,257051,364497,0,321453.38,321453.38,321453.38,321453.38,43043.619999999995,0,0
2024|1501|4468|3|0|10|1,266394,405971.12,0,337456.64999999997,240179.61000000002,223019.54000000004,206337.22,68514.47000000003,97277.03999999995,17160.069999999978
2024|1501|4468|4|0|10|1,273797,273797,0,273797,272210,101202,101202,0,1587,171008
2024|1501|4477|1|0|10|1,7818710,10558930,0,9747668.12,9747668.12,9747668.12,9747668.120000003,811261.8800000008,0,0
2024|1501|4477|3|0|10|7,710329,1040482,0,1032088.65,1032088.65,1032088.65,1032088.65,8393.349999999977,0,0
2024|1501|4477|3|0|10|1,323527,539531.05,0,454566.0099999999,426812.3500000001,396013.45999999996,371577.69999999995,84965.04000000015,27753.6599999998,30798.89000000013
2024|1501|4477|4|0|10|1,126202,126202,0,114999,114729,56279,56279,11203,270,58450
2024|1501|4475|1|0|10|1,10938008,11545207,0,10791330.780000001,10791330.78,10791330.78,10791330.780000001,753876.2199999988,1.862645149230957e-09,0
2024|1501|4475|3|0|10|1,5101695,4373979.05,0,4373979.050000001,4315295.7,3605042.8499999996,3367981.8000000003,-9.313225746154785e-10,58683.35000000056,710252.8500000006
2024|1501|4475|3|0|60|2,0,35161.61,0,35161.61,35161.61,29329.739999999998,29329.74,0,0,5831.870000000003
2024|1501|4475|3|0|10|7,1258799,1769052,0,1742230.49,1742230.49,1742230.49,1742230.49,26821.51000000001,0,0
2024|1501|4475|4|0|10|1,14340403,9955403,0,9952635,9776119.68,7637906.5,7637906.5,2768,176515.3200000003,2138213.1799999997
2024|1501|4475|4|0|60|2,78604,43442.39,0,0,0,0,0,43442.39,0,0
2024|1501|4475|4|0|25|1,62632855,57235114.14,0,0,0,0,0,57235114.14,0,0
2024|1501|4476|1|0|10|1,33192341,43217318,0,42754487.09,42622426.879999995,42622426.879999995,42622426.879999995,462830.9099999964,132060.21000000834,0
2024|1501|4476|3|0|10|1,9450216,13834327.120000001,0,13828893.809999997,13647028.060000002,7073641.8500000015,7009700.26,5433.310000004247,181865.7499999944,6573386.210000001
2024|1501|4476|3|0|10|7,2267026,5488379.4,0,5063699.4,5063699.4,5063699.4,5063699.4,424680,0,0
2024|1501|4476|4|0|10|1,9931855,2152857,0,2152857.0000000005,1913319.53,906287.8899999999,646684.0800000001,-4.656612873077393e-10,239537.47000000044,1007031.6400000001
2024|1501|4448|1|1|10|1,1109448,2010409,0,1876315.6700000002,1876315.67,1876315.67,1876315.67,134093.32999999984,2.3283064365386963e-10,0
2024|1501|4448|3|1|10|7,78794,134069,0,112910.9,112910.9,112910.9,112910.9,21158.100000000006,0,0
2024|1501|4448|3|1|10|1,521232,521232,0,261368.34000000003,216259.90000000002,195299.66999999998,159389.13,259863.65999999997,45108.44,20960.23000000004
2024|1501|4450|3|0|10|1,7283670,6452830.75,0,5958784.85,5403979.500000001,4640659.97,4242509.81,494045.9000000004,554805.3499999987,763319.5300000012
2024|1501|4450|4|0|10|1,180000,0,0,0,0,0,0,0,0,0
2024|1501|4451|1|0|10|1,3197553,4367372,0,4172229.7800000003,4172229.7800000003,4172229.7800000003,4172229.7799999993,195142.21999999974,0,0
2024|1501|4451|3|0|10|7,186798,359165,0,311816,311816,311816,311816,47349,0,0
2024|1501|4451|3|0|10|1,6374892,4591658.22,0,4272168.350000001,4069177.74,3019971.6599999997,2709894.7600000002,319489.8699999992,202990.61000000034,1049206.0800000005
2024|1501|4451|4|0|10|1,240000,74000,0,74000,33941.2,3941.2,3941.2,0,40058.8,29999.999999999996
2024|1501|4451|4|0|95|1,0,2000000,0,1271371,1271371,1209247,637079.95,728629,0,62124
2024|1501|4451|4|0|25|1,36468120,36468120,0,11721633.669999998,11425527.579999998,8153975.9,7317279.5,24746486.330000002,296106.08999999985,3271551.679999998
2024|1501|4452|1|0|10|1,1759870,2476879,0,2402063.9499999997,2402063.9499999997,2402063.9499999997,2402063.95,74815.05000000028,0,0
2024|1501|4452|3|0|95|1,0,180000,0,180000,180000,54364.7,54364.7,0,0,125635.3
2024|1501|4452|3|0|10|7,116101,267325,0,237109.5,237109.5,237109.5,237109.5,30215.5,0,0
2024|1501|4452|3|0|10|1,40221283,39361283,0,38743492.16000002,36820376.93000001,32086639.32999999,32036145.359999992,617790.8399999812,1923115.2300000116,4733737.600000016
2024|1501|4452|4|0|10|1,133000,799950,0,788131.2299999999,758011.1,92312.97,82613.97,11818.770000000135,30120.12999999989,665698.13
2024|1501|4453|1|0|10|1,1744366,2810215,0,2429378.68,2429378.68,2429378.68,2429378.68,380836.31999999983,0,0
2024|1501|4453|3|0|10|1,214446,276826.16,0,276825.72000000003,255441.51,239525.28999999998,238645.28999999998,0.43999999994412065,21384.21000000002,15916.22000000003
2024|1501|4453|3|0|10|7,127379,223722.02,0,195392,195392,195392,195392,28330.01999999999,0,0
2024|1501|4454|1|0|10|1,3052203,4795358,0,4415011.090000001,4415011.090000001,4415011.090000001,4415011.09,380346.9099999992,0,0
2024|1501|4454|3|0|10|1,335491,335491,0,301721.52,252842.74,229528,228337.81,33769.47999999998,48878.78000000003,23314.73999999999
2024|1501|4454|3|0|10|7,190118,336160,0,271114.5,271114.5,271114.5,271114.5,65045.5,0,0
2024|1501|4462|3|0|10|1,98388,198388,0,96418.91999999998,42963.45,42798.45,42798.45,101969.08000000002,53455.46999999999,165
2024|1501|4462|3|0|95|1,3132576,2083533,0,599922.68,593780.73,499054.1,499054.10000000003,1483610.3199999998,6141.95000000007,94726.63
2024|1501|4461|3|0|10|1,472253,472253,0,430809.5,400247.17999999993,365228.3400000001,365228.33999999997,41443.49999999994,30562.320000000123,35018.83999999985
2024|1501|1085|1|0|95|1,877453,877453,0,0,0,0,0,877453,0,0
2024|1501|1085|3|0|95|1,5627,5627,0,0,0,0,0,5627,0,0
2024|1501|1085|3|0|95|7,5627,5627,0,0,0,0,0,5627,0,0
2024|1501|1085|4|0|10|1,0,500000,0,0,0,0,0,500000,0,0
2024|1501|1085|4|0|95|1,4500000,1456610.87,0,758860.14,582861.66,0,0,697750.7300000001,175998.47999999998,582861.66
2024|1501|4467|1|0|10|1,1262994,1855584,0,1704790.4899999998,1704790.4900000002,1704790.4900000002,1704790.4899999995,150793.51000000024,-4.656612873077393e-10,0
2024|1501|4467|3|0|10|1,19715259,19585259,0,19585259,15983905.110000003,14706027.449999997,14705314.050000003,0,3601353.889999997,1277877.6600000057
2024|1501|4467|3|0|10|7,151063,257821,0,237192,237192,237192,237192,20629,0,0
2024|1501|4467|4|0|10|1,70000,3528640,0,3521691.55,2786753.79,11037.05,11037.05,6948.450000000186,734937.7599999998,2775716.74
2024|1501|4467|4|0|25|1,1438101,1438101,0,0,0,0,0,1438101,0,0
2024|1501|4466|1|0|10|1,680180,1262863,0,1215511.6,1215511.6,1215511.6,1215511.6,47351.39999999991,0,0
2024|1501|4466|3|0|10|7,99311,217748,0,192643.5,192643.5,192643.5,192643.5,25104.5,0,0
2024|1501|4466|3|0|10|1,47916943,41496873.3,0,41450383.8,33018826.390000004,27451004.719999995,27451004.72,46489.5,8431557.409999993,5567821.670000009
2024|1501|4466|3|0|59|2,1358703,1358703,0,1009924.05,752817.45,673718.78,611285.51,348778.94999999995,257106.6000000001,79098.66999999993
2024|1501|4466|3|0|52|2,1666102,1666102,0,1307518.6900000002,970897.69,869627.84,788567.26,358583.3099999998,336621.00000000023,101269.84999999998
2024|1501|4466|3|0|91|2,1598748,1598748,0,814277.94,556617.36,512165.2,427562.32,784470.06,257660.57999999996,44452.159999999974
2024|1501|4466|3|0|94|1,5968398,5968398,0,4677869.61,3564060.28,3185962.5100000002,2894135.93,1290528.3899999997,1113809.3300000005,378097.76999999955
2024|1501|4466|3|0|60|2,7810654,7810654,0,5863096.2,4661264.92,4203939.12,3833286.9499999997,1947557.7999999998,1201831.2800000003,457325.7999999998
2024|1501|4466|4|0|10|1,0,550000,0,350000,350000,65850.37,65850.37,200000,0,284149.63
2024|1501|4465|1|0|10|1,1468084,2163163,0,1993495.9499999997,1993495.9500000002,1993495.9500000002,1993495.9500000002,169667.05000000028,-4.656612873077393e-10,0
2024|1501|4465|3|0|10|7,106483,267063,0,227394,227394,227394,227394,39669,0,0
2024|1501|4465|3|0|10|1,55196248,69276565,0,66899990.53999999,60477744.67,46244000.629999995,44369178.99,2376574.4600000083,6422245.86999999,14233744.040000007
2024|1501|4465|4|0|10|1,3650000,7764625,0,6743476.300000001,1143099.6300000001,140431.72,140431.72,1021148.6999999993,5600376.670000001,1002667.9100000001
2024|1501|4463|1|0|10|1,2127869,3952903.31,0,3809023.4099999997,3809023.4099999997,3809023.4099999997,3809023.41,143879.90000000037,0,0
2024|1501|4463|3|0|10|1,0,20000,0,20000,2863.5,2863.5,2863.5,0,17136.5,0
2024|1501|4463|3|0|10|7,71597,250687,0,230998.2,230998.19999999998,230998.19999999998,230998.2,19688.79999999999,2.9103830456733704e-11,0
2024|1501|4464|1|0|10|1,4934154,7160962,0,7138499.670000001,7138499.670000002,7138499.670000002,7138499.669999999,22462.329999999143,-9.313225746154785e-10,0
2024|1501|4464|3|0|10|7,244024,528435,0,476964,476964,476964,476964,51471,0,0
2024|1501|4464|3|0|10|1,925242,1925242,0,941242,936027.18,665627.37,665627.37,984000,5214.819999999949,270399.81000000006
2024|1501|4464|4|0|10|1,2400000,1400000,0,1200000,1194000,958079,958079,200000,6000,235921
2024|1501|4470|3|1|10|7,0,6323,0,6095.98,6095.98,6095.98,6095.98,227.02000000000044,0,0
2024|1501|4470|3|1|10|1,2706516,2460026.17,0,1426037.58,1182955.2399999998,1036488.81,949276.27,1033988.5899999999,243082.34000000032,146466.4299999997
2024|1501|4473|1|0|10|1,3206712,8491206,0,6233822.01,6233822.009999999,6168413.81,6168413.809999999,2257383.99,9.313225746154785e-10,65408.199999999255
2024|1501|4473|3|0|10|7,374977,738529,0,659124.99,659124.99,659124.99,659124.99,79404.01000000001,0,0
2024|1501|4473|3|0|10|1,2788516,2788516,0,2554439.5899999994,331669.77,321953.21,321802.26,234076.41000000061,2222769.8199999994,9716.559999999998
2024|1501|4473|4|0|10|1,6336543,6236543,0,6236542.640000001,6236542.64,5292989.720000001,5292989.720000001,0.35999999940395355,9.313225746154785e-10,943552.919999999
2024|1501|4473|4|0|25|1,11009872,11009872,0,0,0,0,0,11009872,0,0
2024|1501|1084|3|1|10|1,4642050,4387448.86,0,4068597.6599999997,1086,1086,1086,318851.20000000065,4067511.6599999997,0
2024|1501|4486|1|0|10|1,1026812,2581766,0,1419570.6500000004,1215545.5100000002,1185400.65,1185400.65,1162195.3499999996,204025.14000000013,30144.860000000335
2024|1501|4486|3|0|10|1,1130883,1289783.41,0,1289783.4099999997,934147.8900000001,301159.67000000004,301159.67000000004,2.3283064365386963e-10,355635.51999999955,632988.2200000001
2024|1501|4486|3|0|10|7,94317,146525,0,120484.5,120484.5,120484.5,120484.5,26040.5,0,0
2024|1501|4486|5|0|10|1,0,12374363.9,0,8474363.9,0,0,0,3900000,8474363.9,0
2024|1501|4487|1|0|10|1,3753265,4817580,0,4589131.68,4589131.68,4589131.68,4589131.68,228448.3200000003,0,0
2024|1501|4487|3|0|10|1,16362108,14420383.37,0,14420383.37,13905585.549999999,12567939.9,12380480.149999999,0,514797.8200000003,1337645.6499999985
2024|1501|4487|3|0|10|7,291430,479107,0,416213,416213,416213,416213,62894,0,0
2024|1501|4487|4|0|10|1,5776805,3170658.56,0,3170658.5599999996,2609005.5,1795042,1552558,4.656612873077393e-10,561653.0599999996,813963.5
2024|1501|4485|1|0|10|1,5320873,6835701,0,6567426.640000001,6567426.64,6567426.64,6567426.640000001,268274.3599999994,9.313225746154785e-10,0
2024|1501|4485|3|0|10|1,21481872,21591349.52,0,21591349.41,21532378.590000004,17873348.619999997,17302442.22,0.10999999940395355,58970.81999999657,3659029.9700000063
2024|1501|4485|3|0|60|2,1271932,1271932,0,1271929.9999999998,1271530.47,972225.03,923653.6400000001,2.0000000002328306,399.5299999997951,299305.43999999994
2024|1501|4485|3|0|10|7,633803,968211,0,966372.5,966372.5,966372.5,966372.5,1838.5,0,0
2024|1501|4485|4|0|10|1,715900,15900,0,15900,6940,6940,6940,0,8960,0
2024|1501|4485|4|0|25|1,14720195,14720195,0,0,0,0,0,14720195,0,0
2024|1501|4492|3|0|15|1,1961080,986080,0,986080,951931.54,679233.8700000001,671352.3299999998,0,34148.45999999996,272697.6699999999
2024|1501|4492|3|0|82|1,14831426,10898382.12,0,10898382.12,10491332.53,9454156.28,9450706.28,0,407049.58999999985,1037176.25
2024|1501|4492|4|0|15|1,2536055,20603.31,0,20603.309999999998,12963.25,0,0,3.637978807091713e-12,7640.059999999998,12963.25
2024|1501|4495|3|0|15|1,378610,1078610,0,1078610,1068801.19,996953.7200000001,985411.6900000001,0,9808.810000000056,71847.46999999986
2024|1501|4495|3|0|82|1,31003175,24083175,0,24083174.999999993,24080893.69,22035465,22035465,7.450580596923828e-09,2281.3099999912083,2045428.6900000013
2024|1501|4495|4|0|15|1,3065045,0,0,0,0,0,0,0,0,0
2024|1501|4496|3|0|82|1,11545707,11168750.88,0,11168750.879999999,11014553.629999999,9030384.55,9030384.55,1.862645149230957e-09,154197.25,1984169.0799999982
2024|1501|4496|3|0|15|1,34013699,29008699,0,29008698.999999996,28804211.400000002,20585555.57,20419646.85,3.725290298461914e-09,204487.59999999404,8218655.830000002
2024|1501|4496|4|0|15|1,2142000,6724436.93,0,6724436.93,6657088.24,1262731.5,1262731.5,0,67348.68999999948,5394356.74
2024|1501|4496|4|0|74|1,0,1167898.11,0,1137639.45,1137638.35,54152,54152,30258.66000000015,1.0999999998603016,1083486.35
2024|1501|4494|3|0|15|1,71072640,53452640,0,53452640,53303464.57,48987132.57,48982760.39,-7.450580596923828e-09,149175.43000000715,4316332
2024|1501|4494|3|0|82|1,31721192,42891192,0,42891192,42891191.99999999,32187639.240000006,32187639.240000002,0,7.450580596923828e-09,10703552.759999987
2024|1501|4494|4|0|15|1,634814,248319.76,0,248319.76,102385.76,32159.62,32159.62,0,145934,70226.14
2024|1501|4491|1|0|10|1,100915130,66188526.4,0,61888210.18,61887327.5,61861916.830000006,61861916.83,4300316.219999999,882.679999999702,25410.669999994338
2024|1501|4491|3|0|82|1,294208,354208,0,354208,349874.04,310237.26999999996,310237.27,0,4333.960000000021,39636.77000000002
2024|1501|4491|3|0|15|1,122937357,141517357,0,141517357,127554793.02,127115630.54,124978155.67,0,13962563.980000004,439162.4799999893
2024|1501|4491|3|0|10|7,11845178,3842743,0,3245005.8900000006,3245005.8899999997,3245005.8899999997,3245005.89,597737.1099999994,9.313225746154785e-10,0
2024|1501|4491|4|0|15|1,29086,0,0,0,0,0,0,0,0,0
2024|1501|2500|1|0|95|1,0,2098086,0,976423.4600000001,976423.46,976423.46,976423.46,1121662.54,1.1641532182693481e-10,0
2024|1501|2500|1|0|10|1,35616388,75792943,0,73961817.03999998,73961817.04,73961817.04,73961817.04000002,1831125.9600000232,-2.9802322387695312e-08,0
2024|1501|2500|3|0|10|1,4902588,3831841.29,0,3322991.6700000004,2771341.62,2326278.5700000003,2322056.5700000003,508849.61999999965,551650.0500000003,445063.0499999998
2024|1501|2500|3|0|10|7,2314209,5722140.26,0,5059885.609999999,5059885.61,5059885.61,5059885.609999999,662254.6500000004,-9.313225746154785e-10,0
2024|1501|2500|4|0|10|1,541008,1979114,0,1978955.78,1978955.78,97421.9,97421.9,158.21999999997206,0,1881533.8800000001
2024|1511|1052|3|0|10|1,1000,0,0,0,0,0,0,0,0,0
2024|1511|4067|3|1|10|1,1000,0,0,0,0,0,0,0,0,0
2024|1511|4067|4|1|1|1,0,70281.24,0,9900,9900,9900,9900,60381.240000000005,0,0
2024|1511|1005|3|0|10|1,1000,0,0,0,0,0,0,0,0,0
2024|1511|4063|3|0|10|1,1000,0,0,0,0,0,0,0,0,0
2024|1511|4063|4|0|95|1,6000000,6000000,0,1030112.84,941095.65,841089.49,841089.49,4969887.16,89017.18999999994,100006.16000000003
2024|1511|1051|3|0|10|1,1000,0,0,0,0,0,0,0,0,0
2024|1511|4062|3|0|10|1,460552,372150.54,0,372150.54,372150.54000000004,137963,137963,0,-5.820766091346741e-11,234187.54000000004
2024|1511|1006|3|0|10|1,761000,26133.34,0,26133.340000000026,26133.34,0,0,-2.546585164964199e-11,2.546585164964199e-11,26133.34
2024|1511|1006|3|0|10|8,2000000,0,0,0,0,0,0,0,0,0
2024|1511|1006|4|0|24|1,0,168821.47,0,168821.47,162515.81,162515.81,162515.81,0,6305.6600000000035,0
2024|1511|1006|4|0|15|1,0,190000,0,190000,179000,0,0,0,11000,179000
2024|1511|1006|4|0|10|8,1200000,885878.3,0,885878.3,804531.02,342610.32999999996,333454.33,0,81347.28000000003,461920.69000000006
2024|1511|1006|4|0|1|1,0,105875,0,95000,95000,95000,0,10875,0,0
2024|1511|1007|3|1|9|1,0,5569675.44,0,5569675.44,5569675.44,5569675.44,5569675.44,0,0,0
2024|1511|1007|3|1|10|1,1000,0,0,0,0,0,0,0,0,0
2024|1511|1007|3|1|10|8,690000,476000,0,476000,468789.04,25425.58,25425.58,0,7210.960000000021,443363.45999999996
2024|1511|1007|4|1|10|4,0,300000,0,300000,300000,0,0,0,0,300000
2024|1511|1007|4|1|10|8,11974387,9017695.04,0,8892266.690000001,8388646.760000002,4493269.4799999995,4327367.68,125428.34999999776,503619.9299999997,3895377.280000002
2024|1511|1003|3|1|10|1,1000,0,0,0,0,0,0,0,0,0
2024|1511|1003|3|1|60|2,0,3890534.73,0,3890534.73,1943110,1943110,1943110,0,1947424.73,0
2024|1511|1003|4|1|95|1,0,416700,0,416700,272158.32,272158.32,272158.32,0,144541.68,0
2024|1511|1003|4|1|60|2,0,31251609,0,31251609,10362749,10362749,7788359,0,20888860,0
2024|1511|1003|4|1|25|1,0,812500,0,243750,243750,241482,241482,568750,0,2268
2024|1511|4061|1|0|10|1,272227239,217519022,0,216822844.67000002,216822844.67000002,216822844.67000002,216822844.67,696177.3299999833,0,0
2024|1511|4061|3|0|24|1,0,207870,0,207870,207870,207870,207870,0,0,0
2024|1511|4061|3|0|15|1,0,280000,0,280000,280000,280000,280000,0,0,0
2024|1511|4061|3|0|10|1,10937518,10994723.84,0,10994723.84,10984001.8,8840548.420000002,8824538.72,0,10722.039999999106,2143453.379999999
2024|1511|4061|3|0|10|7,9754809,5946062.41,0,5719268.109999999,5719268.11,5719268.11,5719268.11,226794.30000000075,-9.313225746154785e-10,0
2024|1511|4061|4|0|46|1,0,39710.45,0,39710.45,39266.6,18836.13,18836.13,0,443.84999999999854,20430.469999999998
2024|1511|4061|4|0|10|1,119103,60516,0,60516,52348,21298,21298,0,8168,31050
2024|1511|4061|4|0|15|1,0,306000,0,306000,0,0,0,0,306000,0
2024|1511|4061|4|0|10|8,0,648268.79,0,646675.79,636514.8099999999,216117.16,211277.15999999997,1593,10160.980000000098,420397.6499999999
2024|1511|4061|4|0|10|3,0,15325.74,0,9711.34,8674.099999999999,3059.7,0,5614.4,1037.2400000000016,5614.399999999999
2024|1511|4061|4|0|1|1,0,264326.84,0,204421.27999999997,204421.28,152035.68,2110.38,59905.560000000056,-2.9103830456733704e-11,52385.600000000006
2024|1511|4060|1|0|18|1,0,318250143.45,0,318241733.21,318241733.21000004,318241733.21000004,318241733.21,8410.240000009537,-5.960464477539063e-08,0
2024|1511|4060|1|0|11|1,0,861242166.85,0,848329918.44,848329918.4399999,848329918.4399999,848329918.44,12912248.409999967,1.1920928955078125e-07,0
2024|1511|4060|1|0|10|1,2061770089,1163332697.79,0,754180672.8900002,754180672.89,754180672.89,754180672.89,409152024.89999974,2.384185791015625e-07,0
2024|1511|4060|3|0|10|3,0,180.36,0,180.36,180.36,180.36,180.36,0,0,0
2024|1511|4060|3|0|1|1,0,88102.53,0,88102.53,88102.53,88102.53,88102.53,0,0,0
2024|1511|4060|3|0|10|1,100594574,98803415.17,0,98803415.16999999,98456013.05000001,83327042.81000002,81440176.97999999,1.4901161193847656e-08,347402.11999997497,15128970.239999995
2024|1511|4060|3|0|70|1,241000,295514.99,0,74514.98999999999,64394.990000000005,64394.990000000005,64394.990000000005,221000,10119.999999999985,0
2024|1511|4060|3|0|24|1,901000,920494.88,0,19494.88,19494.88,19494.88,19494.88,901000,0,0
2024|1511|4060|3|0|95|1,2371499,3571499,0,1480141.94,1331460.8700000003,762854.3600000001,689244.4099999999,2091357.06,148681.0699999996,568606.5100000002
2024|1511|4060|3|0|10|7,84413450,82857186.16,0,76898290.18,76898290.18,76898290.18,76898290.18,5958895.979999989,0,0
2024|1511|4060|4|0|10|1,26081498,28143097.63,0,28143097.630000006,28143097.630000003,21364509.97,21364509.970000003,-7.450580596923828e-09,3.725290298461914e-09,6778587.660000004
2024|1511|4060|4|0|46|1,0,1399415.18,0,1399415.18,1000740,206800,206800,0,398675.17999999993,793940
2024|1511|4060|4|0|15|1,0,5347800,0,5347800,4933110.459999999,1310052.3399999999,1048694.1400000001,0,414689.54000000097,3623058.119999999
2024|1511|4060|4|0|10|8,7380200,6746151.59,0,6746151.59,6315684.420000001,3033999.47,2766651.77,0,430467.169999999,3281684.9500000007
2024|1511|4060|4|0|74|1,2000,2000,0,0,0,0,0,2000,0,0
2024|1511|4060|4|0|45|1,0,10604.76,0,0,0,0,0,10604.76,0,0
2024|1511|4060|4|0|10|3,0,679961.44,0,657634.6900000001,529767.91,259064.91,5958.91,22326.749999999884,127866.78000000003,270703
2024|1511|4060|4|0|70|1,1000000,2830503.64,0,1672525.67,1512418.56,1060857.6600000001,1037986.57,1157977.9700000002,160107.10999999987,451560.8999999999
2024|1511|4060|4|0|97|1,0,2228240.74,0,880160.4299999999,786232.79,611136.7899999999,553225.39,1348080.3100000003,93927.6399999999,175096.00000000012
2024|1511|4060|4|0|98|1,0,1755062,0,0,0,0,0,1755062,0,0
2024|1511|4060|4|0|2|1,22201000,20358126.4,0,16209565.09,16209565.09,12701859.11,424965.11,4148561.3099999987,0,3507705.9800000004
2024|1511|4060|4|0|95|1,7643425,6443425,0,1934135.96,1934135.96,243720.11,243720.11000000002,4509289.04,0,1690415.85
2024|1511|4060|4|0|24|1,6000000,6000000,0,194201.85,194201.85,194201.85,194201.85,5805798.15,0,0
2024|1511|4060|4|0|1|1,11390512,10058634.28,0,607879.5700000001,607879.57,288324.44999999995,98324.45,9450754.709999999,1.1641532182693481e-10,319555.12
2024|1511|1004|3|0|95|1,19624800,28019800,0,23696843.91,23696843.91,20967846.369999997,20967846.37,4322956.09,0,2728997.540000003
2024|1511|4065|1|0|10|1,30061861,122642974.06,0,122045757.03999999,122045757.03999999,122045757.03999999,122045757.04000002,597217.0200000107,0,0
2024|1511|4065|3|0|1|1,0,1482.28,0,1482.28,1482.28,1482.28,1482.28,0,0,0
2024|1511|4065|3|0|10|1,21853295,38220424.25,0,38220424.25,38203200.11,34686909.519999996,34686909.51999999,0,17224.140000000596,3516290.5900000036
2024|1511|4065|3|0|10|7,2244303,4576793,0,4576792.78,4576792.78,4576792.78,4576792.779999999,0.21999999973922968,0,0
2024|1511|4065|4|0|10|1,3733646,1150318.14,0,1150318.1400000001,1150318.1400000001,616871.3999999999,616871.4,-2.3283064365386963e-10,0,533446.7400000002
2024|1511|4065|4|0|10|8,140000,0,0,0,0,0,0,0,0,0
2024|1511|4065|4|0|25|1,0,812500,0,243750,243750,241482,241482,568750,0,2268
2024|1511|2011|1|0|10|1,5586640,5239746,0,5211906.68,5211906.68,5211906.68,5211906.68,27839.320000000298,0,0
2024|1511|2011|3|0|10|1,443080,393808.93,0,393808.93000000005,393808.93,356967.92000000004,356967.9199999999,-5.820766091346741e-11,5.820766091346741e-11,36841.00999999995
2024|1511|2011|3|0|10|7,327014,309659,0,305747.74999999994,305747.75,305747.75,305747.75,3911.250000000058,-5.820766091346741e-11,0
2024|1511|2011|4|0|10|1,12827,8419,0,8418.999999999998,8419,6410,6410,1.8189894035458565e-12,-1.8189894035458565e-12,2009
2024|1511|2008|1|0|57|2,0,29732.16,0,21596.759999999995,21596.76,21596.76,21596.76,8135.400000000005,-3.637978807091713e-12,0
2024|1511|2008|1|0|10|1,17679499,18841700,0,18481669.22,18481669.22,18481669.22,18481669.220000003,360030.7800000012,0,0
2024|1511|2008|3|0|10|8,0,350000,0,350000,349937.74,324049,258949,0,62.26000000000931,25888.73999999999
2024|1511|2008|3|0|10|1,895764,763540.32,0,763540.32,758557.2999999999,669075.65,668271.0700000001,0,4983.020000000019,89481.6499999999
2024|1511|2008|3|0|10|7,1672642,1294814,0,1294813.2000000002,1294813.2,1294813.2,1294813.2,0.7999999998137355,2.3283064365386963e-10,0
2024|1511|2008|4|0|10|1,35561,61474.5,0,61474.5,61474.5,45145,45145,0,0,16329.5
2024|1511|4066|1|0|10|1,77356519,74460118,0,72676160.89999999,72676160.9,72676160.9,72676160.9,1783957.100000009,-1.4901161193847656e-08,0
2024|1511|4066|3|0|10|1,5848611,2143818.3,0,2143818.299999999,2141028.3400000003,1788569.5,1788569.4999999998,9.313225746154785e-10,2789.9599999985658,352458.8400000003
2024|1511|4066|3|0|10|7,4696713,5914590,0,5880314.7299999995,5880314.73,5880314.73,5880314.7299999995,34275.270000000484,-9.313225746154785e-10,0
2024|1511|4066|3|0|60|1,0,8543000,0,7977260.01,7977260.01,1588137,1588137,565739.9900000002,0,6389123.01
2024|1511|4066|4|0|10|1,580818,511233.53,0,511233.53,511233.53,412586.96,412586.96,0,0,98646.57
2024|1511|7010|3|0|10|7,4144070,4478360,0,4406065.600000001,4328238.24,4328238.24,4327068.84,72294.39999999944,77827.36000000034,0
2024|1511|2500|1|0|10|1,144856155,216040377,0,214587799.49000004,214587799.48999998,214587799.48999998,214587799.49,1452577.5099999607,5.960464477539063e-08,0
2024|1511|2500|3|0|10|1,8617170,7788328.52,0,7788328.519999999,7769347.34,7276018.249999999,7261086.9399999995,9.313225746154785e-10,18981.17999999877,493329.0900000008
2024|1511|2500|3|0|10|7,6829047,12947724.84,0,12917125.799999999,12917125.800000003,12917125.800000003,12917125.799999999,30599.04000000097,-3.725290298461914e-09,0
2024|1511|2500|4|0|10|1,18000,646394.2,0,646394.2,641714.2,511774.4,511774.4,0,4680,129939.79999999993
2024|1521|4306|1|0|10|1,356126,1144259,0,1144257.25,1144257.2499999998,1144257.2499999998,1144257.2500000002,1.75,2.3283064365386963e-10,0
2024|1521|4306|3|0|10|1,16971,6321.64,0,6321.420000000004,6321.42,6321.42,6321.42,0.21999999999661668,3.637978807091713e-12,0
2024|1521|4306|3|0|10|7,111549,56109,0,54960.5,54960.5,54960.5,54960.5,1148.5,0,0
2024|1521|4305|1|0|10|1,2947972,3848721,0,3687895.409999999,3687895.41,3687895.41,3687895.41,160825.59000000078,-9.313225746154785e-10,0
2024|1521|4305|3|0|10|1,72776,72776,0,72776,71733.76000000001,71733.76000000001,71733.76000000001,0,1042.2399999999907,0
2024|1521|4305|3|0|10|7,127775,204136,0,204135.11000000002,204135.11000000002,204135.11000000002,204135.11,0.889999999984866,0,0
2024|1521|4304|1|0|10|1,3874715,3583715,0,2619723.2299999995,2619723.2300000004,2619723.2300000004,2619723.2299999995,963991.7700000005,-9.313225746154785e-10,0
2024|1521|4304|3|0|10|1,595849,303166.36,0,303166.36000000004,293150.94999999995,258380.44,258380.43999999997,-5.820766091346741e-11,10015.41000000009,34770.50999999995
2024|1521|4304|3|0|10|7,173662,173662,0,139146.06,139146.06,139146.06,139146.06,34515.94,0,0
2024|1521|4304|4|0|10|1,603200,149532,0,149532,113727,113727,113727,0,35805,0
2024|1521|4304|4|0|95|1,394291,394291,0,361972,334000,0,0,32319,27972,334000
2024|1521|4308|1|0|10|1,1793437,1793437,0,1640756.2699999998,1640756.2699999998,1640756.2699999998,1640756.27,152680.7300000002,0,0
2024|1521|4308|3|0|10|1,10000,5706,0,5705.73,5105.73,2265.73,2265.73,0.27000000000043656,600,2839.9999999999995
2024|1521|4308|3|0|10|7,119197,119197,0,82474.48999999999,82474.49,82474.49,82474.49,36722.51000000001,-1.4551915228366852e-11,0
2024|1521|4309|1|0|10|1,1535036,1436974,0,1386877.1500000001,1386877.15,1386877.15,1386877.15,50096.84999999986,2.3283064365386963e-10,0
2024|1521|4309|3|0|10|7,118553,61620,0,61620,61620,61620,61620,0,0,0
2024|1521|4309|3|0|10|1,110000,115085,0,115085,114356.94,113646.94000000002,107914.11,0,728.0599999999977,709.9999999999854
2024|1521|4309|3|0|9|1,0,91692.8,0,91692.8,0,0,0,0,91692.8,0
2024|1521|4309|3|0|95|1,41105,41105,0,30090,27756,24832,24832,11015,2334,2924
2024|1521|4309|4|0|95|1,259074,259074,0,83658,83658,0,0,175416,0,83658
2024|1521|4307|1|0|10|1,11627154,15856479,0,15363891.97,15363891.970000003,15363891.970000003,15363891.969999999,492587.02999999933,-1.862645149230957e-09,0
2024|1521|4307|3|0|10|1,280793,265178,0,262107.74000000005,251878.07,244842.07,217342.07000000004,3070.259999999951,10229.670000000042,7036
2024|1521|4307|3|0|10|7,938863,938863,0,655868.83,655868.83,655868.83,655868.83,282994.17000000004,0,0
2024|1521|4310|1|0|10|1,3571171,3562823,0,3535720.730000001,3535720.7300000004,3535720.7300000004,3535720.73,27102.269999999087,4.656612873077393e-10,0
2024|1521|4310|3|0|10|1,197036,203036,0,203036,192601.78,192601.78,192601.78,0,10434.220000000001,0
2024|1521|4310|3|0|10|7,309454,235384,0,151765.56,151765.56,151765.56,151765.56,83618.44,0,0
2024|1521|4303|1|0|10|1,4647087,5255188,0,4680498.36,4680454.33,4648712.470000001,4648712.47,574689.6399999997,44.03000000026077,31741.859999999404
2024|1521|4303|3|0|9|1,0,215014.1,0,215014.1,178557.91,178557.90999999997,172857.51,0,36456.19,2.9103830456733704e-11
2024|1521|4303|3|0|10|1,378964,371964,0,371964,290441,228805.96000000002,228010.66,0,81523,61635.03999999998
2024|1521|4303|3|0|10|7,167188,167188,0,139724.99,139724.99,139724.99,139724.99,27463.01000000001,0,0
2024|1521|4311|1|0|10|1,6635417,9129770,0,8895453.56,8895453.559999999,8895453.559999999,8895453.56,234316.43999999948,1.862645149230957e-09,0
2024|1521|4311|3|0|10|1,130920,97920,0,97919.54,87481.28,87065.28,87065.27999999998,0.46000000000640284,10438.259999999995,416
2024|1521|4311|3|0|10|7,619665,781988,0,651093.4500000001,651093.45,651093.45,651093.45,130894.54999999993,1.1641532182693481e-10,0
2024|1521|4311|4|0|95|1,459240,459240,0,150000,0,0,0,309240,150000,0
2024|1521|4312|1|0|10|1,2046010,1720010,0,783078.48,783078.48,783078.48,783078.4800000002,936931.52,0,0
2024|1521|4312|3|0|10|1,185150,185150,0,185150,131481.65,131481.65000000002,131481.65,0,53668.350000000006,-2.9103830456733704e-11
2024|1521|4312|3|0|10|7,0,36278,0,36277.2,36277.2,36277.2,36277.2,0.8000000000029104,0,0
2024|1521|4312|4|0|9|1,0,17035.8,0,17035.8,0,0,0,0,17035.8,0
2024|1521|4314|3|0|10|1,72830,947654,0,947654,729146.5700000001,63818.58,63818.58,-1.1641532182693481e-10,218507.43000000005,665327.9900000001
2024|1521|4313|1|0|10|1,8707491,10249554,0,9758646.580000002,9758646.579999998,9758646.579999998,9758646.579999998,490907.41999999806,3.725290298461914e-09,0
2024|1521|4313|3|0|10|1,10152,10152,0,10152,9210,6556,6556,0,942,2654
2024|1521|4313|3|0|10|7,228327,733919,0,628453.2800000001,628453.28,628453.28,628453.28,105465.71999999986,1.1641532182693481e-10,0
2024|1521|2500|1|0|10|1,7738745,8147008,0,7147621.420000003,7140065.98,7100346.36,7100346.359999999,999386.5799999973,7555.440000002272,39719.62000000011
2024|1521|2500|3|0|10|1,677137,665137,0,651420.28,601611.23,593578.1000000001,593578.1,13716.719999999972,49809.05000000005,8033.129999999888
2024|1521|2500|3|0|10|7,792052,792052,0,560798,560798,560798,560798,231254,0,0
2024|1541|4050|1|0|10|1,3257168,3423132,0,3415680.6699999995,3415680.67,3415680.67,3415680.67,7451.33000000054,-4.656612873077393e-10,0
2024|1541|4050|3|0|10|1,1166829,917235.93,0,917235.93,907961.5099999999,806148.8299999998,806148.8300000001,0,9274.420000000158,101812.68000000005
2024|1541|4050|3|0|10|7,340414,215862,0,215861.09,215861.09,215861.09,215861.09,0.9100000000034925,0,0
2024|1541|4049|1|0|10|1,8371035,7943823,0,7933981.579999999,7933981.579999999,7933981.579999999,7933981.58,9841.420000000857,0,0
2024|1541|4049|3|0|10|1,2327706,1267484.66,0,1267484.6600000001,1252806.3599999996,1050923.02,1050923.02,-2.3283064365386963e-10,14678.300000000512,201883.33999999962
2024|1541|4049|3|0|10|7,895827,794975,0,718814.96,718814.96,718814.96,718814.96,76160.04000000004,0,0
2024|1541|4049|4|0|10|1,400000,950272.29,0,950272.29,950272.29,840625.47,840625.47,0,0,109646.82000000007
2024|1541|2500|1|0|10|1,3262101,3889607,0,3545518.8000000003,3545518.8,3545518.8,3545518.8,344088.1999999997,4.656612873077393e-10,0
2024|1541|2500|3|0|10|1,1968044,2003407.43,0,2003407.43,1990721.1300000001,1739402.5499999998,1739402.5500000003,0,12686.299999999814,251318.5800000003
2024|1541|2500|3|0|10|7,214999,417582,0,314321.31,314321.31000000006,314321.31000000006,314321.31,103260.69,-5.820766091346741e-11,0
2024|1541|2500|4|0|10|1,338840,13503.66,0,13503.66,13503.66,13503.66,13503.66,0,0,0
2024|1631|4007|1|0|10|1,2869801,2002447,0,1578566.9099999997,1578566.9100000001,1578566.9100000001,1578566.91,423880.0900000003,-4.656612873077393e-10,0
2024|1631|4007|3|0|10|7,531911,222811,0,202421.5,202421.5,202421.5,202421.5,20389.5,0,0
2024|1631|4007|3|0|10|1,1309977,1309977,0,504531.64,202891.65,163574.5,163574.5,805445.36,301639.99,39317.149999999994
2024|1631|2500|1|0|10|1,5057096,6268492,0,6006658.750000001,6003904.04,5916436.12,5916436.120000001,261833.24999999907,2754.710000000894,87467.91999999993
2024|1631|2500|3|0|10|7,390000,355058,0,341871.1,341871.10000000003,341871.10000000003,341871.1,13186.900000000023,-5.820766091346741e-11,0
2024|1631|2500|3|0|10|1,6882389,6882389,0,1299529.4400000002,1092861.5100000002,1066934.47,1066934.47,5582859.56,206667.92999999993,25927.04000000027
2024|1711|2003|1|0|10|1,2380283,1799067,0,992604.2600000001,992604.26,992604.26,992604.26,806462.7399999999,1.1641532182693481e-10,0
2024|1711|2003|3|0|10|1,429741,329741,0,329741,319869.43999999994,304781.3599999999,304781.36000000004,0,9871.560000000056,15088.080000000016
2024|1711|2003|3|0|10|7,277400,253137,0,197089.4,197089.4,197089.4,197089.4,56047.600000000006,0,0
2024|1711|2003|4|0|10|1,203582,735042,0,735042,497112.72000000003,136438.33000000002,136438.33000000002,0,237929.27999999997,360674.39
2024|1711|2002|1|0|10|1,2503302,2453297,0,1928167.9,1928167.8999999997,1928167.8999999997,1928167.9000000001,525129.1000000001,2.3283064365386963e-10,0
2024|1711|2002|3|0|10|1,3179421,3344880.36,0,3344502.16,3183371.49,2975752.23,2975752.2300000004,378.1999999997206,161130.66999999993,207619.26000000024
2024|1711|2002|3|0|10|7,525800,525800,0,299128.54000000004,299128.54000000004,299128.54000000004,299128.54,226671.45999999996,0,0
2024|1711|2002|4|0|10|1,486236,654776,0,654776,415899.99,68785.6,68785.6,0,238876.01,347114.39
2024|1711|2001|1|0|10|1,2515424,2466370,0,1663294.5799999998,1663294.58,1663294.58,1663294.58,803075.4200000002,-2.3283064365386963e-10,0
2024|1711|2001|3|0|10|1,125366878,129766878,0,129766877.99999999,127055815.71000001,39875785.96999999,39875785.97,1.4901161193847656e-08,2711062.2899999768,87180029.74000001
2024|1711|2001|3|0|10|7,389600,389600,0,245329.5,245329.5,245329.5,245329.5,144270.5,0,0
2024|1711|2500|1|0|10|1,6337086,6337086,0,6007991.76,6007991.76,6007991.76,6007991.76,329094.2400000002,0,0
2024|1711|2500|3|0|10|1,1760176,1920238.06,0,1920238.06,1862669.5399999998,1770209.9000000001,1770209.9,0,57568.52000000025,92459.63999999966
2024|1711|2500|3|0|10|7,711216,834538,0,747627.01,747627.01,747627.01,747627.01,86910.98999999999,0,0
2024|1721|2010|4|0|10|8,1000,1000,0,0,0,0,0,1000,0,0
2024|1721|4100|3|0|10|8,1000,1000,0,0,0,0,0,1000,0,0
2024|1721|2066|1|0|10|1,2259263,289222,0,0,0,0,0,289222,0,0
2024|1721|2066|3|0|10|1,750580,709746.64,0,709746.64,364698.29,238784.05000000002,238784.05000000002,0,345048.35000000003,125914.23999999996
2024|1721|2066|3|0|10|7,123093,83456,0,83455.5,83455.5,83455.5,83455.5,0.5,0,0
2024|1721|2066|4|0|10|1,36245,26458,0,26458,24209,11721,11721,0,2249,12488
2024|1721|2062|1|0|10|1,390433,1757621,0,1694002.85,1694002.8499999996,1694002.8499999996,1694002.85,63618.14999999991,4.656612873077393e-10,0
2024|1721|2062|3|0|10|1,484331,616331,0,616331,584228.8099999999,489045.08999999997,489045.09,0,32102.19000000006,95183.71999999997
2024|1721|2062|3|0|10|7,21272,51272,0,32985,32985,32985,32985,18287,0,0
2024|1721|2062|4|0|10|1,48500,30700,0,28926,21986.379999999997,1296.69,1296.69,1774,6939.620000000003,20689.69
2024|1721|2070|1|0|10|1,3295436,2431076,0,1709378.37,1709378.3699999996,1709378.3699999996,1709378.37,721697.6299999999,4.656612873077393e-10,0
2024|1721|2070|3|0|10|1,516477,1259910.36,0,1259910.3599999999,1081881.99,1026104.0199999999,1026104.0199999998,2.3283064365386963e-10,178028.36999999988,55777.97000000009
2024|1721|2070|3|0|10|7,179547,469755,0,364520.85,364520.85,364520.85,364520.85,105234.15000000002,0,0
2024|1721|2070|4|0|10|1,120152,102652,0,102605.20000000001,39535,19535,19535,46.79999999998836,63070.20000000001,20000
2024|1721|2500|1|0|10|1,3513903,4355273,0,4077035.5800000005,4043835.3699999996,3956035.5799999996,3956035.5799999996,278237.41999999946,33200.210000000894,87799.79000000004
2024|1721|2500|3|0|10|1,1866877,1012277,0,1012277,605775.9299999998,507690.29000000004,497302.75999999995,0,406501.0700000002,98085.63999999978
2024|1721|2500|3|0|10|7,191450,657722,0,614573,614573,614573,614573,43149,0,0
2024|1721|2500|4|0|10|1,66699,111786,0,111786,111756.23999999999,76216.24,76216.24,0,29.760000000009313,35539.999999999985
2024|1911|2049|3|0|71|1,0,36233820.35,0,36233820.35,36233820.35,36233820.35,36233820.35,0,0,0
2024|1911|2049|3|0|10|1,50000000,596000000,0,589035225.29,583040584.8299999,583024659.1299998,583024659.1299999,6964774.710000038,5994640.460000038,15925.700000166893
2024|1911|7663|3|0|10|1,802749929,922749929,0,922749929,922749929,805130387.8000001,805130387.8,0,0,117619541.19999993
2024|1915|7723|5|0|10|1,1000,1000,0,0,0,0,0,1000,0,0
2024|1915|7541|5|0|10|1,1000,1000,0,0,0,0,0,1000,0,0
2024|1915|7054|5|0|10|1,1000,1000,0,0,0,0,0,1000,0,0
2024|1915|7758|5|0|10|1,1000,1000,0,0,0,0,0,1000,0,0
2024|1915|7707|5|0|10|1,1000,1000,0,0,0,0,0,1000,0,0
2024|1915|7700|5|0|10|1,1000,1000,0,0,0,0,0,1000,0,0
2024|1915|7737|5|0|10|1,1000,1000,0,0,0,0,0,1000,0,0
2024|1915|7759|5|0|10|1,1000,67480.18,0,66480.18,66480.18,66480.18,66480.18,1000,0,0
2024|1915|7734|5|0|10|1,1000,2861000,0,2860000,2860000,2860000,2860000,1000,0,0
2024|1915|7752|5|0|10|1,0,74395847.38,0,74395847.38,74395847.38,74395847.38,74395847.38,0,0,0
2024|1915|7752|5|0|61|2,130000,130000,0,130000,48126.520000000004,24181.010000000002,24181.01,0,81873.48,23945.510000000002
2024|1916|7658|2|0|10|1,58339670,58349670,0,58339670.87,58339670.349999994,58339670.349999994,4098442.74,9999.130000002682,0.5200000032782555,0
2024|1916|7658|6|0|10|1,10013068,10013068,0,10013067.92,10013067.650000002,10013067.650000002,0,0.0800000000745058,0.26999999769032,0
2024|1916|7043|2|0|10|1,30769741,31149741,0,31000000,30915812.35,30915812.35,30915812.350000005,149741,84187.64999999851,0
2024|1916|7043|6|0|10|1,44569094,44669094,0,44630000,44621858.04,44621858.04,44621858.04,39094,8141.960000000894,0
2024|1916|7030|2|0|10|1,91078749,91078749,0,80842000,80840225.81000002,80840225.81000002,80840225.81,10236749,1774.1899999827147,0
2024|1916|7030|6|0|10|1,163039751,164039751,0,163633551.09,163480970.97000003,163480970.97000003,163480970.97000003,406199.9099999964,152580.11999997497,0
2024|1916|7896|2|0|10|1,1000,1000,0,0,0,0,0,1000,0,0
2024|1916|7896|6|0|10|1,1000,1000,0,0,0,0,0,1000,0,0
2024|1916|7003|6|0|10|1,879645434,880145434,0,880050477.75,880050477.45,880050477.45,880050477.45,94956.25,0.2999999523162842,0
2024|1916|7886|2|0|19|1,0,106497629.98,0,106497629.98,106497629.98,106497629.98,106497629.98,0,0,0
2024|1916|7886|2|0|11|1,0,292000000,0,292000000,292000000,292000000,292000000,0,0,0
2024|1916|7886|2|0|10|1,2779376269,1472985245,0,1472985244.3400002,1351313689.3300002,1351313689.3300002,1143247697.87,0.6599998474121094,121671555.00999999,0
2024|1916|7886|6|0|15|1,553541699,0,0,0,0,0,0,0,0,0
2024|1916|7886|6|0|10|1,1772347277,829834254.54,0,789490000,779600289.76,779600289.76,779600289.76,40344254.53999996,9889710.24000001,0
2024|1941|4489|3|0|10|1,2339000,1075575.82,0,0,0,0,0,1075575.82,0,0
2024|1941|4488|3|0|10|1,1000,3354113.48,0,3354113.4800000004,3353113.4799999995,940135.14,940135.14,-4.656612873077393e-10,1000.0000000009313,2412978.3399999994
2024|1941|4488|3|0|52|2,0,45754.24,0,45754.240000000005,45754.240000000005,15764.16,13049.02,-7.275957614183426e-12,0,29990.080000000005
2024|1941|4488|3|0|94|1,0,30000,0,30000,30000,0,0,0,0,30000
2024|1941|4488|3|0|91|2,0,108000,0,108000,108000,57181.68,48208.93,0,0,50818.32
2024|1941|4488|3|0|27|1,0,139359.03,0,139359.03,139359.03,51203.67,50349.61,0,0,88155.36
2024|1941|4488|3|0|60|2,0,472491.08,0,472491.08,472491.07999999996,118800.15999999999,103453.84,0,5.820766091346741e-11,353690.92
2024|1941|7024|1|0|10|1,26176323,22888944,0,22006692.749999996,22006692.75,22006692.75,22006692.75,882251.2500000037,-3.725290298461914e-09,0
2024|1941|7441|1|0|10|1,183774460,183774460,0,171912876.92999998,171912876.93,171912876.93,171912876.93,11861583.070000023,-2.9802322387695312e-08,0
2024|1951|2132|3|0|71|3,0,6000000,0,0,0,0,0,6000000,0,0
2024|1951|2132|3|0|10|3,18134743,14115609.63,0,0,0,0,0,14115609.63,0,0
2024|1951|2132|4|0|71|3,0,1000000,0,0,0,0,0,1000000,0,0
2024|1951|2132|4|0|10|3,14540008,8171814.67,0,0,0,0,0,8171814.67,0,0
2024|1951|2131|3|0|97|1,100000000,7000000,0,0,0,0,0,7000000,0,0
2024|1951|2131|3|0|98|1,0,90154208,0,0,0,0,0,90154208,0,0
2024|1991|9999|9|0|10|1,1034854433,335342867.7,0,0,0,0,0,335342867.7,0,0
2024|2011|4068|3|0|50|1,10424845,10424845,0,10424845.000000002,10424845,9010063.670000002,9010063.67,-1.862645149230957e-09,1.862645149230957e-09,1414781.3299999982
2024|2011|2012|1|0|57|2,0,65728.77,0,58365.810000000005,58365.81,58365.81,58365.81,7362.959999999999,7.275957614183426e-12,0
2024|2011|2012|1|0|49|1,11622410,10827717,0,10763874.040000001,10763874.040000001,10763874.040000001,10763874.040000001,63842.95999999903,0,0
2024|2011|2012|3|0|50|1,8419623,9099623,0,9099623,9061414.87,8173280.12,8080326.779999999,0,38208.13000000082,888134.7499999991
2024|2011|2012|3|0|49|7,1691646,1202069,0,1113421.7,1113421.7,1113421.7,1113421.7,88647.30000000005,0,0
2024|2011|2012|4|0|50|1,5052518,5052518,0,5052518,4816741.16,3972565.14,3972565.14,0,235776.83999999985,844176.02
2024|2011|4410|3|0|50|1,38826415,32026415,0,32026415,31987861.690000005,31345151.11,31345151.109999996,0,38553.30999999493,642710.5800000057
2024|2011|4410|3|0|10|1,0,45786822.34,0,45786822.339999996,45786822.339999996,31668974.290000003,31668653.89,7.450580596923828e-09,0,14117848.049999993
2024|2011|4074|3|0|50|1,150510410,185970410,0,185970410,185970410.00000003,163944396.94,163716943.33000007,0,-2.9802322387695312e-08,22026013.060000032
2024|2011|4074|3|0|49|1,109605084,115605084,0,115605084,115605083.99999994,104681188.58,104681188.57999998,0,5.960464477539063e-08,10923895.419999942
2024|2011|4073|3|0|50|1,157116582,315190209.02,0,315190209.02000004,315190209.00000006,310903777.28000003,310903777.2799999,-5.960464477539063e-08,0.019999980926513672,4286431.720000029
2024|2011|4073|3|0|10|1,0,530000,0,530000,530000,141356.2,71755.44,0,0,388643.8
2024|2011|4073|3|0|49|1,0,20768181,0,20768181,20768181,9198193.45,9198193.45,0,0,11569987.55
2024|2011|4073|3|0|60|1,173168565,171083565,0,171083565,153615451.74000004,150986178.42000002,150986178.41999996,0,17468113.25999996,2629273.3200000226
2024|2011|4230|1|0|57|2,0,90978.61,0,77792.66000000002,77792.66,77792.66,77792.66,13185.949999999983,1.4551915228366852e-11,0
2024|2011|4230|1|0|49|1,22488455,22488455,0,22226782.009999994,22226782.01,22226782.01,22226782.01,261672.9900000058,-7.450580596923828e-09,0
2024|2011|4230|3|0|50|1,16600999,10200999,0,10200998.790000001,9496078.030000001,8788661.42,8769571.1,0.20999999903142452,704920.7599999998,707416.6100000013
2024|2011|4230|3|0|49|7,3273203,2619907,0,2619906.4500000007,2619906.45,2619906.45,2619906.4499999997,0.5499999993480742,4.656612873077393e-10,0
2024|2011|4230|4|0|50|1,294071,294071,0,294071,45969.79,45969.78999999999,45969.79,0,248101.21,7.275957614183426e-12
2024|2011|4229|1|0|57|2,0,370767.67,0,307483.28,307483.28,307483.28,307483.28,63284.389999999956,0,0
2024|2011|4229|1|0|49|1,42018821,42456474,0,42255872.190000005,42255872.19,42255872.19,42255872.190000005,200601.80999999493,7.450580596923828e-09,0
2024|2011|4229|3|0|49|7,6115856,3309018,0,3289559.26,3289559.2600000007,3289559.2600000007,3289559.2600000002,19458.740000000224,-9.313225746154785e-10,0
2024|2011|4229|3|0|50|1,14509585,14239585,0,14193185.000000004,14117993.799999999,12571944.420000002,12565574.420000006,46399.999999996275,75191.20000000484,1546049.379999997
2024|2011|4229|4|0|50|1,369500,369500,0,369500,190986.59999999998,120293.59999999999,120293.6,0,178513.40000000002,70692.99999999999
2024|2011|4231|1|0|49|1,151073573,160157030,0,160157029.25000003,160157029.25,160157029.25,160157029.25,0.7499999701976776,2.9802322387695312e-08,0
2024|2011|4231|1|0|57|2,0,8944911.77,0,8016947.61,8016947.609999999,8016947.609999999,8016947.61,927964.1599999992,9.313225746154785e-10,0
2024|2011|4231|3|0|50|1,295211147,243886147,0,243866825.85999998,241587208.15999994,205872077.05999988,205243937.50000015,19321.140000015497,2279617.7000000477,35715131.10000005
2024|2011|4231|3|0|49|7,21988817,22666061,0,22442555.290000003,22442555.29,22442555.29,22442555.289999995,223505.70999999717,3.725290298461914e-09,0
2024|2011|4231|4|0|10|8,0,120000,0,120000,119902.5,89302.5,89302.5,0,97.5,30600
2024|2011|4231|4|0|50|1,13291944,12245706.57,0,12245706.510000002,12187352.94,3172969.76,3172969.76,0.05999999865889549,58353.57000000216,9014383.18
2024|2011|4409|3|0|60|1,1004378,1004378,0,1004378,1003378,798875.54,798875.54,0,1000,204502.45999999996
2024|2011|2014|1|0|49|1,6005283,5134034,0,5068550.87,5068547.869999999,5042128.47,5042128.47,65483.12999999989,3.0000000009313226,26419.39999999944
2024|2011|2014|3|0|10|1,10059246,10059246,0,10059246,6324396.319999999,5589695.439999999,5589695.44,0,3734849.6800000006,734700.8800000008
2024|2011|2014|3|0|49|7,874071,981766,0,773956.5100000001,773956.51,773956.51,773956.51,207809.48999999987,1.1641532182693481e-10,0
2024|2011|2014|4|0|10|1,8757504,8757504,0,8757504,2969647.8200000003,2143217.88,2134427.86,0,5787856.18,826429.9400000004
2024|2011|2039|1|0|49|1,12830743,11687985,0,11479285.490000002,11479285.49,11479285.49,11479285.489999998,208699.5099999979,1.862645149230957e-09,0
2024|2011|2039|3|0|50|1,20573119,17837119,0,17814831.169999998,17748212.500000007,15982456.780000007,15979179.060000002,22287.830000001937,66618.66999999061,1765755.7200000007
2024|2011|2039|3|0|49|7,1867520,2155800,0,1994738.76,1994738.7600000002,1994738.7600000002,1994738.76,161061.24,-2.3283064365386963e-10,0
2024|2011|2039|4|0|50|1,2151780,2448017.43,0,2448017.43,2352816.97,2250518.3,2250518.3000000003,0,95200.45999999996,102298.67000000039
2024|2011|7004|1|0|60|9,4900000,6900000,0,6900000,6171277.130000001,6169208.130000001,6161228.200000001,0,728722.8699999992,2069
2024|2011|7004|1|0|10|9,132054526,155670671.35,0,155670671.35,154070642.09000003,154070642.09000003,154055679.72,0,1600029.2599999607,0
2024|2011|7004|3|0|60|9,100000,100000,0,100000,15771.079999999998,14761.079999999998,14761.079999999998,0,84228.92,1010
2024|2011|7004|3|0|10|9,1235155,1235155,0,0,0,0,0,1235155,0,0
2024|2011|2500|1|0|57|2,0,11190.76,0,8350.099999999999,8350.1,8350.1,8350.1,2840.6600000000017,-1.8189894035458565e-12,0
2024|2011|2500|1|0|49|1,21742209,22597852,0,22297564.49999999,22297564.500000004,22282294.4,22282294.399999995,300287.5000000112,-1.4901161193847656e-08,15270.100000005215
2024|2011|2500|3|0|50|1,43915101,43182101,0,43182101,42875676.940000005,38356462.97,38346378.97,0,306424.05999999493,4519213.970000006
2024|2011|2500|3|0|49|7,3164587,3183633,0,2937866.2099999995,2937866.21,2937866.21,2937866.21,245766.7900000005,-4.656612873077393e-10,0
2024|2011|2500|4|0|50|1,2800000,2800000,0,2800000,2550725.34,1052031.4300000002,1052031.4300000002,0,249274.66000000015,1498693.9099999997
2024|2011|2500|4|0|47|1,1000,1000,0,0,0,0,0,1000,0,0
2024|2041|4340|1|0|60|1,1212599,1175074,0,1174683.69,1174683.69,1174683.69,1174683.69,390.3100000000559,0,0
2024|2041|4340|3|0|60|7,286662,216943,0,216942.66999999998,216942.66999999998,216942.66999999998,216942.67,0.33000000001629815,0,0
2024|2041|4340|3|0|60|1,3273620,3242120,0,2792295.1,182593.99,167716.05,167716.05000000002,449824.8999999999,2609701.1100000003,14877.940000000002
2024|2041|7004|3|0|60|9,245710,245710,0,50.54,0,0,0,245659.46,50.54,0
2024|2041|2500|1|0|60|1,751504,882770,0,881332.74,881332.7400000002,881332.7400000002,881332.7400000001,1437.2600000000093,-2.3283064365386963e-10,0
2024|2041|2500|3|0|60|7,117751,125229,0,125228.95999999999,125228.96,125228.96,125228.96,0.04000000000814907,-1.4551915228366852e-11,0
2024|2041|2500|3|0|60|1,258640,258140,0,229210.9,166353.06,150296.32,146730.16999999995,28929.100000000006,62857.84,16056.73999999999
2024|2041|2500|4|0|47|1,0,7000,0,7000,6150,2760,2760,0,850,3390
2024|2041|2500|4|0|60|1,12040,12040,0,5040,0,0,0,7000,5040,0
2024|2061|4242|3|0|10|8,0,220000,0,220000,3996.7200000000003,3996.7200000000003,1342.74,0,216003.28,0
2024|2061|4242|3|0|60|1,67605,67605,0,52185,52184.590000000004,52184.590000000004,52184.59,15420,0.4099999999962165,0
2024|2061|4242|3|0|10|1,152229,149729,0,110943.58,18172.55,6397.01,6397.01,38785.42,92771.03,11775.539999999999
2024|2061|4247|1|0|10|1,307046,1241976.8399999999,0,1190240.87,1190240.8699999999,1190240.8699999999,1190240.8699999999,51735.96999999974,2.3283064365386963e-10,0
2024|2061|4247|3|0|10|1,105549,146986.58,0,146986.01,146886.00999999998,141401.01,141401.01,0.5699999999778811,100.0000000000291,5484.999999999971
2024|2061|4247|3|0|10|7,42108,114326.05,0,112759.40000000001,112759.40000000001,112759.40000000001,112759.4,1566.6499999999942,0,0
2024|2061|4247|3|0|60|1,67605,67605,0,50360,50359.32,50359.32,50359.32,17245,0.680000000000291,0
2024|2061|4247|4|0|10|1,33400,33400,0,33400,29980,0,0,0,3420,29980
2024|2061|4241|1|0|10|1,5890138,2017150,0,1838626.1799999997,1838626.1800000002,1838626.1800000002,1838626.18,178523.8200000003,-4.656612873077393e-10,0
2024|2061|4241|3|0|10|7,114708,56163,0,56162.99,56162.99,56162.99,56162.99,0.010000000002037268,0,0
2024|2061|4241|3|0|60|1,516902,416902,0,415664,415660.95,303927.87999999995,303927.88,1238,3.0499999999883585,111733.07000000007
2024|2061|4241|3|0|10|1,1271852,1630052,0,1149761.21,1094972.33,884987.3999999999,884987.3999999999,480290.79000000004,54788.87999999989,209984.93000000017
2024|2061|4244|1|0|10|1,1669661,3498520,0,2368091.13,2368091.13,2368091.13,2368091.13,1130428.87,0,0
2024|2061|4244|3|0|10|1,400552,399852,0,399851.85,398173.13,395847.7700000001,395847.76999999996,0.15000000002328306,1678.719999999972,2325.359999999928
2024|2061|4244|3|0|10|7,60258,98069,0,98068.5,98068.5,98068.5,98068.5,0.5,0,0
2024|2061|4244|3|0|60|1,1472854,1102854,0,939680.4299999999,794182.03,654473.8300000001,654473.8300000001,163173.57000000007,145498.3999999999,139708.19999999995
2024|2061|4240|1|0|10|1,3592375,3046594,0,2352661.36,2352661.36,2352661.36,2352661.3600000003,693932.6400000001,0,0
2024|2061|4240|3|0|60|1,383570,393789,0,393788.91000000003,393276.15,336550.66000000003,336550.66,0.08999999996740371,512.7600000000093,56725.48999999999
2024|2061|4240|3|0|10|7,217074,164080,0,163698.13,163698.12999999998,163698.12999999998,163698.13,381.86999999999534,2.9103830456733704e-11,0
2024|2061|4240|3|0|10|1,417635,417635,0,278824.48,252272.49,213747.95,213747.95,138810.52000000002,26551.98999999999,38524.53999999998
2024|2061|4246|1|0|10|1,2581348,2464988,0,2033028.8099999998,2033028.8099999998,2033028.8099999998,2033028.81,431959.1900000002,0,0
2024|2061|4246|3|0|10|8,220000,0,0,0,0,0,0,0,0,0
2024|2061|4246|3|0|10|1,763685,689810.47,0,689809.98,662493.2000000001,517661.49999999994,517661.5,0.4899999999906868,27316.77999999991,144831.70000000013
2024|2061|4246|3|0|10|7,247566,106194,0,104783.89,104783.88999999998,104783.88999999998,104783.89,1410.1100000000006,1.4551915228366852e-11,0
2024|2061|4246|3|0|60|1,162617,162617,0,131736.16,131736.16,131736.16,131736.16,30880.839999999997,0,0
2024|2061|4245|1|0|10|1,2723709,1064972.7,0,1059698.5400000003,1059698.54,1059698.54,1059698.54,5274.159999999683,2.3283064365386963e-10,0
2024|2061|4245|3|0|10|8,150000,0,0,0,0,0,0,0,0,0
2024|2061|4245|3|0|10|7,132858,37634,0,37633.2,37633.2,37633.2,37633.2,0.8000000000029104,0,0
2024|2061|4245|3|0|10|1,1050045,960102.46,0,957904.1600000001,882507.55,703013.54,703013.54,2198.2999999998137,75396.6100000001,179494.01
2024|2061|4245|4|0|10|1,16000,0,0,0,0,0,0,0,0,0
2024|2061|4243|1|0|10|1,1734958,1810523,0,1805755.16,1805755.1600000001,1805755.1600000001,1805755.16,4767.840000000084,-2.3283064365386963e-10,0
2024|2061|4243|3|0|10|7,138666,111395,0,111394.5,111394.5,111394.5,111394.5,0.5,0,0
2024|2061|4243|3|0|60|1,0,60000,0,0,0,0,0,60000,0,0
2024|2061|4243|3|0|10|1,3708394,3542756.95,0,3430718.49,3415093.89,3229626.09,3229626.09,112038.45999999996,15624.600000000093,185467.80000000028
2024|2061|4248|1|0|10|1,1153223,946359,0,946357.4999999998,946357.5,946357.5,946357.4999999998,1.5000000002328306,-2.3283064365386963e-10,0
2024|2061|4248|3|0|10|7,198924,145194,0,143837.7,143837.69999999998,143837.69999999998,143837.7,1356.2999999999884,2.9103830456733704e-11,0
2024|2061|4248|3|0|10|1,474711,474711,0,436736.4299999998,412641.44,382686.60000000003,382686.6,37974.57000000018,24094.989999999816,29954.839999999967
2024|2061|4250|1|0|10|1,6461300,5731145.46,0,3346841.9099999997,3346841.91,3346841.91,3346841.9099999997,2384303.5500000003,-4.656612873077393e-10,0
2024|2061|4250|3|0|10|7,441408,186922,0,186921.81,186921.81,186921.81,186921.81,0.1900000000023283,0,0
2024|2061|4250|3|0|10|1,630311,628309.78,0,578012.27,571343.47,571343.47,571343.47,50297.51000000001,6668.800000000047,0
2024|2061|4250|3|0|60|1,233876,233876,0,140352.87,139661.34,84661.34,84661.34,93523.13,691.5299999999988,55000
2024|2061|4251|1|0|10|1,4199329,3989192,0,3596947.1,3596947.0999999996,3596947.0999999996,3596947.1000000006,392244.8999999999,4.656612873077393e-10,0
2024|2061|4251|3|0|10|7,380424,220049,0,220048.86,220048.86000000002,220048.86000000002,220048.86000000002,0.14000000001396984,-2.9103830456733704e-11,0
2024|2061|4251|3|0|60|1,218041,218041,0,187071,186991.97999999998,140598.55000000002,140598.55,30970,79.02000000001863,46393.429999999964
2024|2061|4251|3|0|10|1,564825,566826.22,0,531701.28,531601.2800000001,446401.27999999997,446401.28,35124.939999999944,99.99999999988358,85200.00000000017
2024|2061|4249|1|0|10|1,3286193,3666263,0,3655198.34,3655198.3399999994,3655198.3399999994,3655198.3400000003,11064.660000000149,4.656612873077393e-10,0
2024|2061|4249|3|0|10|1,314744,314744,0,314743.68,314741.42000000004,314741.42000000004,314741.42000000004,0.3200000000069849,2.2599999999511056,0
2024|2061|4249|3|0|60|1,484717,240855,0,240854.59,201911.69,196911.69,196911.69,0.41000000000349246,38942.899999999994,5000
2024|2061|4249|3|0|10|7,223608,173532,0,173531.5,173531.5,173531.5,173531.5,0.5,0,0
2024|2061|4257|1|0|10|1,920708,631914,0,631912.22,631912.22,631912.22,631912.22,1.7800000000279397,0,0
2024|2061|4257|3|0|10|1,167864,187992.49,0,187991.55000000002,187991.55,187991.55000000002,187991.55000000002,0.9399999999732245,2.9103830456733704e-11,-2.9103830456733704e-11
2024|2061|4257|3|0|10|7,117612,117612,0,54368,54368,54368,54368,63244,0,0
2024|2061|4257|3|0|60|1,247005,217005,0,136642.21,135201.88999999998,135201.89,135201.88999999998,80362.79000000001,1440.320000000007,-2.9103830456733704e-11
2024|2061|4254|1|0|10|1,3475357,3257437,0,2646309.860000001,2646309.8599999994,2646309.8599999994,2646309.86,611127.1399999992,1.3969838619232178e-09,0
2024|2061|4254|3|0|10|7,325974,192735,0,192735,192735,192735,192735,0,0,0
2024|2061|4254|3|0|10|1,356710,356710,0,356710,355060.64,350790.64,350790.64,0,1649.359999999986,4270
2024|2061|4254|3|0|60|1,224952,188952,0,131567.21,108899.69,108534.28,108534.28,57384.79000000001,22667.51999999999,365.4100000000035
2024|2061|4255|1|0|10|1,8789782,8789782,0,8361634.960000001,8361634.96,8361634.96,8361634.960000001,428147.0399999991,9.313225746154785e-10,0
2024|2061|4255|3|0|10|3,0,7507.6,0,7507.6,0,0,0,0,7507.6,0
2024|2061|4255|3|0|10|1,760534,777243.26,0,777242.8599999999,777241.98,752575.72,752575.72,0.4000000001396984,0.8799999998882413,24666.26000000001
2024|2061|4255|3|0|24|1,2000,52220,0,50220,34221.65,34221.65,34221.649999999994,2000,15998.349999999999,0
2024|2061|4255|3|0|60|1,461897,527897,0,507590.53000000014,424756.23000000004,411835.05,411835.05000000005,20306.469999999856,82834.3000000001,12921.180000000051
2024|2061|4255|3|0|10|7,673728,609613,0,540945.81,540945.81,540945.81,540945.81,68667.18999999994,0,0
2024|2061|7004|1|0|10|9,701975,1234074,0,1233998.9999999998,1225214.98,1225214.98,1225214.98,75.00000000023283,8784.019999999786,0
2024|2061|7004|3|0|10|9,0,75000,0,75000,41656.78999999999,41656.78999999999,41656.78999999999,0,33343.21000000001,0
2024|2061|2500|1|0|10|1,12394682,12195046,0,12101606.960000003,12101606.96,12101606.96,12101606.96,93439.03999999724,1.862645149230957e-09,0
2024|2061|2500|3|0|60|1,458359,1118359,0,1096619.03,1096543.48,316948.64,316948.64,21739.969999999972,75.55000000004657,779594.84
2024|2061|2500|3|0|10|1,932386,1746299.99,0,1625663.32,1583480.1500000001,730667.04,721324.9299999999,120636.66999999993,42183.169999999925,852813.1100000001
2024|2061|2500|3|0|10|7,1509354,1403070,0,1230328.28,1230328.28,1230328.28,1230328.28,172741.71999999997,0,0
2024|2061|2500|4|0|10|1,0,714059,0,714059,714058.7099999998,676909.9299999999,676909.9299999999,0,0.2900000001536682,37148.77999999991
2024|2071|4362|1|0|10|1,505254,654095,0,615166.4400000001,615166.44,615166.44,615166.4400000001,38928.55999999994,1.1641532182693481e-10,0
2024|2071|4362|3|0|10|7,112374,134185,0,113625,113625,113625,113625,20560,0,0
2024|2071|4362|3|0|10|1,21590857,10315853.53,0,10036851.780000001,10036851.780000016,9984829.890000015,9955048.850000015,279001.74999999814,-1.4901161193847656e-08,52021.890000000596
2024|2071|4362|4|0|10|1,7500000,116026,0,116025.62,116025.62,116025.62,116025.62,0.3800000000046566,0,0
2024|2071|4389|1|0|10|1,430052,175568,0,175250.81999999998,175250.81999999998,175250.81999999998,175250.82,317.1800000000221,0,0
2024|2071|4389|3|0|10|7,74916,48525,0,48525,48525,48525,48525,0,0,0
2024|2071|4389|3|0|10|1,39266440,5626501.51,0,3100942.5199999996,3100942.52,276093.93,276093.93,2525558.99,-4.656612873077393e-10,2824848.59
2024|2071|4389|4|0|10|1,17000000,2000000,0,500000,500000,0,0,1500000,0,500000
2024|2071|4387|1|0|10|1,1210628,1122916,0,1121658.29,1121658.29,1121658.29,1121658.29,1257.7099999999627,0,0
2024|2071|4387|3|0|10|3,350013,363074.28,0,363074.28,349979.07999999996,261189,261189,0,13095.20000000007,88790.07999999996
2024|2071|4387|3|0|10|7,224748,197716,0,186674.99,186674.99,186674.99,186674.99,11041.01000000001,0,0
2024|2071|4387|3|0|10|1,12047066,30847066,0,30799209.000000004,30799209.000000026,30579265.570000023,30578365.570000026,47856.999999996275,-2.2351741790771484e-08,219943.43000000343
2024|2071|4387|3|0|24|1,1025015,1344514.4,0,634611.17,614968.6,481783.49,481783.49,709903.2299999999,19642.570000000065,133185.11
2024|2071|4387|4|0|10|1,8100000,150000,0,68000,68000,48000,48000,82000,0,20000
2024|2071|4387|5|0|10|1,1200000,550000,0,313186,313186,313186,313186,236814,0,0
2024|2071|4048|1|0|10|1,2270022,2161295,0,1957246.1700000002,1957246.17,1957246.17,1957246.1700000002,204048.82999999984,2.3283064365386963e-10,0
2024|2071|4048|3|0|10|7,355851,331724,0,290425.11,290425.11,290425.11,290425.11,41298.890000000014,0,0
2024|2071|4048|3|0|10|1,128230765,112727393.74,0,109296585.44,109296585.44000001,109271713.58999996,109193617.92999999,3430808.299999997,-1.4901161193847656e-08,24871.850000053644
2024|2071|4513|1|0|10|1,2475009,2556646,0,2441583.68,2441583.6799999997,2410104.67,2410104.6700000004,115062.31999999983,4.656612873077393e-10,31479.009999999776
2024|2071|4513|3|0|10|8,500001,199961.52,0,199961.52,199961.52,199961.52,199961.52,0,0,0
2024|2071|4513|3|0|10|3,6000000,0,0,0,0,0,0,0,0,0
2024|2071|4513|3|0|10|7,282496,282496,0,246371.12,246371.12,246371.12,246371.12,36124.880000000005,0,0
2024|2071|4513|3|0|69|1,1800000,100000,0,0,0,0,0,100000,0,0
2024|2071|4513|3|0|10|1,103709513,183192614.22,0,182965229.34,182965229.34000003,179565395.70000005,179111810.65,227384.87999999523,-2.9802322387695312e-08,3399833.6399999857
2024|2071|4513|3|0|68|1,4495357,4534537,0,39180,38860.079999999994,38860.08,22051.18,4495357,319.92000000000553,-7.275957614183426e-12
2024|2071|4513|3|0|24|1,8000000,9710003.22,0,1710003.22,1710003.22,1710003.22,1710003.22,8000000,0,0
2024|2071|4513|4|0|24|1,2500000,2500000,0,0,0,0,0,2500000,0,0
2024|2071|4513|4|0|68|1,2603713,2603713,0,0,0,0,0,2603713,0,0
2024|2071|4513|4|0|10|1,47131508,71308623,0,68048589.8,68048589.8,67967590.8,67920550.80000001,3260033.200000003,0,80999
2024|2071|1086|3|1|10|1,39412718,9912718,0,3739674.2199999997,3739674.22,3629551.2200000007,3321634.5500000007,6173043.78,-4.656612873077393e-10,110122.99999999953
2024|2071|1086|4|1|10|1,0,2500000,0,2035092.2100000002,2035092.21,2035092.21,1997292.21,464907.7899999998,2.3283064365386963e-10,0
2024|2071|1069|3|1|10|1,10838498,838498,0,291765.65,291765.65,289229.76,289229.75999999995,546732.35,0,2535.890000000014
2024|2071|1068|3|1|10|1,65326581,3749635.25,0,2646515.5999999996,2646515.6,2526202.15,2526202.1500000004,1103119.6500000004,-4.656612873077393e-10,120313.45000000019
2024|2071|1068|4|1|10|1,20396082,2396082,0,723000,723000,714000,455000,1673082,0,9000
2024|2071|1088|3|1|10|1,10369453,7369453,0,5020827.890000001,5020827.890000001,5020827.890000001,5020827.890000001,2348625.1099999994,0,0
2024|2071|1088|4|1|10|1,37286515,3286515,0,1480162.4499999993,1480162.4500000002,1480162.4500000002,1480162.4500000002,1806352.5500000007,-9.313225746154785e-10,0
2024|2071|1087|3|1|10|1,63227048,57997742.33,0,56672257.44,56672257.44,55865833.38999999,55859008.66,1325484.8900000006,0,806424.0500000045
2024|2071|1087|4|1|10|1,32562771,20562771,0,17606359.23,17606359.229999997,17212609.229999997,17212609.229999997,2956411.7699999996,3.725290298461914e-09,393750
2024|2071|7004|1|0|60|9,37346,37346,0,24936.02,23476.46,23476.46,23476.46,12409.98,1459.5600000000013,0
2024|2071|7004|3|0|60|9,0,4000,0,4000,0,0,0,0,4000,0
2024|2071|2500|1|0|10|1,3445921,3738781,0,3732452.9,3732452.9,3732452.9,3732452.9000000004,6328.100000000093,0,0
2024|2071|2500|3|0|47|1,1000,1000,0,0,0,0,0,1000,0,0
2024|2071|2500|3|0|10|7,561870,545194,0,490211.26,490211.26,490211.26,490211.26,54982.73999999999,0,0
2024|2071|2500|3|0|10|1,22003616,19195687,0,18166806.520000003,18166806.52,17650318.710000005,17650124.68,1028880.4799999967,3.725290298461914e-09,516487.80999999493
2024|2071|2500|4|0|10|1,4999720,5749720,0,5611062.78,5611062.779999999,4953877.890000001,4953877.889999999,138657.21999999974,9.313225746154785e-10,657184.8899999987
2024|2091|4070|1|0|60|1,1641196,1426460,0,1426459.4400000004,1426459.44,1426459.44,1426459.44,0.5599999995902181,4.656612873077393e-10,0
2024|2091|4070|1|0|72|1,0,322817.93,0,321565.73999999993,321565.74,321565.74,321565.74,1252.1900000000605,-5.820766091346741e-11,0
2024|2091|4070|1|0|95|1,436258,436258,0,38278.91,38278.91,38278.91,38278.91,397979.08999999997,0,0
2024|2091|4070|3|0|72|7,340253,385017,0,380802.89,380802.88999999996,380802.88999999996,380802.89,4214.109999999986,5.820766091346741e-11,0
2024|2091|4070|3|0|72|1,641432,641432,0,573840.13,79745.76999999999,49745.770000000004,48804.57,67591.87,494094.36,29999.999999999985
2024|2091|4070|3|0|95|7,132000,132000,0,17706.96,17706.96,17706.96,17706.96,114293.04000000001,0,0
2024|2091|4070|3|0|45|1,281000,281000,0,0,0,0,0,281000,0,0
2024|2091|4070|3|0|24|1,693272,693272,0,0,0,0,0,693272,0,0
2024|2091|4070|4|0|72|1,5473946,5473946,0,5109016,0,0,0,364930,5109016,0
2024|2091|4069|1|0|72|1,2094909,1127685,0,1127683.7999999998,1127683.8,1127683.8,1127683.8,1.2000000001862645,-2.3283064365386963e-10,0
2024|2091|4069|3|0|72|7,474553,224165,0,224164.13,224164.12999999998,224164.12999999998,224164.13,0.8699999999953434,2.9103830456733704e-11,0
2024|2091|4069|3|0|95|1,300000,301991.52,0,56579.619999999995,56579.619999999995,29285.570000000003,29285.57,245411.90000000002,0,27294.049999999992
2024|2091|4069|3|0|72|1,2126708,2126708,0,1393016.5399999998,1134315.5300000003,786158.09,766561.16,733691.4600000002,258701.00999999954,348157.4400000003
2024|2091|4072|1|0|72|1,393623,951994.62,0,951993.3799999999,951993.38,951993.38,951993.3799999999,1.240000000107102,-1.1641532182693481e-10,0
2024|2091|4072|3|0|72|7,40616,151880.34,0,151880.16,151880.15999999997,151880.15999999997,151880.16,0.17999999999301508,2.9103830456733704e-11,0
2024|2091|4072|3|0|72|1,753729,753729,0,88574.6,52638.32,52638.32000000001,52638.32,665154.4,35936.280000000006,-7.275957614183426e-12
2024|2091|4071|1|0|60|1,3185606,4542668.12,0,4542666.9,4542666.899999999,4542666.899999999,4542666.9,1.2199999997392297,9.313225746154785e-10,0
2024|2091|4071|3|0|10|8,0,270000,0,270000,68499.96,0,0,0,201500.03999999998,68499.96
2024|2091|4071|3|0|72|7,590104,832480.93,0,832480.4099999999,832480.4099999999,832480.4099999999,832480.41,0.5200000001350418,0,0
2024|2091|4071|3|0|72|1,7307896,7307896,0,2755168.0599999996,1727972.9400000002,1274807.65,1274771.66,4552727.94,1027195.1199999994,453165.29000000027
2024|2091|4071|4|0|72|1,3995,3995,0,3729,0,0,0,266,3729,0
2024|2091|7004|1|0|60|9,528883,728883,0,508361.06,391568.47,391568.47,383207.41000000003,220521.94,116792.59000000003,0
2024|2091|7004|3|0|60|9,0,600000,0,528883,302887.72000000003,302887.72000000003,302887.72000000003,71117,225995.27999999997,0
2024|2091|2500|1|0|60|1,7539315,30942052.75,0,30942051.99999999,30942052,30942052,30942051.999999996,0.7500000111758709,-1.1175870895385742e-08,0
2024|2091|2500|1|0|72|1,13924334,11683070.28,0,5113415.119999999,5113415.119999999,5113415.119999999,5113415.119999999,6569655.16,0,0
2024|2091|2500|3|0|60|1,0,10000,0,10000,2126.6899999999996,2126.6899999999996,2126.6899999999996,0,7873.31,0
2024|2091|2500|3|0|72|7,4185767,6835617,0,6792561.87,6792561.87,6792561.87,6792561.87,43055.12999999989,0,0
2024|2091|2500|3|0|52|1,389782,344027.76,0,285839.47,704.33,704.33,704.33,58188.29000000004,285135.13999999996,0
2024|2091|2500|3|0|72|1,13705966,13705966,0,8760282.7,7095783.669999999,5697683.5,5697456.550000001,4945683.300000001,1664499.0300000003,1398100.169999999
2024|2091|2500|4|0|72|1,11670,11670,0,10892,3697.99,2769.99,2769.99,778,7194.01,928
2024|2091|2500|4|0|47|1,5000,5000,0,0,0,0,0,5000,0,0
2024|2101|4057|3|1|95|1,170000,170000,0,0,0,0,0,170000,0,0
2024|2101|4054|1|0|26|1,2400600,2858915.36,0,2858592.3000000007,2858592.3,2858592.3,2858592.3,323.05999999912456,9.313225746154785e-10,0
2024|2101|4054|3|0|60|1,1752700,0,0,0,0,0,0,0,0,0
2024|2101|4054|3|0|95|1,600000,599992.94,0,599992.94,599992.94,0,0,0,0,599992.94
2024|2101|4054|3|0|72|1,5385006,510309.32,0,441329.28,430373.38,420143.83999999997,420143.84,68980.03999999998,10955.900000000023,10229.540000000037
2024|2101|4054|3|0|72|7,2130000,1290043,0,1129069.1400000001,1129069.14,1129069.14,1129069.14,160973.85999999987,2.3283064365386963e-10,0
2024|2101|4054|4|0|72|1,727090,0,0,0,0,0,0,0,0,0
2024|2101|4054|4|0|60|1,4156993,0,0,0,0,0,0,0,0,0
2024|2101|4054|4|0|95|1,0,187155,0,113916.66,113916.66,0,0,73238.34,0,113916.66
2024|2101|4058|1|0|26|1,3021247,2948091,0,2948089.6600000006,2948089.6599999997,2948089.6599999997,2948089.66,1.339999999385327,9.313225746154785e-10,0
2024|2101|4058|1|0|72|1,302472,297025.44,0,297024.07000000007,297024.06999999995,297024.06999999995,297024.07,1.3699999999371357,1.1641532182693481e-10,0
2024|2101|4058|1|0|95|1,190503,190503,0,0,0,0,0,190503,0,0
2024|2101|4058|3|0|10|8,200000,0,0,0,0,0,0,0,0,0
2024|2101|4058|3|0|95|1,10262762,2280.6,0,2280.6,950.28,950.28,950.28,0,1330.32,0
2024|2101|4058|3|0|72|7,649120,631868,0,631867.6399999999,631867.6399999999,631867.6399999999,631867.64,0.3600000001024455,0,0
2024|2101|4058|3|0|72|3,10385,10385,0,0,0,0,0,10385,0,0
2024|2101|4058|3|0|72|1,3542297,2609387,0,2512882.35,2442115.4800000004,1663532.3299999996,1662459.4300000002,96504.6499999999,70766.86999999965,778583.1500000008
2024|2101|4058|3|0|95|7,97501,97501,0,0,0,0,0,97501,0,0
2024|2101|4058|3|0|24|1,552090,552090,0,0,0,0,0,552090,0,0
2024|2101|4058|3|0|91|1,1718108,1718108,0,622723.16,593441.95,381926.21,45638.91,1095384.8399999999,29281.21000000008,211515.73999999993
2024|2101|4058|3|0|52|1,2978156,2564156,0,0,0,0,0,2564156,0,0
2024|2101|4058|4|0|91|1,52599,52599,0,43341.12,0,0,0,9257.879999999997,43341.12,0
2024|2101|4058|4|0|72|1,0,50000,0,23052,17852,17852,17852,26948,5200,0
2024|2101|4058|4|0|10|8,0,125000,0,0,0,0,0,125000,0,0
2024|2101|4058|4|0|95|1,8038397,8038397,0,0,0,0,0,8038397,0,0
2024|2101|4055|1|0|72|1,978430,0,0,0,0,0,0,0,0,0
2024|2101|4055|1|0|26|1,9773071,9450115,0,9450113.839999998,9450113.84,9450113.84,9450113.84,1.1600000020116568,-1.862645149230957e-09,0
2024|2101|4055|3|0|72|7,2275063,1981449.97,0,1908203.1700000002,1908203.17,1908203.17,1908203.17,73246.79999999981,2.3283064365386963e-10,0
2024|2101|4055|3|0|72|1,2368654,2518654,0,2415548.66,2389248.05,2108082.6900000004,2076625.45,103105.33999999985,26300.610000000335,281165.3599999994
2024|2101|4056|1|0|72|1,1076860,315040.08,0,314248.48,314248.48,314248.48,314248.48,791.6000000000349,0,0
2024|2101|4056|1|0|26|1,10756246,11981376,0,11950362.32,11950362.32,11950362.32,11950362.32,31013.679999999702,0,0
2024|2101|4056|1|0|95|1,190504,190504,0,0,0,0,0,190504,0,0
2024|2101|4056|3|0|95|7,97502,97502,0,0,0,0,0,97502,0,0
2024|2101|4056|3|0|72|7,2464646,2439118,0,2257673.57,2257673.57,2257673.57,2257673.57,181444.43000000017,0,0
2024|2101|4056|3|0|61|1,12588998,12538998,0,4419915.07,4236730.0600000005,3114062.080000001,3048538.21,8119082.93,183185.00999999978,1122667.9799999995
2024|2101|4056|4|0|61|1,0,50000,0,10522.5,7683,7683,7683,39477.5,2839.5,0
2024|2101|4059|1|0|26|1,12019730,13616047,0,13616045.23,13616045.23,13616045.23,13616045.23,1.7699999995529652,0,0
2024|2101|4059|1|0|72|1,1443690,292867.19,0,292705.29000000004,292705.29000000004,292705.29000000004,292705.29,161.89999999996508,0,0
2024|2101|4059|1|0|95|1,190504,190504,0,0,0,0,0,190504,0,0
2024|2101|4059|3|0|15|1,0,230000,0,230000,229211.29,229211.29,229211.29,0,788.7099999999919,0
2024|2101|4059|3|0|72|7,1281408,2689894,0,2678285.569999999,2678285.57,2678285.57,2678285.57,11608.430000001099,-9.313225746154785e-10,0
2024|2101|4059|3|0|95|7,97501,97501,0,0,0,0,0,97501,0,0
2024|2101|4059|3|0|72|1,37790024,38287024,0,37943440.92999999,37520887.34,35005387.760000005,34399683.21,343583.07000000775,422553.5899999887,2515499.579999998
2024|2101|4059|3|0|61|1,10460040,10372682,0,0,0,0,0,10372682,0,0
2024|2101|4059|3|0|95|1,21167500,31302835.89,0,8063105.46,8063105.46,7987346.159999999,7987346.16,23239730.43,0,75759.30000000075
2024|2101|4059|4|0|10|8,0,58520.8,0,58520.8,54365.9,54365.9,54365.9,0,4154.9000000000015,0
2024|2101|4059|4|0|95|1,190166,317592.11,0,317592.11,308165.02,203868.90999999997,203868.91,0,9427.089999999967,104296.11000000004
2024|2101|4059|4|0|72|1,0,6000,0,3124.15,3124.15,924.15,924.15,2875.85,0,2200
2024|2101|4059|4|0|72|3,9550,9550,0,0,0,0,0,9550,0,0
2024|2101|4059|4|0|52|1,0,44000,0,0,0,0,0,44000,0,0
2024|2101|4059|4|0|61|1,2252367,2339725,0,1985553.2799999998,1985553.2799999998,915954.3,915954.3,354171.7200000002,0,1069598.9799999997
2024|2101|4059|4|0|24|1,517132,517132,0,0,0,0,0,517132,0,0
2024|2101|4059|5|0|95|1,2114756,2114756,0,0,0,0,0,2114756,0,0
2024|2101|4091|3|0|72|1,6134295,6315503.7,0,6184389.090000001,6130013.42,4665954.180000001,4664779.180000002,131114.6099999994,54375.67000000086,1464059.2399999993
2024|2101|7004|1|0|60|9,6032399,5032399,0,3129083.45,2155625.96,2143122.9299999997,2143122.93,1903315.5499999998,973457.4900000002,12503.03000000026
2024|2101|7004|3|0|60|9,748881,1748881,0,1448881,1126345.4500000002,1126345.4500000002,1126345.4500000002,300000,322535.5499999998,0
2024|2101|2500|1|0|72|1,7234680,8306.01,0,8305.98,8305.98,8305.98,8305.98,0.030000000000654836,0,0
2024|2101|2500|1|0|26|1,72251106,71295735.48,0,71253989.88999999,71253989.89,71253989.89,71253989.89,41745.59000001848,-1.4901161193847656e-08,0
2024|2101|2500|3|0|26|1,0,1000,0,1000,116.47,116.47,116.47,0,883.53,0
2024|2101|2500|3|0|52|1,0,370000,0,369412.73,369412.73,369412.73,0,587.2700000000186,0,0
2024|2101|2500|3|0|68|1,3500,3500,0,0,0,0,0,3500,0,0
2024|2101|2500|3|0|72|1,15215626,14730766.68,0,14724867.470000003,14529850.849999998,12639496.15,12586379.129999999,5899.209999997169,195016.62000000477,1890354.6999999974
2024|2101|2500|3|0|9|1,7500,7500,0,0,0,0,0,7500,0,0
2024|2101|2500|3|0|69|1,74000,74000,0,0,0,0,0,74000,0,0
2024|2101|2500|3|0|72|7,19108085,14722522,0,12415346.5,12415346.5,12415346.5,12415346.499999998,2307175.5,0,0
2024|2101|2500|4|0|72|1,0,50000,0,27156.85,26976.85,13439,13439,22843.15,180,13537.849999999999
2024|2101|2500|4|0|9|1,0,1048630.34,0,0,0,0,0,1048630.34,0,0
2024|2121|4009|1|0|10|1,287104,260301.72,0,260300.85,260300.84999999998,260300.84999999998,260300.85000000003,0.8699999999953434,2.9103830456733704e-11,0
2024|2121|4009|1|0|50|1,0,42904,0,35481.04,35481.04,35481.04,35481.04,7422.959999999999,0,0
2024|2121|4009|3|0|50|7,0,5742,0,5742,5742,5742,5742,0,0,0
2024|2121|4009|3|0|10|7,76221,69922,0,68643,68643,68643,68643,1279,0,0
2024|2121|4009|3|0|49|1,20278256,20503489.71,0,20435967.080000002,20435950.079999994,20282973.439999998,20251591.169999994,67522.62999999896,17.00000000745058,152976.63999999687
2024|2121|4009|3|0|10|1,33389611,29937611,0,29516502.779999997,29516502.779999994,29502892.05,29502623.399999972,421108.22000000253,3.725290298461914e-09,13610.729999992996
2024|2121|4008|1|0|10|1,4568876,3658165.4499999997,0,3658164.2300000004,3658164.2300000004,3658164.2300000004,3658164.2300000004,1.2199999992735684,0,0
2024|2121|4008|1|0|50|1,0,660000,0,640406.2999999999,640406.3,640406.3,640406.3,19593.70000000007,-1.1641532182693481e-10,0
2024|2121|4008|1|0|57|2,0,113558.03,0,87666.09,87666.09000000001,87666.09000000001,87666.09,25891.940000000002,-1.4551915228366852e-11,0
2024|2121|4008|3|0|49|1,0,33075942.77,0,33075942.77,33075942.76999999,32295416.380000003,32279915.590000004,0,1.1175870895385742e-08,780526.3899999857
2024|2121|4008|3|0|50|1,5392800,5392800,0,5392800,5392797.999999999,4047392.490000001,4047392.4899999998,0,2.0000000009313226,1345405.509999998
2024|2121|4008|3|0|60|1,67765424,54349569.27,0,54349569.27,54349384.269999996,53987058.940000005,53946336.24,0,185.00000000745058,362325.32999999076
2024|2121|4008|3|0|10|7,1571233,1076774.81,0,1068002.81,1068002.81,1068002.81,1068002.81,8772,0,0
2024|2121|4008|3|0|50|7,0,110000,0,88786.5,88786.5,88786.5,88786.5,21213.5,0,0
2024|2121|4008|3|0|10|1,714075153,746780711.63,0,729195518.4100001,729195518.4100001,727896462.99,727799985.6700008,17585193.21999991,0,1299055.4200000763
2024|2121|4008|4|0|49|1,0,5656.32,0,5656.32,0,0,0,0,5656.32,0
2024|2121|4008|4|0|10|1,0,8955.84,0,3299.5200000000004,3299.52,3299.52,3299.52,5656.32,4.547473508864641e-13,0
2024|2121|4011|1|0|10|1,307820,295854.52999999997,0,295852.97,295852.97000000003,295852.97000000003,295852.97,1.5599999999976717,-5.820766091346741e-11,0
2024|2121|4011|1|0|50|1,0,56000,0,55935.9,55935.90000000001,55935.90000000001,55935.90000000001,64.09999999999854,-7.275957614183426e-12,0
2024|2121|4011|3|0|49|1,0,194693.08,0,194693.08000000002,194693.08000000002,163593.44,117575.37,-2.9103830456733704e-11,0,31099.640000000014
2024|2121|4011|3|0|50|7,0,6000,0,6000,6000,6000,6000,0,0,0
2024|2121|4011|3|0|60|1,726265,65000,0,65000,64998.99,64998.99,64998.99,0,1.0100000000020373,0
2024|2121|4011|3|0|10|7,111383,93583.5,0,92383.5,92383.5,92383.5,92383.5,1200,0,0
2024|2121|4011|3|0|10|1,0,661265,0,559089.3999999999,559088.4000000001,559088.4000000001,559088.4,102175.6000000001,0.9999999997671694,0
2024|2121|4010|1|0|10|1,382790,352180.59,0,352179.34,352179.33999999997,352179.33999999997,352179.34,1.25,5.820766091346741e-11,0
2024|2121|4010|1|0|50|1,0,64000,0,63901.58,63901.579999999994,63901.579999999994,63901.579999999994,98.41999999999825,7.275957614183426e-12,0
2024|2121|4010|3|0|50|7,0,8739,0,8739,8739,8739,8739,0,0,0
2024|2121|4010|3|0|49|1,0,1659699.89,0,1659699.89,1659109.47,183565.95,167363.5,0,590.4199999999255,1475543.52
2024|2121|4010|3|0|60|1,30494068,1541172.33,0,1541172.33,1540315.6700000013,1540315.6700000013,1540315.6700000013,0,856.659999998752,0
2024|2121|4010|3|0|10|7,119251,93081,0,86904,86904,86904,86904,6177,0,0
2024|2121|4010|3|0|10|1,0,26952895.67,0,25293195.779999997,25289369.750000015,24004151.130000014,23923481.07000001,1659699.8900000043,3826.0299999825656,1285218.620000001
2024|2121|2018|1|0|10|1,2282199,2168043.61,0,2168042.3699999996,2168042.37,2168042.37,2168042.3699999996,1.2400000002235174,-4.656612873077393e-10,0
2024|2121|2018|1|0|50|1,0,384422,0,383683.66000000003,383683.66,383683.66,383683.66,738.3399999999674,5.820766091346741e-11,0
2024|2121|2018|3|0|49|1,0,1480651.73,0,1480651.73,1295965.8699999999,64868.729999999996,64868.729999999996,0,184685.8600000001,1231097.14
2024|2121|2018|3|0|60|1,12811943,1919813.8,0,1919813.6,1913566.4799999997,1366316.3199999998,1366189.83,0.19999999995343387,6247.120000000345,547250.1599999999
2024|2121|2018|3|0|10|7,700996,551766.5,0,546490.5,546490.5,546490.5,546490.5,5276,0,0
2024|2121|2018|3|0|50|7,0,60000,0,46992,46992,46992,46992,13008,0,0
2024|2121|2018|3|0|10|1,0,6056307.01,0,4165418.1999999997,4155382.2,2840128.5300000003,2840128.5300000003,1890888.81,10035.999999999534,1315253.67
2024|2121|2018|4|0|60|1,78077,0,0,0,0,0,0,0,0,0
2024|2121|2018|4|0|49|1,0,56221.36,0,56221.36,31749.96,0,0,0,24471.4,31749.96
2024|2121|2018|4|0|10|1,0,87900.25,0,31678.89,31678.89,31678.89,31678.89,56221.36,0,0
2024|2121|2017|1|0|50|1,0,422193,0,422191.38,422191.38,422191.38,422191.38,1.6199999999953434,0,0
2024|2121|2017|1|0|10|1,2868016,2359454.54,0,2359423.23,2359423.23,2359423.23,2359423.2300000004,31.31000000005588,0,0
2024|2121|2017|3|0|60|1,58250943,5518376.83,0,5518376.83,5477376.580000001,3030185.45,3030118.450000001,0,41000.24999999907,2447191.130000001
2024|2121|2017|3|0|49|1,0,3912579.9,0,3912579.9,3798446.9499999997,35289.85,23167.07,0,114132.95000000019,3763157.0999999996
2024|2121|2017|3|0|10|7,1081861,783949,0,779112,779112,779112,779112,4837,0,0
2024|2121|2017|3|0|50|7,0,80000,0,62026.5,62026.5,62026.5,62026.5,17973.5,0,0
2024|2121|2017|3|0|10|1,0,42554716.63,0,38559758.730000004,38552136.73,35137000.51,35136480.910000004,3994957.8999999985,7622.000000007451,3415136.219999999
2024|2121|2017|4|0|60|1,234230,0,0,0,0,0,0,0,0,0
2024|2121|2017|4|0|49|1,0,1189165.21,0,1189165.21,988260.79,88060.79,88060.79,0,200904.41999999993,900200
2024|2121|2017|4|0|10|1,0,1363699.75,0,174534.53999999998,174534.53999999998,110516.4,110516.4,1189165.21,0,64018.139999999985
2024|2121|7004|1|0|60|9,16602878,19877691.89,0,19877691.89,19877399.610000003,19877399.610000003,19877399.61,0,292.2799999974668,0
2024|2121|7004|3|0|60|9,101935,3151935,0,3151934.9999999995,3151924.7800000007,3151924.7800000007,3119670.6800000006,4.656612873077393e-10,10.219999998807907,0
2024|2121|7002|1|0|49|1,0,165289393,0,165000000,165000000,165000000,165000000,289393,0,0
2024|2121|7002|1|0|10|1,496319462,365025078.61,0,361098589.6100001,361098589.61,361098589.61,361098589.61,3926488.9999999404,5.960464477539063e-08,0
2024|2121|7002|1|0|50|1,0,162000000,0,145242482.35999998,145242482.36,145242482.36,145242482.36,16757517.640000015,-2.9802322387695312e-08,0
2024|2121|7002|1|0|78|1,1561549133,1613104514.32,0,1344971178.53,1344940804.3000002,1344933379.15,1344932668.32,268133335.78999996,30374.229999780655,7425.150000095367
2024|2151|4232|3|0|10|1,100000,0,0,0,0,0,0,0,0,0
2024|2151|4075|3|0|10|1,10000,10000,0,10000,9613.07,9613.07,9613.07,0,386.9300000000003,0
2024|2151|4077|3|0|10|1,3183857,3733857,0,3733857,3730986.8200000003,3299115.36,3299115.3600000003,0,2870.179999999702,431871.4600000004
2024|2151|4077|4|0|10|1,1000000,904822.97,0,904822.97,904822.97,904822.97,904822.97,0,0,0
2024|2151|4080|1|0|10|1,6251071,6752974,0,6601216.019999999,6601216.0200000005,6601216.0200000005,6601216.0200000005,151757.98000000138,-1.862645149230957e-09,0
2024|2151|4080|3|0|10|1,650000,646408.81,0,646408.81,646408.8099999999,595568.47,595189.47,0,1.1641532182693481e-10,50840.33999999997
2024|2151|4080|3|0|10|7,973586,931131,0,864474.3700000001,864474.3699999999,864474.3699999999,864474.37,66656.62999999989,2.3283064365386963e-10,0
2024|2151|4076|3|0|10|1,2460000,2760000,0,2721500,2721500,2721500,2721500,38500,0,0
2024|2151|4078|1|0|10|1,10172864,10095295,0,9888718.58,9888718.58,9888718.58,9888718.58,206576.41999999993,0,0
2024|2151|4078|3|0|10|1,995920,1375920,0,1375920,1375920,1252703.2000000002,1252703.2,0,0,123216.79999999981
2024|2151|4078|3|0|10|7,1196931,1196931,0,1043340.74,1043340.74,1043340.74,1043340.74,153590.26,0,0
2024|2151|4078|4|0|10|1,0,15840000,0,15840000,15840000,15754194.01,15754194.01,0,0,85805.99000000022
2024|2151|4092|3|0|10|1,10000,6852.69,0,6852.6900000000005,6852.69,6598.29,6598.29,-9.094947017729282e-13,9.094947017729282e-13,254.39999999999964
2024|2151|2015|1|0|10|1,655740,1042203,0,1014094.8499999999,1014094.85,1014094.85,1014094.8500000002,28108.15000000014,-1.1641532182693481e-10,0
2024|2151|2015|3|0|10|1,10000,10000,0,9738.26,9738.26,6117.56,6117.5599999999995,261.7399999999998,0,3620.7
2024|2151|2015|3|0|10|7,273992,273992,0,228069,228069,228069,228069,45923,0,0
2024|2151|4093|1|0|10|1,939205,911322,0,875184.5999999997,875184.6000000001,875184.6000000001,875184.6000000001,36137.400000000256,-3.4924596548080444e-10,0
2024|2151|4093|3|0|10|1,20000,20000,0,19770,19770,19770,19770,230,0,0
2024|2151|4093|3|0|10|7,254127,320635,0,284817.94,284817.94,284817.94,284817.94,35817.06,0,0
2024|2151|1023|4|0|10|1,100000,0,0,0,0,0,0,0,0,0
2024|2151|1024|3|0|10|1,300000,300000,0,300000,300000,300000,300000,0,0,0
2024|2151|4198|1|0|10|1,3203482,3340032,0,3249620.84,3249620.84,3249620.84,3249620.8400000003,90411.16000000015,0,0
2024|2151|4198|3|0|10|1,231332,231332,0,231332,231332,210257.57,210257.57,0,0,21074.429999999993
2024|2151|4198|3|0|10|7,664470,664470,0,599599.1299999999,599599.13,599599.13,599599.13,64870.87000000011,-1.1641532182693481e-10,0
2024|2151|4198|4|0|10|1,230000,230000,0,230000,230000,230000,230000,0,0,0
2024|2151|4199|1|0|10|1,3603610,4310507,0,4188416.460000001,4188416.4600000004,4188416.4600000004,4188416.4600000004,122090.5399999991,4.656612873077393e-10,0
2024|2151|4199|3|0|10|1,10000,10000,0,9843.9,9843.25,9843.25,9843.25,156.10000000000036,0.6499999999996362,0
2024|2151|4199|3|0|10|7,435347,703259,0,637438.4999999999,637438.5,637438.5,637438.5,65820.50000000012,-1.1641532182693481e-10,0
2024|2151|4199|4|0|10|1,50000,50000,0,50000,50000,50000,50000,0,0,0
2024|2151|4234|1|0|10|1,79907,89762,0,84389.11,84389.11,84389.11,84389.11,5372.889999999999,0,0
2024|2151|4234|3|0|10|1,10000,8182.7,0,8182.7,8182.7,8182.7,8182.7,0,0,0
2024|2151|4234|3|0|10|7,19820,19820,0,2341.5,2341.5,2341.5,2341.5,17478.5,0,0
2024|2151|4233|1|0|10|1,206314,1272980.74,0,1222221.2799999998,1222221.2799999998,1222221.2799999998,1222221.28,50759.460000000196,0,0
2024|2151|4233|3|0|10|1,1850345,1850345,0,1849945.47,1849820.8,1849820.8000000003,1849820.8000000003,399.53000000002794,124.6699999999255,-2.3283064365386963e-10
2024|2151|4233|3|0|10|7,49871,171781,0,146895,146895,146895,146895,24886,0,0
2024|2151|2130|3|0|10|1,5000000,810796.05,0,760796.04,760788.04,588022.0800000001,588022.0800000001,50000.01000000001,8,172765.95999999996
2024|2151|7004|1|0|60|9,1000,1000,0,0,0,0,0,1000,0,0
2024|2151|7004|3|0|60|9,0,17455.28,0,7470.2699999999995,7470.27,7470.27,7470.27,9985.009999999998,-9.094947017729282e-13,0
2024|2151|2500|1|0|10|1,9300046,9551902.26,0,9411350.960000005,9411350.959999999,9411350.959999999,9411350.96,140551.29999999516,5.587935447692871e-09,0
2024|2151|2500|3|0|10|1,4460558,14790068.45,0,14684534.139999999,14495788.77,8057541.200000001,8033028.56,105534.31000000052,188745.36999999918,6438247.569999998
2024|2151|2500|3|0|60|1,242000,242000,0,0,0,0,0,242000,0,0
2024|2151|2500|3|0|10|7,3586290,3935243,0,3627612.4999999986,3627612.4999999995,3627612.4999999995,3627612.5,307630.5000000014,-9.313225746154785e-10,0
2024|2151|2500|4|0|10|1,1227420,1059303.08,0,1059303.08,1001912.56,400293.8,400293.8,0,57390.52000000002,601618.76
2024|2151|2500|4|0|47|1,10000,10000,0,0,0,0,0,10000,0,0
2024|2161|4282|3|0|10|1,181534,121000,0,121000,121000,121000,121000,0,0,0
2024|2161|4277|3|0|10|1,181534,121000,0,121000,121000,121000,121000,0,0,0
2024|2161|4285|1|0|10|1,947032,947032,0,318134.62,318134.62000000005,318134.62000000005,318134.61999999994,628897.38,-5.820766091346741e-11,0
2024|2161|4285|3|0|10|1,161926,164177.95,0,164177.95,164177.95,144678.1,144678.1,0,0,19499.850000000006
2024|2161|4285|3|0|10|3,34079,57429.02,0,23350.02,23350.02,23350.02,23350.02,34079,0,0
2024|2161|4285|3|0|10|7,187773,187773,0,59920.5,59920.5,59920.5,59920.5,127852.5,0,0
2024|2161|4285|3|0|1|1,272000,314205.66,0,97040.06,97040.06,97040.06,97040.06,217165.59999999998,0,0
2024|2161|4285|3|0|24|1,3088643,3088643,0,0,0,0,0,3088643,0,0
2024|2161|4285|4|0|10|1,292548,83898.39,0,83898.39000000001,83898.39000000001,60318.340000000004,60318.340000000004,-1.4551915228366852e-11,0,23580.05000000001
2024|2161|4285|4|0|1|1,30000,30000,0,0,0,0,0,30000,0,0
2024|2161|4285|4|0|24|1,342960,342960,0,0,0,0,0,342960,0,0
2024|2161|4515|3|0|10|1,2048040,1309325.9,0,1209325.9,1048357.2600000001,749676.8400000001,748879.7600000001,100000,160968.63999999978,298680.42000000004
2024|2161|4515|4|0|10|1,135766,6229.92,0,6229.919999999998,6229.92,6229.92,6229.92,1.8189894035458565e-12,-1.8189894035458565e-12,0
2024|2161|4283|1|0|10|1,3291561,1728384,0,1616441.63,1616441.63,1616441.63,1616441.63,111942.37000000011,0,0
2024|2161|4283|3|0|10|7,1042118,932645,0,346209.54,346209.54000000004,346209.54000000004,346209.54,586435.46,-5.820766091346741e-11,0
2024|2161|4283|3|0|10|1,3778233,2627259.9699999997,0,927303.97,927303.97,864726.63,864726.63,1699955.9999999998,0,62577.33999999997
2024|2161|4283|4|0|10|1,0,89870,0,89870,89870,0,0,0,0,89870
2024|2161|7004|1|0|10|9,390920,390746.12,0,390746.12,59800.83,59800.83,49063.22,0,330945.29,0
2024|2161|7004|3|0|10|9,0,173.88,0,173.88,0,0,0,0,173.88,0
2024|2161|2500|1|0|10|1,5513318,2993990,0,1977676.01,1977676.0100000002,1977676.0100000002,1977676.0099999998,1016313.99,-2.3283064365386963e-10,0
2024|2161|2500|3|0|47|1,1000,1000,0,0,0,0,0,1000,0,0
2024|2161|2500|3|0|10|1,1457707,1313587.23,0,1212822.2300000002,1050208.7,798616.6500000001,798616.6499999998,100764.99999999977,162613.53000000026,251592.0499999998
2024|2161|2500|3|0|10|7,829149,829149,0,351562.75999999995,351562.76,351562.76,351562.76,477586.24000000005,-5.820766091346741e-11,0
2024|2171|1058|1|0|10|1,340250,363412,0,351753.82999999996,351753.83,351753.83,351753.83,11658.170000000042,-5.820766091346741e-11,0
2024|2171|1058|3|0|59|2,0,2400000,0,2400000,2400000,2380000,2380000,0,0,20000
2024|2171|1058|3|0|60|1,0,620562.69,0,620362.69,354184.06999999995,220533.29,220533.29,200,266178.62,133650.77999999994
2024|2171|1058|3|0|10|1,355440,130340,0,127650.57999999997,119811.34999999999,108882.48000000001,108882.48,2689.4200000000274,7839.229999999981,10928.86999999998
2024|2171|1058|3|0|10|7,152319,149086,0,128475,128475,128475,128475,20611,0,0
2024|2171|1061|3|0|10|1,1000,1000,0,1000,706,706,706,0,294,0
2024|2171|1062|1|0|10|1,1116190,1202153,0,1140653.7100000002,1140653.7100000002,1140653.7100000002,1140653.71,61499.289999999804,0,0
2024|2171|1062|3|0|10|7,285598,234868,0,223300,223300,223300,223300,11568,0,0
2024|2171|1062|3|0|45|1,115000,115000,0,55000,54412.95,54412.95,54412.95,60000,587.0500000000029,0
2024|2171|1062|3|0|60|1,0,176100,0,106100,104276.39,80187.53,80187.53,70000,1823.6100000000006,24088.86
2024|2171|1062|3|0|10|1,159085,159085,0,76714.87,70545.14,66496.74,66496.73999999999,82370.13,6169.729999999996,4048.399999999994
2024|2171|1062|3|0|24|1,479175,479175,0,0,0,0,0,479175,0,0
2024|2171|1062|4|0|60|1,0,5000,0,5000,4301,3654,3654,0,699,647
2024|2171|1062|4|0|45|1,100000,100000,0,33333,0,0,0,66667,33333,0
2024|2171|1062|4|0|24|1,4650000,4650000,0,0,0,0,0,4650000,0,0
2024|2171|1067|3|0|10|1,1000,1000,0,1000,0,0,0,0,1000,0
2024|2171|1066|1|0|10|1,40461,57026,0,49072.880000000005,49072.88,49072.88,49072.88,7953.119999999995,7.275957614183426e-12,0
2024|2171|1066|3|0|10|1,151289,151289,0,151289,77997.04,43097.490000000005,43097.490000000005,0,73291.96,34899.54999999999
2024|2171|1066|3|0|60|1,0,148821.51,0,148821.51,13820,10530,10530,0,135001.51,3290
2024|2171|1066|3|0|10|7,19041,19152,0,16875,16875,16875,16875,2277,0,0
2024|2171|7004|1|0|10|9,1000,1000,0,0,0,0,0,1000,0,0
2024|2171|2500|1|0|10|1,755699,948330,0,868258.12,868258.1199999999,868258.1199999999,868258.1199999999,80071.88,1.1641532182693481e-10,0
2024|2171|2500|3|0|60|1,100000,498427.8,0,498427.8,473200.61000000004,431228.72000000003,431228.72,0,25227.189999999944,41971.890000000014
2024|2171|2500|3|0|10|1,1126730,1274730,0,1261534.31,1258115.28,1106694.5499999998,1106694.55,13195.689999999944,3419.030000000028,151420.7300000002
2024|2171|2500|3|0|10|7,247518,254294,0,232075,232075,232075,232075,22219,0,0
2024|2171|2500|3|0|68|1,777000,777000,0,0,0,0,0,777000,0,0
2024|2171|2500|4|0|68|1,775000,775000,0,0,0,0,0,775000,0,0
2024|2181|4423|1|0|10|1,180064,145213,0,0,0,0,0,145213,0,0
2024|2181|4423|3|0|10|7,43756,0,0,0,0,0,0,0,0,0
2024|2181|4423|3|0|10|1,3522766,2817366,0,2817365.97,2656142.9900000007,2340935.07,2340935.0599999996,0.029999999795109034,161222.97999999952,315207.92000000086
2024|2181|4417|1|0|10|1,1488284,1473014,0,1414411.96,1414411.96,1414411.96,1414411.9600000004,58602.04000000004,0,0
2024|2181|4417|3|0|60|1,1497524,797524,0,797524,679390.6699999999,383324.69000000006,383324.69000000006,-1.1641532182693481e-10,118133.33000000019,296065.97999999986
2024|2181|4417|3|0|59|2,0,5800000,0,5800000,5797495.960000003,5797495.959999999,5640243.71,0,2504.0399999972433,3.725290298461914e-09
2024|2181|4417|3|0|10|1,2407481,2407481,0,2407481,2341559.56,1977170.8299999998,1977170.83,0,65921.43999999994,364388.7300000002
2024|2181|4417|3|0|10|7,514686,468287,0,369012.62999999995,369012.63,369012.63,369012.63,99274.37000000005,-5.820766091346741e-11,0
2024|2181|4421|1|0|10|1,12685900,12726693,0,12626547.860000001,12626547.860000001,12626547.860000001,12626547.86,100145.13999999873,0,0
2024|2181|4421|3|0|10|1,27534,27534,0,27534,26642.239999999998,25457.29,25457.29,0,891.760000000002,1184.949999999997
2024|2181|4421|3|0|60|1,337100,337100,0,337099.98,325878.8299999999,316175.05,316175.05,0.02000000001862645,11221.150000000081,9703.779999999912
2024|2181|4421|3|0|10|7,2330162,2330162,0,1817088.4500000002,1817088.45,1817088.45,1817088.4500000002,513073.5499999998,2.3283064365386963e-10,0
2024|2181|4422|3|0|10|1,8456835,8788150,0,8788150,8788150,8788150,8788150,0,0,0
2024|2181|4425|1|0|10|1,2731825,2987856,0,2912099.81,2912099.8100000005,2912099.8100000005,2912099.81,75756.18999999994,-4.656612873077393e-10,0
2024|2181|4425|3|0|10|1,649426,649426,0,649425.99,648980.01,620795.65,620016.66,0.010000000009313226,445.9799999999814,28184.359999999986
2024|2181|4425|3|0|60|1,99960,99960,0,99959.9,99406.95000000001,69225.1,69225.09999999999,0.10000000000582077,552.9499999999825,30181.850000000006
2024|2181|4425|3|0|10|7,1446083,1741286,0,1552030.86,1552030.8599999999,1552030.8599999999,1552030.8599999999,189255.1399999999,2.3283064365386963e-10,0
2024|2181|7004|1|0|10|9,796181,4629787.619999999,0,3838406.7199999997,3455974.8599999994,3434330.7299999995,3434281.229999999,791380.8999999994,382431.86000000034,21644.12999999989
2024|2181|7004|3|0|10|9,58372,402904.18,0,344774.64999999997,53516.68000000001,53516.68000000001,53516.68000000001,58129.53000000003,291257.97,0
2024|2181|2500|1|0|10|1,4250623,4307403,0,4290166.159999999,4290166.16,4290166.16,4290166.160000001,17236.840000000782,-9.313225746154785e-10,0
2024|2181|2500|3|0|10|1,7806191,8482591,0,8482591.000000002,8482569.34,7738620.860000001,7738619.499999999,-1.862645149230957e-09,21.660000002011657,743948.4799999986
2024|2181|2500|3|0|60|1,1215416,1915416,0,1915416,1892281.7099999997,727170.96,727170.9599999998,0,23134.29000000027,1165110.7499999998
2024|2181|2500|3|0|10|7,916075,990838,0,952781.39,952781.39,952781.39,952781.39,38056.609999999986,0,0
2024|2181|2500|4|0|10|1,0,20000,0,20000,18509.690000000002,11527.720000000001,11527.720000000001,0,1490.3099999999977,6981.970000000001
2024|2181|2500|4|0|47|1,10000,10000,0,0,0,0,0,10000,0,0
2024|2201|4269|1|0|10|1,1311825,1511465,0,1511463.8899999997,1511463.8899999997,1511463.8899999997,1511463.89,1.1100000003352761,0,0
2024|2201|4269|3|0|59|2,0,100000,0,100000,100000,100000,100000,0,0,0
2024|2201|4269|3|0|10|1,30118,22779,0,22779,22779,20649.760000000002,20649.76,0,0,2129.239999999998
2024|2201|4269|3|0|10|7,193804,255725,0,219090,219090,219090,219090,36635,0,0
2024|2201|4269|4|0|59|2,0,4400000,0,4400000,4400000,4400000,4400000,0,0,0
2024|2201|4267|1|0|10|1,430214,488409,0,469317.57,469317.57,469317.57,469317.57,19091.429999999993,0,0
2024|2201|4267|3|0|59|2,0,4500000,0,4500000,4490000,4490000,4449792,0,10000,0
2024|2201|4267|3|0|10|1,1530906,512608.75,0,512608.75,174591.55000000002,145898.08000000002,145898.08000000002,0,338017.19999999995,28693.47
2024|2201|4267|3|0|10|7,96902,74067,0,63967.5,63967.5,63967.5,63967.5,10099.5,0,0
2024|2201|4267|4|0|10|1,0,1018297.25,0,1018296.35,1018296.35,1018191.5399999999,1018191.54,0.9000000000232831,0,104.81000000005588
2024|2201|4274|1|0|10|1,1157703,1157703,0,1084150.12,1084150.12,1084150.12,1084150.12,73552.87999999989,0,0
2024|2201|4274|3|0|10|1,604618,555017,0,555017,551310.61,478864.69000000006,478864.69,0,3706.390000000014,72445.91999999993
2024|2201|4274|3|0|10|7,172783,105778,0,89895,89895,89895,89895,15883,0,0
2024|2201|4271|1|0|10|1,335090,329301,0,300575.56,300575.56000000006,300575.56000000006,300575.56000000006,28725.440000000002,-5.820766091346741e-11,0
2024|2201|4271|3|0|10|1,170076,168521.56,0,168480.56,168003.36,138694.16999999998,138694.17,41,477.20000000001164,29309.190000000002
2024|2201|4271|3|0|10|7,16151,41461,0,34488,34488,34488,34488,6973,0,0
2024|2201|4281|1|0|10|1,680510,601614,0,312727.76,312727.76,312727.76,312727.76,288886.24,0,0
2024|2201|4281|3|0|10|7,161503,104246,0,104245.5,104245.5,104245.5,104245.5,0.5,0,0
2024|2201|4281|3|0|10|1,81438,79888,0,79887.39,75651.89,74167.94,74167.94,0.6100000000005821,4235.5,1483.949999999997
2024|2201|4276|1|0|10|1,231096,209947,0,209945.64,209945.64,209945.64,209945.64,1.3599999999860302,0,0
2024|2201|4276|3|0|10|1,76242,92357,0,92357,83339,77310.77000000002,77310.77,0,9018,6028.229999999981
2024|2201|4276|3|0|10|8,900000,900000,0,900000,706000,0,0,0,194000,706000
2024|2201|4276|3|0|10|7,58141,68804,0,57297,57297,57297,57297,11507,0,0
2024|2201|4278|1|0|10|1,1487520,1591428,0,1438411.2299999997,1438411.23,1438411.23,1438411.23,153016.77000000025,-2.3283064365386963e-10,0
2024|2201|4278|3|0|10|1,141478,138148,0,138148,138090.92,113487.36,113487.36000000002,0,57.079999999987194,24603.560000000012
2024|2201|4278|3|0|10|3,0,10080,0,10080,9571.44,0,0,0,508.5599999999995,9571.44
2024|2201|4278|3|0|10|8,795159,350000,0,350000,317000,0,0,0,33000,317000
2024|2201|4278|3|0|10|7,232564,204512,0,183102,183102,183102,183102,21410,0,0
2024|2201|4278|3|0|1|1,604097,604097,0,473331,439791.76,73893.64,73893.64,130766,33539.23999999999,365898.12
2024|2201|4279|1|0|10|1,1396263,1318836,0,1237705.96,1237705.9599999997,1237705.9599999997,1237705.9599999997,81130.04000000004,2.3283064365386963e-10,0
2024|2201|4279|3|0|10|1,459718,462098,0,462098,458817.6400000001,392262.39999999997,392262.39999999997,0,3280.359999999928,66555.2400000001
2024|2201|4279|3|0|10|7,274556,203742,0,174750,174750,174750,174750,28992,0,0
2024|2201|4279|3|0|45|1,1260860,92081.33,0,0,0,0,0,92081.33,0,0
2024|2201|4279|4|0|10|1,0,35345,0,35345,0,0,0,0,35345,0
2024|2201|4279|4|0|10|8,0,250000,0,250000,0,0,0,0,250000,0
2024|2201|4279|4|0|1|1,250000,250000,0,0,0,0,0,250000,0,0
2024|2201|4279|4|0|45|1,0,1168778.67,0,791433.45,791432.6399999999,757425.7000000001,757425.7,377345.22,0.8100000000558794,34006.93999999983
2024|2201|7004|1|0|10|9,2525130,2525130,0,2203153.25,1840569.34,1780615.3699999999,1780575.3699999999,321976.75,362583.9099999999,59953.970000000205
2024|2201|2500|1|0|95|1,58879,58879,0,0,0,0,0,58879,0,0
2024|2201|2500|1|0|10|1,3147188,3147188,0,2941231.2200000007,2941231.2199999997,2941231.2199999997,2941231.220000001,205956.77999999933,9.313225746154785e-10,0
2024|2201|2500|3|0|9|1,0,87870.75,0,87870.75,84615.12,52530.8,49300,0,3255.6300000000047,32084.319999999992
2024|2201|2500|3|0|60|1,20393,391277.96,0,391277.96,257368.84,38495.24,38495.240000000005,0,133909.12000000002,218873.6
2024|2201|2500|3|0|10|1,4458291,4450153.43,0,4450152.81,4438385.6,4113044.2700000005,4113044.27,0.6200000001117587,11767.209999999963,325341.32999999914
2024|2201|2500|3|0|95|7,13352,13352,0,0,0,0,0,13352,0,0
2024|2201|2500|3|0|10|7,581410,550997,0,496560.5,496560.5,496560.5,496560.5,54436.5,0,0
2024|2201|2500|3|0|95|1,150000,150000,0,0,0,0,0,150000,0,0
2024|2201|2500|4|0|60|3,0,46600,0,46600,46598.41,46598.41,46598.41,0,1.5899999999965075,0
2024|2201|2500|4|0|60|1,0,98398.04,0,98398.04,89433.87999999999,89433.87999999999,89433.87999999999,0,8964.160000000003,0
2024|2201|2500|4|0|9|1,0,1500790,0,1500790,520790,520790,520790,0,980000,0
2024|2211|4298|1|0|10|1,63567,421470.16000000003,0,421469.42000000016,421469.4199999999,421469.4199999999,421469.4200000001,0.7399999998742715,2.3283064365386963e-10,0
2024|2211|4298|3|0|60|2,0,349600,0,349600,301600,233177.43,233177.43,0,48000,68422.57
2024|2211|4298|3|0|10|7,85330,78071,0,78070.49,78070.48999999999,78070.48999999999,78070.49,0.5099999999947613,1.4551915228366852e-11,0
2024|2211|4298|3|0|10|1,470890,348792,0,341244.16,289363.2700000001,118946.92,118946.92,7547.840000000026,51880.8899999999,170416.3500000001
2024|2211|4299|1|0|10|1,548477,935788.3200000001,0,935787.36,935787.3600000001,935787.3600000001,935787.36,0.9600000000791624,-1.1641532182693481e-10,0
2024|2211|4299|3|0|10|1,440049,1328200,0,1328200,1056801.81,1022133.6099999999,982468.0700000001,0,271398.18999999994,34668.200000000186
2024|2211|4299|3|0|10|7,919308,676024.33,0,398374.99,398374.99,398374.99,398374.99,277649.33999999997,0,0
2024|2211|4302|1|0|10|1,2229480,4567371.25,0,4509466.4399999995,4509466.44,4509466.44,4509466.4399999995,57904.81000000052,-9.313225746154785e-10,0
2024|2211|4302|3|0|10|1,376709,790709.92,0,789999.31,735774.02,446497.7899999999,446497.79000000004,710.609999999986,54225.29000000004,289276.2300000001
2024|2211|4302|3|0|10|7,2206014,2206014,0,1328354.51,1328354.51,1328354.51,1328354.51,877659.49,0,0
2024|2211|7004|1|0|10|9,860933,1156911.16,0,1152927.5699999998,1152927.57,1152927.57,1152927.57,3983.590000000084,-2.3283064365386963e-10,0
2024|2211|7004|3|0|10|9,0,143242.58,0,143242.58,143242.54,143242.54,143242.54,0,0.03999999997904524,0
2024|2211|2500|1|0|10|1,3691398,858834.94,0,622404.12,622404.12,622404.12,622404.12,236430.81999999995,0,0
2024|2211|2500|3|0|60|1,2400000,2400000,0,2399999.9999999995,2395137.9499999997,2363336.26,2363336.2600000002,4.656612873077393e-10,4862.049999999814,31801.689999999944
2024|2211|2500|3|0|10|1,3160634,3700098,0,3699272.58,3575347.63,2789474.63,2742510.55,825.4199999999255,123924.95000000019,785873
2024|2211|2500|3|0|10|7,359119,359119,0,150402.02000000002,150402.02,150402.02,150402.02,208716.97999999998,2.9103830456733704e-11,0
2024|2211|2500|4|0|10|1,0,4960,0,4960,4960,0,0,0,0,4960
2024|2241|4200|3|0|72|1,2800000,502000,0,360450.01,360450.01,331200,331200,141549.99,0,29250.01000000001
2024|2241|4192|1|0|72|1,0,401447,0,365932.37999999995,365932.38,365932.38,365932.38,35514.62000000005,-5.820766091346741e-11,0
2024|2241|4192|1|0|60|1,495268,495268,0,155338.6,155338.60000000003,155338.60000000003,155338.6,339929.4,-2.9103830456733704e-11,0
2024|2241|4192|3|0|73|1,0,250000.01,0,250000.01,14062.54,10492.54,10492.54,0,235937.47,3570
2024|2241|4192|3|0|72|7,118060,92774,0,92773.77000000002,92773.77000000002,92773.77000000002,92773.77,0.22999999998137355,0,0
2024|2241|4192|3|0|72|1,148254,898254,0,369218.66000000003,210161.52000000002,153314.45,153314.44999999998,529035.34,159057.14,56847.07000000001
2024|2241|4192|4|0|72|1,70000,0,0,0,0,0,0,0,0,0
2024|2241|4187|1|0|72|1,822915,852046.1499999999,0,844730.7700000001,844730.7700000001,844730.7700000001,844730.77,7315.379999999772,0,0
2024|2241|4187|1|0|95|1,67530,147213.82,0,0,0,0,0,147213.82,0,0
2024|2241|4187|3|0|72|7,165614,145294,0,145293.55000000002,145293.55000000002,145293.55000000002,145293.55,0.4499999999825377,0,0
2024|2241|4187|3|0|72|1,97799,207799,0,206799,183817.89,106451.89000000001,106451.89000000001,1000,22981.109999999986,77366
2024|2241|4187|3|0|95|7,27141,62274.6,0,0,0,0,0,62274.6,0,0
2024|2241|4194|1|0|72|1,36248,1097922,0,884068.2200000001,884068.22,884068.22,884068.22,213853.7799999999,1.1641532182693481e-10,0
2024|2241|4194|1|0|60|1,742292,742292,0,280467.6,280467.6,280467.6,280467.6,461824.4,0,0
2024|2241|4194|3|0|72|7,156649,156888,0,156887.26,156887.26,156887.26,156887.26,0.7399999999906868,0,0
2024|2241|4194|3|0|72|1,80418,160418,0,139800,101772.42,71028.37,71028.37,20618,38027.58,30744.050000000003
2024|2241|4194|3|0|73|1,755308,1070238,0,314930,294411.14,257028.80999999997,257028.81,755308,20518.859999999986,37382.330000000045
2024|2241|4194|4|0|73|1,300000,300000,0,200000,0,0,0,100000,200000,0
2024|2241|4190|1|0|72|1,982570,1158369.98,0,1154183.05,1154183.05,1154183.05,1154183.0499999998,4186.929999999935,0,0
2024|2241|4190|3|0|72|1,273736,273736,0,269000,243836.30999999997,211480.84999999998,211480.85,4736,25163.69000000003,32355.459999999992
2024|2241|4190|3|0|72|7,161696,164326,0,157629.90999999997,157629.90999999997,157629.90999999997,157629.91,6696.090000000026,0,0
2024|2241|4190|3|0|73|1,653092,2817092,0,2164000,67480.41,57209.57,57209.56999999999,653092,2096519.59,10270.840000000004
2024|2241|4195|3|1|31|3,0,15000,0,15000,0,0,0,0,15000,0
2024|2241|4195|3|1|60|3,0,180000,0,180000,0,0,0,0,180000,0
2024|2241|4195|3|1|72|3,0,445000,0,445000,0,0,0,0,445000,0
2024|2241|4195|3|1|24|1,723265,2005842.51,0,1282577.51,1103432.8599999999,1103432.8599999999,1103432.8599999999,723265,179144.65000000014,0
2024|2241|4188|1|0|72|1,4088292,3409229.92,0,3404592.1299999994,3404592.130000001,3404592.130000001,3404592.13,4637.790000000503,-1.3969838619232178e-09,0
2024|2241|4188|3|0|73|1,0,249999.99,0,249999.99,40800.81,33755.81,33755.81,0,209199.18,7045
2024|2241|4188|3|0|72|7,806417,579811,0,579810.47,579810.47,579810.47,579810.4700000001,0.5300000000279397,0,0
2024|2241|4188|3|0|72|1,3452919,3530919,0,3279000,3038615.57,2841665.24,2836826.1,251919,240384.43000000017,196950.3299999996
2024|2241|4188|3|0|95|1,0,726146.55,0,204000,144684.8,138003.82,138003.82,522146.55000000005,59315.20000000001,6680.979999999981
2024|2241|4188|4|0|72|1,0,129000,0,129000,128900.22,128900.22,128900.22,0,99.77999999999884,0
2024|2241|4188|4|0|73|1,0,300000,0,100000,10906.47,7516.47,7516.47,200000,89093.53,3389.999999999999
2024|2241|4191|1|0|95|1,464468,902728.9,0,0,0,0,0,902728.9,0,0
2024|2241|4191|1|0|72|1,1122423,4638190.59,0,3281872.8299999996,3281872.8299999996,3281872.8299999996,3281872.83,1356317.7600000002,0,0
2024|2241|4191|1|0|60|1,2373440,2373440,0,723232.7100000001,723232.7099999998,723232.7099999998,723232.7100000001,1650207.29,2.3283064365386963e-10,0
2024|2241|4191|3|0|73|1,0,700644,0,700644,96107.15999999997,82750,82750,0,604536.8400000001,13357.159999999974
2024|2241|4191|3|0|95|1,0,1122270.21,0,1122270,1117270,697751.61,697751.61,0.2099999999627471,5000,419518.39
2024|2241|4191|3|0|72|7,704117,809103,0,809102.39,809102.3900000001,809102.3900000001,809102.3899999999,0.6099999999860302,-1.1641532182693481e-10,0
2024|2241|4191|3|0|72|1,8455066,7165066,0,7128070,6695709.85,4590287.18,4585401.98,36996,432360.1500000004,2105422.67
2024|2241|4191|3|0|95|7,217393,410627.8,0,0,0,0,0,410627.8,0,0
2024|2241|4191|4|0|73|1,0,1833610,0,1833610,1833610,1833610,1833610,0,0,0
2024|2241|4189|1|0|72|1,1947131,1701846.98,0,1701846.3199999998,1701846.32,1701846.32,1701846.3200000003,0.6600000001490116,-2.3283064365386963e-10,0
2024|2241|4189|3|0|72|7,452731,340339,0,340338.77999999997,340338.78,340338.78,340338.78,0.22000000003026798,-5.820766091346741e-11,0
2024|2241|4189|3|0|72|1,238840,538840,0,296281.34,121156.97999999998,75649.10999999999,75038.87,242558.65999999997,175124.36000000004,45507.869999999995
2024|2241|4189|3|0|61|1,115125000,151199456.64000002,0,120234486.64,116984275.21000001,116244324.9,116164197.07,30964970.000000015,3250211.4299999923,739950.3100000024
2024|2241|7004|1|0|91|9,1065772,735772,0,0,0,0,0,735772,0,0
2024|2241|7004|3|0|91|9,0,330000,0,80000,39978.490000000005,39978.490000000005,39978.490000000005,250000,40021.509999999995,0
2024|2241|2500|1|0|72|1,14211951,14331643.05,0,11370197.460000006,11370197.460000003,11370197.460000003,11370197.459999999,2961445.5899999943,3.725290298461914e-09,0
2024|2241|2500|3|0|73|1,0,400000,0,400000,375001.85,290388.73,252387.03999999998,0,24998.150000000023,84613.12
2024|2241|2500|3|0|72|1,2982768,2825768,0,2577462.9400000004,2329661.21,1792358.06,1792358.0599999998,248305.0599999996,247801.73000000045,537303.1499999999
2024|2241|2500|3|0|72|7,3070291,2298959,0,1798612.6300000001,1798612.63,1798612.63,1798612.6300000001,500346.3699999999,2.3283064365386963e-10,0
2024|2241|2500|4|0|73|1,0,100000,0,100000,0,0,0,0,100000,0
2024|2241|2500|4|0|47|1,2000,2000,0,0,0,0,0,2000,0,0
2024|2251|4052|1|0|60|1,363568,356700,0,356698.81999999995,356698.82000000007,356698.82000000007,356698.82000000007,1.1800000000512227,-1.1641532182693481e-10,0
2024|2251|4052|3|0|60|1,165490,165490,0,165490,155090.53,134289.61000000002,134289.61,0,10399.470000000001,20800.919999999984
2024|2251|4052|3|0|60|7,190229,190229,0,119786.26999999999,119786.26999999997,119786.26999999997,119786.27,70442.73000000001,1.4551915228366852e-11,0
2024|2251|4051|1|0|60|1,13682066,13682066,0,13554918.91,13554918.909999998,13554918.909999998,13554918.91,127147.08999999985,1.862645149230957e-09,0
2024|2251|4051|3|0|60|1,6476218,6781630,0,6781629.499999999,6739623.9,5496766.99,5496766.99,0.5000000009313226,42005.599999998696,1242856.9100000001
2024|2251|4051|3|0|60|7,4479405,4479405,0,3903632.2899999996,3903632.29,3903632.29,3903632.29,575772.7100000004,-4.656612873077393e-10,0
2024|2251|4051|4|0|60|1,3978576,3978576,0,3978576,3915131.6399999997,3249048.9399999995,3249048.94,0,63444.360000000335,666082.7000000002
2024|2251|4051|4|0|47|1,0,4497132,0,4497132,645638.9999999999,645639,645639,0,3851493,-1.1641532182693481e-10
2024|2251|7004|1|0|60|9,870632,570632,0,436000,428032.12,428032.12,428032.12,134632,7967.880000000005,0
2024|2251|7004|3|0|60|9,34364,334364,0,334364,288361.89,288361.89,288361.89,0,46002.109999999986,0
2024|2251|2500|1|0|60|1,2407724,2375659,0,2334375.68,2334375.6799999997,2334375.6799999997,2334375.68,41283.31999999983,4.656612873077393e-10,0
2024|2251|2500|3|0|60|1,1308119,1307119,0,1307119,1292971.4599999997,1171483.8000000003,1171483.8,-2.3283064365386963e-10,14147.540000000503,121487.65999999945
2024|2251|2500|3|0|60|7,360662,399595,0,366767.49000000005,366767.49000000005,366767.49000000005,366767.49000000005,32827.50999999995,0,0
2024|2261|4455|1|0|10|1,2286886,2377434,0,2377433.1400000006,2377433.1399999997,2377433.1399999997,2377433.14,0.8599999994039536,9.313225746154785e-10,0
2024|2261|4455|3|0|10|7,420522,347436,0,343837.08999999997,343837.09,343837.09,343837.08999999997,3598.9100000000326,-5.820766091346741e-11,0
2024|2261|4455|3|0|10|1,1467458,1763458,0,1752134.4599999997,1681783.55,1379963.04,1353082.2000000002,11323.54000000027,70350.90999999968,301820.51
2024|2261|4455|4|0|10|1,259100,178100,0,177437.91999999998,177312.8,130428.8,130428.8,662.0800000000163,125.11999999999534,46883.999999999985
2024|2261|4456|1|0|10|1,11891766,12234737,0,12215475.330000002,12215475.33,12215475.33,12215475.329999998,19261.669999998063,1.862645149230957e-09,0
2024|2261|4456|3|0|10|7,1345812,1033288,0,1033287.9500000001,1033287.9499999998,1033287.9499999998,1033287.95,0.04999999993015081,2.3283064365386963e-10,0
2024|2261|4456|3|0|10|1,7373116,10223116,0,10197850.929999998,9821655.759999998,6990784.8,6728508.69,25265.07000000216,376195.1699999999,2830870.959999998
2024|2261|4456|3|0|24|1,2002000,2002000,0,0,0,0,0,2002000,0,0
2024|2261|4456|4|0|10|1,640638,2580638,0,2579901.17,2579901.17,2403427.31,2192679.31,736.8300000000745,0,176473.85999999987
2024|2261|4456|4|0|24|1,2000000,5236261.16,0,3256879.99,3115893.8,3115893.8,3115893.78,1979381.17,140986.1900000004,0
2024|2261|4457|1|0|10|1,22114388,25070588,0,24750471.189999998,24750471.19,24750471.19,24750471.190000005,320116.8100000024,-3.725290298461914e-09,0
2024|2261|4457|3|0|10|1,15167323,29162323,0,29155502.729999986,28497804.750000007,22361387.00000001,21854551.099999998,6820.270000014454,657697.9799999781,6136417.749999996
2024|2261|4457|3|0|10|7,4156926,3525129,0,3358518.21,3358518.21,3358518.21,3358518.21,166610.79000000004,0,0
2024|2261|4457|4|0|10|1,4777123,6703123,0,6703123,6702144.95,3855274.22,3853865.7,0,978.0499999998137,2846870.73
2024|2261|4460|1|0|10|1,8313650,5242771,0,5242770.540000001,5242770.539999999,5242770.539999999,5242770.539999999,0.4599999990314245,1.862645149230957e-09,0
2024|2261|4460|3|0|10|7,1364580,1000512,0,1000511.5200000001,1000511.52,1000511.52,1000511.52,0.4799999998649582,1.1641532182693481e-10,0
2024|2261|4460|3|0|10|1,43553465,30553465,0,30490554.709999997,29629091.92,24710280.31,24474482.700000003,62910.29000000283,861462.7899999954,4918811.610000003
2024|2261|4460|4|0|10|1,16964354,4802354,0,4801915.779999999,4801915.76,3861712.8200000003,3861712.8200000003,438.22000000067055,0.019999999552965164,940202.9399999995
2024|2261|4459|1|0|10|1,16613539,13061669,0,13061668.549999999,13061668.55,13061668.55,13061668.549999997,0.4500000011175871,-1.862645149230957e-09,0
2024|2261|4459|3|0|10|7,2516082,2037580,0,2037579.88,2037579.88,2037579.88,2037579.8800000001,0.12000000011175871,0,0
2024|2261|4459|3|0|10|1,265719213,391219213,0,391169390.8600001,390183074.27999985,255127048.4199999,217961455.89,49822.13999992609,986316.5800002217,135056025.85999995
2024|2261|4459|4|0|10|1,29879000,4199000,0,4195449.010000001,4195449.01,3319426.37,3319426.3699999996,3550.989999999292,9.313225746154785e-10,876022.6399999997
2024|2261|4459|4|0|24|1,4001371,4001371,0,0,0,0,0,4001371,0,0
2024|2261|7004|1|0|60|9,3867901,4867901,0,4867901,4596527.73,4596527.73,4596527.73,0,271373.26999999955,0
2024|2261|7004|3|0|60|9,92590,592590,0,592590,460053.59,460053.59,460053.59,0,132536.40999999997,0
2024|2261|2500|1|0|57|2,0,12183.1,0,11594.35,11594.349999999999,11594.349999999999,11594.35,588.75,1.8189894035458565e-12,0
2024|2261|2500|1|0|10|1,31486043,37287232,0,37096797.33,37070083.99,37064799.510000005,37064799.51,190434.6700000018,26713.339999996126,5284.479999996722
2024|2261|2500|3|0|10|1,7873273,17773273,0,17712764.48,17585309.78,13316589.24,12950664.859999998,60508.51999999955,127454.69999999925,4268720.540000001
2024|2261|2500|3|0|10|7,6422892,7054881,0,6277378.200000001,6277378.200000001,6277378.200000001,6277378.2,777502.7999999989,0,0
2024|2261|2500|4|0|10|1,6325937,4341937,0,4341559.9,4270929.899999999,3476010.9499999993,3469878.8999999994,377.09999999962747,70630.00000000093,794918.9500000002
2024|2271|4029|1|0|10|1,16336581,17459545,0,17459544.059999995,17459544.06,17459544.06,17459544.06,0.9400000050663948,-3.725290298461914e-09,0
2024|2271|4029|1|0|57|2,0,63280.24,0,49040.45,49040.45,49040.45,49040.45,14239.79,0,0
2024|2271|4029|3|0|10|1,2309655,7792142.2,0,7792142.199999998,7759890.149999999,6245153.209999999,6206057.72,1.862645149230957e-09,32252.049999998882,1514736.9400000004
2024|2271|4029|3|0|10|7,2102113,1756146,0,1756145.25,1756145.2500000002,1756145.2500000002,1756145.25,0.75,-2.3283064365386963e-10,0
2024|2271|4032|1|0|10|1,51533384,45334400,0,45134782.41999999,45134782.42,45134782.42,45134782.42000001,199617.5800000131,-1.4901161193847656e-08,0
2024|2271|4032|1|0|57|2,0,1317581.24,0,920307.8699999999,920307.87,920307.87,920307.87,397273.3700000001,-1.1641532182693481e-10,0
2024|2271|4032|3|0|10|1,22000000,24540965.4,0,24525965.340000007,24516214.12,22517194.14,21607537.44,15000.059999991208,9751.220000006258,1999019.9800000004
2024|2271|4032|3|0|10|7,8491577,6930240,0,6896315.519999999,6896315.52,6896315.52,6896315.5200000005,33924.48000000138,-9.313225746154785e-10,0
2024|2271|4032|3|0|70|1,0,1598875.7100000002,0,1536433.1199999999,1536182,1536182,1536182,62442.59000000032,251.11999999987893,0
2024|2271|4032|4|0|10|1,500000,83383.8,0,83383.80000000005,83383.8,19669.7,19669.7,-4.3655745685100555e-11,4.3655745685100555e-11,63714.100000000006
2024|2271|4034|1|0|57|2,0,3899500.33,0,3436925.1399999997,3436925.14,3436925.14,3436925.14,462575.1900000004,-4.656612873077393e-10,0
2024|2271|4034|1|0|10|1,87793541,78495495,0,77689806.77000001,77689806.77000001,77689806.77000001,77689806.76999998,805688.2299999893,0,0
2024|2271|4034|3|0|68|1,0,25736.03,0,25736.03,25736.03,25736.03,25736.03,0,0,0
2024|2271|4034|3|0|10|8,0,149943,0,149943,149943,149943,149943,0,0,0
2024|2271|4034|3|0|10|1,48786077,56306077,0,56306022.78,56296599.72999999,54762428.24999999,53492935.810000025,54.21999999880791,9423.050000011921,1534171.4799999967
2024|2271|4034|3|0|70|1,0,11280012.26,0,11279912.26,10751164.42,7528901.169999999,7339901.170000002,100,528747.8399999999,3222263.250000001
2024|2271|4034|3|0|10|7,16490278,13386371,0,13311907.289999997,13311907.290000001,13311907.290000001,13311907.29,74463.71000000276,-3.725290298461914e-09,0
2024|2271|4034|4|0|10|1,500000,1590894.61,0,1590894.61,1589318.4,1297392.4,1297392.4,0,1576.2100000001956,291926
2024|2271|4030|1|0|10|1,81943656,82707684,0,82707682.35999998,82707682.36,82707682.36,82707682.35999998,1.6400000154972076,-1.4901161193847656e-08,0
2024|2271|4030|1|0|57|2,0,2979060.63,0,2586452.0900000003,2586452.09,2586452.09,2586452.09,392608.5399999996,4.656612873077393e-10,0
2024|2271|4030|3|0|10|8,0,600000,0,600000,599778.17,599778.1699999999,599778.17,0,221.8299999999581,1.1641532182693481e-10
2024|2271|4030|3|0|10|1,59483932,65565797.55,0,65563184.17999999,65485611.019999996,59351335.65000002,57643211.35000002,2613.3700000047684,77573.15999999642,6134275.369999975
2024|2271|4030|3|0|70|1,864000,3156876.51,0,3114199.0700000003,3062781.8999999994,2901675.8800000004,2890875.880000001,42677.43999999948,51417.17000000086,161106.0199999991
2024|2271|4030|3|0|10|7,15658992,14360044,0,14262771.06,14262771.06,14262771.06,14262771.059999999,97272.93999999948,0,0
2024|2271|4030|4|0|10|1,2000000,4336853.67,0,4336853.67,4336853.65,4090853.65,4090853.65,0,0.019999999552965164,246000.00000000047
2024|2271|4035|1|0|10|1,207374581,211327216,0,211135303.63000003,211135303.63000003,211135303.63000003,211135303.63,191912.36999997497,0,0
2024|2271|4035|1|0|57|2,0,7453093.68,0,6379394.859999999,6379394.86,6379394.86,6379394.86,1073698.8200000003,-9.313225746154785e-10,0
2024|2271|4035|3|0|10|8,0,150000,0,150000,150000,150000,150000,0,0,0
2024|2271|4035|3|0|10|1,96625539,122709405.69000001,0,122709405.69,122356227.44000001,110597572.44000004,107371510.71000001,1.4901161193847656e-08,353178.2499999851,11758654.99999997
2024|2271|4035|3|0|70|1,15653919,22822571.330000002,0,22517382.65,22166122.470000003,18582234.160000004,18582234.160000004,305188.6800000034,351260.179999996,3583888.3099999987
2024|2271|4035|3|0|10|7,34136302,32148981,0,31749579.11999999,31749579.12,31749579.12,31749579.119999997,399401.88000001013,-1.1175870895385742e-08,0
2024|2271|4035|4|0|10|8,0,149998.98,0,149998.98,149978.97999999998,149978.98,149978.97999999998,0,20.000000000029104,-2.9103830456733704e-11
2024|2271|4035|4|0|10|1,0,1047616.95,0,1047616.95,1028081.9500000001,1025457.9500000001,1025457.9500000001,0,19534.999999999884,2624
2024|2271|4035|4|0|70|1,0,2434989,0,2434989,979150.8200000001,52109.22,52109.22,0,1455838.18,927041.6000000001
2024|2271|4035|4|0|45|1,13033,13033,0,0,0,0,0,13033,0,0
2024|2271|4035|4|0|95|1,9076225,12441225,0,6534522.92,5941066.37,2328414.0700000003,1945667.6600000001,5906702.08,593456.5499999998,3612652.3
2024|2271|4031|1|0|10|1,341240214,342759204,0,342759203.2400001,342759203.24,342759203.24,342759203.24000007,0.7599998712539673,1.1920928955078125e-07,0
2024|2271|4031|1|0|57|2,0,11553552.84,0,9082384.049999999,9082384.049999999,9082384.049999999,9082384.05,2471168.790000001,0,0
2024|2271|4031|3|0|10|8,400000,200000,0,200000,199889.89,199135.12,199135.12,0,110.10999999998603,754.7700000000186
2024|2271|4031|3|0|1|1,2000,2000,0,0,0,0,0,2000,0,0
2024|2271|4031|3|0|24|1,9103,9103,0,0,0,0,0,9103,0,0
2024|2271|4031|3|0|10|1,128793587,128979643.44,0,128964643.44,128860908.07000001,122958898.17000005,120911407.31,15000,103735.36999998987,5902009.899999961
2024|2271|4031|3|0|70|1,32760630,65646880.86,0,65578012.19000001,59407828.08999999,54946854.379999995,54414194.29000001,68868.66999998689,6170184.100000024,4460973.709999993
2024|2271|4031|3|0|10|7,51993535,49030843,0,48777013.29999999,48777013.3,48777013.3,48777013.300000004,253829.70000001043,-7.450580596923828e-09,0
2024|2271|4031|4|0|15|1,0,140000,0,140000,134308.79,134308.79,134308.79,0,5691.209999999992,0
2024|2271|4031|4|0|10|1,14034000,8265367.77,0,8265367.77,8201998.63,6991918.109999999,6540357.37,0,63369.139999999665,1210080.5200000005
2024|2271|4031|4|0|70|1,0,171560,0,171560,77628.09999999999,77628.1,77628.09999999999,0,93931.90000000001,-1.4551915228366852e-11
2024|2271|4031|4|0|10|8,0,200000,0,200000,39538.3,32974.3,30172,0,160461.7,6564
2024|2271|4036|1|0|10|1,402427038,397282502,0,396463309.50999993,396463309.51,396463309.51,396463309.5100001,819192.4900000691,-5.960464477539063e-08,0
2024|2271|4036|1|0|57|2,0,11277271.5,0,9398034.39,9398034.39,9398034.39,9398034.39,1879237.1099999994,0,0
2024|2271|4036|3|0|10|8,0,150000,0,150000,150000,150000,150000,0,0,0
2024|2271|4036|3|0|10|1,184093140,210403305.06,0,210403305.06,210403297.83000004,189668524.72,187057776.05999994,0,7.2299999594688416,20734773.110000044
2024|2271|4036|3|0|70|1,0,6515993.33,0,6309444.25,3292449.02,3266505.62,3266505.62,206549.08000000007,3016995.23,25943.399999999907
2024|2271|4036|3|0|10|7,58940912,53292102,0,52929254.730000004,52929254.72999999,52929254.72999999,52929254.730000004,362847.2699999958,1.4901161193847656e-08,0
2024|2271|4036|4|0|10|1,0,279623.76,0,279623.76,279623.76,275578.31999999995,275578.31999999995,0,0,4045.4400000000605
2024|2271|4036|4|0|70|1,0,300000,0,300000,291693.98000000004,291693.98,291693.98,0,8306.01999999996,5.820766091346741e-11
2024|2271|4036|4|0|95|1,6353520,23048520,0,12176458.280000003,12037760.700000001,7676110.6099999985,6628420.61,10872061.719999997,138697.58000000194,4361650.090000003
2024|2271|7004|1|0|60|9,23389515,46589515,0,46589515,44027659.30999999,44003870.03000001,44003553.61999999,0,2561855.6900000125,23789.27999997884
2024|2271|7004|3|0|60|9,420396,7825496,0,7071026.76,5543558.3100000005,5517964.209999999,5403935.73,754469.2400000002,1527468.4499999993,25594.10000000149
2024|2271|7004|4|0|60|9,0,6900,0,6900,4998.99,0,0,0,1901.0100000000002,4998.99
2024|2271|2500|1|0|10|1,61896332,77400502,0,77378812.71000002,77378812.71000001,77151488.27000001,77151488.27,21689.289999976754,1.4901161193847656e-08,227324.43999999762
2024|2271|2500|1|0|57|2,0,89806.86,0,64063.09999999999,64063.1,64063.1,64063.1,25743.76000000001,-7.275957614183426e-12,0
2024|2271|2500|3|0|10|1,49500000,61459732.29,0,61459731.59,61120084.739999995,53438322.449999996,49193940.110000014,0.6999999955296516,339646.85000000894,7681762.289999999
2024|2271|2500|3|0|10|7,8711294,9805082,0,9753210.48,9753210.479999999,9753210.479999999,9753210.48,51871.51999999955,1.862645149230957e-09,0
2024|2271|2500|3|0|68|1,5966412,13127631.89,0,8344056.180000002,5913236.58,3536036.2699999996,3536036.27,4783575.709999999,2430819.6000000015,2377200.3100000005
2024|2271|2500|4|0|10|1,8000000,1830811.81,0,1830811.81,1830811.81,1164147.2,1143307.81,0,0,666664.6100000001
2024|2271|2500|4|0|47|1,130734,130734,0,0,0,0,0,130734,0,0
2024|2281|4300|1|0|10|1,602223,615101,0,610909.4099999999,610909.4099999999,610909.4099999999,610909.41,4191.590000000084,0,0
2024|2281|4300|3|0|10|1,2854845,2850255.56,0,2850255.56,2802777.91,2435496.78,2435496.78,0,47477.64999999991,367281.13000000035
2024|2281|4300|3|0|36|1,290100,5053257.95,0,5053257.95,614080.9500000001,598896.32,598871.3200000001,0,4439177,15184.630000000121
2024|2281|4300|3|0|10|7,183842,170964,0,135447.58000000002,135447.58000000002,135447.58000000002,135447.58000000002,35516.419999999984,0,0
2024|2281|4300|4|0|10|1,167080,177862.15,0,177862.15000000002,171724.15000000002,115783.01000000001,115783.01,-2.9103830456733704e-11,6138,55941.140000000014
2024|2281|7004|1|0|10|9,42998,42601.89,0,0,0,0,0,42601.89,0,0
2024|2281|7004|3|0|10|9,0,396.11,0,396.11,396.11,396.11,396.11,0,0,0
2024|2281|2500|1|0|10|1,1569331,1569331,0,1482472.17,1482472.17,1482472.17,1482472.17,86858.83000000007,0,0
2024|2281|2500|3|0|10|1,1605489,1596276,0,1596276,399802.57999999996,273258.46,273258.46,0,1196473.42,126544.11999999994
2024|2281|2500|3|0|60|1,500,500,0,0,0,0,0,500,0,0
2024|2281|2500|3|0|10|7,399575,399575,0,308186.85,308186.85000000003,308186.85000000003,308186.85,91388.15000000002,-5.820766091346741e-11,0
2024|2281|2500|4|0|10|1,52077,45884.29,0,45884.29,45270,45270,45270,0,614.2900000000009,0
2024|2281|2500|4|0|47|1,1000,1000,0,0,0,0,0,1000,0,0
2024|2301|4280|3|0|70|1,0,6033740.25,0,6033740.25,6033740.25,6033740.25,6033740.25,0,0,0
2024|2301|4280|3|0|10|1,25000,5000,0,0,0,0,0,5000,0,0
2024|2301|4280|4|0|15|1,48196803,33304724.15,0,33304724.15,33304724.150000002,30676754.9,30676754.900000002,0,-3.725290298461914e-09,2627969.2500000037
2024|2301|4280|4|0|83|2,36000000,0,0,0,0,0,0,0,0,0
2024|2301|4288|4|0|95|1,8000000,8000000,0,0,0,0,0,8000000,0,0
2024|2301|4530|3|0|10|1,800000,327626.85,0,327626.8499999999,256882.66999999998,256882.67,256882.66999999998,5.820766091346741e-11,70744.17999999993,-2.9103830456733704e-11
2024|2301|4284|1|0|10|1,831345,0,0,0,0,0,0,0,0,0
2024|2301|4284|3|0|91|1,1000000,258251.62,0,258251.6200000001,258251.62,258251.62,258251.62,-1.1641532182693481e-10,1.1641532182693481e-10,0
2024|2301|4284|3|0|10|7,971719,0,0,0,0,0,0,0,0,0
2024|2301|4284|3|0|10|1,80000,68000,0,68000,50238.34000000001,50238.34,50238.34,0,17761.65999999999,1.4551915228366852e-11
2024|2301|4284|4|0|15|1,16000000,8866666.66,0,8866666.66,7612675.0600000005,4275574.050000001,4275574.05,0,1253991.5999999996,3337101.01
2024|2301|4284|4|0|83|2,4000000,1451227.56,0,1451227.56,176841.36,176841.36,176841.36,0,1274386.2000000002,0
2024|2301|4287|4|0|95|1,2000000,17384279.06,0,17384279.060000002,15780251.89,2405136.04,2405136.04,-3.725290298461914e-09,1604027.1700000018,13375115.850000001
2024|2301|4272|3|0|91|1,1200000,0,0,0,0,0,0,0,0,0
2024|2301|4272|4|0|83|2,15000000,10406164.54,0,10406164.540000001,8845271.15,5191639.190000001,5191639.1899999995,-1.862645149230957e-09,1560893.3900000006,3653631.959999999
2024|2301|4272|4|0|69|1,0,1280.39,0,1280.39,1280.39,1280.39,1280.39,0,0,0
2024|2301|4272|4|0|15|1,25000000,8333333.34,0,8333333.34,6679143.1899999995,2783988.6,2783988.6,0,1654190.1500000004,3895154.5899999994
2024|2301|4268|1|0|10|1,14504716,7176717.59,0,7102539.41,7102539.41,7102539.41,7102539.41,74178.1799999997,0,0
2024|2301|4268|3|0|10|1,200000,205097.17,0,205097.15,205054.47000000003,205054.47,205054.47,0.02000000001862645,42.67999999996391,2.9103830456733704e-11
2024|2301|4268|3|0|10|7,2417503,1696069.63,0,1688927.4,1688927.4,1688927.4,1688927.4,7142.229999999981,0,0
2024|2301|4268|4|0|69|1,0,179941.05,0,179941.05,179941.05,179941.05,179941.05,0,0,0
2024|2301|4268|4|0|54|2,0,9000000,0,9000000,9000000,2015058.44,2015058.44,0,0,6984941.5600000005
2024|2301|4268|4|0|10|1,0,67968599.6,0,67968599.6,67968599.6,0,0,0,0,67968599.6
2024|2301|4268|4|0|33|1,47849865,38849865,0,38849865,36542025.31,26258674.349999998,26258674.349999994,0,2307839.6899999976,10283350.960000005
2024|2301|4275|1|0|10|1,4222311,7767487,0,7710149.32,7710149.32,7710149.32,7710149.319999999,57337.6799999997,0,0
2024|2301|4275|3|0|70|1,0,183865.61,0,183865.61,183865.61,183865.61,183865.61,0,0,0
2024|2301|4275|3|0|68|1,0,1495386.2,0,1495386.2,1495386.2,1495386.2,1495386.2,0,0,0
2024|2301|4275|3|0|91|1,400000,0,0,0,0,0,0,0,0,0
2024|2301|4275|3|0|60|2,0,698860,0,698860,698860,58238.33,58238.33,0,0,640621.67
2024|2301|4275|3|0|10|1,80000,80000,0,80000,79788.70999999999,79788.71,79788.70999999999,0,211.29000000000815,-1.4551915228366852e-11
2024|2301|4275|3|0|69|1,0,903604.82,0,903604.82,4758.44,4758.44,4758.44,0,898846.38,0
2024|2301|4275|3|0|10|7,642868,1498186,0,1498185.7000000002,1498185.7,1498185.7,1498185.7,0.2999999998137355,2.3283064365386963e-10,0
2024|2301|4275|4|0|10|3,0,1500000,0,1500000,1500000,0,0,0,0,1500000
2024|2301|4275|4|0|97|1,0,1500000,0,1500000,1500000,0,0,0,0,1500000
2024|2301|4275|4|0|60|2,26000000,35000000,0,35000000,34517134.989999995,21143525.419999998,21143520.419999998,0,482865.01000000536,13373609.569999997
2024|2301|4275|4|0|15|1,44916975,88945931.42,0,88945931.42,88163620.72,19477655.830000002,19240042.39,0,782310.700000003,68685964.89
2024|2301|4275|4|0|83|2,45000000,21157692.91,0,21157692.909999996,21127692.91,2578774.97,2578774.9699999997,3.725290298461914e-09,29999.999999996275,18548917.94
2024|2301|4275|4|0|10|8,1000,1000,0,0,0,0,0,1000,0,0
2024|2301|4275|4|0|69|1,1197014,5040816.57,0,4983945.24,6257.09,6257.09,6257.09,56871.330000000075,4977688.15,0
2024|2301|4275|4|0|74|1,10651000,27766898.06,0,17115898.06,4413907.21,2785994.8299999996,2785994.83,10651000,12701990.849999998,1627912.3800000004
2024|2301|4275|4|0|25|1,18031636,18380303.22,0,5284185.84,5282511.17,4717250.93,4717250.930000001,13096117.379999999,1674.6699999999255,565260.2400000002
2024|2301|4275|4|0|68|1,35738810,39305163.78,0,23851448.669999998,23683629.93,15432705.379999999,15076581.46,15453715.110000003,167818.73999999836,8250924.550000001
2024|2301|4275|4|0|70|1,39246698,38992292.15,0,16873276.259999998,16868276.240000002,14738328.22,14738328.219999999,22119015.89,5000.019999995828,2129948.0200000014
2024|2301|4289|4|0|95|1,20000000,385460092.99,0,365468389.87999994,134683434.66000003,87199602.48,87166406.22999999,19991703.110000074,230784955.2199999,47483832.18000002
2024|2301|4385|1|0|10|1,2902526,0,0,0,0,0,0,0,0,0
2024|2301|4385|3|0|10|7,3051408,0,0,0,0,0,0,0,0,0
2024|2301|4385|4|0|15|1,149276071,217271360.28,0,217271360.28,217271360.28000003,164150575.43999997,164150575.44,0,-2.9802322387695312e-08,53120784.84000006
2024|2301|4385|4|0|25|1,0,30167678.04,0,30167678.04,30167678.04,30167678.040000003,30167678.04,0,0,-3.725290298461914e-09
2024|2301|4385|4|0|32|1,196491209,259143647.77,0,259143647.77,259143647.77,240210810.43,238940405.93,0,0,18932837.340000004
2024|2301|4385|4|0|10|1,0,51608692.63,0,51608692.63,51608692.63,0,0,0,0,51608692.63
2024|2301|4385|4|0|83|2,13696149,29876919.7,0,28574826.13,28574826.13,5538973.17,5538973.170000001,1302093.5700000003,0,23035852.96
2024|2301|4293|1|0|10|1,51054647,56919587,0,56531650.26,56531650.26,56531650.26,56531650.260000005,387936.7400000021,0,0
2024|2301|4293|3|0|10|1,21028783,24143238.5,0,24143238.429999992,23574459.730000008,17741907.61000001,17733593.99999999,0.07000000774860382,568778.6999999844,5832552.119999997
2024|2301|4293|3|0|10|7,12982183,18245789.75,0,17979262.509999998,17979262.509999998,17979262.509999998,17979262.51,266527.2400000021,0,0
2024|2301|4293|4|0|54|2,0,20372207.37,0,20372207.37,20372207.37,18069605.229999997,17920620.479999997,0,0,2302602.1400000043
2024|2301|4293|4|0|15|1,0,25109719.92,0,25109719.92,25109719.919999998,9603830.89,9603830.89,0,3.725290298461914e-09,15505889.029999997
2024|2301|4293|4|0|60|2,109429523,145429523,0,145429523,145429522.99999997,123896477.97999999,123764910.94,0,2.9802322387695312e-08,21533045.01999998
2024|2301|4293|4|0|32|1,192099898,314280235.19,0,314280235.19,314280235.18999994,257488493.87999994,257488493.87999997,0,5.960464477539063e-08,56791741.31
2024|2301|4293|4|0|83|2,0,3231691.22,0,3231691.22,3231691.21,1593115.6600000001,1593115.6600000001,0,0.01000000024214387,1638575.5499999998
2024|2301|4293|4|0|51|1,32186277,88526686,0,83880509,59008808.570000015,58315778.510000005,58315778.510000005,4646177,24871700.429999985,693030.0600000098
2024|2301|7004|1|0|10|9,29406760,142903104.54999998,0,142903104.55,141490406.65000004,141490406.65000004,141206641.71,-2.9802322387695312e-08,1412697.8999999762,0
2024|2301|7004|3|0|10|9,14911384,64510127.99,0,64510127.99,60855864.78,60855864.78,52689942.959999986,0,3654263.210000001,0
2024|2301|7004|4|0|10|9,6639987,20775951.46,0,20775951.46,20449087.04,20449087.039999995,19950661.929999996,0,326864.4200000018,3.725290298461914e-09
2024|2301|2500|1|0|10|1,62686451,58300972,0,58057751.19,58057751.190000005,58057751.190000005,58057751.190000005,243220.81000000238,-7.450580596923828e-09,0
2024|2301|2500|3|0|60|2,0,1701140,0,1701140,1670793.87,0,0,0,30346.12999999989,1670793.87
2024|2301|2500|3|0|60|1,2066839,4564727.2700000005,0,4564727.27,4559005.22,2779627.21,2779627.21,9.313225746154785e-10,5722.049999999814,1779378.0099999998
2024|2301|2500|3|0|91|1,1396732,9338480.38,0,9338480.379999999,9338480.38,4560989.15,4560989.15,1.862645149230957e-09,-1.862645149230957e-09,4777491.23
2024|2301|2500|3|0|10|7,6148234,11655136.03,0,11548022.950000001,11548022.95,11548022.95,11548022.95,107113.07999999821,1.862645149230957e-09,0
2024|2301|2500|3|0|10|1,33400000,53642883.48,0,53512125.67999999,53348408.739999995,40022776.870000005,40022454.470000006,130757.80000000447,163716.93999999762,13325631.86999999
2024|2301|2500|4|0|15|1,24000000,9587069.65,0,9587069.65,6732762.3100000005,4349019.180000001,4349019.180000001,0,2854307.34,2383743.13
2024|2301|2500|4|0|47|1,2400000,9101143.85,0,6871266.3,1469457.0199999998,333723.45,333723.45,2229877.55,5401809.28,1135733.5699999998
2024|2311|4004|3|0|60|3,0,747.09,0,747.09,747.09,747.09,747.09,0,0,0
2024|2311|4004|3|0|24|1,0,61407.66,0,61407.66,61407.66,61407.66,61407.66,0,0,0
2024|2311|4004|3|0|10|8,184800,455000,0,455000,450655.25,450655.25,450655.25,0,4344.75,0
2024|2311|4004|3|0|10|1,387520,328617.35,0,328617.35,316776.82,311157.18,311157.18,0,11840.52999999997,5619.640000000014
2024|2311|4004|3|0|10|3,0,747.09,0,0,0,0,0,747.09,0,0
2024|2311|4002|3|0|10|1,1602157,1592896.27,0,1592896.27,1592896.27,1578213.1,1578213.0999999999,0,0,14683.169999999925
2024|2311|4002|3|0|15|1,0,120000,0,120000,119187.66,71187.66,71187.66,0,812.3399999999965,48000
2024|2311|4002|3|0|10|8,1335476,729000,0,729000,706730.1200000001,685140.5800000001,685140.58,0,22269.87999999989,21589.540000000037
2024|2311|4002|3|0|1|1,199999,199999,0,0,0,0,0,199999,0,0
2024|2311|4002|4|0|10|8,0,6000,0,6000,0,0,0,0,6000,0
2024|2311|4002|4|0|15|1,0,30000,0,30000,3775,0,0,0,26225,3775
2024|2311|4002|4|0|24|1,252000,252000,0,0,0,0,0,252000,0,0
2024|2311|4005|3|0|10|1,2677250,2655882.9,0,2655882.9,2655882.9,2655882.8999999994,2655882.9,0,0,4.656612873077393e-10
2024|2311|4005|3|0|15|1,0,30000,0,30000,26400,26400,26400,0,3600,0
2024|2311|4005|3|0|10|8,398372,1026031,0,1026031,964403.6300000001,929259.2700000001,924272.24,0,61627.36999999988,35144.359999999986
2024|2311|4005|4|0|10|8,100000,572947.08,0,572947.08,477655.86,56146.42,56146.42,0,95291.21999999997,421509.44
2024|2311|4550|3|0|60|1,8844100,11792133,0,8844100,7914588.85,7192374.77,7192374.7700000005,2948033,929511.1500000004,722214.0800000001
2024|2311|4006|1|0|10|1,1838624,2299856,0,2249015.77,2249015.77,2249015.77,2249015.7700000005,50840.22999999998,0,0
2024|2311|4006|3|0|10|1,5499180,10011180,0,10011180.000000004,10009135.31,3540575.3800000004,3540575.38,-3.725290298461914e-09,2044.6900000032037,6468559.93
2024|2311|4006|3|0|10|7,269543,298249,0,269380.26999999996,269380.26999999996,269380.26999999996,269380.27,28868.73000000004,0,0
2024|2311|4006|3|0|36|1,868713,8269035.37,0,7400322.37,1451714.6500000001,917641.7899999998,917641.79,868713,5948607.72,534072.8600000003
2024|2311|4006|4|0|10|1,0,10900000,0,10900000,10899997,2482.24,2482.24,0,3,10897514.76
2024|2311|4006|4|0|10|3,177822,177822,0,0,0,0,0,177822,0,0
2024|2311|4006|4|0|24|1,17547335,17015991.27,0,0,0,0,0,17015991.27,0,0
2024|2311|4001|1|0|10|1,205765496,205854606,0,204440283.89,204440283.89,204440283.89,204440283.88999996,1414322.1100000143,0,0
2024|2311|4001|3|0|10|8,280000,55800,0,55800,42720.3,42720.299999999996,42720.3,0,13079.699999999997,7.275957614183426e-12
2024|2311|4001|3|0|24|1,0,1008058.73,0,1008058.73,558159.0499999999,546241.13,546241.13,0,449899.68000000005,11917.919999999925
2024|2311|4001|3|0|10|3,0,9603.04,0,100,0,0,0,9503.04,100,0
2024|2311|4001|3|0|10|1,17954111,19522642.95,0,19513127.3,19501639.570000004,14692115.999999996,14688354.39,9515.64999999851,11487.729999996722,4809523.570000008
2024|2311|4001|3|0|1|1,102000,102000,0,0,0,0,0,102000,0,0
2024|2311|4001|3|0|10|7,21287904,15792970,0,14648430.26,14648430.26,14648430.26,14648430.26,1144539.7400000002,0,0
2024|2311|4001|4|0|97|1,0,300000,0,300000,300000,0,0,0,0,300000
2024|2311|4001|4|0|10|1,0,2000000,0,2000000,1998763.9,5325,5325,0,1236.1000000000931,1993438.9
2024|2311|4001|4|0|10|8,0,84200,0,84167.6,74209.14,10246.76,10246.76,32.39999999999418,9958.460000000006,63962.38
2024|2311|4017|1|0|60|1,1278924,1583337,0,1516158.2200000002,1516158.2199999997,1516158.2199999997,1516158.22,67178.7799999998,4.656612873077393e-10,0
2024|2311|4017|1|0|57|2,0,1063137.49,0,866546.7799999998,866546.7799999999,866546.7799999999,866546.78,196590.7100000002,-1.1641532182693481e-10,0
2024|2311|4017|1|0|10|1,70898857,98722223,0,98416077.93999998,98416077.94000001,98416077.94000001,98416077.94,306145.0600000173,-2.9802322387695312e-08,0
2024|2311|4017|3|0|10|1,46073207,48271877,0,48271876.99999999,48268113.17,42080242.309999995,41846254.410000026,7.450580596923828e-09,3763.8299999907613,6187870.860000007
2024|2311|4017|3|0|10|7,17908581,22549893,0,22293098.390000008,22293098.39,22293098.39,22293098.39,256794.60999999195,7.450580596923828e-09,0
2024|2311|4017|3|0|70|1,7585028,21367173.96,0,19875262.880000003,17559586.979999993,15592019.559999997,15580341.560000002,1491911.0799999982,2315675.9000000097,1967567.4199999962
2024|2311|4017|4|0|1|1,199299,199299,0,0,0,0,0,199299,0,0
2024|2311|4017|4|0|70|1,577339,3863124.58,0,3285785.5800000005,1291495.54,361444.54000000004,361444.54000000004,577338.9999999995,1994290.0400000005,930051
2024|2311|7004|1|0|60|9,1654720,2212177.1,0,2212177.1,2188793.7399999998,2188793.7399999998,2188793.7399999998,0,23383.360000000335,0
2024|2311|7004|3|0|60|9,382219,1194161,0,1194161,1174666.96,1174666.96,1174666.9599999997,0,19494.040000000037,0
2024|2311|2500|1|0|10|1,9801157,10131697,0,10121555.21,10121555.209999999,10121555.209999999,10121555.209999999,10141.789999999106,1.862645149230957e-09,0
2024|2311|2500|3|0|10|8,0,250000,0,250000,250000,210020,210020,0,0,39980
2024|2311|2500|3|0|10|1,10806575,10829455,0,10827304.310000002,10825693.160000002,9412564.969999999,9380613.790000001,2150.689999997616,1611.1500000003725,1413128.1900000032
2024|2311|2500|3|0|10|7,3105409,2833091,0,2826180.09,2826180.09,2826180.09,2826180.0900000003,6910.910000000149,0,0
2024|2321|4237|1|0|57|2,0,9867.47,0,6523.31,6523.31,6523.31,6523.31,3344.159999999999,0,0
2024|2321|4237|1|0|10|1,2205622,2381633,0,2300311.52,2300311.5199999996,2300311.5199999996,2300311.5199999996,81321.47999999998,4.656612873077393e-10,0
2024|2321|4237|3|0|10|1,4354981,4859955.75,0,4859955.75,4859904.069999999,3914409.6299999994,3914409.6300000004,0,51.6800000006333,945494.44
2024|2321|4237|3|0|10|7,379191,350249,0,350248.36,350248.36,350248.36,350248.36,0.6400000000139698,0,0
2024|2321|4237|4|0|10|1,10900,96835,0,96835,96835,96835,96835,0,0,0
2024|2321|4222|1|0|10|1,3786606,2954642,0,2951785.540000001,2951785.5400000005,2951785.5400000005,2951785.54,2856.4599999990314,4.656612873077393e-10,0
2024|2321|4222|3|0|10|1,5595223,3992105.8,0,3992105.8,3991415.84,3112714.12,3112714.120000001,0,689.9599999999627,878701.7199999997
2024|2321|4222|3|0|10|7,509523,404756,0,373891.67000000004,373891.67000000004,373891.67000000004,373891.67000000004,30864.329999999958,0,0
2024|2321|4222|3|0|24|1,1719517,1719517,0,0,0,0,0,1719517,0,0
2024|2321|4222|4|0|10|1,12086100,15957493.25,0,15957493.25,15955216.06,9188451.02,9181097.66,0,2277.1899999994785,6766765.040000001
2024|2321|4222|4|0|10|8,450000,150000,0,150000,89523,0,0,0,60477,89523
2024|2321|4222|4|0|10|3,5294651,2449666.56,0,2449661.56,2449661.56,1034267.22,184460.96,5,0,1415394.34
2024|2321|4222|4|0|47|1,70000,70000,0,0,0,0,0,70000,0,0
2024|2321|4222|4|0|24|1,5182510,5288719.72,0,498525.70999999996,498525.70999999996,250440.72,250440.72,4790194.01,0,248084.98999999996
2024|2321|4212|1|0|57|2,0,879919.04,0,802123.59,802123.5900000001,802123.5900000001,802123.59,77795.45000000007,-1.1641532182693481e-10,0
2024|2321|4212|1|0|10|1,148775075,155158871,0,154777363.10999998,154776766.62,154704341.95,154704341.95000002,381507.8900000155,596.4899999797344,72424.67000001669
2024|2321|4212|3|0|24|1,0,775301,0,775301,775241.97,775241.97,775241.97,0,59.03000000002794,0
2024|2321|4212|3|0|10|8,0,300000,0,300000,289551.36,289551.36,289551.36,0,10448.640000000014,0
2024|2321|4212|3|0|10|1,165025340,171710455.01,0,171710455.01,171555582.97000003,138984671.95999998,138422127.64000005,0,154872.03999996185,32570911.01000005
2024|2321|4212|3|0|70|1,0,356266,0,206266,206258,206258,206258,150000,8,0
2024|2321|4212|3|0|10|7,27565246,25347499,0,25100317.15,25100317.149999995,25100317.149999995,25100317.15,247181.8500000015,3.725290298461914e-09,0
2024|2321|7004|1|0|60|9,2412419,4812419,0,4812371.51,4631489.3100000005,4614768.65,4591010.819999999,47.49000000022352,180882.19999999925,16720.66000000015
2024|2321|7004|3|0|60|9,0,1280000,0,1180164.96,1155265.7499999998,1155265.7499999998,1154031.7099999997,99835.04000000004,24899.210000000196,0
2024|2331|4026|1|0|10|1,10000,0,0,0,0,0,0,0,0,0
2024|2331|4026|1|0|73|1,624788,624788,0,593932.74,593932.7399999999,593932.7399999999,593932.7400000001,30855.26000000001,1.1641532182693481e-10,0
2024|2331|4026|3|0|73|1,340000,500500,0,485895.84,485895.83999999997,439232.92000000004,416354.7,14604.159999999974,5.820766091346741e-11,46662.919999999925
2024|2331|4026|3|0|73|7,119025,183653,0,168821.52000000002,168821.52000000002,168821.52000000002,168821.52,14831.479999999981,0,0
2024|2331|4026|4|0|73|1,100000,0,0,0,0,0,0,0,0,0
2024|2331|4024|1|0|10|1,103917,264259.92,0,194207.28,194207.28,194207.28,194207.28,70052.63999999998,0,0
2024|2331|4024|1|0|73|1,9810486,9810486,0,9437071.97,9437071.969999999,9437071.969999999,9437071.97,373414.02999999933,1.862645149230957e-09,0
2024|2331|4024|3|0|73|7,2111464,4223464,0,4095962,4095961.9999999995,4095961.9999999995,4095962,127501.99999999953,9.313225746154785e-10,0
2024|2331|4024|3|0|73|1,10903621,10011621,0,9429992.24,9235435.5,8818184.36,8635565.73,581628.7599999998,194556.74000000022,417251.1400000006
2024|2331|4024|4|0|73|1,1000000,1000000,0,27390,26589,26589,26589,972610,801,0
2024|2331|7004|1|0|73|9,423723,543723,0,127150,127119.19,127119.19,127119.19,416573,30.80999999999767,0
2024|2331|2500|1|0|10|1,23724,129490.12,0,129490.12000000001,129490.12,129490.12,129490.12,-1.4551915228366852e-11,1.4551915228366852e-11,0
2024|2331|2500|1|0|73|1,2916018,2904872,0,2766687.290000002,2766687.29,2766687.29,2766687.2899999996,138184.7099999981,1.862645149230957e-09,0
2024|2331|2500|3|0|73|7,529547,900565,0,900564.7000000001,900564.7,900564.7,900564.7,0.2999999999301508,1.1641532182693481e-10,0
2024|2331|2500|3|0|73|1,6606328,7301328,0,5639542.539999999,5518446.799999999,5390949.32,5151162.880000001,1661785.460000001,121095.74000000022,127497.47999999858
2024|2331|2500|4|0|73|1,400000,400000,0,136500,130816.64,129831.24,129831.23999999999,263500,5683.360000000001,985.3999999999942
2024|2351|1018|3|0|10|1,1000,1000,0,0,0,0,0,1000,0,0
2024|2351|4088|3|0|10|1,900000,810000,0,810000,808091.12,807211.5599999998,807211.56,0,1908.8800000000047,879.5600000001723
2024|2351|4089|3|0|10|8,1730000,1920000,0,1920000,1888324.99,1863348.99,1861210,0,31675.01000000001,24976
2024|2351|4089|3|0|10|1,4400000,4223456.73,0,4223456.7299999995,4184670.0799999996,4161730.8699999996,4161450.87,9.313225746154785e-10,38786.64999999991,22939.209999999963
2024|2351|4089|3|0|10|3,168817,168817,0,0,0,0,0,168817,0,0
2024|2351|4089|3|0|1|1,377000,377000,0,0,0,0,0,377000,0,0
2024|2351|4089|4|0|10|8,150000,670000,0,670000,543678.95,118433.08,118433.08,0,126321.05000000005,425245.86999999994
2024|2351|4089|4|0|15|1,0,300000,0,300000,47429.95,47429.95,18472,0,252570.05,0
2024|2351|4089|4|0|10|3,52108,54401.25,0,12841.71,10221.35,2293.25,0,41559.54,2620.3599999999988,7928.1
2024|2351|4089|4|0|1|1,1440000,1452020.22,0,11918.199999999999,11610.32,10928.199999999999,0,1440102.02,307.8799999999992,682.1200000000008
2024|2351|4087|3|0|10|1,4210000,8470000,0,8470000,8431008.27,8417542.7,7727510.6,0,38991.73000000045,13465.570000000298
2024|2351|4090|3|0|10|1,15522122,14786051.64,0,14786051.64,14766191.479999999,14080491.620000001,14075904.120000005,0,19860.16000000201,685699.8599999975
2024|2351|4090|3|0|10|8,2780000,1920000,0,1920000,1663273.94,814962.5,814962.5,0,256726.06000000006,848311.44
2024|2351|4090|4|0|10|8,640000,240000,0,240000,0,0,0,0,240000,0
2024|2351|4086|1|0|10|1,228343854,241848608,0,241787319.94999996,241775754.42000005,241752921.55000004,241752921.54999995,61288.05000004172,11565.529999911785,22832.87000000477
2024|2351|4086|3|0|15|1,0,490000,0,490000,475733.95,0,0,0,14266.049999999988,475733.95
2024|2351|4086|3|0|10|8,336000,344000,0,344000,311213.23999999993,4724.02,4724.02,0,32786.76000000007,306489.2199999999
2024|2351|4086|3|0|10|7,40657686,34726864.75,0,34726863.93,34726863.93,34726863.93,34726863.93,0.8200000002980232,0,0
2024|2351|4086|3|0|10|3,18966,23966,0,5000,0,0,0,18966,5000,0
2024|2351|4086|3|0|97|1,0,30000,0,0,0,0,0,30000,0,0
2024|2351|4086|3|0|10|1,87784000,88701529.24,0,88603991.92,88291309.18,78061627.88000001,77579877.8,97537.31999999285,312682.73999999464,10229681.299999997
2024|2351|4086|3|0|24|1,9553844,10110521.81,0,1258177.81,446849.87000000005,278326.6,275963.23000000004,8852344,811327.94,168523.27000000008
2024|2351|4086|4|0|1|1,0,200000,0,200000,200000,200000,200000,0,0,0
2024|2351|4086|4|0|10|3,0,81672.06,0,81672.06,76000,76000,76000,0,5672.059999999998,0
2024|2351|4086|4|0|10|1,4500000,4690477.1,0,4690477.1,4614232.359999999,4291531.77,4051139,0,76244.74000000022,322700.58999999985
2024|2351|4086|4|0|15|1,0,370000,0,370000,216776.97999999998,0,0,0,153223.02000000002,216776.97999999998
2024|2351|4086|4|0|24|1,0,201500,0,201500,0,0,0,0,201500,0
2024|2351|4086|4|0|10|8,1047000,1392000,0,1392000,1021687.79,171331.13,154000.63,0,370312.20999999996,850356.66
2024|2351|4086|4|0|97|1,0,100000,0,0,0,0,0,100000,0,0
2024|2351|4086|4|0|60|1,463450,463450,0,0,0,0,0,463450,0,0
2024|2351|7004|1|0|10|9,4687173,7648508.26,0,7648508.260000001,5173730.640000001,5173730.640000001,4931783.11,-9.313225746154785e-10,2474777.62,0
2024|2351|7004|3|0|10|9,0,338664.74,0,338664.74,279927,279927,279927,0,58737.73999999999,0
2024|2351|2500|3|0|10|1,1365563,1135569,0,1135569,1055123.3399999999,866416.5900000001,864827.6000000001,0,80445.66000000015,188706.74999999977
2024|2361|7208|3|0|60|1,64761132,64761132,0,0,60211923.48,60211923.48,60211923.48,64761132,-60211923.48,0
2024|2361|7004|3|0|60|9,321836,321836,0,0,0,0,0,321836,0,0
2024|2361|2009|1|0|60|1,1241000,1241000,0,0,318522.27,318522.27,318522.27,1241000,-318522.27,0
2024|2361|2009|3|0|60|1,7457551,7457551,0,0,3414056.039999999,3414056.039999999,3414056.039999999,7457551,-3414056.039999999,0
2024|2361|2009|4|0|60|1,487731,487731,0,0,0,0,0,487731,0,0
2024|2361|2113|3|0|60|1,4906275,4906275,0,0,1775227.72,1775227.72,1775227.72,4906275,-1775227.72,0
2024|2361|2114|4|0|60|1,25484225,25484225,0,0,320386.20999999996,320386.20999999996,320386.20999999996,25484225,-320386.20999999996,0
2024|2361|2114|5|0|60|1,4854750,4854750,0,0,0,0,0,4854750,0,0
2024|2371|4238|1|0|10|1,0,80000,0,0,0,0,0,80000,0,0
2024|2371|4238|1|0|95|1,80000,80000,0,0,0,0,0,80000,0,0
2024|2371|4238|3|0|10|7,0,50000,0,0,0,0,0,50000,0,0
2024|2371|4238|3|0|95|7,50000,50000,0,0,0,0,0,50000,0,0
2024|2371|4238|3|0|95|1,1299000,1299000,0,88587.95,75148.29,75148.29000000001,75148.29,1210412.05,13439.660000000003,-1.4551915228366852e-11
2024|2371|4252|3|0|95|1,1000,1501000,0,1414397.25,1414397.25,1150985.19,1150985.19,86602.75,0,263412.06000000006
2024|2371|4203|1|0|60|1,794241,0,0,0,0,0,0,0,0,0
2024|2371|4203|1|0|91|1,2756305,0,0,0,0,0,0,0,0,0
2024|2371|4203|1|0|10|1,30871687,15637155,0,14721101.89,14721101.889999999,14721101.889999999,14721101.890000002,916053.1099999994,1.862645149230957e-09,0
2024|2371|4203|3|0|91|1,558991,558991,0,558613.37,557111.0700000001,488580.33999999997,488580.34,377.63000000000466,1502.2999999999302,68530.7300000001
2024|2371|4203|3|0|10|7,4767052,2280542,0,2098216.12,2098216.12,2098216.12,2098216.12,182325.8799999999,0,0
2024|2371|4228|3|1|95|1,0,2348949.73,0,2152934.38,2131311.3899999997,1533078.7000000002,1533078.7,196015.3500000001,21622.990000000224,598232.6899999995
2024|2371|4228|4|1|95|1,1200000,10249493.85,0,6719328.85,5974528.85,2995328.85,2995328.85,3530165,744800,2979199.9999999995
2024|2371|4206|1|0|60|1,397121,0,0,0,0,0,0,0,0,0
2024|2371|4206|1|0|91|1,1378153,0,0,0,0,0,0,0,0,0
2024|2371|4206|1|0|10|1,15435844,15302412,0,15147940.239999998,15147940.239999998,15147940.239999998,15147940.239999998,154471.76000000164,0,0
2024|2371|4206|3|0|91|1,320520,320520,0,320520,320520,268525.05,268525.05000000005,0,0,51994.95000000001
2024|2371|4206|3|0|10|7,2383526,2205656,0,2020763.5,2020763.5,2020763.5,2020763.5,184892.5,0,0
2024|2371|4202|1|0|91|1,6300127,0,0,0,0,0,0,0,0,0
2024|2371|4202|1|0|60|1,1815408,20264659.86,0,17123643.44,17123643.44,17123643.44,17123643.44,3141016.419999998,0,0
2024|2371|4202|1|0|10|1,70563856,61175273,0,57858427.97999999,57858427.980000004,57858427.980000004,57858427.980000004,3316845.0200000107,-1.4901161193847656e-08,0
2024|2371|4202|3|0|91|1,2238760,2219633.46,0,2219633,2214615.4,2048502.48,1392746.48,0.4599999999627471,5017.600000000093,166112.91999999993
2024|2371|4202|3|0|91|3,0,84916.54,0,65790,60080,27710,27710,19126.539999999994,5710,32370
2024|2371|4202|3|0|24|1,501000,831675.65,0,795859.8400000001,737340.64,653372.1400000001,653372.14,35815.80999999994,58519.20000000007,83968.49999999988
2024|2371|4202|3|0|15|1,0,200000,0,0,0,0,0,200000,0,0
2024|2371|4202|3|0|1|1,0,937200,0,0,0,0,0,937200,0,0
2024|2371|4202|3|0|10|7,10896119,11221843,0,10180086.86,10180086.86,10180086.86,10180086.860000001,1041756.1400000006,0,0
2024|2371|4202|4|0|24|1,501000,0,0,0,0,0,0,0,0,0
2024|2371|4318|1|0|60|1,85097,0,0,0,0,0,0,0,0,0
2024|2371|4318|1|0|91|1,295318,0,0,0,0,0,0,0,0,0
2024|2371|4318|1|0|10|1,3307681,3001375,0,2860231.2299999995,2860231.23,2860231.23,2860231.229999999,141143.77000000048,-4.656612873077393e-10,0
2024|2371|4318|3|0|91|1,215791,215791,0,215791,215791,135549.24000000002,135549.23999999996,0,0,80241.75999999998
2024|2371|4318|3|0|10|7,510756,377049,0,334754,334754,334754,334754,42295,0,0
2024|2371|4317|1|0|60|1,283658,0,0,0,0,0,0,0,0,0
2024|2371|4317|1|0|91|1,984395,0,0,0,0,0,0,0,0,0
2024|2371|4317|1|0|10|1,11025602,14119480,0,13845987.01,13845987.01,13845987.01,13845987.01,273492.9900000002,0,0
2024|2371|4317|3|0|91|1,938845,938845,0,938845,935503.89,548479.63,548479.6299999999,0,3341.109999999986,387024.26
2024|2371|4317|3|0|60|1,907546,907546,0,907546,888013.11,597198.62,597198.62,0,19532.890000000014,290814.49
2024|2371|4317|3|0|10|7,1702519,1436899,0,1318143.5,1318143.5,1318143.5,1318143.5,118755.5,0,0
2024|2371|4319|1|0|60|1,680778,0,0,0,0,0,0,0,0,0
2024|2371|4319|1|0|91|1,2362547,0,0,0,0,0,0,0,0,0
2024|2371|4319|1|0|10|1,26461446,25101311,0,24489450.229999993,24489450.23,24489450.23,24489450.229999997,611860.770000007,-7.450580596923828e-09,0
2024|2371|4319|3|0|91|1,580080,567080,0,567079.2399999999,566413.4299999999,514515.82,514515.82,0.7600000001257285,665.8099999999395,51897.60999999993
2024|2371|4319|3|0|10|7,4086044,3924451,0,3665710.3200000003,3665710.3200000003,3665710.3200000003,3665710.3200000003,258740.6799999997,0,0
2024|2371|4498|1|0|60|1,28366,0,0,0,0,0,0,0,0,0
2024|2371|4498|1|0|91|1,98439,0,0,0,0,0,0,0,0,0
2024|2371|4498|1|0|10|1,1102561,1947600,0,697262.3,697262.2999999999,697262.2999999999,697262.3,1250337.7,1.1641532182693481e-10,0
2024|2371|4498|3|0|91|1,125990,105990,0,105990,104966.2,71835.45000000001,71835.45,0,1023.8000000000029,33130.749999999985
2024|2371|4498|3|0|10|7,170252,77740,0,70510,70510,70510,70510,7230,0,0
2024|2371|4440|1|0|60|1,85097,0,0,0,0,0,0,0,0,0
2024|2371|4440|1|0|91|1,295318,0,0,0,0,0,0,0,0,0
2024|2371|4440|1|0|10|1,3307681,2753586,0,2630236.87,2630236.8699999996,2630236.8699999996,2630236.87,123349.12999999989,4.656612873077393e-10,0
2024|2371|4440|3|0|91|1,416580,416580,0,416580,399062.78,362107.38,362107.38,0,17517.219999999972,36955.40000000002
2024|2371|4440|3|0|24|1,0,129357.35,0,129357.35,0,0,0,0,129357.35,0
2024|2371|4440|3|0|10|7,510756,342836,0,304389,304389,304389,304389,38447,0,0
2024|2371|4440|4|0|24|1,0,40967,0,40967,0,0,0,0,40967,0
2024|2371|4439|1|0|60|1,28366,0,0,0,0,0,0,0,0,0
2024|2371|4439|1|0|91|1,98439,0,0,0,0,0,0,0,0,0
2024|2371|4439|1|0|10|1,1102561,244085,0,0,0,0,0,244085,0,0
2024|2371|4439|3|0|10|7,170252,0,0,0,0,0,0,0,0,0
2024|2371|4439|3|0|91|1,135000,135000,0,135000,134480.9,111117.89,111117.89,0,519.1000000000058,23363.009999999995
2024|2371|7004|1|0|91|9,0,68560.44,0,68560.44,67447.48000000001,67447.48000000001,67447.48000000001,0,1112.9599999999919,0
2024|2371|7004|1|0|60|9,4111179,7532893.37,0,7532893.37,6711268.53,6711268.53,6711268.53,0,821624.8399999999,0
2024|2371|7004|3|0|91|9,0,102443.44,0,102443.44,102126.04000000001,102126.04000000001,102126.04000000001,0,317.3999999999942,0
2024|2371|7004|3|0|60|9,86562,763495.09,0,763495.09,750160.85,750160.85,750160.85,0,13334.23999999999,0
2024|2371|2500|1|0|60|1,1475019,0,0,0,0,0,0,0,0,0
2024|2371|2500|1|0|91|1,17435646,50004687,0,42616273.73000001,42616273.73,42616273.73,42616273.73,7388413.269999988,1.4901161193847656e-08,0
2024|2371|2500|1|0|10|1,45016344,29701055.79,0,19206949.559999987,19206949.56,19206949.56,19206949.560000002,10494106.230000012,-1.1175870895385742e-08,0
2024|2371|2500|3|0|60|1,7413872,7413872,0,7413872,7409320.62,6912652.2,6912652.2,-9.313225746154785e-10,4551.38000000082,496668.4199999999
2024|2371|2500|3|0|91|1,4601900,5145900,0,5145899.01,5115377.240000001,3968828.96,3968713.579999998,0.9900000002235174,30521.76999999862,1146548.2800000012
2024|2371|2500|3|0|10|1,0,55897.21,0,53869.24,53823.31,53823.31,53823.31,2027.9700000000012,45.93000000000029,0
2024|2371|2500|3|0|10|7,8853095,11456882,0,10476572.020000001,10476572.02,10476572.02,10476572.020000001,980309.9799999986,1.862645149230957e-09,0
2024|2371|2500|4|0|91|1,3057450,2438450,0,2438450,2416826.7399999998,836871.04,836871.04,0,21623.260000000242,1579955.6999999997
2024|2371|2500|4|0|47|1,450000,450000,0,0,0,0,0,450000,0,0
2024|2421|1027|3|0|10|1,1000,0,0,0,0,0,0,0,0,0
2024|2421|1027|3|0|71|1,0,666.68,0,0,0,0,0,666.68,0,0
2024|2421|1026|3|0|10|1,1000,0,0,0,0,0,0,0,0,0
2024|2421|1026|3|0|71|1,0,666.68,0,0,0,0,0,666.68,0,0
2024|2421|1026|4|0|10|8,0,100000,0,100000,73818.88,73818.88,73818.88,0,26181.119999999995,0
2024|2421|1028|1|0|10|1,594424,55630.65,0,55630.649999999994,55630.649999999994,55630.649999999994,55630.65,7.275957614183426e-12,0,0
2024|2421|1028|1|0|71|1,0,593045.26,0,289770.63,289770.63000000006,289770.63000000006,289770.62999999995,303274.63,-5.820766091346741e-11,0
2024|2421|1028|3|0|10|7,136728,6903,0,6903,6903,6903,6903,0,0,0
2024|2421|1028|3|0|10|1,300000,0,0,0,0,0,0,0,0,0
2024|2421|1028|3|0|10|8,400000,0,0,0,0,0,0,0,0,0
2024|2421|1028|3|0|71|7,0,110090,0,77398.5,77398.5,77398.5,77398.5,32691.5,0,0
2024|2421|1028|3|0|71|1,0,100000,0,0,0,0,0,100000,0,0
2024|2421|1028|4|0|10|8,1000000,0,0,0,0,0,0,0,0,0
2024|2421|1095|3|0|10|3,0,1063655.36,0,1063655.36,5071.800000000003,5071.799999999999,5071.8,0,1058583.56,3.637978807091713e-12
2024|2421|1095|3|0|24|1,1000,6016024.8,0,6015024.8,4949893.75,3848198.6799999997,3848198.68,1000,1065131.0499999998,1101695.0700000003
2024|2421|1095|4|0|24|1,0,9226216.82,0,9226216.82,4328625.119999999,4328625.119999999,4328625.119999999,0,4897591.700000001,0
2024|2421|1025|3|0|10|1,88186,0,0,0,0,0,0,0,0,0
2024|2421|1025|3|0|10|8,1000000,290000,0,290000,289850,289850,289850,0,150,0
2024|2421|1025|3|0|15|1,0,600000,0,600000,599420,399900,399900,0,580,199520
2024|2421|1025|3|0|71|1,0,627352.51,0,597561.83,597530.84,41958,41958,29790.68000000005,30.989999999990687,555572.84
2024|2421|1025|3|0|1|1,2122277,2122277,0,0,0,0,0,2122277,0,0
2024|2421|4323|3|0|10|1,1000,0,0,0,0,0,0,0,0,0
2024|2421|4323|3|0|71|1,0,666.68,0,0,0,0,0,666.68,0,0
2024|2421|4323|4|0|71|1,0,250000,0,250000,249475,0,0,0,525,249475
2024|2421|4325|1|0|10|1,313883,34621.090000000004,0,34621.090000000004,34621.090000000004,34621.090000000004,34621.09,0,0,0
2024|2421|4325|1|0|71|1,0,304267.74,0,228172.05000000002,228172.05,228172.05,228172.05000000002,76095.68999999997,2.9103830456733704e-11,0
2024|2421|4325|3|0|10|7,101196,3243,0,3243,3243,3243,3243,0,0,0
2024|2421|4325|3|0|10|1,356943,0,0,0,0,0,0,0,0,0
2024|2421|4325|3|0|10|3,0,2103.67,0,2103.67,2103.67,0,0,0,0,2103.67
2024|2421|4325|3|0|24|1,0,1137896.33,0,1137896.33,1137896.33,540000,27000,0,0,597896.3300000001
2024|2421|4325|3|0|36|1,2000,2000,0,0,0,0,0,2000,0,0
2024|2421|4325|3|0|71|7,0,66556,0,49690,49690,49690,49690,16866,0,0
2024|2421|4325|3|0|71|1,0,386313.92,0,256597.92,256597.91999999998,256597.91999999998,256597.91999999998,129715.99999999997,2.9103830456733704e-11,0
2024|2421|4325|4|0|10|8,800000,0,0,0,0,0,0,0,0,0
2024|2421|4516|1|0|10|1,127910,28431.2,0,28431.199999999997,28431.199999999997,28431.199999999997,28431.2,3.637978807091713e-12,0,0
2024|2421|4516|1|0|71|1,0,251748.68,0,227693.11000000004,227693.11000000002,227693.11000000002,227693.11000000002,24055.56999999995,2.9103830456733704e-11,0
2024|2421|4516|3|0|10|7,61236,6216,0,6216,6216,6216,6216,0,0,0
2024|2421|4516|3|0|71|7,0,61238.5,0,51031.600000000006,51031.600000000006,51031.600000000006,51031.6,10206.899999999994,0,0
2024|2421|4516|4|0|1|1,5304192,5304192,0,0,0,0,0,5304192,0,0
2024|2421|4320|3|0|10|1,40600,659834.96,0,659834.96,659834.96,659834.96,659834.96,0,0,0
2024|2421|4320|3|0|10|3,0,58059.19,0,58059.19,42763.76,42763.76,42763.76,0,15295.43,0
2024|2421|4320|3|0|71|3,0,3700872.69,0,3700872.69,2458044.81,2458044.8100000005,2458044.81,0,1242827.88,-4.656612873077393e-10
2024|2421|4320|3|0|71|1,0,9937146.68,0,9920080,9911127.16,6693.5,6693.5,17066.679999999702,8952.839999999851,9904433.66
2024|2421|4320|3|0|24|1,20600034,22345572.35,0,14764616.2,13599126.5,6653449.220000001,6649259.3100000005,7580956.150000002,1165489.6999999993,6945677.279999999
2024|2421|7004|1|0|10|9,1000,18280.02,0,17280.47,17094.41,17094.41,17094.41,999.5499999999993,186.0600000000013,0
2024|2421|7004|3|0|10|9,0,27015.5,0,27015.5,27015.050000000003,27015.050000000003,27015.050000000003,0,0.4499999999970896,0
2024|2421|2500|1|0|10|1,7669186,1648985.99,0,1648985.99,1648985.9899999998,1648985.9899999998,1648985.9899999998,0,2.3283064365386963e-10,0
2024|2421|2500|1|0|71|1,0,6784836.1,0,5518036.480000001,5518036.48,5518036.48,5518036.479999999,1266799.6199999982,9.313225746154785e-10,0
2024|2421|2500|3|0|10|7,2115120,293958.52,0,293958.52,293958.52,293958.52,293958.52,0,0,0
2024|2421|2500|3|0|10|1,4165536,0,0,0,0,0,0,0,0,0
2024|2421|2500|3|0|71|7,0,1860615.28,0,1371488.53,1371488.53,1371488.53,1371488.53,489126.75,0,0
2024|2421|2500|3|0|71|1,0,6206173.57,0,4817182.329999999,4728086.9,4331100.81,4101864.34,1388991.2400000012,89095.42999999877,396986.0900000008
2024|2431|4446|1|0|10|1,1181981,1272866,0,1226748,1226748,1226748,1226748,46118,0,0
2024|2431|4446|3|0|10|7,194728,165987.71,0,165987.71,165987.71,165987.71,165987.71,0,0,0
2024|2431|4446|3|0|60|1,347328,347328,0,347328,338167.89,290567.08999999997,273615.07999999996,0,9160.109999999986,47600.80000000005
2024|2431|4447|1|0|10|1,829404,896553,0,895141.7000000001,895141.7,895141.7,895141.7,1411.2999999999302,1.1641532182693481e-10,0
2024|2431|4447|3|0|10|1,99931,0,0,0,0,0,0,0,0,0
2024|2431|4447|3|0|10|7,151843,135642,0,129904.5,129904.5,129904.5,129904.5,5737.5,0,0
2024|2431|4447|3|0|95|1,1400000,3587526.41,0,2007469.54,1995765.54,816467.55,816467.55,1580056.87,11704,1179297.99
2024|2431|7004|1|0|10|9,1000,1000,0,0,0,0,0,1000,0,0
2024|2431|2500|1|0|10|1,1766048,2402463,0,2402461.3200000003,2402461.3200000003,2402461.3200000003,2402461.3200000003,1.6799999997019768,0,0
2024|2431|2500|3|0|10|1,0,89310.31,0,89310.31,29166.53,192.5,192.5,0,60143.78,28974.03
2024|2431|2500|3|0|60|1,663672,662672,0,662671.9999999999,652036.5,609674.03,578465.23,1.1641532182693481e-10,10635.499999999767,42362.47000000009
2024|2431|2500|3|0|10|7,274193,295432.29,0,271010.04000000004,271010.04000000004,271010.04000000004,271010.04,24422.24999999994,0,0
2024|2441|4469|4|0|95|1,42324,42324,0,0,0,0,0,42324,0,0
2024|2441|4015|1|0|59|1,524934,289167,0,281128.52,281128.52,281128.52,281128.51999999996,8038.479999999981,0,0
2024|2441|4015|3|0|59|7,94569,47352,0,41908.5,41908.5,41908.5,41908.5,5443.5,0,0
2024|2441|4015|3|0|59|1,337267,337267,0,322453.27999999997,308412.36,266102.8,250509.22,14813.72000000003,14040.919999999984,42309.56
2024|2441|4013|1|0|59|1,4301790,4776985,0,4586404.48,4586404.4799999995,4586404.4799999995,4586404.48,190580.51999999955,9.313225746154785e-10,0
2024|2441|4013|3|0|59|1,647474,647474,0,647474,639338.82,561947.7400000001,561947.74,0,8135.180000000051,77391.07999999984
2024|2441|4013|3|0|59|7,455956,445079,0,384021,384021,384021,384021,61058,0,0
2024|2441|4014|1|0|59|1,4626754,4261019,0,4252387.089999999,4252387.089999999,4252387.089999999,4252387.09,8631.91000000108,0,0
2024|2441|4014|3|0|59|1,1125572,1071072,0,1071072,1011150.5399999999,913123.55,866501.65,0,59921.46000000008,98026.98999999987
2024|2441|4014|3|0|59|7,455956,386396,0,383594.1,383594.1,383594.1,383594.1,2801.9000000000233,0,0
2024|2441|4014|4|0|59|1,0,85000,0,85000,77000,0,0,0,8000,77000
2024|2441|7004|1|0|59|9,1000,1000,0,0,0,0,0,1000,0,0
2024|2441|2500|1|0|59|1,4849755,5138803,0,5136412.3500000015,5136412.3500000015,5136412.3500000015,5136412.350000001,2390.64999999851,0,0
2024|2441|2500|3|0|59|7,460459,425372,0,420816.44999999995,420816.44999999995,420816.44999999995,420816.45,4555.550000000047,0,0
2024|2441|2500|3|0|59|1,1034588,1004088,0,840532.7200000001,798242.36,673441.7,644035.62,163555.2799999999,42290.3600000001,124800.66000000003
2024|2461|4286|1|0|10|1,244405,203034,0,198414.58000000002,198414.58000000002,198414.58000000002,198414.58000000002,4619.419999999984,0,0
2024|2461|4286|3|0|10|7,57045,40528,0,37200,37200,37200,37200,3328,0,0
2024|2461|4286|3|0|10|1,272790,270881.58,0,260204.03,208772.95,208580.04999999996,208580.05,10677.550000000017,51431.07999999999,192.9000000000524
2024|2461|4273|1|0|10|1,597254,604054,0,602009.88,602009.88,602009.88,602009.88,2044.1199999999953,0,0
2024|2461|4273|3|0|10|1,132000,132000,0,131998.92,99979.82,99367.84999999999,99367.85,1.0799999999871943,32019.100000000006,611.9700000000157
2024|2461|4273|3|0|10|7,57009,32015,0,30975,30975,30975,30975,1040,0,0
2024|2461|4273|3|0|60|1,60000,60000,0,38807.19,14098.32,14098.32,14098.32,21192.809999999998,24708.870000000003,0
2024|2461|4273|4|0|10|1,20790,20790,0,20790,20723.620000000003,15333.62,15333.62,0,66.37999999999738,5390.000000000002
2024|2461|4528|1|1|10|1,248600,19460,0,19459.7,19459.7,19459.7,19459.7,0.2999999999992724,0,0
2024|2461|4528|3|1|10|7,52716,21792,0,9525,9525,9525,9525,12267,0,0
2024|2461|4528|3|1|32|1,2074377,1963142,0,1630567.0899999999,1325282.1799999997,1246679.35,1232806.7200000002,332574.91000000015,305284.91000000015,78602.82999999961
2024|2461|4528|4|1|32|1,0,111235,0,111235,111235,0,0,0,0,111235
2024|2461|7004|1|0|10|9,1000,1000,0,0,0,0,0,1000,0,0
2024|2461|2500|1|0|10|1,642430,1113260,0,1074500.9000000001,1074500.9000000001,1074500.9000000001,1074500.9,38759.09999999986,0,0
2024|2461|2500|3|0|10|1,146200,146200,0,142512.87,115085.29999999997,115085.3,115085.29999999999,3687.1300000000047,27427.57000000002,-2.9103830456733704e-11
2024|2461|2500|3|0|10|7,152064,182769,0,160959,160959,160959,160959,21810,0,0
2024|3041|4235|1|0|67|1,41483576,41483576,0,41483576,41449683.57,41449683.57,41449683.57,0,33892.4299999997,0
2024|3041|4235|1|0|60|1,15174263,15174263,0,15174263,13573359.04,13573359.04,13573359.04,0,1600903.960000001,0
2024|3041|4235|1|0|60|9,0,2439317,0,2439317,0,0,0,0,2439317,0
2024|3041|4235|1|0|10|1,204080322,227087285,0,227087285,223954067.23,223954067.23,223954067.23,0,3133217.7700000107,0
2024|3041|4235|3|0|10|1,0,335792.51,0,335792.51,335792.51,335792.51,335792.51,0,0,0
2024|3041|4235|3|0|60|1,14473707,22923707,0,22923707,22407178.429999996,22407178.429999996,22407178.429999996,0,516528.570000004,0
2024|3041|4235|3|0|60|3,37979,48464.3,0,0,48464.3,48464.3,48464.3,48464.3,-48464.3,0
2024|3041|4235|3|0|2|1,615962,615962,0,0,0,0,0,615962,0,0
2024|3041|4235|3|0|24|1,763636,1515913.73,0,0,312400.04,312400.04,312400.04,1515913.73,-312400.04,0
2024|3041|4235|3|0|1|1,2067250,2067250,0,0,0,0,0,2067250,0,0
2024|3041|4235|3|0|67|1,46232504,55282504,0,9050000,53499775.36,53499775.36,53499775.36,46232504,-44449775.36,0
2024|3041|4235|4|0|10|1,0,312900,0,312900,312900,312900,312900,0,0,0
2024|3041|4235|4|0|60|1,18907280,18907280,0,18907280,18906982,18906982,18906982,0,298,0
2024|3041|4235|4|0|10|8,1200000,100000,0,100000,73100,73100,73100,0,26900,0
2024|3041|4235|4|0|60|3,13500,28810,0,0,28810,28810,28810,28810,-28810,0
2024|3041|4235|4|0|1|1,1810858,1810858,0,0,0,0,0,1810858,0,0
2024|3041|4235|4|0|24|1,1207850,1924100,0,0,0,0,0,1924100,0,0
2024|3041|4235|4|0|97|1,0,2220840,0,220840,0,0,0,2000000,220840,0
2024|3041|1034|3|0|67|1,7500,7500,0,0,0,0,0,7500,0,0
2024|3041|1034|4|0|60|1,7500,7500,0,7500,0,0,0,0,7500,0
2024|3041|4236|3|0|15|1,0,170282.3,0,170282.3,59116.8,59116.8,59116.8,0,111165.49999999999,0
2024|3041|4236|3|0|10|8,2933000,2372162.37,0,2372162.37,2127716.5,2127716.5,2127716.5,0,244445.8700000001,0
2024|3041|4236|3|0|67|1,7500,7500,0,0,0,0,0,7500,0,0
2024|3041|4236|4|0|60|1,7500,7500,0,7500,0,0,0,0,7500,0
2024|3041|4236|4|0|15|1,0,546153,0,546153,168100,168100,168100,0,378053,0
2024|3041|4236|4|0|10|8,5284834,1826807,0,1816000,865260,865260,865260,10807,950740,0
2024|3041|1044|3|0|67|1,624500,624500,0,0,487555.54,487555.54,487555.54,624500,-487555.54,0
2024|3041|1045|3|0|71|1,0,360000,0,360000,360000,360000,360000,0,0,0
2024|3041|1045|3|0|67|1,15000,15000,0,0,0,0,0,15000,0,0
2024|3041|7004|1|0|60|9,641673,18781496,0,18781496,18138823,18138823,18138823,0,642673,0
2024|3041|2500|1|0|67|1,234710,234710,0,234710,231707.95,231707.95,231707.95,0,3002.0499999999884,0
2024|3041|2500|1|0|10|1,1154667,1154667,0,1154667,1150716.77,1150716.77,1150716.77,0,3950.2299999999814,0
2024|3041|2500|1|0|60|1,86598,86598,0,86598,73405.39,73405.39,73405.39,0,13192.61,0
2024|3041|2500|3|0|67|1,1396710,1396710,0,0,1396629.2600000002,1396629.2600000002,1396629.2600000002,1396710,-1396629.2600000002,0
2024|3051|4370|3|0|10|1,40000,40000,0,40000,0,0,0,0,40000,0
2024|3051|4371|3|0|10|1,10000,10000,0,10000,0,0,0,0,10000,0
2024|3051|4016|1|0|10|1,12500000,13700000,0,13699999.67,13412588.810000002,13412588.810000002,13412588.810000002,0.3300000000745058,287410.85999999754,0
2024|3051|4016|3|0|60|1,100000,100000,0,100000,25199.44,25199.44,25199.44,0,74800.56,0
2024|3051|4016|3|0|10|1,3900000,5300000,0,5300000,5053938.32,5053938.32,5053938.32,0,246061.6799999997,0
2024|3051|4016|4|0|10|1,13000000,7600000,0,7600000,7246277.930000001,7246277.930000001,7246277.930000001,0,353722.06999999937,0
2024|3051|4023|1|0|10|1,2165861,2165861,0,2165861,1952122.6600000004,1952122.6600000004,1952122.6600000004,0,213738.33999999962,0
2024|3051|4023|3|0|60|1,250000,250000,0,250000,152604.52,152604.52,152604.52,0,97395.48000000001,0
2024|3051|4020|1|0|10|1,1540844,1540844,0,1540844,1388784.5999999996,1388784.5999999996,1388784.5999999996,0,152059.40000000037,0
2024|3051|4020|3|0|60|1,650000,650000,0,650000,521736.11,521736.11,521736.11,0,128263.89000000001,0
2024|3051|4021|1|0|10|1,2027583,2027583,0,2027583,1827490.95,1827490.95,1827490.95,0,200092.05000000005,0
2024|3051|4021|3|0|60|1,650000,730000,0,730000,657004.0299999999,657004.0299999999,657004.0299999999,0,72995.97000000009,0
2024|3051|4022|1|0|10|1,2258365,2258365,0,2258365,2035497.33,2035497.33,2035497.33,0,222867.66999999993,0
2024|3051|4022|3|0|60|1,1100000,1100000,0,1100000,1018911.83,1018911.83,1018911.83,0,81088.17000000004,0
2024|3051|4019|1|0|10|1,6095279,6095279,0,6095279,5493764.91,5493764.91,5493764.91,0,601514.0899999999,0
2024|3051|4019|3|0|60|1,3800000,3670000,0,3670000,1361928.3299999998,1361928.3299999998,1361928.3299999998,0,2308071.67,0
2024|3051|4018|1|0|10|1,58505335,57305335,0,57305334.83,50478433.89999999,50478433.89999999,50478433.89999999,0.17000000178813934,6826900.930000007,0
2024|3051|4018|3|0|10|8,190000,0,0,0,0,0,0,0,0,0
2024|3051|4018|3|0|10|3,0,82905,0,82905,0,0,0,0,82905,0
2024|3051|4018|3|0|10|1,6950000,8950000,0,8950000,6753804.45,6753804.45,6753804.45,0,2196195.55,0
2024|3051|4018|3|0|60|1,5800295,8487464.8,0,8487464.8,5362333.23,5362333.23,5362333.23,0,3125131.5700000003,0
2024|3051|4018|3|0|60|3,0,75757.77,0,0,46044.89,46044.89,46044.89,75757.77,-46044.89,0
2024|3051|4018|3|0|1|1,0,187366.64,0,0,175861.06000000003,175861.06000000003,175861.06000000003,187366.64,-175861.06000000003,0
2024|3051|4018|3|0|70|1,94596,187500,0,0,143396.06,143396.06,143396.06,187500,-143396.06,0
2024|3051|4018|3|0|59|1,0,397677.42,0,0,53005.05,53005.05,53005.05,397677.42,-53005.05,0
2024|3051|4018|3|0|24|1,1978219,1978219,0,0,1259954.5299999998,1259954.5299999998,1259954.5299999998,1978219,-1259954.5299999998,0
2024|3051|4018|4|0|97|1,0,33540.44,0,33540.44,33540.44,33540.44,33540.44,0,0,0
2024|3051|4018|4|0|10|8,0,340000,0,340000,340000,340000,340000,0,0,0
2024|3051|4018|4|0|10|3,0,8200,0,8200,0,0,0,0,8200,0
2024|3051|4018|4|0|15|1,0,1215000,0,1215000,660000,660000,660000,0,555000,0
2024|3051|4018|4|0|60|1,500000,6097926.21,0,6097926.21,3371554.5699999994,3371554.5699999994,3371554.5699999994,0,2726371.6400000006,0
2024|3051|4018|4|0|70|1,15404,39420,0,0,16080,16080,16080,39420,-16080,0
2024|3051|4018|4|0|59|1,0,66704.26,0,0,5400,5400,5400,66704.26,-5400,0
2024|3051|4018|4|0|47|1,0,187364.34,0,0,187364.34,187364.34,187364.34,187364.34,-187364.34,0
2024|3051|4018|4|0|1|1,594100,594100,0,0,0,0,0,594100,0,0
2024|3051|4018|4|0|24|1,2483200,2483200,0,0,15251.779999999999,15251.779999999999,15251.779999999999,2483200,-15251.779999999999,0
2024|3051|7004|1|0|10|9,1000,341000,0,341000,339779.72,339779.72,339779.72,0,1220.280000000028,0
2024|3051|7004|3|0|10|9,0,4000,0,4000,3223.53,3223.53,3223.53,0,776.4699999999998,0
2024|3051|2500|1|0|10|1,21312972,21312972,0,21312972,19209695.959999997,19209695.959999997,19209695.959999997,0,2103276.040000003,0
2024|3051|2500|3|0|60|1,4300000,4350000,0,4350000,4245615.43,4245615.43,4245615.43,0,104384.5700000003,0
2024|3051|2500|3|0|10|1,1000000,1000000,0,1000000,846849.17,846849.17,846849.17,0,153150.82999999996,0
2024|3151|4333|3|0|10|1,429232,197231.08,0,197231.08,72494.23000000001,72494.23000000001,72494.23000000001,0,124736.84999999998,0
2024|3151|4295|1|0|10|1,254749,254749,0,254749,163884.62000000002,163884.62000000002,163884.62000000002,0,90864.37999999998,0
2024|3151|4295|3|0|10|1,690000,690000,0,690000,690000,690000,690000,0,0,0
2024|3151|4296|3|0|10|1,143448,143448,0,143448,143448,143448,143448,0,-2.9103830456733704e-11,0
2024|3151|4294|1|0|10|1,254749,304749,0,304749,245826.91,245826.91,245826.91,0,58922.09,0
2024|3151|4294|3|0|60|1,842,2842,0,2150,955.06,955.06,955.06,692,1194.94,0
2024|3151|4294|3|0|10|1,1016801,434101,0,0,345925.58999999997,345925.58999999997,345925.58999999997,434101,-345925.58999999997,0
2024|3151|4294|4|0|10|1,2580,2580,0,0,0,0,0,2580,0,0
2024|3151|4297|3|0|60|1,492000,0,0,0,0,0,0,0,0,0
2024|3151|4297|3|0|10|1,3004392,2418339,0,2417940,2418339,2418339,2418339,399,-399,0
2024|3151|4315|1|0|10|1,4569155,4169155,0,4169154.67,3381898.16,3381898.16,3381898.16,0.3300000000745058,787256.5099999998,0
2024|3151|4315|3|0|60|1,523145,663145,0,663145,598414.4,598414.4,598414.4,0,64730.59999999998,0
2024|3151|4315|3|0|10|1,2704735,2516159,0,2516159,1716567.8800000004,1716567.8800000004,1716567.8800000004,0,799591.1199999996,0
2024|3151|4315|4|0|10|1,693,693,0,46.2,0,0,0,646.8,46.2,0
2024|3151|2052|3|0|10|1,4717225,5467225,0,5467225,5460149.61,5460149.61,5460149.61,0,7075.389999999665,0
2024|3151|4316|1|0|10|1,6364434,6364434,0,6364434,5448106.56,5448106.56,5448106.56,0,916327.4400000004,0
2024|3151|4316|3|0|60|1,12212,14612,0,12400,13689.22,13689.22,13689.22,2212,-1289.2199999999993,0
2024|3151|4316|3|0|10|1,3048716,2554465,0,2262465,2157136.79,2157136.79,2157136.79,292000,105328.20999999996,0
2024|3151|4316|4|0|10|1,46536,46536,0,15000,7604,7604,7604,31536,7396,0
2024|3151|7004|3|0|10|9,2000000,2000000,0,1767535.74,1559885.01,1559885.01,1559885.01,232464.26,207650.72999999998,0
2024|3151|2500|1|0|10|1,2715717,3065717,0,3065717,3063615.9000000004,3063615.9000000004,3063615.9000000004,0,2101.0999999996275,0
2024|3151|2500|3|0|10|1,2368230,2017760,0,2017760,2016564.1599999997,2016564.1599999997,2016564.1599999997,0,1195.8400000003166,0
2024|3151|2500|3|0|60|1,71801,69801,0,69800.97,44676.20999999999,44676.20999999999,44676.20999999999,0.029999999998835847,25124.76000000001,0
2024|3151|2500|4|0|10|1,98493,93533,0,26264.8,50080.08,50080.08,50080.08,67268.2,-23815.280000000002,0
2024|4031|2109|3|0|77|1,4900000,4900000,0,0,4421386.450000001,4238658.8900000015,4237538.399999999,4900000,-4421386.450000001,182727.5599999996
2024|4031|2055|3|0|60|1,56790134,56790134,0,0,56790134,56790134,56790134,56790134,-56790134,0
2024|4031|2055|3|0|60|7,101530133,101530133,0,0,101530133,101530133,101530133,101530133,-101530133,0
2024|4031|2025|3|0|77|1,188111818,188111818,0,0,107662782.97000001,91222833.69,91222833.69000001,188111818,-107662782.97000001,16439949.280000016
2024|4031|2025|4|0|77|1,117852912,117852912,0,0,85230694.55999999,46159128.39,46159128.39,117852912,-85230694.55999999,39071566.16999999
2024|4031|2091|3|0|77|1,97934972,97934972,0,0,97602883.24999997,88787094.60000001,87251660.42000005,97934972,-97602883.24999997,8815788.649999961
2024|4031|2091|4|0|60|8,82605803,82605803,0,0,64092259.79,43823344,43823344,82605803,-64092259.79,20268915.79
2024|4031|2091|4|0|60|1,113000000,113000000,0,0,111149278.31,94843236.52000001,94843236.52000001,113000000,-111149278.31,16306041.789999992
2024|4031|2091|4|0|77|1,258266678,258266678,0,0,247721325.69,222666698.45,222666698.44999996,258266678,-247721325.69,25054627.24000001
2024|4031|4395|3|0|24|1,45434,45434,0,0,25005.99,25005.989999999998,25005.99,45434,-25005.99,3.637978807091713e-12
2024|4031|4395|3|0|60|2,120000,120000,0,0,87190.16,84105.62000000001,84105.62,120000,-87190.16,3084.5399999999936
2024|4031|4395|3|0|70|1,664363,664363,0,0,604955.01,562567.62,562567.62,664363,-604955.01,42387.390000000014
2024|4031|4395|3|0|61|1,55687869,55687869,0,0,52152529.28000001,48646156.1,48646156.1,55687869,-52152529.28000001,3506373.180000007
2024|4031|4395|3|0|77|1,1048415292,1048415292,0,0,1009747220.7300014,910619788.2100039,910120022.6099977,1048415292,-1009747220.7300014,99127432.5199976
2024|4031|4395|3|0|60|1,1060712021,1054884620.9499999,0,0,312785452.67,234573405.37,234161129.81999993,1054884620.9499999,-312785452.67,78212047.30000001
2024|4031|4395|4|0|47|1,3680070,3680070,0,0,0,0,0,3680070,0,0
2024|4031|4395|4|0|77|1,24904616,24904616,0,0,22514899.31,11202807.77,11202807.77,24904616,-22514899.31,11312091.54
2024|4031|4395|4|0|60|1,97000000,65413391,0,0,582766.33,578966.33,578966.33,65413391,-582766.33,3800
2024|4091|4411|3|0|45|1,5000000,9644201.030000001,0,5000000,4781856.890000001,1781856.8900000001,1781856.8900000001,4644201.030000001,218143.1099999994,3000000
2024|4101|4427|3|0|60|1,1000,1000,0,0,0,0,0,1000,0,0
2024|4101|2075|3|0|60|1,1390000,1390000,0,1390000,881921.21,862857.4400000001,843690.85,0,508078.79000000004,19063.769999999902
2024|4101|2075|5|0|60|1,16823595,16823595,0,16823595,16753292.49,16753292.489999998,15341321.43,0,70302.50999999978,1.862645149230957e-09
2024|4111|4043|5|0|60|1,1000,1000,0,0,0,0,0,1000,0,0
2024|4111|4041|5|0|60|1,1000,1000,0,0,0,0,0,1000,0,0
2024|4111|4042|5|0|60|1,1000,1000,0,0,0,0,0,1000,0,0
2024|4121|4539|3|0|60|1,1000,1000,0,0,0,0,0,1000,0,0
2024|4121|4084|5|0|60|1,16999000,16999000,0,0,9244101.68,8478581.68,8478581.68,16999000,-9244101.68,765520
2024|4141|1046|3|0|10|3,0,1020.21,0,1020.21,0,0,0,0,1020.21,0
2024|4141|1046|3|0|57|1,2009124,3804628.23,0,3195794.91,1001470,0,0,608833.3199999998,2194324.91,1001470
2024|4141|1046|3|0|39|1,4023037,2823037,0,1715448.1800000002,1699977.5,0,0,1107588.8199999998,15470.680000000168,1699977.5
2024|4141|1046|4|0|57|1,5439688,38108274.02,0,38108274.01,28641410.61,22248053.57,22248053.569999997,0.01000000536441803,9466863.399999999,6393357.039999999
2024|4141|1046|4|0|39|1,0,1200000,0,684970.15,679908.79,664970.15,157955.85,515029.85,5061.359999999986,14938.640000000014
2024|4151|4497|3|0|10|1,1000,1000,0,0,0,0,0,1000,0,0
2024|4171|4401|3|1|60|1,1000,1000,0,0,0,0,0,1000,0,0
2024|4171|4402|3|1|60|1,1000,1000,0,0,0,0,0,1000,0,0
2024|4251|2074|3|0|71|1,0,23960,0,14460,14210,14210,14210,9500,250,0
2024|4251|2074|4|0|10|8,0,504944.48,0,504944.48,504944.48,504944.48,504944.48,0,0,0
2024|4251|2074|4|0|6|1,200000,200000,0,0,0,0,0,200000,0,0
2024|4251|2074|4|0|5|1,200000,536330.99,0,336330.99,280123,280123,280123,200000,56207.98999999999,0
2024|4251|4435|3|0|56|1,48319,720330.79,0,720199.1699999999,208974.7,194486.89999999997,194486.90000000002,131.62000000011176,511224.4699999999,14487.800000000047
2024|4251|4435|3|0|71|1,0,2622002.06,0,1311001.03,1105439.7999999998,801689.5900000001,801689.59,1311001.03,205561.2300000002,303750.20999999973
2024|4251|4434|3|0|71|1,0,497008.77,0,450608.76999999996,384858.4,373117.12,371734.98000000004,46400.00000000006,65750.36999999994,11741.280000000028
2024|4251|4434|3|0|10|1,57244,57244,0,0,0,0,0,57244,0,0
2024|4251|4434|3|0|56|1,754672,870738.03,0,531873.2400000001,503847.12,454241.61999999994,389728.01999999996,338864.7899999999,28026.12000000011,49605.50000000006
2024|4251|4434|4|0|71|1,0,20114.4,0,20114.4,20114.4,1613.4,1613.4,0,0,18501
2024|4251|4433|3|0|10|1,376115,0,0,0,0,0,0,0,0,0
2024|4251|4433|3|0|56|1,867080,1504789.77,0,1396320.2999999998,1157851.95,931643.02,819838.6300000001,108469.4700000002,238468.34999999986,226208.92999999993
2024|4251|4433|3|0|71|1,0,910011.52,0,435682.32,401183.89,363081,319347.43000000005,474329.2,34498.42999999999,38102.889999999956
2024|4251|4433|4|0|56|1,0,3579.95,0,3579.95,3579.95,2990,2990,0,0,589.9499999999998
2024|4251|4433|4|0|71|1,0,1397473,0,756193,515379,197394,197394,641280,240814,317985
2024|4251|4433|4|0|10|1,1923840,1282560,0,0,0,0,0,1282560,0,0
2024|4251|4430|3|0|56|1,0,407896.08,0,407896.07999999996,100000,100000,100000,5.820766091346741e-11,307896.07999999996,0
2024|4251|4430|3|0|10|1,12762747,3767329.49,0,0,0,0,0,3767329.49,0,0
2024|4251|4430|3|0|71|1,0,20570492.63,0,10879567.99,10870567.989999998,10864567.989999998,10861567.989999998,9690924.639999999,9000.000000001863,6000
2024|4251|4429|3|0|10|1,5874739,0.39,0,0,0,0,0,0.39,0,0
2024|4251|4429|3|0|56|1,3021311,3431731.69,0,2308915.8300000005,2229087.2299999995,2128513.53,2073635.1900000004,1122815.8599999994,79828.60000000102,100573.69999999972
2024|4251|4429|3|0|71|1,0,13424177.76,0,8065090.149999999,7019870.459999999,6553974.97,6546122.53,5359087.61,1045219.6900000004,465895.4899999993
2024|4251|4429|4|0|71|1,0,104455,0,104455,104455,0,0,0,0,104455
2024|4251|4429|4|0|56|1,0,14220.06,0,14220.06,11712,0,0,0,2508.0599999999995,11712
2024|4251|4025|3|0|10|8,1000,1000,0,0,0,0,0,1000,0,0
2024|4251|4025|4|0|10|1,0,21869609.1,0,21869609.1,21644213.459999993,16894213.46,16021524.259999998,0,225395.64000000805,4749999.999999993
2024|4251|4025|4|0|60|2,0,45289000,0,45289000,23361355.740000002,23361355.740000002,23361355.740000002,0,21927644.259999998,0
2024|4251|4431|3|0|10|1,81725260,5704890.24,0,0,0,0,0,5704890.24,0,0
2024|4251|4431|3|0|71|1,0,150375441.92000002,0,116323249.92,116323249.92000005,115735287.88000003,115735287.87999997,34052192.000000015,-4.470348358154297e-08,587962.0400000215
2024|4251|1096|3|0|71|1,0,1973700,0,1973683.05,1973683.0500000003,1973683.0500000003,1973683.0500000003,16.949999999953434,-2.3283064365386963e-10,0
2024|4251|1096|3|0|10|1,1000,1000,0,0,0,0,0,1000,0,0
2024|4251|1096|4|0|71|1,0,2766200,0,2766186.96,2766186.96,2766186.96,2766186.96,13.040000000037253,0,0
2024|4291|4123|3|0|10|8,15306359,200050.78,0,0,0,0,0,200050.78,0,0
2024|4291|4123|4|0|46|1,0,4161604,0,4161604,4161604,4161604,4161604,0,0,0
2024|4291|4123|4|0|10|1,56992713,105392985.41,0,105392985.41,105392985.41,104243200.40999998,104243200.41,0,0,1149785.000000015
2024|4291|4123|4|0|10|8,10532810,42486757.98,0,41325278.48,41325278.480000004,40898108.480000004,40898108.480000004,1161479.5,-7.450580596923828e-09,427170
2024|4291|1020|3|1|10|1,2828000,1866588.9100000001,0,1865588.9100000001,1759990.78,1467466.97,1467466.9700000002,1000,105598.13000000012,292523.81000000006
2024|4291|1020|4|1|95|1,320000000,405329797.35,0,104206747.31,96620549.86,11752067.58,10680153.64,301123050.04,7586197.450000003,84868482.28
2024|4291|4122|3|0|10|8,1000000,7200000,0,7200000,7200000,7200000,7200000,0,0,0
2024|4291|4122|3|0|10|1,274208778,268602222.08,0,268602222.08,268368395.23999998,268053379.35,268053252.64999998,0,233826.84000000358,315015.8899999857
2024|4291|4121|1|0|10|1,7273578,7865406.84,0,7865405.259999999,7865405.26,7865405.26,7865405.26,1.5800000010058284,-9.313225746154785e-10,0
2024|4291|4121|1|0|57|1,0,30954.85,0,15995.349999999999,15995.349999999999,15995.349999999999,15995.35,14959.5,0,0
2024|4291|4121|3|0|10|4,0,1015000,0,1015000,998700,0,0,0,16300,998700
2024|4291|4121|3|0|92|1,0,3409733.95,0,3409733.95,2023925.75,896382.67,896382.67,0,1385808.2000000002,1127543.08
2024|4291|4121|3|0|10|7,1264714,1051102,0,1040957.2299999999,1040957.23,1040957.23,1040957.2300000001,10144.770000000135,-1.1641532182693481e-10,0
2024|4291|4121|3|0|10|1,2043574469,1956631349.15,0,1956591694.06,1956036583.3400013,1953436568.4300003,1953436568.4300015,39655.09000015259,555110.7199985981,2600014.9100010395
2024|4291|4121|3|0|24|1,326610,326610,0,0,0,0,0,326610,0,0
2024|4291|4121|3|0|63|1,0,1600000,0,700000,700000,700000,700000,900000,0,0
2024|4291|4121|3|0|10|8,84842123,261143533.43,0,259663005.93,259663005.93,259297943.93000004,258747943.93,1480527.5,0,365061.9999999702
2024|4291|4121|3|0|62|1,0,22212133,0,16131596,16131596,15714672,12914672,6080537,0,416924
2024|4291|4121|4|0|93|1,10802,0,0,0,0,0,0,0,0,0
2024|4291|4121|4|0|64|1,74379,74379,0,0,0,0,0,74379,0,0
2024|4291|4121|4|0|65|1,343397,343397,0,0,0,0,0,343397,0,0
2024|4291|4121|4|0|10|8,20567714,1604037,0,0,0,0,0,1604037,0,0
2024|4291|2026|3|0|10|1,1943432,1332123.1099999999,0,1332123.1099999999,1319403.62,1312293.62,1312293.62,0,12719.489999999758,7110
2024|4291|2026|3|0|92|1,0,1000000,0,1000000,152247.88999999998,152247.89,152247.88999999998,0,847752.11,-2.9103830456733704e-11
2024|4291|4458|3|0|10|1,4152827,7580819.67,0,7519132.01,7463454.170000001,6695705.23,6671835.74,61687.66000000015,55677.83999999892,767748.9400000004
2024|4291|4458|4|0|10|1,92127,0,0,0,0,0,0,0,0,0
2024|4291|2027|1|0|57|1,0,89128.69,0,60651.61,60651.60999999999,60651.60999999999,60651.61,28477.08,7.275957614183426e-12,0
2024|4291|2027|1|0|10|1,66047471,63006007,0,62444956.37000002,62444956.370000005,62444956.370000005,62444956.37,561050.6299999803,1.4901161193847656e-08,0
2024|4291|2027|1|0|95|1,1911911,1911911,0,0,0,0,0,1911911,0,0
2024|4291|2027|3|0|10|7,4762112,5720644,0,4807149.459999999,4807149.46,4807149.46,4807149.46,913494.540000001,-9.313225746154785e-10,0
2024|4291|2027|3|0|95|7,1170299,1170299,0,0,0,0,0,1170299,0,0
2024|4291|2023|3|0|92|1,0,8756027.4,0,8756027.4,0,0,0,0,8756027.4,0
2024|4291|2023|3|0|10|1,28320365,5004388.1,0,5004387.77,4989718.08,4056309.3100000005,4054454.31,0.3300000000745058,14669.689999999478,933408.7699999996
2024|4291|2023|4|0|10|1,0,4231233,0,4231232.66,4231232.66,1189414.75,1189414.75,0.3399999998509884,0,3041817.91
2024|4291|2024|1|0|10|1,203558778,196181009.26999998,0,196181008.47,196181008.46999997,196077368.91,196077368.90999997,0.7999999821186066,2.9802322387695312e-08,103639.55999997258
2024|4291|2024|1|0|57|1,0,255691.27,0,153767.05999999997,153767.06000000003,153767.06000000003,153767.06,101924.21000000002,-5.820766091346741e-11,0
2024|4291|2024|3|0|10|7,25302578,24597038.95,0,24597038.35,24597038.349999998,24597038.349999998,24597038.349999998,0.5999999977648258,3.725290298461914e-09,0
2024|4291|2024|3|0|10|1,171499428,133687190.01,0,133637189.00999999,132091982.51000005,124104871.64999998,123953148.53999999,50001.0000000149,1545206.4999999404,7987110.860000074
2024|4291|2024|3|0|92|1,0,3033380,0,7422.549999999999,7422.549999999999,7422.549999999999,7422.55,3025957.45,0,0
2024|4291|2024|4|0|10|1,2510000,3330692.29,0,3330691.7199999997,3183850.77,872292.1599999999,858693.6099999999,0.5700000002980232,146840.94999999972,2311558.6100000003
2024|4291|1022|3|0|10|1,767498,499918.07,0,499918.07,381600.62000000017,334374.41000000003,334374.41000000015,0,118317.44999999984,47226.21000000014
2024|4291|4126|3|0|10|1,99885000,106739223,0,106739223,106544471.7999998,106517656.93,106517656.92999998,0,194751.2000001967,26814.869999796152
2024|4291|4126|3|0|10|8,315000,268000,0,216000,216000,216000,216000,52000,0,0
2024|4291|4126|3|0|92|1,163003,163003,0,0,0,0,0,163003,0,0
2024|4291|4126|4|0|10|8,224828,320266,0,320266,320266,320266,320266,0,0,0
2024|4291|4126|4|0|10|1,1250000,1292955,0,1292955,1292897.74,1292897.7399999998,1292897.7399999998,0,57.26000000000931,2.3283064365386963e-10
2024|4291|4127|3|0|10|1,78000,72000,0,72000,72000,54321,54321,0,0,17679
2024|4291|4127|3|0|10|8,415672924,288979173.49,0,287797618.49,287797618.49,287797618.49,282471844.2,1181555,0,0
2024|4291|4127|4|0|10|1,130000000,30962254.8,0,30962254.799999997,30939670.75,30939670.75,30939670.75,3.725290298461914e-09,22584.04999999702,0
2024|4291|4127|4|0|64|1,475459,475459,0,0,0,0,0,475459,0,0
2024|4291|4127|4|0|65|1,1202416,1202416,0,0,0,0,0,1202416,0,0
2024|4291|4127|4|0|10|8,109161663,17491817.13,0,16000001,16000001,16000001,16000001,1491816.129999999,0,0
2024|4291|4125|1|0|57|1,0,43742.31,0,19207.649999999998,19207.649999999998,19207.649999999998,19207.65,24534.66,0,0
2024|4291|4125|1|0|10|1,7007759,7113147,0,6752894.250000001,6752894.250000001,6752894.250000001,6752894.250000001,360252.74999999907,0,0
2024|4291|4125|3|0|10|8,23806360,0,0,0,0,0,0,0,0,0
2024|4291|4125|3|0|10|1,437167247,437185058.51000005,0,437185058.51,437046943.4800004,436869971.7499998,436862995.0499997,5.960464477539063e-08,138115.02999961376,176971.73000055552
2024|4291|4125|3|0|10|7,1072425,1005526,0,995716.49,995716.49,995716.49,995716.49,9809.51000000001,0,0
2024|4291|4125|3|0|71|1,0,17146136,0,0,0,0,0,17146136,0,0
2024|4291|4132|3|0|10|1,43342500,5230000,0,5230000,5230000,5225653,5225653,-9.313225746154785e-10,9.313225746154785e-10,4347
2024|4291|4130|3|0|10|8,1685000,5825000,0,5825000,5825000,5825000,5825000,0,0,0
2024|4291|4130|3|0|10|1,98473498,108494675.87,0,108494675.87,108409353.43999998,108382842.67,108382842.66999999,0,85322.43000002205,26510.769999980927
2024|4291|4130|3|0|24|1,24034,24034,0,0,0,0,0,24034,0,0
2024|4291|4130|3|0|71|1,0,6000000,0,0,0,0,0,6000000,0,0
2024|4291|4130|4|0|10|8,335000,1890613,0,1890613,1890613,1890613,1890613,0,0,0
2024|4291|4130|4|0|10|1,0,114000,0,110000,110000,110000,110000,4000,0,0
2024|4291|4130|4|0|64|1,37960,37960,0,0,0,0,0,37960,0,0
2024|4291|4129|3|0|62|1,0,376000,0,376000,376000,276000,276000,0,0,100000
2024|4291|4129|3|0|10|8,300000,13642527,0,13642527,13642527,13322527,13162527,0,0,320000
2024|4291|4129|3|0|10|1,61241381,128215221,0,128215041.75000001,128039672.06000002,127474197.06000003,113481536.31000003,179.24999998509884,175369.68999999762,565474.9999999851
2024|4291|4129|3|0|92|1,41222741,41222741,0,23303687.759999998,22919051.310000002,22769044.310000002,22769044.310000002,17919053.240000002,384636.44999999553,150007
2024|4291|4129|4|0|93|1,132729,0,0,0,0,0,0,0,0,0
2024|4291|4129|4|0|10|1,0,533325,0,533325,533324,533324,533324,0,1,0
2024|4291|4129|4|0|10|8,0,6370148,0,6210148,6210148,6210148,6210148,160000,0,0
2024|4291|4131|1|0|57|1,0,24978.78,0,14908.209999999997,14908.21,14908.21,14908.21,10070.570000000002,-1.8189894035458565e-12,0
2024|4291|4131|1|0|10|1,12008856,8014635,0,7995018.170000001,7995018.169999999,7898956.17,7898956.17,19616.829999999143,1.862645149230957e-09,96061.99999999907
2024|4291|4131|3|0|24|1,0,903689.59,0,903689.59,903689.59,903689.59,0,0,0,0
2024|4291|4131|3|0|10|8,7463180,16460716,0,16460716,16460716,16460716,16460716,0,0,0
2024|4291|4131|3|0|10|1,237360021,141303026.92,0,141302763.58,141200222.78000003,141028378.94,141028378.94,263.33999997377396,102540.79999998212,171843.84000003338
2024|4291|4131|3|0|10|7,1513383,1513383,0,976983.42,976983.42,976983.42,976983.42,536399.58,0,0
2024|4291|4131|3|0|63|1,14393834,12814747.54,0,0,0,0,0,12814747.54,0,0
2024|4291|4131|3|0|62|1,31762870,20314208.24,0,5117270,5095237,4795237,4645237,15196938.239999998,22033,300000
2024|4291|4131|3|0|92|1,36456200,42574504.85,0,7818304.85,6118304.85,6118304.85,6118304.85,34756200,1700000,0
2024|4291|4131|4|0|93|1,1460054,0,0,0,0,0,0,0,0,0
2024|4291|4131|4|0|10|1,0,78261906.07000001,0,78261906.07000001,78261906.07,78261906.07,77625256.07,0,1.4901161193847656e-08,0
2024|4291|4131|4|0|10|8,0,3183232,0,3166792,3166792,3166792,3166792,16440,0,0
2024|4291|4131|4|0|1|1,65894,65894,0,0,0,0,0,65894,0,0
2024|4291|4131|4|0|65|1,343227,343227,0,0,0,0,0,343227,0,0
2024|4291|4131|4|0|64|1,3775795,3737115.4,0,0,0,0,0,3737115.4,0,0
2024|4291|4134|1|0|57|1,0,9452.81,0,2705.7200000000003,2705.7200000000003,2705.7200000000003,2705.72,6747.089999999999,0,0
2024|4291|4134|1|0|10|1,0,13957733,0,13746755.87,13746755.870000001,13606836.76,13606836.759999998,210977.13000000082,-1.862645149230957e-09,139919.11000000127
2024|4291|4134|3|0|10|1,16749342,105841398.34,0,105841398.33999999,105678489.04999998,51335101.42000001,50817461.02,1.4901161193847656e-08,162909.29000000656,54343387.62999997
2024|4291|4134|3|0|10|7,0,1072201,0,1072200.5699999998,1072200.57,1072200.57,1072200.5699999998,0.43000000016763806,-2.3283064365386963e-10,0
2024|4291|4134|4|0|10|1,46100000,3527040,0,3527040,3527040,2224440,2224440,0,0,1302600
2024|4291|4137|1|0|57|1,0,7547.85,0,2206.59,2206.59,2206.59,2206.59,5341.26,0,0
2024|4291|4137|1|0|10|1,4924419,3121023,0,3109753.3099999996,3109753.31,3109753.31,3109753.3100000005,11269.69000000041,-4.656612873077393e-10,0
2024|4291|4137|3|0|10|1,63555664,307975070.08,0,307975070.08,307683664.15000004,306959659.85999995,305910895.87,0,291405.92999994755,724004.2900000811
2024|4291|4137|3|0|63|1,6429,6429,0,0,0,0,0,6429,0,0
2024|4291|4137|3|0|10|7,800016,474226,0,466852.5,466852.5,466852.5,466852.5,7373.5,0,0
2024|4291|4137|3|0|62|1,544773,544773,0,0,0,0,0,544773,0,0
2024|4291|4137|3|0|92|1,564482228,531778292.06,0,230673302.12,221458086.53999996,221458086.53999996,221419782.76999992,301104989.94,9215215.580000043,0
2024|4291|4137|4|0|93|1,399848,0,0,0,0,0,0,0,0,0
2024|4291|4137|4|0|10|1,5668320,2532634,0,2532634,2532634,628834,628834,0,0,1903800
2024|4291|4135|1|0|10|1,21786718,567774,0,562404.85,562404.8499999999,394025.6499999999,394025.65,5369.150000000023,1.1641532182693481e-10,168379.19999999995
2024|4291|4135|1|0|57|1,0,14232.06,0,4409.63,4409.63,4409.63,4409.63,9822.43,0,0
2024|4291|4135|3|0|10|1,158758336,1123802.73,0,1123802.7299999981,1109194.03,889557.2500000001,889258.2,1.862645149230957e-09,14608.69999999809,219636.7799999999
2024|4291|4135|3|0|10|7,2546638,26693,0,25083,25083,25083,25083,1610,0,0
2024|4291|4135|4|0|10|1,126314000,284061792.90999997,0,284061792.91,284061792,283820476,283820476,-5.960464477539063e-08,0.9100000262260437,241316
2024|4291|4135|4|0|71|1,0,100000000,0,100000000,100000000,100000000,100000000,0,0,0
2024|4291|4135|4|0|10|8,37912674,33093145.5,0,33093061,33093061,32772686,32772686,84.5,0,320375
2024|4291|4136|3|0|63|1,0,3545452.87,0,3545452.87,3545452.87,3545452.87,3545452.87,0,0,0
2024|4291|4136|3|0|93|1,0,4099118.91,0,4099118.91,4099118.9099999997,4099118.9099999997,4099118.9099999997,0,4.656612873077393e-10,0
2024|4291|4136|3|0|62|1,0,7953299.86,0,7953299.86,7953299.859999999,7953299.859999999,7953299.859999999,0,9.313225746154785e-10,0
2024|4291|4136|3|0|64|1,0,491412.38,0,491412.38,491353.44999999995,491353.44999999995,491353.44999999995,0,58.93000000005122,0
2024|4291|4136|3|0|10|1,367090000,268917685.8,0,268917567.36,268912683.79999995,234753502.99,234622710.9,118.43999999761581,4883.560000061989,34159180.80999994
2024|4291|4136|3|0|37|1,0,5208498.03,0,5120749.77,1529591.86,1529591.86,1529591.86,87748.26000000071,3591157.909999999,0
2024|4291|4136|3|0|92|1,101379655,208738919.35,0,185801789.54,181810729.01,170643862.82999998,170643862.83,22937129.810000002,3991060.530000001,11166866.180000007
2024|4291|4136|4|0|10|8,0,351556,0,351556,351556,351556,351556,0,0,0
2024|4291|4136|4|0|95|1,3560000,3560000,0,0,0,0,0,3560000,0,0
2024|4291|4133|1|0|57|1,0,4453.79,0,2411.6200000000003,2411.6200000000003,2411.6200000000003,2411.62,2042.1699999999996,0,0
2024|4291|4133|1|0|10|1,3229204,3935027.02,0,3834838.84,3834838.84,3834838.84,3834838.8400000003,100188.18000000017,0,0
2024|4291|4133|3|0|10|1,507090119,1049464082.47,0,1049464082.47,1041793906.2500002,904014085.86,873408441.24,0,7670176.21999979,137779820.39000022
2024|4291|4133|3|0|10|7,489624,702365.38,0,568776.62,568776.62,568776.62,568776.62,133588.76,0,0
2024|4291|4133|4|0|10|1,1703200,1624085,0,1624085,1624085,1003920.48,1003920.48,0,0,620164.52
2024|4291|4144|3|0|10|1,3605000,1042571.28,0,1039393.2799999998,1039393.2799999999,731233.82,731233.82,3178.000000000233,-1.1641532182693481e-10,308159.45999999996
2024|4291|4144|3|0|92|1,2735910,16735910,0,15209000,0,0,0,1526910,15209000,0
2024|4291|4144|4|0|10|1,275000,425000,0,425000,425000,425000,425000,0,0,0
2024|4291|4146|3|0|10|1,67791621,23731792.48,0,23731792.48,23731792.480000075,23389538.03000007,23389538.030000072,0,-7.450580596923828e-08,342254.4500000067
2024|4291|4146|3|0|92|1,5050000,9071140.9,0,8900590.870000001,4827449.97,4827449.97,4827449.97,170550.02999999933,4073140.9000000013,0
2024|4291|4146|4|0|10|1,20000000,26131794,0,26131794,26131793.400000066,26131793.40000006,26131793.40000006,0,0.5999999344348907,3.725290298461914e-09
2024|4291|4147|1|0|10|1,11448913,9284909,0,9283176.390000002,9283176.39,9268773.969999999,9266506.209999999,1732.6099999975413,1.862645149230957e-09,14402.420000001788
2024|4291|4147|1|0|57|1,0,4205.09,0,2239.34,2239.34,2239.34,2239.3399999999997,1965.75,0,0
2024|4291|4147|3|0|29|1,0,1007.38,0,1007.38,0,0,0,0,1007.38,0
2024|4291|4147|3|0|10|1,3683083,16160264.89,0,16160264.89,15593123.780000003,15369785.15,15241603.239999998,0,567141.1099999975,223338.63000000268
2024|4291|4147|3|0|10|7,1541870,1541870,0,1167114.5,1167114.5,1167114.5,1167114.5,374755.5,0,0
2024|4291|4147|3|0|92|1,13313942,48313942,0,47040527.879999995,7185947.699999998,7140967.3599999985,7139668.35,1273414.1200000048,39854580.18,44980.33999999985
2024|4291|4147|4|0|93|1,11545,0,0,0,0,0,0,0,0,0
2024|4291|4147|4|0|10|1,2504400,21799407.5,0,21799407.5,21799407.5,20876562.499999996,20876562.5,0,0,922845.0000000037
2024|4291|1021|3|0|92|1,0,20481915.74,0,20481915.74,11072190.62,11072190.62,11072190.62,0,9409725.12,0
2024|4291|1021|3|0|10|1,109384244,62177592,0,62177591.06999999,62177591.06999999,62174275.7300001,62174275.73000002,0.9300000071525574,0,3315.3399998918176
2024|4291|1021|4|0|10|1,0,3272000,0,3272000,3272000,3272000,3272000,0,0,0
2024|4291|1021|4|0|10|8,1261250,535125,0,535125,535125,535125,535125,0,0,0
2024|4291|4143|1|0|57|1,0,9014.45,0,4337.34,4337.34,4337.34,4337.34,4677.110000000001,0,0
2024|4291|4143|1|0|10|1,4140938,2957346,0,2940697.2500000005,2940697.25,2940697.25,2940697.25,16648.749999999534,4.656612873077393e-10,0
2024|4291|4143|3|0|10|8,189331,0,0,0,0,0,0,0,0,0
2024|4291|4143|3|0|10|1,63645897,62348060.28,0,62348060.28,62180983.66999999,61522145.17,61515119.300000004,0,167076.6100000143,658838.4999999851
2024|4291|4143|3|0|10|7,450454,249510,0,249509.5,249509.5,249509.5,249509.5,0.5,0,0
2024|4291|4143|3|0|60|1,11380000,21546000,0,13526000,9198000,9198000,9156000,8020000,4328000,0
2024|4291|4143|3|0|92|1,36139372,55299919.07,0,32193927.07,22414487.260000005,16744941.430000003,16699549.67,23105992,9779439.809999995,5669545.830000002
2024|4291|4143|4|0|10|1,0,7863315,0,7863315,7863314.45,7863314.45,7863314.45,0,0.5499999998137355,0
2024|4291|4143|4|0|93|1,199551,2800000,0,2800000,0,0,0,0,2800000,0
2024|4291|4145|1|0|57|1,0,43867.64,0,26593.770000000004,26593.769999999997,26593.769999999997,26593.77,17273.869999999995,7.275957614183426e-12,0
2024|4291|4145|1|0|10|1,11002123,9687839,0,9362601.049999999,9362601.049999997,9362601.049999997,9362601.049999999,325237.9500000011,1.862645149230957e-09,0
2024|4291|4145|3|0|10|1,102514233,175003636.04000002,0,175003635.39,174922660.30999997,171003546.41999996,170980656.21999994,0.6500000357627869,80975.08000001311,3919113.8900000155
2024|4291|4145|3|0|10|7,1602406,1409569,0,1399168,1399168,1399168,1399168,10401,0,0
2024|4291|4145|3|0|92|1,1940400,41800851.99,0,41284839.480000004,39067414.33,36468351.48,35917732.69,516012.5099999979,2217425.150000006,2599062.8500000015
2024|4291|4145|4|0|10|8,543598,1358995,0,1358995,1358995,1358995,1358995,0,0,0
2024|4291|4145|4|0|10|1,315000,4383645,0,4383645,4383645,4371685,4371685,0,0,11960
2024|4291|4149|1|0|57|1,0,3064.79,0,1385.2200000000003,1385.2200000000003,1385.2200000000003,1385.22,1679.5699999999997,0,0
2024|4291|4149|1|0|10|1,6593703,5521034,0,5502892.379999999,5502892.38,5502892.38,5502892.38,18141.620000001043,-9.313225746154785e-10,0
2024|4291|4149|3|0|10|1,103473119,61214198.15,0,61214173.87,61038277.309999995,60409330.33000007,60318187.71000011,24.280000001192093,175896.56000000238,628946.9799999222
2024|4291|4149|3|0|10|7,1080140,1080140,0,959077,959077,959077,959077,121063,0,0
2024|4291|4149|4|0|10|8,0,1650000,0,1650000,1650000,1650000,1650000,0,0,0
2024|4291|4149|4|0|93|1,104930,0,0,0,0,0,0,0,0,0
2024|4291|4149|4|0|10|1,6500000,4555262.54,0,4553322.57,4553322.57,4238026.57,4109720.47,1939.9699999997392,0,315296
2024|4291|4148|3|0|55|1,0,12205495.31,0,12205495.31,0,0,0,0,12205495.31,0
2024|4291|4148|3|0|10|1,211385181,219781332.44,0,219780664.04000002,219775485.5000002,196440966.74999997,189682404.51000002,668.3999999761581,5178.539999812841,23334518.75000024
2024|4291|4148|3|0|92|1,82396592,127973731.42,0,113027499.36,96015586.00999999,71995587.95,66500039.419999994,14946232.060000002,17011913.35000001,24019998.059999987
2024|4291|2137|3|0|10|1,2000,2000,0,0,0,0,0,2000,0,0
2024|4291|2115|3|0|10|1,6147590,19957789.79,0,19957789.79,19936928.51,19936928.51,19936928.51,0,20861.279999997467,0
2024|4291|2110|3|0|10|1,22542963,21836884.97,0,21836884.97,21259473.36,21259473.36,21259473.36,0,577411.6099999994,0
2024|4291|2112|3|0|10|1,210712260,195691923.8,0,195691923.8,187981417.51,187981417.51,187981417.51,0,7710506.290000021,0
2024|4291|2135|3|0|10|1,375588458,386114161.37,0,386114161.36999995,385141110.71999997,385141110.71999997,385141110.72,5.960464477539063e-08,973050.6499999762,0
2024|4291|2136|3|0|10|1,508933086,613773257,0,613773257,608895389.22,608895389.22,608895389.22,0,4877867.779999971,0
2024|4291|2111|3|0|10|1,2063696260,2130267919.98,0,2130267919.98,2125759371.7699997,2125759371.7699997,2125759371.77,0,4508548.210000277,0
2024|4291|2500|1|0|10|1,41000238,59481302.87,0,59355627.96000003,59355627.96,59355627.96,59355627.96000001,125674.90999996662,2.9802322387695312e-08,0
2024|4291|2500|3|0|93|1,0,6818.54,0,6818.54,6818.54,6818.54,6818.54,0,0,0
2024|4291|2500|3|0|92|1,0,18037.84,0,18037.84,18037.84,18037.84,18037.84,0,0,0
2024|4291|2500|3|0|95|1,0,2300,0,2300,2293.85,2293.85,2293.85,0,6.150000000000091,0
2024|4291|2500|3|0|10|7,6448793,7472065.67,0,7472065.07,7472065.069999999,7472065.069999999,7472065.07,0.599999999627471,9.313225746154785e-10,0
2024|4291|2500|3|0|10|1,79413399,67388188.29,0,67384157.61000001,66729742.33999999,59935165.190000005,58397447.57999999,4030.6799999922514,654415.2700000256,6794577.149999984
2024|4291|2500|3|0|60|1,0,371582,0,202474,202474,202474,202474,169108,0,0
2024|4291|2500|3|0|57|1,0,78099291.03,0,75416586.46000001,74422523.52,74422523.52,74422523.52,2682704.569999993,994062.9400000125,0
2024|4291|2500|4|0|93|1,58801,0,0,0,0,0,0,0,0,0
2024|4291|2500|4|0|10|1,1000000,70209128.06,0,70209128.06,70209127.21,69729127.21000001,69569127.21,0,0.8500000089406967,479999.9999999851
2024|4291|2500|4|0|10|8,11527399,41643703,0,41598687,41598687,41598687,39150816,45016,0,0
2024|4321|4436|3|0|10|1,1000,1000,0,0,0,0,0,1000,0,0
2024|4331|4529|3|0|10|1,1000,1000,0,0,0,0,0,1000,0,0
2024|4331|4518|3|0|10|1,168480,168480,0,168480,168388.94,144509.03999999998,144509.04,0,91.05999999999767,23879.900000000023
2024|4331|4518|3|0|59|1,0,50000,0,50000,0,0,0,0,50000,0
2024|4331|4471|3|0|10|1,227308,227308,0,227308,227308,227308,227308,0,0,0
2024|4331|4471|3|0|9|1,797275,0,0,0,0,0,0,0,0,0
2024|4331|4471|3|0|59|1,396788,645863,0,645863,645863,451825,451825,0,0,194038
2024|4341|4258|4|0|31|1,3785070,3785070,0,0,0,0,0,3785070,0,0
2024|4341|4064|3|0|31|1,5984760,31760,0,0,0,0,0,31760,0,0
2024|4341|4151|3|0|31|1,20615374,3114445.98,0,3114445.9799999995,3083021.7100000004,2465669.92,2219281.1,4.656612873077393e-10,31424.269999999087,617351.7900000005
2024|4341|4260|3|0|31|1,280000,280000,0,0,0,0,0,280000,0,0
2024|4341|4260|4|0|31|1,120000,120000,0,0,0,0,0,120000,0,0
2024|4341|4264|4|0|31|1,7500000,7500000,0,0,0,0,0,7500000,0,0
2024|4341|4259|3|0|31|1,7500000,7500000,0,0,0,0,0,7500000,0,0
2024|4341|4259|4|0|31|1,1000000,1000000,0,0,0,0,0,1000000,0,0
2024|4341|4263|3|0|31|1,3801503,2615078.02,0,1351666.7,1332198.4499999997,1040872.71,1040872.71,1263411.32,19468.250000000233,291325.73999999976
2024|4341|2500|3|0|31|1,9000,9000,0,0,0,0,0,9000,0,0
2024|4341|2500|4|0|31|1,91000,91000,0,0,0,0,0,91000,0,0
2024|4381|4211|3|0|83|1,800000,0,0,0,0,0,0,0,0,0
2024|4381|4211|4|0|83|1,4000000,0,0,0,0,0,0,0,0,0
2024|4381|4209|3|0|83|1,1600000,60157.37,0,60157.37000000011,57222,57222,57222,-1.0913936421275139e-10,2935.3700000001118,0
2024|4381|4209|4|0|83|1,0,127503.32,0,127503.32,0,0,0,0,127503.32,0
2024|4381|4210|4|0|54|1,3955905,3955905,0,3955905,3446164.76,1757084.5100000002,1757084.51,0,509740.2400000002,1689080.2499999995
2024|4381|4382|4|0|83|1,7000000,13300000,0,13300000,9786220.39,9201402.36,9201402.36,0,3513779.6099999994,584818.0300000012
2024|4381|4201|4|0|83|1,36000000,26170446.27,0,26170446.27,26170446.27,12941110.360000001,12941110.36,0,0,13229335.909999998
2024|4381|4526|4|0|83|1,72000000,59546810.41,0,59546810.41,58020590,40746265.31,40746265.309999995,0,1526220.4099999964,17274324.689999998
2024|4381|2029|3|0|83|1,31603851,26356886.7,0,26356886.69999999,23595128.16,18156921.74,18156890.480000004,7.450580596923828e-09,2761758.5399999917,5438206.420000002
2024|4381|2029|4|0|83|1,2000000,14500,0,14500,14500,14500,14500,0,0,0
2024|4421|4179|3|0|39|1,854555,1808012.64,0,1808012.6400000001,190000,170895.13,170000,-2.3283064365386963e-10,1618012.6400000001,19104.869999999995
2024|4421|4179|4|0|39|1,2500000,1546542.36,0,1488076.89,300000,300000,300000,58465.470000000205,1188076.89,0
2024|4441|1009|3|0|60|1,39600000,69600000,0,0,15901183.389999997,10064277.359999998,10020642.45,69600000,-15901183.389999997,5836906.029999999
2024|4441|1009|4|0|47|1,100000,100000,0,0,0,0,0,100000,0,0
2024|4441|1009|4|0|60|1,26300000,56300000,0,0,5853379.96,2483584.19,2483584.19,56300000,-5853379.96,3369795.77
2024|4451|4256|3|0|60|1,28200000,58200000,0,0,9007799.579999998,6956557.81,6953551.679999992,58200000,-9007799.579999998,2051241.7699999986
2024|4451|4256|4|0|47|1,100000,100000,0,0,0,0,0,100000,0,0
2024|4451|4256|4|0|60|1,18700000,48700000,0,0,5304760.850000001,1986565.8699999999,1986565.87,48700000,-5304760.850000001,3318194.9800000004
2024|4491|4360|3|1|59|1,17962294,5252294,0,5252294,5173333.280000001,5153333.280000001,5153333.280000001,0,78960.71999999881,20000
2024|4491|4360|4|1|59|1,4490573,573,0,0,0,0,0,573,0,0
2024|4541|4349|3|0|60|1,437158,437158,0,437157.99,391438.19999999995,305805.63999999996,305805.64,0.010000000009313226,45719.79000000004,85632.56
2024|4551|4404|3|0|60|1,71162817,77828278.88,0,77828278.88,77779502.64,77161334.67,77161334.67,0,48776.239999994636,618167.9699999988
2024|4551|4404|3|0|10|1,0,160972124.08,0,160972124.07999998,160791742.95000002,160789905.66,160789905.66,2.9802322387695312e-08,180381.12999996543,1837.2900000214577
2024|4551|7004|3|0|60|9,1000,2000000,0,2000000,866931.4800000002,666931.4800000001,666931.4800000001,0,1133068.5199999998,200000.00000000012
2024|4601|4180|3|0|45|1,4925964,9418972,0,5240964,5060964,1670773.97,1670773.97,4178008,180000,3390190.0300000003
2024|4611|2056|3|0|60|1,420000,420000,0,0,0,0,0,420000,0,0
2024|4611|2056|4|0|60|1,3000000,3000000,0,0,0,0,0,3000000,0,0
2024|4621|4444|5|0|60|1,2000,2000,0,0,0,0,0,2000,0,0
2024|4631|4224|5|0|10|1,1000,1000,0,333.33,0,0,0,666.6700000000001,333.33,0
2024|4631|4334|5|0|10|1,1000,1000,0,333.33,0,0,0,666.6700000000001,333.33,0
2024|4631|4225|5|0|10|1,1000,1000,0,333.33,0,0,0,666.6700000000001,333.33,0
2024|4631|4221|5|0|60|2,1000,1000,0,333.33,0,0,0,666.6700000000001,333.33,0
2024|4631|4226|5|0|10|1,1000,1000,0,333.33,0,0,0,666.6700000000001,333.33,0
2024|4631|4227|5|0|10|1,1000,1000,0,333.33,0,0,0,666.6700000000001,333.33,0
2024|4631|4213|3|0|10|1,6715428,0,0,0,0,0,0,0,0,0
2024|4631|4213|3|0|59|2,0,6815428,0,6815428,6807428,5052357.14,5052357.14,0,8000,1755070.8600000003
2024|4631|4219|3|0|10|1,19057120,18924703.77,0,18924703.77,18848702.889999997,16924558.700000003,16924558.7,0,76000.88000000268,1924144.189999994
2024|4631|4216|5|0|10|1,69825807,54691078.13,0,25410000,25410000,18369892.38,18369892.38,29281078.130000003,0,7040107.620000001
2024|4631|4217|3|0|10|1,34287897,52500138.23,0,52500138.23,52500138.22,47053811.629999995,47053811.629999995,0,0.009999997913837433,5446326.590000004
2024|4631|4218|3|0|10|1,50678065,54860040,0,54860040,54848907.97999999,48604353.60999999,48604353.61,0,11132.020000010729,6244554.369999997
2024|4631|4214|5|0|10|1,97245645,97245645,0,97245645,97245645,56253281,56253281,0,0,40992364
2024|4631|4220|5|0|95|1,825000000,825000000,0,15000000,15000000,8246288.68,8246288.68,810000000,0,6753711.32
2024|4631|4223|5|0|60|2,141091118,141091118,0,141091118,47030372.67,19689400.009999998,19689400.01,0,94060745.33,27340972.660000004
2024|4631|4223|5|0|10|1,51683809,51683809,0,36234874.74,36234874.74,36234874.74,36234874.74,15448934.259999998,0,0
2024|4631|4215|3|0|10|1,75354972,71500021,0,71500021,71410781.83,64278608.28000001,64278608.279999994,0,89239.17000000179,7132173.54999999
2024|4631|4215|5|0|10|1,82192533,78920412.87,0,78920412.87,72602350.1,59288620.06,59288620.059999995,0,6318062.770000011,13313730.039999992
2024|4641|4432|3|0|10|1,1000,1000,0,0,0,0,0,1000,0,0
2024|4651|4502|3|0|10|1,1000,1000,0,0,0,0,0,1000,0,0
2024|4651|7038|3|0|10|1,1000,1000,0,0,0,0,0,1000,0,0
2024|4661|4541|3|0|60|1,1000,1000,0,0,0,0,0,1000,0,0
2024|4671|4549|3|0|10|1,1000,1000,0,0,0,0,0,1000,0,0
2024|4691|2071|3|0|57|1,13361530,27191235.21,0,22856225.669999998,14192403.799999999,3809474.28,3297816.3500000006,4335009.540000003,8663821.87,10382929.52
2024|4691|2071|4|0|57|1,25936146,49122086.92,0,39230087.82,35197236.410000004,12091690.29,10517339.920000002,9891999.100000001,4032851.4099999964,23105546.120000005
2024|4701|4152|3|0|10|3,0,82042.96,0,1666,0,0,0,80376.96,1666,0
2024|4701|4152|3|0|57|1,2401290,2901290,0,500000,430176.5999999999,109417.51,109417.50999999998,2401290,69823.40000000008,320759.0899999999
2024|4701|4159|3|1|60|1,166442,332883.39,0,166441.39,0,0,0,166442,166441.39,0
2024|4701|4159|3|1|10|3,0,1624397.4,0,812198.7,812198.7,812198.7,812198.7,812198.7,0,0
2024|4701|4159|3|1|57|1,6295828,6295828,0,0,0,0,0,6295828,0,0
2024|4711|7009|1|0|10|1,1000,1000,0,0,0,0,0,1000,0,0
2024|4711|7015|1|0|10|1,1000,1000,0,0,0,0,0,1000,0,0
2024|4711|7027|1|0|10|1,1000,1000,0,0,0,0,0,1000,0,0
2024|4711|7034|1|0|10|1,1000,1000,0,0,0,0,0,1000,0,0
2024|4711|7031|1|0|10|1,1000,1000,0,0,0,0,0,1000,0,0
2024|4711|7105|1|0|10|1,1000,1000,0,0,0,0,0,1000,0,0
2024|4711|7028|1|0|10|1,1000,1000,0,0,0,0,0,1000,0,0
2024|4711|7033|1|0|10|1,1000,1000,0,0,0,0,0,1000,0,0
2024|4711|7039|1|0|10|1,1000,1000,0,0,0,0,0,1000,0,0
2024|4711|7032|1|0|10|1,1000,1000,0,0,0,0,0,1000,0,0
2024|4711|7011|1|0|10|1,1000,1000,0,0,0,0,0,1000,0,0
2024|4711|7065|1|0|10|1,1000,1000,0,0,0,0,0,1000,0,0
2024|4711|7005|1|0|10|1,1000,1000,0,0,0,0,0,1000,0,0
2024|4711|7040|1|0|10|1,1000,1000,0,0,0,0,0,1000,0,0
2024|4711|7094|1|0|10|1,107818,107963,0,99829.40999999999,99829.40999999999,99829.40999999999,99829.40999999999,8133.590000000011,0,0
2024|4711|7055|1|0|10|1,116265,134555,0,132762.93,132762.93,132762.93,132762.93,1792.070000000007,0,0
2024|4711|7063|1|0|10|1,1453934,1453934,0,1089818,1089818,1089818,1089818,364116,0,0
2024|4711|7586|1|0|10|1,1144696,1206125,0,1163861.76,1163861.76,1163861.76,1163861.76,42263.23999999999,0,0
2024|4711|7022|1|0|43|1,601372,688266,0,688265.22,688265.22,688265.22,688265.22,0.7800000000279397,0,0
2024|4711|7022|1|0|60|2,11485,13291,0,13029.300000000003,13029.300000000001,13029.300000000001,13029.3,261.6999999999971,1.8189894035458565e-12,0
2024|4711|7022|1|0|42|1,543841,507160,0,414354.00999999995,414354.01,414354.01,414354.01,92805.99000000005,-5.820766091346741e-11,0
2024|4711|7012|1|0|10|1,1149689,1239614,0,1200966.25,1200966.25,1200966.25,1200966.25,38647.75,0,0
2024|4711|7089|1|0|10|1,1962313,2082418,0,2018326.25,2018326.2500000002,2018326.2500000002,2018326.25,64091.75,-2.3283064365386963e-10,0
2024|4711|7044|1|0|10|1,1721585,2198923,0,2127688.7899999996,2127688.7899999996,2127688.7899999996,2127688.79,71234.21000000043,0,0
2024|4711|7617|1|0|43|1,132639,114440,0,114439.73999999999,114439.74,114439.74,114439.74,0.2600000000093132,-1.4551915228366852e-11,0
2024|4711|7617|1|0|42|1,312226,314233,0,314232.04000000004,314232.04000000004,314232.04000000004,314232.04,0.9599999999627471,0,0
2024|4711|7617|1|0|60|2,1851070,1851070,0,1788983.04,1788983.04,1788983.04,1788983.04,62086.95999999996,0,0
2024|4711|7939|1|0|10|1,2470955,2508209,0,2391335.8599999994,2391335.86,2391335.86,2391335.8600000003,116873.1400000006,-4.656612873077393e-10,0
2024|4711|7840|1|0|42|1,1487061,1780222,0,1780221.97,1780221.9699999997,1780221.9699999997,1780221.97,0.030000000027939677,2.3283064365386963e-10,0
2024|4711|7840|1|0|43|1,597150,586407,0,586406.4700000001,586406.47,586406.47,586406.47,0.5299999999115244,1.1641532182693481e-10,0
2024|4711|7840|1|0|60|2,1043510,1043402,0,699769.51,699769.5099999999,699769.5099999999,699769.51,343632.49,1.1641532182693481e-10,0
2024|4711|7091|1|0|10|1,2858264,3289435,0,3195975.0700000008,3195975.0700000008,3195975.0700000008,3195975.07,93459.92999999924,0,0
2024|4711|7484|1|0|10|1,3569604,3703291,0,3669767.1899999995,3669767.19,3669767.19,3669767.19,33523.81000000052,-4.656612873077393e-10,0
2024|4711|7017|1|0|10|1,4310568,4310568,0,4061938.1800000006,4061938.1799999997,4061938.1799999997,4061938.1799999997,248629.81999999937,9.313225746154785e-10,0
2024|4711|7061|1|0|10|1,4792195,4792195,0,4346894.3100000005,4346894.31,4346894.31,4346894.31,445300.6899999995,9.313225746154785e-10,0
2024|4711|7104|1|0|10|1,4303709,4604858,0,4537779.31,4537779.3100000005,4537779.3100000005,4537779.3100000005,67078.69000000041,-9.313225746154785e-10,0
2024|4711|7096|1|0|10|1,7456892,7456892,0,6813375.49,6813375.49,6813375.49,6813375.49,643516.5099999998,0,0
2024|4711|7529|1|0|60|2,3497298,3945996,0,3880757.9299999997,3880757.9300000006,3880757.9300000006,3880757.9299999997,65238.0700000003,-9.313225746154785e-10,0
2024|4711|7529|1|0|43|1,1040647,1030280,0,943854.7999999999,943854.8000000003,943854.8000000003,943854.8,86425.20000000007,-3.4924596548080444e-10,0
2024|4711|7529|1|0|42|1,3630642,3630642,0,3491330.6500000004,3491330.65,3491330.65,3491330.65,139311.34999999963,4.656612873077393e-10,0
2024|4711|7047|1|0|10|1,10239693,10178583.96,0,9274626.11,9274626.11,9274626.11,9274626.110000001,903957.8500000015,0,0
2024|4711|7059|1|0|10|1,13623964,13623964,0,12992085.39,12992085.390000002,12992085.390000002,12992085.39,631878.6099999994,-1.862645149230957e-09,0
2024|4711|7428|1|0|43|1,3134190,3838453,0,3838452.61,3838452.6100000003,3838452.6100000003,3838452.61,0.39000000013038516,-4.656612873077393e-10,0
2024|4711|7428|1|0|52|2,4795372,4795372,0,4331554.08,4331554.08,4331554.08,4331554.08,463817.9199999999,0,0
2024|4711|7428|1|0|42|1,8139766,8139766,0,6922327.02,6922327.02,6922327.02,6922327.02,1217438.9800000004,0,0
2024|4711|7064|1|0|10|1,22290267,20976812,0,20887431.939999994,20887431.939999998,20887431.939999998,20887431.94,89380.06000000611,-3.725290298461914e-09,0
2024|4711|7060|1|0|10|1,25194111,24203579,0,23962057.109999996,23962057.11,23962057.11,23962057.11,241521.89000000432,-3.725290298461914e-09,0
2024|4711|7058|1|0|10|1,25987853,24941945,0,24637470.189999998,24637470.19,24637470.19,24637470.19,304474.8100000024,-3.725290298461914e-09,0
2024|4711|7312|1|0|60|2,23179273,23994953,0,23007124.459999997,23007124.46,23007124.46,23007124.46,987828.5400000028,-3.725290298461914e-09,0
2024|4711|7722|1|0|10|1,25967650,25967650,0,25252355.830000002,25252355.83,25252355.83,25252355.830000002,715294.1699999981,3.725290298461914e-09,0
2024|4711|7056|1|0|10|1,30136163,28970026,0,28340329.529999997,28340329.529999997,28340329.529999997,28340329.529999997,629696.4700000025,0,0
2024|4711|7209|1|0|60|2,30860199,30860199,0,30253692.659999996,30253692.660000004,30253692.660000004,30253692.66,606506.3400000036,-7.450580596923828e-09,0
2024|4711|7473|1|0|10|1,30859452,32104591,0,31740533.779999994,31740533.779999997,31740533.779999997,31740533.779999997,364057.22000000626,-3.725290298461914e-09,0
2024|4711|7016|3|0|10|1,1000000,61000000,0,61000000,61000000,20885982.969999995,20839917.31,0,0,40114017.03
2024|4711|7046|1|0|10|1,39602004,41270350,0,41270348.70999999,41270348.71,41270348.71,41270348.71,1.290000006556511,-7.450580596923828e-09,0
2024|4711|7052|1|0|10|1,46909047,44277940,0,44218932.919999994,44218932.92,44218932.92,44218932.92,59007.08000000566,-7.450580596923828e-09,0
2024|4711|7088|1|0|10|1,53226034,56487665,0,56082043.12,56082043.11999999,56082043.11999999,56082043.120000005,405621.8800000027,7.450580596923828e-09,0
2024|4711|7051|1|0|10|1,72223815,65020121,0,64901316.87,64901316.870000005,64901316.870000005,64901316.870000005,118804.13000000268,-7.450580596923828e-09,0
2024|4711|7014|1|0|10|1,61679286,65813132,0,65476235.190000005,65476235.19,65476235.19,65476235.19,336896.80999999493,7.450580596923828e-09,0
2024|4711|7018|1|0|10|1,90531686,82534148,0,82514219.03999998,82514219.04,82514219.04,82514219.03999999,19928.960000023246,-2.9802322387695312e-08,0
2024|4711|7023|1|0|10|1,15220114,52401807,0,52352583.73999999,52352583.74,52352583.74,52352583.74,49223.260000012815,-1.4901161193847656e-08,0
2024|4711|7023|1|0|61|1,67817391,67817391,0,30757579.22,30757579.220000003,30757579.220000003,30757579.22,37059811.78,-3.725290298461914e-09,0
2024|4711|7049|1|0|10|1,121271450,116183429,0,116098108.88999997,116098108.89000002,116098108.89000002,116098108.89,85320.1100000292,-4.470348358154297e-08,0
2024|4711|7725|1|0|10|1,224775885,208929086,0,208587392.7,208587392.7,208587392.7,208587392.7,341693.3000000119,0,0
2024|4711|7205|1|0|10|1,336003140,311828502,0,311300797.73,311300797.73,311300797.73,311300797.73,527704.2699999809,0,0
2024|4711|7225|1|0|10|1,0,291304999,0,291282623.08,291282623.08,291282623.08,291282623.08000004,22375.92000001669,0,0
2024|4711|7225|1|0|60|2,319867767,313401691,0,23161883.319999997,23161883.32,23161883.32,23161883.32,290239807.68,-3.725290298461914e-09,0
2024|4711|7959|1|0|10|1,407952339,395277849,0,395221455.3999999,395221455.4,395221455.4,395221455.4,56393.60000008345,-5.960464477539063e-08,0
2024|4711|7004|1|0|10|9,0,3200000,0,3200000,3199664.09,3199664.09,3199664.09,0,335.910000000149,0
2024|4711|7004|1|0|60|9,1000,1500000,0,1500000,1499052.8200000003,1499052.8200000003,1499052.8200000003,0,947.179999999702,0
2024|4711|7037|1|0|10|1,6647706,105597578,0,105473698.36000003,105473698.36,105473698.36,105473698.36,123879.6399999708,2.9802322387695312e-08,0
2024|4711|7037|1|0|43|1,1425749325,1344596299,0,1213867105.42,1213773992.59,1213773992.59,1213773992.59,130729193.57999992,93112.83000016212,0
2024|4711|7048|1|0|10|1,1905183972,1831083758,0,1818973221.4899995,1818973221.49,1818973221.49,1818973221.49,12110536.510000467,-4.76837158203125e-07,0
2024|4711|7008|1|0|10|1,22835542,21807204,0,21333016.37999997,21333016.38,21333016.38,21333016.38,474187.62000003085,-2.9802322387695312e-08,0
2024|4711|7008|1|0|42|1,2688489322,2606180762,0,2561720191.6100044,2560927269.3300004,2560927269.3300004,2560927269.33,44460570.389995575,792922.2800040245,0
2024|4711|7957|1|0|44|1,37732510,262071514.55,0,262000000,262000000,262000000,262000000,71514.55000001192,0,0
2024|4711|7957|1|0|15|1,1430813190,2683659942,0,2683129610.51,2683129610.51,2683129610.51,2683129610.51,530331.4899997711,0,0
2024|4711|7957|1|0|60|1,0,15000000,0,0,0,0,0,15000000,0,0
2024|4711|7957|1|0|43|1,708912782,1076245036.87,0,937000000,937000000,937000000,937000000,139245036.8699999,0,0
2024|4711|7957|1|0|42|1,2233053122,2708199869.79,0,2442789367.34,2442757275.42,2442757275.42,2442757275.42,265410502.4499998,32091.920000076294,0
2024|4711|7957|1|0|10|1,5725953038,3937070090.18,0,3317659514.650001,3317659514.6499996,3317659514.6499996,3317659514.65,619410575.5299988,1.430511474609375e-06,0
2024|4721|7001|3|0|10|1,1000,1000,0,0,0,0,0,1000,0,0
