chave_gifp,chave_acao,chave_exec,ano,mes_cod,uo_cod,acao_cod,grupo_cod,iag_cod,fonte_cod,ipu_cod,elemento_item_cod
2026|1011|1|0|10|9,,,2026,,1011,,1,0,10,9,
2026|1011|1|0|42|5,,,2026,,1011,,1,0,42,5,
2026|1011|1|0|43|5,,,2026,,1011,,1,0,43,5,
2026|1011|1|0|10|5,,,2026,,1011,,1,0,10,5,
2026|1011|1|0|10|1,,,2026,,1011,,1,0,10,1,
2026|1011|3|0|10|9,,,2026,,1011,,3,0,10,9,
2026|1011|3|0|60|1,,,2026,,1011,,3,0,60,1,
2026|1011|3|0|10|7,,,2026,,1011,,3,0,10,7,
2026|1011|3|0|10|1,,,2026,,1011,,3,0,10,1,
2026|1011|4|0|10|1,,,2026,,1011,,4,0,10,1,
2026|1011|5|0|10|1,,,2026,,1011,,5,0,10,1,
2026|1021|1|0|42|5,,,2026,,1021,,1,0,42,5,
2026|1021|1|0|43|5,,,2026,,1021,,1,0,43,5,
2026|1021|1|0|10|5,,,2026,,1021,,1,0,10,5,
2026|1021|1|0|10|1,,,2026,,1021,,1,0,10,1,
2026|1021|3|0|10|8,,,2026,,1021,,3,0,10,8,
2026|1021|3|0|10|9,,,2026,,1021,,3,0,10,9,
2026|1021|3|0|60|1,,,2026,,1021,,3,0,60,1,
2026|1021|3|0|10|7,,,2026,,1021,,3,0,10,7,
2026|1021|3|0|10|1,,,2026,,1021,,3,0,10,1,
2026|1021|4|0|60|1,,,2026,,1021,,4,0,60,1,
2026|1021|4|0|10|1,,,2026,,1021,,4,0,10,1,
2026|1031|1|0|10|9,,,2026,,1031,,1,0,10,9,
2026|1031|1|0|43|5,,,2026,,1031,,1,0,43,5,
2026|1031|1|0|42|5,,,2026,,1031,,1,0,42,5,
2026|1031|1|0|10|5,,,2026,,1031,,1,0,10,5,
2026|1031|1|0|10|1,,,2026,,1031,,1,0,10,1,
2026|1031|3|0|60|7,,,2026,,1031,,3,0,60,7,
2026|1031|3|0|10|7,,,2026,,1031,,3,0,10,7,
2026|1051|1|0|10|9,,,2026,,1051,,1,0,10,9,
2026|1051|1|0|43|5,,,2026,,1051,,1,0,43,5,
2026|1051|1|0|42|5,,,2026,,1051,,1,0,42,5,
2026|1051|1|0|10|5,,,2026,,1051,,1,0,10,5,
2026|1051|1|0|10|1,,,2026,,1051,,1,0,10,1,
2026|1051|3|0|60|1,,,2026,,1051,,3,0,60,1,
2026|1051|3|0|10|7,,,2026,,1051,,3,0,10,7,
2026|1051|3|0|10|1,,,2026,,1051,,3,0,10,1,
2026|1051|4|0|60|1,,,2026,,1051,,4,0,60,1,
2026|1051|4|0|10|1,,,2026,,1051,,4,0,10,1,
2026|1071|1|0|10|1,,,2026,,1071,,1,0,10,1,
2026|1071|3|0|95|1,,,2026,,1071,,3,0,95,1,
2026|1071|3|1|10|1,,,2026,,1071,,3,1,10,1,
2026|1071|3|0|10|8,,,2026,,1071,,3,0,10,8,
2026|1071|3|1|10|8,,,2026,,1071,,3,1,10,8,
2026|1071|3|0|10|7,,,2026,,1071,,3,0,10,7,
2026|1071|3|1|80|1,,,2026,,1071,,3,1,80,1,
2026|1071|3|0|57|1,,,2026,,1071,,3,0,57,1,
2026|1071|3|0|10|1,,,2026,,1071,,3,0,10,1,
2026|1071|4|1|98|1,,,2026,,1071,,4,1,98,1,
2026|1071|4|0|95|1,,,2026,,1071,,4,0,95,1,
2026|1071|4|0|80|1,,,2026,,1071,,4,0,80,1,
2026|1071|4|0|10|1,,,2026,,1071,,4,0,10,1,
2026|1071|4|1|25|1,,,2026,,1071,,4,1,25,1,
2026|1071|4|0|10|8,,,2026,,1071,,4,0,10,8,
2026|1071|4|0|10|4,,,2026,,1071,,4,0,10,4,
2026|1071|4|1|10|8,,,2026,,1071,,4,1,10,8,
2026|1081|1|0|10|1,,,2026,,1081,,1,0,10,1,
2026|1081|1|0|10|9,,,2026,,1081,,1,0,10,9,
2026|1081|3|0|95|1,,,2026,,1081,,3,0,95,1,
2026|1081|3|0|60|2,,,2026,,1081,,3,0,60,2,
2026|1081|3|0|9|1,,,2026,,1081,,3,0,9,1,
2026|1081|3|0|10|7,,,2026,,1081,,3,0,10,7,
2026|1081|3|0|10|1,,,2026,,1081,,3,0,10,1,
2026|1081|3|0|10|9,,,2026,,1081,,3,0,10,9,
2026|1081|4|0|57|1,,,2026,,1081,,4,0,57,1,
2026|1081|4|0|95|1,,,2026,,1081,,4,0,95,1,
2026|1081|4|0|60|2,,,2026,,1081,,4,0,60,2,
2026|1081|4|0|9|1,,,2026,,1081,,4,0,9,1,
2026|1081|4|0|10|1,,,2026,,1081,,4,0,10,1,
2026|1091|1|0|10|9,,,2026,,1091,,1,0,10,9,
2026|1091|1|0|60|1,,,2026,,1091,,1,0,60,1,
2026|1091|1|0|10|5,,,2026,,1091,,1,0,10,5,
2026|1091|1|0|43|5,,,2026,,1091,,1,0,43,5,
2026|1091|1|0|42|5,,,2026,,1091,,1,0,42,5,
2026|1091|1|0|10|1,,,2026,,1091,,1,0,10,1,
2026|1091|3|0|60|2,,,2026,,1091,,3,0,60,2,
2026|1091|3|0|24|1,,,2026,,1091,,3,0,24,1,
2026|1091|3|0|60|1,,,2026,,1091,,3,0,60,1,
2026|1091|3|0|60|7,,,2026,,1091,,3,0,60,7,
2026|1091|3|0|10|7,,,2026,,1091,,3,0,10,7,
2026|1091|3|0|10|1,,,2026,,1091,,3,0,10,1,
2026|1091|4|0|24|1,,,2026,,1091,,4,0,24,1,
2026|1091|4|0|10|3,,,2026,,1091,,4,0,10,3,
2026|1091|4|0|47|1,,,2026,,1091,,4,0,47,1,
2026|1091|4|0|70|1,,,2026,,1091,,4,0,70,1,
2026|1091|4|0|60|1,,,2026,,1091,,4,0,60,1,
2026|1091|4|0|10|1,,,2026,,1091,,4,0,10,1,
2026|1091|5|0|10|1,,,2026,,1091,,5,0,10,1,
2026|1101|1|0|10|1,,,2026,,1101,,1,0,10,1,
2026|1101|3|0|10|1,,,2026,,1101,,3,0,10,1,
2026|1101|3|0|10|7,,,2026,,1101,,3,0,10,7,
2026|1191|1|0|10|1,,,2026,,1191,,1,0,10,1,
2026|1191|1|0|15|1,,,2026,,1191,,1,0,15,1,
2026|1191|3|0|83|2,,,2026,,1191,,3,0,83,2,
2026|1191|3|0|27|1,,,2026,,1191,,3,0,27,1,
2026|1191|3|0|9|1,,,2026,,1191,,3,0,9,1,
2026|1191|3|1|10|1,,,2026,,1191,,3,1,10,1,
2026|1191|3|0|29|1,,,2026,,1191,,3,0,29,1,
2026|1191|3|0|10|7,,,2026,,1191,,3,0,10,7,
2026|1191|3|0|10|1,,,2026,,1191,,3,0,10,1,
2026|1191|4|0|9|1,,,2026,,1191,,4,0,9,1,
2026|1191|4|0|48|1,,,2026,,1191,,4,0,48,1,
2026|1191|4|0|10|1,,,2026,,1191,,4,0,10,1,
2026|1191|4|0|74|1,,,2026,,1191,,4,0,74,1,
2026|1221|1|0|95|1,,,2026,,1221,,1,0,95,1,
2026|1221|1|0|10|1,,,2026,,1221,,1,0,10,1,
2026|1221|3|0|24|1,,,2026,,1221,,3,0,24,1,
2026|1221|3|0|95|1,,,2026,,1221,,3,0,95,1,
2026|1221|3|1|10|1,,,2026,,1221,,3,1,10,1,
2026|1221|3|0|95|7,,,2026,,1221,,3,0,95,7,
2026|1221|3|1|32|1,,,2026,,1221,,3,1,32,1,
2026|1221|3|0|98|1,,,2026,,1221,,3,0,98,1,
2026|1221|3|0|10|4,,,2026,,1221,,3,0,10,4,
2026|1221|3|1|10|4,,,2026,,1221,,3,1,10,4,
2026|1221|3|1|10|8,,,2026,,1221,,3,1,10,8,
2026|1221|3|0|10|7,,,2026,,1221,,3,0,10,7,
2026|1221|3|0|10|1,,,2026,,1221,,3,0,10,1,
2026|1221|3|0|32|1,,,2026,,1221,,3,0,32,1,
2026|1221|3|0|80|1,,,2026,,1221,,3,0,80,1,
2026|1221|3|1|80|1,,,2026,,1221,,3,1,80,1,
2026|1221|4|0|10|1,,,2026,,1221,,4,0,10,1,
2026|1221|4|0|24|1,,,2026,,1221,,4,0,24,1,
2026|1221|4|0|80|1,,,2026,,1221,,4,0,80,1,
2026|1221|4|0|32|1,,,2026,,1221,,4,0,32,1,
2026|1221|4|0|95|1,,,2026,,1221,,4,0,95,1,
2026|1221|5|0|80|1,,,2026,,1221,,5,0,80,1,
2026|1231|1|1|71|1,,,2026,,1231,,1,1,71,1,
2026|1231|1|0|10|1,,,2026,,1231,,1,0,10,1,
2026|1231|3|0|10|3,,,2026,,1231,,3,0,10,3,
2026|1231|3|1|95|1,,,2026,,1231,,3,1,95,1,
2026|1231|3|0|15|1,,,2026,,1231,,3,0,15,1,
2026|1231|3|1|71|7,,,2026,,1231,,3,1,71,7,
2026|1231|3|1|10|8,,,2026,,1231,,3,1,10,8,
2026|1231|3|0|10|4,,,2026,,1231,,3,0,10,4,
2026|1231|3|0|1|1,,,2026,,1231,,3,0,1,1,
2026|1231|3|1|10|4,,,2026,,1231,,3,1,10,4,
2026|1231|3|0|10|7,,,2026,,1231,,3,0,10,7,
2026|1231|3|1|15|1,,,2026,,1231,,3,1,15,1,
2026|1231|3|0|71|1,,,2026,,1231,,3,0,71,1,
2026|1231|3|0|98|1,,,2026,,1231,,3,0,98,1,
2026|1231|3|0|10|8,,,2026,,1231,,3,0,10,8,
2026|1231|3|0|59|1,,,2026,,1231,,3,0,59,1,
2026|1231|3|0|24|1,,,2026,,1231,,3,0,24,1,
2026|1231|3|0|69|1,,,2026,,1231,,3,0,69,1,
2026|1231|3|0|10|1,,,2026,,1231,,3,0,10,1,
2026|1231|3|0|80|1,,,2026,,1231,,3,0,80,1,
2026|1231|3|1|71|1,,,2026,,1231,,3,1,71,1,
2026|1231|4|0|98|1,,,2026,,1231,,4,0,98,1,
2026|1231|4|0|10|1,,,2026,,1231,,4,0,10,1,
2026|1231|4|0|24|1,,,2026,,1231,,4,0,24,1,
2026|1231|4|0|15|1,,,2026,,1231,,4,0,15,1,
2026|1231|4|0|10|4,,,2026,,1231,,4,0,10,4,
2026|1231|4|0|80|1,,,2026,,1231,,4,0,80,1,
2026|1231|4|0|10|8,,,2026,,1231,,4,0,10,8,
2026|1251|1|0|30|1,,,2026,,1251,,1,0,30,1,
2026|1251|1|0|27|1,,,2026,,1251,,1,0,27,1,
2026|1251|1|0|75|1,,,2026,,1251,,1,0,75,1,
2026|1251|1|0|10|1,,,2026,,1251,,1,0,10,1,
2026|1251|3|0|97|1,,,2026,,1251,,3,0,97,1,
2026|1251|3|1|10|8,,,2026,,1251,,3,1,10,8,
2026|1251|3|0|82|1,,,2026,,1251,,3,0,82,1,
2026|1251|3|0|10|8,,,2026,,1251,,3,0,10,8,
2026|1251|3|1|10|1,,,2026,,1251,,3,1,10,1,
2026|1251|3|0|45|1,,,2026,,1251,,3,0,45,1,
2026|1251|3|0|98|1,,,2026,,1251,,3,0,98,1,
2026|1251|3|0|68|1,,,2026,,1251,,3,0,68,1,
2026|1251|3|0|83|2,,,2026,,1251,,3,0,83,2,
2026|1251|3|0|9|1,,,2026,,1251,,3,0,9,1,
2026|1251|3|0|52|2,,,2026,,1251,,3,0,52,2,
2026|1251|3|0|60|1,,,2026,,1251,,3,0,60,1,
2026|1251|3|0|1|1,,,2026,,1251,,3,0,1,1,
2026|1251|3|0|10|1,,,2026,,1251,,3,0,10,1,
2026|1251|3|0|69|1,,,2026,,1251,,3,0,69,1,
2026|1251|3|0|2|1,,,2026,,1251,,3,0,2,1,
2026|1251|3|0|24|1,,,2026,,1251,,3,0,24,1,
2026|1251|3|0|73|1,,,2026,,1251,,3,0,73,1,
2026|1251|3|0|70|1,,,2026,,1251,,3,0,70,1,
2026|1251|3|0|60|2,,,2026,,1251,,3,0,60,2,
2026|1251|3|0|10|7,,,2026,,1251,,3,0,10,7,
2026|1251|4|0|97|1,,,2026,,1251,,4,0,97,1,
2026|1251|4|0|10|8,,,2026,,1251,,4,0,10,8,
2026|1251|4|0|10|1,,,2026,,1251,,4,0,10,1,
2026|1251|4|0|10|3,,,2026,,1251,,4,0,10,3,
2026|1251|4|0|48|0,,,2026,,1251,,4,0,48,0,
2026|1251|4|0|45|1,,,2026,,1251,,4,0,45,1,
2026|1251|4|1|10|8,,,2026,,1251,,4,1,10,8,
2026|1251|4|0|10|4,,,2026,,1251,,4,0,10,4,
2026|1251|4|0|9|1,,,2026,,1251,,4,0,9,1,
2026|1251|4|0|68|1,,,2026,,1251,,4,0,68,1,
2026|1251|4|0|69|1,,,2026,,1251,,4,0,69,1,
2026|1251|4|0|60|2,,,2026,,1251,,4,0,60,2,
2026|1251|4|0|98|1,,,2026,,1251,,4,0,98,1,
2026|1251|4|0|70|1,,,2026,,1251,,4,0,70,1,
2026|1251|4|0|1|1,,,2026,,1251,,4,0,1,1,
2026|1251|4|0|24|1,,,2026,,1251,,4,0,24,1,
2026|1251|4|0|73|1,,,2026,,1251,,4,0,73,1,
2026|1251|4|0|2|1,,,2026,,1251,,4,0,2,1,
2026|1261|1|0|10|1,,,2026,,1261,,1,0,10,1,
2026|1261|1|0|23|1,,,2026,,1261,,1,0,23,1,
2026|1261|3|0|10|0,,,2026,,1261,,3,0,10,0,
2026|1261|3|0|24|1,,,2026,,1261,,3,0,24,1,
2026|1261|3|0|10|3,,,2026,,1261,,3,0,10,3,
2026|1261|3|0|98|1,,,2026,,1261,,3,0,98,1,
2026|1261|3|0|10|7,,,2026,,1261,,3,0,10,7,
2026|1261|3|0|13|1,,,2026,,1261,,3,0,13,1,
2026|1261|3|1|71|0,,,2026,,1261,,3,1,71,0,
2026|1261|3|0|3|1,,,2026,,1261,,3,0,3,1,
2026|1261|3|0|10|8,,,2026,,1261,,3,0,10,8,
2026|1261|3|1|71|1,,,2026,,1261,,3,1,71,1,
2026|1261|3|0|36|1,,,2026,,1261,,3,0,36,1,
2026|1261|3|0|89|1,,,2026,,1261,,3,0,89,1,
2026|1261|3|0|23|7,,,2026,,1261,,3,0,23,7,
2026|1261|3|1|10|0,,,2026,,1261,,3,1,10,0,
2026|1261|3|1|10|1,,,2026,,1261,,3,1,10,1,
2026|1261|3|0|21|1,,,2026,,1261,,3,0,21,1,
2026|1261|3|0|10|1,,,2026,,1261,,3,0,10,1,
2026|1261|4|0|98|1,,,2026,,1261,,4,0,98,1,
2026|1261|4|0|36|1,,,2026,,1261,,4,0,36,1,
2026|1261|4|1|21|3,,,2026,,1261,,4,1,21,3,
2026|1261|4|0|3|1,,,2026,,1261,,4,0,3,1,
2026|1261|4|1|98|1,,,2026,,1261,,4,1,98,1,
2026|1261|4|1|10|8,,,2026,,1261,,4,1,10,8,
2026|1261|4|1|89|1,,,2026,,1261,,4,1,89,1,
2026|1261|4|0|10|1,,,2026,,1261,,4,0,10,1,
2026|1261|4|0|10|8,,,2026,,1261,,4,0,10,8,
2026|1261|4|1|10|1,,,2026,,1261,,4,1,10,1,
2026|1261|4|1|10|0,,,2026,,1261,,4,1,10,0,
2026|1261|4|0|10|0,,,2026,,1261,,4,0,10,0,
2026|1261|4|0|89|1,,,2026,,1261,,4,0,89,1,
2026|1261|4|1|36|1,,,2026,,1261,,4,1,36,1,
2026|1261|5|0|10|1,,,2026,,1261,,5,0,10,1,
2026|1271|1|0|10|1,,,2026,,1271,,1,0,10,1,
2026|1271|3|0|69|1,,,2026,,1271,,3,0,69,1,
2026|1271|3|1|10|1,,,2026,,1271,,3,1,10,1,
2026|1271|3|0|24|1,,,2026,,1271,,3,0,24,1,
2026|1271|3|0|95|1,,,2026,,1271,,3,0,95,1,
2026|1271|3|0|10|1,,,2026,,1271,,3,0,10,1,
2026|1271|3|0|10|7,,,2026,,1271,,3,0,10,7,
2026|1271|3|0|10|4,,,2026,,1271,,3,0,10,4,
2026|1271|3|0|10|8,,,2026,,1271,,3,0,10,8,
2026|1271|3|0|16|1,,,2026,,1271,,3,0,16,1,
2026|1271|4|0|10|1,,,2026,,1271,,4,0,10,1,
2026|1271|4|0|69|1,,,2026,,1271,,4,0,69,1,
2026|1271|4|0|97|1,,,2026,,1271,,4,0,97,1,
2026|1271|4|0|10|4,,,2026,,1271,,4,0,10,4,
2026|1271|4|0|10|8,,,2026,,1271,,4,0,10,8,
2026|1271|4|0|24|1,,,2026,,1271,,4,0,24,1,
2026|1301|1|0|10|1,,,2026,,1301,,1,0,10,1,
2026|1301|3|0|98|1,,,2026,,1301,,3,0,98,1,
2026|1301|3|0|74|1,,,2026,,1301,,3,0,74,1,
2026|1301|3|0|73|1,,,2026,,1301,,3,0,73,1,
2026|1301|3|0|70|1,,,2026,,1301,,3,0,70,1,
2026|1301|3|0|10|7,,,2026,,1301,,3,0,10,7,
2026|1301|3|0|24|1,,,2026,,1301,,3,0,24,1,
2026|1301|3|0|10|1,,,2026,,1301,,3,0,10,1,
2026|1301|4|0|32|1,,,2026,,1301,,4,0,32,1,
2026|1301|4|0|74|1,,,2026,,1301,,4,0,74,1,
2026|1301|4|0|25|1,,,2026,,1301,,4,0,25,1,
2026|1301|4|0|98|1,,,2026,,1301,,4,0,98,1,
2026|1301|4|0|70|1,,,2026,,1301,,4,0,70,1,
2026|1301|4|0|32|0,,,2026,,1301,,4,0,32,0,
2026|1301|4|0|10|0,,,2026,,1301,,4,0,10,0,
2026|1301|4|0|15|1,,,2026,,1301,,4,0,15,1,
2026|1301|4|0|10|1,,,2026,,1301,,4,0,10,1,
2026|1301|4|0|10|3,,,2026,,1301,,4,0,10,3,
2026|1301|4|0|24|1,,,2026,,1301,,4,0,24,1,
2026|1301|4|0|95|1,,,2026,,1301,,4,0,95,1,
2026|1301|4|0|10|8,,,2026,,1301,,4,0,10,8,
2026|1371|1|0|72|1,,,2026,,1371,,1,0,72,1,
2026|1371|3|0|52|2,,,2026,,1371,,3,0,52,2,
2026|1371|3|0|9|1,,,2026,,1371,,3,0,9,1,
2026|1371|3|1|10|8,,,2026,,1371,,3,1,10,8,
2026|1371|3|0|10|3,,,2026,,1371,,3,0,10,3,
2026|1371|3|1|94|1,,,2026,,1371,,3,1,94,1,
2026|1371|3|1|72|1,,,2026,,1371,,3,1,72,1,
2026|1371|3|0|72|3,,,2026,,1371,,3,0,72,3,
2026|1371|3|0|29|1,,,2026,,1371,,3,0,29,1,
2026|1371|3|0|15|1,,,2026,,1371,,3,0,15,1,
2026|1371|3|0|79|8,,,2026,,1371,,3,0,79,8,
2026|1371|3|0|24|1,,,2026,,1371,,3,0,24,1,
2026|1371|3|0|94|1,,,2026,,1371,,3,0,94,1,
2026|1371|3|0|79|1,,,2026,,1371,,3,0,79,1,
2026|1371|3|0|80|1,,,2026,,1371,,3,0,80,1,
2026|1371|3|0|10|8,,,2026,,1371,,3,0,10,8,
2026|1371|3|0|72|1,,,2026,,1371,,3,0,72,1,
2026|1371|3|0|95|1,,,2026,,1371,,3,0,95,1,
2026|1371|3|0|31|7,,,2026,,1371,,3,0,31,7,
2026|1371|4|0|97|1,,,2026,,1371,,4,0,97,1,
2026|1371|4|0|10|3,,,2026,,1371,,4,0,10,3,
2026|1371|4|0|72|1,,,2026,,1371,,4,0,72,1,
2026|1371|4|0|15|1,,,2026,,1371,,4,0,15,1,
2026|1371|4|0|80|1,,,2026,,1371,,4,0,80,1,
2026|1371|4|0|95|1,,,2026,,1371,,4,0,95,1,
2026|1371|4|0|9|1,,,2026,,1371,,4,0,9,1,
2026|1371|4|0|10|8,,,2026,,1371,,4,0,10,8,
2026|1371|4|0|24|1,,,2026,,1371,,4,0,24,1,
2026|1401|1|0|60|2,,,2026,,1401,,1,0,60,2,
2026|1401|1|0|10|1,,,2026,,1401,,1,0,10,1,
2026|1401|3|0|9|1,,,2026,,1401,,3,0,9,1,
2026|1401|3|0|70|1,,,2026,,1401,,3,0,70,1,
2026|1401|3|0|45|1,,,2026,,1401,,3,0,45,1,
2026|1401|3|0|66|1,,,2026,,1401,,3,0,66,1,
2026|1401|3|0|15|1,,,2026,,1401,,3,0,15,1,
2026|1401|3|0|24|1,,,2026,,1401,,3,0,24,1,
2026|1401|3|1|27|1,,,2026,,1401,,3,1,27,1,
2026|1401|3|0|60|1,,,2026,,1401,,3,0,60,1,
2026|1401|3|0|60|2,,,2026,,1401,,3,0,60,2,
2026|1401|3|0|27|1,,,2026,,1401,,3,0,27,1,
2026|1401|3|0|10|8,,,2026,,1401,,3,0,10,8,
2026|1401|3|0|95|1,,,2026,,1401,,3,0,95,1,
2026|1401|3|0|10|1,,,2026,,1401,,3,0,10,1,
2026|1401|3|0|10|7,,,2026,,1401,,3,0,10,7,
2026|1401|4|0|70|1,,,2026,,1401,,4,0,70,1,
2026|1401|4|0|53|3,,,2026,,1401,,4,0,53,3,
2026|1401|4|0|10|0,,,2026,,1401,,4,0,10,0,
2026|1401|4|0|60|2,,,2026,,1401,,4,0,60,2,
2026|1401|4|0|9|1,,,2026,,1401,,4,0,9,1,
2026|1401|4|0|97|1,,,2026,,1401,,4,0,97,1,
2026|1401|4|0|10|3,,,2026,,1401,,4,0,10,3,
2026|1401|4|0|66|1,,,2026,,1401,,4,0,66,1,
2026|1401|4|0|24|1,,,2026,,1401,,4,0,24,1,
2026|1401|4|0|15|1,,,2026,,1401,,4,0,15,1,
2026|1401|4|0|10|1,,,2026,,1401,,4,0,10,1,
2026|1401|4|1|27|1,,,2026,,1401,,4,1,27,1,
2026|1401|4|0|10|4,,,2026,,1401,,4,0,10,4,
2026|1401|4|0|25|1,,,2026,,1401,,4,0,25,1,
2026|1401|4|0|2|1,,,2026,,1401,,4,0,2,1,
2026|1401|4|0|10|8,,,2026,,1401,,4,0,10,8,
2026|1401|4|0|95|1,,,2026,,1401,,4,0,95,1,
2026|1401|4|0|98|1,,,2026,,1401,,4,0,98,1,
2026|1441|1|0|10|9,,,2026,,1441,,1,0,10,9,
2026|1441|1|0|10|5,,,2026,,1441,,1,0,10,5,
2026|1441|1|0|43|5,,,2026,,1441,,1,0,43,5,
2026|1441|1|0|42|5,,,2026,,1441,,1,0,42,5,
2026|1441|1|0|10|1,,,2026,,1441,,1,0,10,1,
2026|1441|3|0|60|1,,,2026,,1441,,3,0,60,1,
2026|1441|3|0|10|7,,,2026,,1441,,3,0,10,7,
2026|1441|3|0|10|1,,,2026,,1441,,3,0,10,1,
2026|1441|4|0|10|1,,,2026,,1441,,4,0,10,1,
2026|1441|4|0|60|1,,,2026,,1441,,4,0,60,1,
2026|1451|1|0|57|2,,,2026,,1451,,1,0,57,2,
2026|1451|1|0|27|1,,,2026,,1451,,1,0,27,1,
2026|1451|1|0|10|1,,,2026,,1451,,1,0,10,1,
2026|1451|3|1|10|1,,,2026,,1451,,3,1,10,1,
2026|1451|3|1|10|3,,,2026,,1451,,3,1,10,3,
2026|1451|3|1|10|8,,,2026,,1451,,3,1,10,8,
2026|1451|3|0|10|3,,,2026,,1451,,3,0,10,3,
2026|1451|3|0|1|1,,,2026,,1451,,3,0,1,1,
2026|1451|3|1|1|1,,,2026,,1451,,3,1,1,1,
2026|1451|3|1|2|1,,,2026,,1451,,3,1,2,1,
2026|1451|3|0|70|1,,,2026,,1451,,3,0,70,1,
2026|1451|3|0|61|1,,,2026,,1451,,3,0,61,1,
2026|1451|3|0|10|8,,,2026,,1451,,3,0,10,8,
2026|1451|3|0|10|4,,,2026,,1451,,3,0,10,4,
2026|1451|3|1|24|1,,,2026,,1451,,3,1,24,1,
2026|1451|3|0|95|1,,,2026,,1451,,3,0,95,1,
2026|1451|3|0|60|1,,,2026,,1451,,3,0,60,1,
2026|1451|3|0|24|1,,,2026,,1451,,3,0,24,1,
2026|1451|3|1|60|2,,,2026,,1451,,3,1,60,2,
2026|1451|3|0|27|7,,,2026,,1451,,3,0,27,7,
2026|1451|3|0|10|1,,,2026,,1451,,3,0,10,1,
2026|1451|3|0|60|2,,,2026,,1451,,3,0,60,2,
2026|1451|3|0|10|7,,,2026,,1451,,3,0,10,7,
2026|1451|4|1|10|3,,,2026,,1451,,4,1,10,3,
2026|1451|4|1|10|1,,,2026,,1451,,4,1,10,1,
2026|1451|4|0|70|1,,,2026,,1451,,4,0,70,1,
2026|1451|4|0|10|3,,,2026,,1451,,4,0,10,3,
2026|1451|4|1|70|1,,,2026,,1451,,4,1,70,1,
2026|1451|4|1|15|1,,,2026,,1451,,4,1,15,1,
2026|1451|4|0|24|1,,,2026,,1451,,4,0,24,1,
2026|1451|4|1|1|1,,,2026,,1451,,4,1,1,1,
2026|1451|4|0|10|4,,,2026,,1451,,4,0,10,4,
2026|1451|4|0|60|2,,,2026,,1451,,4,0,60,2,
2026|1451|4|0|10|8,,,2026,,1451,,4,0,10,8,
2026|1451|4|0|1|1,,,2026,,1451,,4,0,1,1,
2026|1451|4|1|98|1,,,2026,,1451,,4,1,98,1,
2026|1451|4|1|2|1,,,2026,,1451,,4,1,2,1,
2026|1451|4|0|10|1,,,2026,,1451,,4,0,10,1,
2026|1451|4|0|60|1,,,2026,,1451,,4,0,60,1,
2026|1451|4|1|60|2,,,2026,,1451,,4,1,60,2,
2026|1451|4|1|10|8,,,2026,,1451,,4,1,10,8,
2026|1451|4|1|24|1,,,2026,,1451,,4,1,24,1,
2026|1481|1|1|71|1,,,2026,,1481,,1,1,71,1,
2026|1481|1|0|71|1,,,2026,,1481,,1,0,71,1,
2026|1481|1|0|10|1,,,2026,,1481,,1,0,10,1,
2026|1481|3|0|97|1,,,2026,,1481,,3,0,97,1,
2026|1481|3|0|38|1,,,2026,,1481,,3,0,38,1,
2026|1481|3|0|10|3,,,2026,,1481,,3,0,10,3,
2026|1481|3|0|1|1,,,2026,,1481,,3,0,1,1,
2026|1481|3|1|71|7,,,2026,,1481,,3,1,71,7,
2026|1481|3|0|2|1,,,2026,,1481,,3,0,2,1,
2026|1481|3|0|15|1,,,2026,,1481,,3,0,15,1,
2026|1481|3|1|10|8,,,2026,,1481,,3,1,10,8,
2026|1481|3|0|10|1,,,2026,,1481,,3,0,10,1,
2026|1481|3|0|10|4,,,2026,,1481,,3,0,10,4,
2026|1481|3|0|71|7,,,2026,,1481,,3,0,71,7,
2026|1481|3|1|80|1,,,2026,,1481,,3,1,80,1,
2026|1481|3|0|59|1,,,2026,,1481,,3,0,59,1,
2026|1481|3|0|10|7,,,2026,,1481,,3,0,10,7,
2026|1481|3|0|80|1,,,2026,,1481,,3,0,80,1,
2026|1481|3|0|24|1,,,2026,,1481,,3,0,24,1,
2026|1481|3|0|57|1,,,2026,,1481,,3,0,57,1,
2026|1481|3|0|10|8,,,2026,,1481,,3,0,10,8,
2026|1481|3|0|71|1,,,2026,,1481,,3,0,71,1,
2026|1481|3|1|71|1,,,2026,,1481,,3,1,71,1,
2026|1481|4|0|38|1,,,2026,,1481,,4,0,38,1,
2026|1481|4|0|97|1,,,2026,,1481,,4,0,97,1,
2026|1481|4|0|71|1,,,2026,,1481,,4,0,71,1,
2026|1481|4|0|10|1,,,2026,,1481,,4,0,10,1,
2026|1481|4|1|10|8,,,2026,,1481,,4,1,10,8,
2026|1481|4|0|10|4,,,2026,,1481,,4,0,10,4,
2026|1481|4|0|15|1,,,2026,,1481,,4,0,15,1,
2026|1481|4|0|98|1,,,2026,,1481,,4,0,98,1,
2026|1481|4|0|24|1,,,2026,,1481,,4,0,24,1,
2026|1481|4|1|71|1,,,2026,,1481,,4,1,71,1,
2026|1481|4|0|57|1,,,2026,,1481,,4,0,57,1,
2026|1481|4|0|10|8,,,2026,,1481,,4,0,10,8,
2026|1481|5|0|97|1,,,2026,,1481,,5,0,97,1,
2026|1491|1|0|10|1,,,2026,,1491,,1,0,10,1,
2026|1491|3|1|10|8,,,2026,,1491,,3,1,10,8,
2026|1491|3|0|15|1,,,2026,,1491,,3,0,15,1,
2026|1491|3|1|10|1,,,2026,,1491,,3,1,10,1,
2026|1491|3|0|10|7,,,2026,,1491,,3,0,10,7,
2026|1491|3|0|10|1,,,2026,,1491,,3,0,10,1,
2026|1491|4|0|15|1,,,2026,,1491,,4,0,15,1,
2026|1491|4|0|10|4,,,2026,,1491,,4,0,10,4,
2026|1491|4|0|10|1,,,2026,,1491,,4,0,10,1,
2026|1491|4|0|10|8,,,2026,,1491,,4,0,10,8,
2026|1491|4|1|10|8,,,2026,,1491,,4,1,10,8,
2026|1501|1|0|95|1,,,2026,,1501,,1,0,95,1,
2026|1501|1|0|80|1,,,2026,,1501,,1,0,80,1,
2026|1501|1|0|10|1,,,2026,,1501,,1,0,10,1,
2026|1501|3|0|91|2,,,2026,,1501,,3,0,91,2,
2026|1501|3|0|95|1,,,2026,,1501,,3,0,95,1,
2026|1501|3|0|59|2,,,2026,,1501,,3,0,59,2,
2026|1501|3|0|52|2,,,2026,,1501,,3,0,52,2,
2026|1501|3|0|94|1,,,2026,,1501,,3,0,94,1,
2026|1501|3|1|10|1,,,2026,,1501,,3,1,10,1,
2026|1501|3|0|60|2,,,2026,,1501,,3,0,60,2,
2026|1501|3|0|82|1,,,2026,,1501,,3,0,82,1,
2026|1501|3|0|10|7,,,2026,,1501,,3,0,10,7,
2026|1501|3|0|80|1,,,2026,,1501,,3,0,80,1,
2026|1501|3|0|15|1,,,2026,,1501,,3,0,15,1,
2026|1501|3|0|10|1,,,2026,,1501,,3,0,10,1,
2026|1501|4|0|60|2,,,2026,,1501,,4,0,60,2,
2026|1501|4|0|94|1,,,2026,,1501,,4,0,94,1,
2026|1501|4|0|97|1,,,2026,,1501,,4,0,97,1,
2026|1501|4|0|15|1,,,2026,,1501,,4,0,15,1,
2026|1501|4|0|10|4,,,2026,,1501,,4,0,10,4,
2026|1501|4|0|82|1,,,2026,,1501,,4,0,82,1,
2026|1501|4|0|25|1,,,2026,,1501,,4,0,25,1,
2026|1501|4|0|10|1,,,2026,,1501,,4,0,10,1,
2026|1511|1|0|57|2,,,2026,,1511,,1,0,57,2,
2026|1511|1|0|11|1,,,2026,,1511,,1,0,11,1,
2026|1511|1|0|10|1,,,2026,,1511,,1,0,10,1,
2026|1511|3|0|10|8,,,2026,,1511,,3,0,10,8,
2026|1511|3|0|70|1,,,2026,,1511,,3,0,70,1,
2026|1511|3|1|10|1,,,2026,,1511,,3,1,10,1,
2026|1511|3|1|10|8,,,2026,,1511,,3,1,10,8,
2026|1511|3|0|9|1,,,2026,,1511,,3,0,9,1,
2026|1511|3|0|95|1,,,2026,,1511,,3,0,95,1,
2026|1511|3|1|60|2,,,2026,,1511,,3,1,60,2,
2026|1511|3|0|10|1,,,2026,,1511,,3,0,10,1,
2026|1511|3|0|60|2,,,2026,,1511,,3,0,60,2,
2026|1511|3|0|10|7,,,2026,,1511,,3,0,10,7,
2026|1511|4|0|10|3,,,2026,,1511,,4,0,10,3,
2026|1511|4|0|10|0,,,2026,,1511,,4,0,10,0,
2026|1511|4|0|48|0,,,2026,,1511,,4,0,48,0,
2026|1511|4|0|24|1,,,2026,,1511,,4,0,24,1,
2026|1511|4|0|10|8,,,2026,,1511,,4,0,10,8,
2026|1511|4|0|9|1,,,2026,,1511,,4,0,9,1,
2026|1511|4|0|2|1,,,2026,,1511,,4,0,2,1,
2026|1511|4|0|1|1,,,2026,,1511,,4,0,1,1,
2026|1511|4|1|10|4,,,2026,,1511,,4,1,10,4,
2026|1511|4|0|25|1,,,2026,,1511,,4,0,25,1,
2026|1511|4|0|70|1,,,2026,,1511,,4,0,70,1,
2026|1511|4|0|97|1,,,2026,,1511,,4,0,97,1,
2026|1511|4|0|10|1,,,2026,,1511,,4,0,10,1,
2026|1511|4|1|60|2,,,2026,,1511,,4,1,60,2,
2026|1511|4|0|98|1,,,2026,,1511,,4,0,98,1,
2026|1511|4|1|10|8,,,2026,,1511,,4,1,10,8,
2026|1511|4|0|60|2,,,2026,,1511,,4,0,60,2,
2026|1511|4|0|80|1,,,2026,,1511,,4,0,80,1,
2026|1511|4|0|95|1,,,2026,,1511,,4,0,95,1,
2026|1521|1|0|10|1,,,2026,,1521,,1,0,10,1,
2026|1521|3|0|95|1,,,2026,,1521,,3,0,95,1,
2026|1521|3|0|59|1,,,2026,,1521,,3,0,59,1,
2026|1521|3|0|9|1,,,2026,,1521,,3,0,9,1,
2026|1521|3|0|10|1,,,2026,,1521,,3,0,10,1,
2026|1521|3|0|10|7,,,2026,,1521,,3,0,10,7,
2026|1521|4|0|9|1,,,2026,,1521,,4,0,9,1,
2026|1521|4|0|95|1,,,2026,,1521,,4,0,95,1,
2026|1521|4|0|10|1,,,2026,,1521,,4,0,10,1,
2026|1541|1|0|10|1,,,2026,,1541,,1,0,10,1,
2026|1541|3|0|10|7,,,2026,,1541,,3,0,10,7,
2026|1541|3|0|10|1,,,2026,,1541,,3,0,10,1,
2026|1541|4|0|10|1,,,2026,,1541,,4,0,10,1,
2026|1631|1|0|10|1,,,2026,,1631,,1,0,10,1,
2026|1631|3|0|10|7,,,2026,,1631,,3,0,10,7,
2026|1631|3|0|10|1,,,2026,,1631,,3,0,10,1,
2026|1631|4|0|10|1,,,2026,,1631,,4,0,10,1,
2026|1711|1|0|10|1,,,2026,,1711,,1,0,10,1,
2026|1711|3|0|69|1,,,2026,,1711,,3,0,69,1,
2026|1711|3|0|10|7,,,2026,,1711,,3,0,10,7,
2026|1711|3|0|10|1,,,2026,,1711,,3,0,10,1,
2026|1711|4|0|10|1,,,2026,,1711,,4,0,10,1,
2026|1721|1|0|10|1,,,2026,,1721,,1,0,10,1,
2026|1721|3|0|10|7,,,2026,,1721,,3,0,10,7,
2026|1721|3|0|10|1,,,2026,,1721,,3,0,10,1,
2026|1721|4|0|10|1,,,2026,,1721,,4,0,10,1,
2026|1911|3|0|71|1,,,2026,,1911,,3,0,71,1,
2026|1911|3|0|51|1,,,2026,,1911,,3,0,51,1,
2026|1911|3|0|10|1,,,2026,,1911,,3,0,10,1,
2026|1915|5|0|10|1,,,2026,,1915,,5,0,10,1,
2026|1915|5|0|61|2,,,2026,,1915,,5,0,61,2,
2026|1916|2|0|11|1,,,2026,,1916,,2,0,11,1,
2026|1916|2|0|10|1,,,2026,,1916,,2,0,10,1,
2026|1916|3|0|10|1,,,2026,,1916,,3,0,10,1,
2026|1916|5|0|10|1,,,2026,,1916,,5,0,10,1,
2026|1916|6|0|10|1,,,2026,,1916,,6,0,10,1,
2026|1941|1|0|10|1,,,2026,,1941,,1,0,10,1,
2026|1941|3|0|60|2,,,2026,,1941,,3,0,60,2,
2026|1941|3|0|10|1,,,2026,,1941,,3,0,10,1,
2026|1951|3|0|10|3,,,2026,,1951,,3,0,10,3,
2026|1951|3|0|71|3,,,2026,,1951,,3,0,71,3,
2026|1951|4|0|10|3,,,2026,,1951,,4,0,10,3,
2026|1991|9|0|10|1,,,2026,,1991,,9,0,10,1,
2026|2011|1|0|60|9,,,2026,,2011,,1,0,60,9,
2026|2011|1|0|57|2,,,2026,,2011,,1,0,57,2,
2026|2011|1|0|10|9,,,2026,,2011,,1,0,10,9,
2026|2011|1|0|49|1,,,2026,,2011,,1,0,49,1,
2026|2011|3|0|60|9,,,2026,,2011,,3,0,60,9,
2026|2011|3|0|10|9,,,2026,,2011,,3,0,10,9,
2026|2011|3|0|10|1,,,2026,,2011,,3,0,10,1,
2026|2011|3|0|60|1,,,2026,,2011,,3,0,60,1,
2026|2011|3|0|49|7,,,2026,,2011,,3,0,49,7,
2026|2011|3|0|61|1,,,2026,,2011,,3,0,61,1,
2026|2011|3|0|49|1,,,2026,,2011,,3,0,49,1,
2026|2011|3|0|50|1,,,2026,,2011,,3,0,50,1,
2026|2011|4|0|47|1,,,2026,,2011,,4,0,47,1,
2026|2011|4|0|10|1,,,2026,,2011,,4,0,10,1,
2026|2011|4|0|50|1,,,2026,,2011,,4,0,50,1,
2026|2041|1|0|60|9,,,2026,,2041,,1,0,60,9,
2026|2041|1|0|60|1,,,2026,,2041,,1,0,60,1,
2026|2041|3|0|60|9,,,2026,,2041,,3,0,60,9,
2026|2041|3|0|60|7,,,2026,,2041,,3,0,60,7,
2026|2041|3|0|60|1,,,2026,,2041,,3,0,60,1,
2026|2041|4|0|60|1,,,2026,,2041,,4,0,60,1,
2026|2061|1|0|10|9,,,2026,,2061,,1,0,10,9,
2026|2061|1|0|10|1,,,2026,,2061,,1,0,10,1,
2026|2061|3|0|10|9,,,2026,,2061,,3,0,10,9,
2026|2061|3|0|10|3,,,2026,,2061,,3,0,10,3,
2026|2061|3|0|24|1,,,2026,,2061,,3,0,24,1,
2026|2061|3|0|60|1,,,2026,,2061,,3,0,60,1,
2026|2061|3|0|10|7,,,2026,,2061,,3,0,10,7,
2026|2061|3|0|10|1,,,2026,,2061,,3,0,10,1,
2026|2061|4|0|10|1,,,2026,,2061,,4,0,10,1,
2026|2071|1|0|60|9,,,2026,,2071,,1,0,60,9,
2026|2071|1|0|10|1,,,2026,,2071,,1,0,10,1,
2026|2071|3|0|10|8,,,2026,,2071,,3,0,10,8,
2026|2071|3|0|10|3,,,2026,,2071,,3,0,10,3,
2026|2071|3|0|69|1,,,2026,,2071,,3,0,69,1,
2026|2071|3|0|10|7,,,2026,,2071,,3,0,10,7,
2026|2071|3|0|68|1,,,2026,,2071,,3,0,68,1,
2026|2071|3|0|24|1,,,2026,,2071,,3,0,24,1,
2026|2071|3|1|10|1,,,2026,,2071,,3,1,10,1,
2026|2071|3|0|10|1,,,2026,,2071,,3,0,10,1,
2026|2071|4|0|47|1,,,2026,,2071,,4,0,47,1,
2026|2071|4|0|68|1,,,2026,,2071,,4,0,68,1,
2026|2071|4|1|10|1,,,2026,,2071,,4,1,10,1,
2026|2071|4|0|10|1,,,2026,,2071,,4,0,10,1,
2026|2071|5|0|10|1,,,2026,,2071,,5,0,10,1,
2026|2091|1|0|60|9,,,2026,,2091,,1,0,60,9,
2026|2091|1|0|52|1,,,2026,,2091,,1,0,52,1,
2026|2091|1|0|60|1,,,2026,,2091,,1,0,60,1,
2026|2091|1|0|72|1,,,2026,,2091,,1,0,72,1,
2026|2091|3|0|9|0,,,2026,,2091,,3,0,9,0,
2026|2091|3|0|60|9,,,2026,,2091,,3,0,60,9,
2026|2091|3|0|9|1,,,2026,,2091,,3,0,9,1,
2026|2091|3|0|72|1,,,2026,,2091,,3,0,72,1,
2026|2091|3|0|72|7,,,2026,,2091,,3,0,72,7,
2026|2091|4|0|72|1,,,2026,,2091,,4,0,72,1,
2026|2101|1|0|60|9,,,2026,,2101,,1,0,60,9,
2026|2101|1|0|72|1,,,2026,,2101,,1,0,72,1,
2026|2101|1|0|26|1,,,2026,,2101,,1,0,26,1,
2026|2101|3|0|68|1,,,2026,,2101,,3,0,68,1,
2026|2101|3|0|9|1,,,2026,,2101,,3,0,9,1,
2026|2101|3|0|74|1,,,2026,,2101,,3,0,74,1,
2026|2101|3|0|72|3,,,2026,,2101,,3,0,72,3,
2026|2101|3|0|69|1,,,2026,,2101,,3,0,69,1,
2026|2101|3|0|10|8,,,2026,,2101,,3,0,10,8,
2026|2101|3|0|24|1,,,2026,,2101,,3,0,24,1,
2026|2101|3|0|10|4,,,2026,,2101,,3,0,10,4,
2026|2101|3|0|60|9,,,2026,,2101,,3,0,60,9,
2026|2101|3|0|61|1,,,2026,,2101,,3,0,61,1,
2026|2101|3|0|95|1,,,2026,,2101,,3,0,95,1,
2026|2101|3|0|72|7,,,2026,,2101,,3,0,72,7,
2026|2101|3|0|72|1,,,2026,,2101,,3,0,72,1,
2026|2101|3|0|80|1,,,2026,,2101,,3,0,80,1,
2026|2101|4|0|61|1,,,2026,,2101,,4,0,61,1,
2026|2101|4|0|95|1,,,2026,,2101,,4,0,95,1,
2026|2101|4|0|72|1,,,2026,,2101,,4,0,72,1,
2026|2101|4|0|9|1,,,2026,,2101,,4,0,9,1,
2026|2101|4|0|10|8,,,2026,,2101,,4,0,10,8,
2026|2101|5|0|61|1,,,2026,,2101,,5,0,61,1,
2026|2121|1|0|49|9,,,2026,,2121,,1,0,49,9,
2026|2121|1|0|57|2,,,2026,,2121,,1,0,57,2,
2026|2121|1|0|50|1,,,2026,,2121,,1,0,50,1,
2026|2121|1|0|49|1,,,2026,,2121,,1,0,49,1,
2026|2121|3|0|49|9,,,2026,,2121,,3,0,49,9,
2026|2121|3|0|50|7,,,2026,,2121,,3,0,50,7,
2026|2121|3|0|50|1,,,2026,,2121,,3,0,50,1,
2026|2121|3|0|49|1,,,2026,,2121,,3,0,49,1,
2026|2121|3|0|60|1,,,2026,,2121,,3,0,60,1,
2026|2121|4|0|60|1,,,2026,,2121,,4,0,60,1,
2026|2121|4|0|47|1,,,2026,,2121,,4,0,47,1,
2026|2151|1|0|10|1,,,2026,,2151,,1,0,10,1,
2026|2151|3|0|60|9,,,2026,,2151,,3,0,60,9,
2026|2151|3|0|60|1,,,2026,,2151,,3,0,60,1,
2026|2151|3|0|10|7,,,2026,,2151,,3,0,10,7,
2026|2151|3|0|10|1,,,2026,,2151,,3,0,10,1,
2026|2151|4|0|10|1,,,2026,,2151,,4,0,10,1,
2026|2161|1|0|10|9,,,2026,,2161,,1,0,10,9,
2026|2161|1|0|10|1,,,2026,,2161,,1,0,10,1,
2026|2161|3|0|10|7,,,2026,,2161,,3,0,10,7,
2026|2161|3|0|10|1,,,2026,,2161,,3,0,10,1,
2026|2161|4|0|10|1,,,2026,,2161,,4,0,10,1,
2026|2171|1|0|10|9,,,2026,,2171,,1,0,10,9,
2026|2171|1|0|10|1,,,2026,,2171,,1,0,10,1,
2026|2171|3|1|10|1,,,2026,,2171,,3,1,10,1,
2026|2171|3|0|10|7,,,2026,,2171,,3,0,10,7,
2026|2171|3|0|10|1,,,2026,,2171,,3,0,10,1,
2026|2171|3|0|60|1,,,2026,,2171,,3,0,60,1,
2026|2171|4|0|10|1,,,2026,,2171,,4,0,10,1,
2026|2171|4|0|24|1,,,2026,,2171,,4,0,24,1,
2026|2181|1|0|10|9,,,2026,,2181,,1,0,10,9,
2026|2181|1|0|10|1,,,2026,,2181,,1,0,10,1,
2026|2181|3|1|10|1,,,2026,,2181,,3,1,10,1,
2026|2181|3|0|10|9,,,2026,,2181,,3,0,10,9,
2026|2181|3|0|60|1,,,2026,,2181,,3,0,60,1,
2026|2181|3|0|10|7,,,2026,,2181,,3,0,10,7,
2026|2181|3|0|10|1,,,2026,,2181,,3,0,10,1,
2026|2181|4|0|47|1,,,2026,,2181,,4,0,47,1,
2026|2201|1|0|95|1,,,2026,,2201,,1,0,95,1,
2026|2201|1|0|10|9,,,2026,,2201,,1,0,10,9,
2026|2201|1|0|10|1,,,2026,,2201,,1,0,10,1,
2026|2201|3|0|60|1,,,2026,,2201,,3,0,60,1,
2026|2201|3|0|10|3,,,2026,,2201,,3,0,10,3,
2026|2201|3|0|95|1,,,2026,,2201,,3,0,95,1,
2026|2201|3|0|1|1,,,2026,,2201,,3,0,1,1,
2026|2201|3|0|45|1,,,2026,,2201,,3,0,45,1,
2026|2201|3|0|10|8,,,2026,,2201,,3,0,10,8,
2026|2201|3|0|24|1,,,2026,,2201,,3,0,24,1,
2026|2201|3|0|10|7,,,2026,,2201,,3,0,10,7,
2026|2201|3|0|10|1,,,2026,,2201,,3,0,10,1,
2026|2201|4|0|9|1,,,2026,,2201,,4,0,9,1,
2026|2201|4|0|10|3,,,2026,,2201,,4,0,10,3,
2026|2201|4|0|1|1,,,2026,,2201,,4,0,1,1,
2026|2201|4|0|24|1,,,2026,,2201,,4,0,24,1,
2026|2211|1|0|60|9,,,2026,,2211,,1,0,60,9,
2026|2211|1|0|10|1,,,2026,,2211,,1,0,10,1,
2026|2211|3|0|60|2,,,2026,,2211,,3,0,60,2,
2026|2211|3|0|60|1,,,2026,,2211,,3,0,60,1,
2026|2211|3|0|60|9,,,2026,,2211,,3,0,60,9,
2026|2211|3|0|10|7,,,2026,,2211,,3,0,10,7,
2026|2211|3|0|10|1,,,2026,,2211,,3,0,10,1,
2026|2241|1|0|91|9,,,2026,,2241,,1,0,91,9,
2026|2241|1|0|72|1,,,2026,,2241,,1,0,72,1,
2026|2241|3|0|72|3,,,2026,,2241,,3,0,72,3,
2026|2241|3|0|60|1,,,2026,,2241,,3,0,60,1,
2026|2241|3|0|91|9,,,2026,,2241,,3,0,91,9,
2026|2241|3|0|24|1,,,2026,,2241,,3,0,24,1,
2026|2241|3|0|72|7,,,2026,,2241,,3,0,72,7,
2026|2241|3|0|73|1,,,2026,,2241,,3,0,73,1,
2026|2241|3|0|72|1,,,2026,,2241,,3,0,72,1,
2026|2241|3|0|80|1,,,2026,,2241,,3,0,80,1,
2026|2241|3|0|61|1,,,2026,,2241,,3,0,61,1,
2026|2241|4|0|47|1,,,2026,,2241,,4,0,47,1,
2026|2241|4|0|73|1,,,2026,,2241,,4,0,73,1,
2026|2241|4|0|72|1,,,2026,,2241,,4,0,72,1,
2026|2241|4|0|80|1,,,2026,,2241,,4,0,80,1,
2026|2251|1|0|60|9,,,2026,,2251,,1,0,60,9,
2026|2251|1|0|60|1,,,2026,,2251,,1,0,60,1,
2026|2251|3|0|60|9,,,2026,,2251,,3,0,60,9,
2026|2251|3|0|60|7,,,2026,,2251,,3,0,60,7,
2026|2251|3|0|60|1,,,2026,,2251,,3,0,60,1,
2026|2251|4|0|60|1,,,2026,,2251,,4,0,60,1,
2026|2261|1|0|57|2,,,2026,,2261,,1,0,57,2,
2026|2261|1|0|60|9,,,2026,,2261,,1,0,60,9,
2026|2261|1|0|10|1,,,2026,,2261,,1,0,10,1,
2026|2261|3|0|60|9,,,2026,,2261,,3,0,60,9,
2026|2261|3|0|10|7,,,2026,,2261,,3,0,10,7,
2026|2261|3|0|10|1,,,2026,,2261,,3,0,10,1,
2026|2261|4|0|24|1,,,2026,,2261,,4,0,24,1,
2026|2261|4|0|10|1,,,2026,,2261,,4,0,10,1,
2026|2271|1|0|57|2,,,2026,,2271,,1,0,57,2,
2026|2271|1|0|10|9,,,2026,,2271,,1,0,10,9,
2026|2271|1|0|10|1,,,2026,,2271,,1,0,10,1,
2026|2271|3|0|10|8,,,2026,,2271,,3,0,10,8,
2026|2271|3|0|45|1,,,2026,,2271,,3,0,45,1,
2026|2271|3|0|10|9,,,2026,,2271,,3,0,10,9,
2026|2271|3|0|68|1,,,2026,,2271,,3,0,68,1,
2026|2271|3|0|70|1,,,2026,,2271,,3,0,70,1,
2026|2271|3|0|10|7,,,2026,,2271,,3,0,10,7,
2026|2271|3|0|10|1,,,2026,,2271,,3,0,10,1,
2026|2271|4|0|68|1,,,2026,,2271,,4,0,68,1,
2026|2271|4|0|70|1,,,2026,,2271,,4,0,70,1,
2026|2271|4|0|10|8,,,2026,,2271,,4,0,10,8,
2026|2271|4|0|47|1,,,2026,,2271,,4,0,47,1,
2026|2271|4|0|95|1,,,2026,,2271,,4,0,95,1,
2026|2271|4|0|10|1,,,2026,,2271,,4,0,10,1,
2026|2271|4|0|24|1,,,2026,,2271,,4,0,24,1,
2026|2281|1|0|10|9,,,2026,,2281,,1,0,10,9,
2026|2281|1|0|10|1,,,2026,,2281,,1,0,10,1,
2026|2281|3|0|10|9,,,2026,,2281,,3,0,10,9,
2026|2281|3|0|10|7,,,2026,,2281,,3,0,10,7,
2026|2281|3|0|36|1,,,2026,,2281,,3,0,36,1,
2026|2281|3|0|10|1,,,2026,,2281,,3,0,10,1,
2026|2301|1|0|10|1,,,2026,,2301,,1,0,10,1,
2026|2301|1|0|10|9,,,2026,,2301,,1,0,10,9,
2026|2301|3|0|91|1,,,2026,,2301,,3,0,91,1,
2026|2301|3|0|10|7,,,2026,,2301,,3,0,10,7,
2026|2301|3|0|10|1,,,2026,,2301,,3,0,10,1,
2026|2301|3|0|10|9,,,2026,,2301,,3,0,10,9,
2026|2301|4|0|97|1,,,2026,,2301,,4,0,97,1,
2026|2301|4|0|69|1,,,2026,,2301,,4,0,69,1,
2026|2301|4|0|10|8,,,2026,,2301,,4,0,10,8,
2026|2301|4|0|10|3,,,2026,,2301,,4,0,10,3,
2026|2301|4|0|25|1,,,2026,,2301,,4,0,25,1,
2026|2301|4|0|68|1,,,2026,,2301,,4,0,68,1,
2026|2301|4|0|70|1,,,2026,,2301,,4,0,70,1,
2026|2301|4|0|10|9,,,2026,,2301,,4,0,10,9,
2026|2301|4|0|74|1,,,2026,,2301,,4,0,74,1,
2026|2301|4|0|89|1,,,2026,,2301,,4,0,89,1,
2026|2301|4|0|33|0,,,2026,,2301,,4,0,33,0,
2026|2301|4|0|33|1,,,2026,,2301,,4,0,33,1,
2026|2301|4|0|51|1,,,2026,,2301,,4,0,51,1,
2026|2301|4|0|95|1,,,2026,,2301,,4,0,95,1,
2026|2301|4|0|80|1,,,2026,,2301,,4,0,80,1,
2026|2301|4|0|10|0,,,2026,,2301,,4,0,10,0,
2026|2301|4|0|32|0,,,2026,,2301,,4,0,32,0,
2026|2301|4|0|10|1,,,2026,,2301,,4,0,10,1,
2026|2311|1|0|60|1,,,2026,,2311,,1,0,60,1,
2026|2311|1|0|57|2,,,2026,,2311,,1,0,57,2,
2026|2311|1|0|60|9,,,2026,,2311,,1,0,60,9,
2026|2311|1|0|10|1,,,2026,,2311,,1,0,10,1,
2026|2311|3|0|60|3,,,2026,,2311,,3,0,60,3,
2026|2311|3|0|60|9,,,2026,,2311,,3,0,60,9,
2026|2311|3|0|10|8,,,2026,,2311,,3,0,10,8,
2026|2311|3|0|10|3,,,2026,,2311,,3,0,10,3,
2026|2311|3|0|36|1,,,2026,,2311,,3,0,36,1,
2026|2311|3|0|68|1,,,2026,,2311,,3,0,68,1,
2026|2311|3|0|60|1,,,2026,,2311,,3,0,60,1,
2026|2311|3|0|70|1,,,2026,,2311,,3,0,70,1,
2026|2311|3|0|24|1,,,2026,,2311,,3,0,24,1,
2026|2311|3|0|10|7,,,2026,,2311,,3,0,10,7,
2026|2311|3|0|10|1,,,2026,,2311,,3,0,10,1,
2026|2311|4|0|10|3,,,2026,,2311,,4,0,10,3,
2026|2311|4|0|10|8,,,2026,,2311,,4,0,10,8,
2026|2311|4|0|1|1,,,2026,,2311,,4,0,1,1,
2026|2311|4|0|36|1,,,2026,,2311,,4,0,36,1,
2026|2311|4|0|10|1,,,2026,,2311,,4,0,10,1,
2026|2311|4|0|70|1,,,2026,,2311,,4,0,70,1,
2026|2311|4|0|24|1,,,2026,,2311,,4,0,24,1,
2026|2321|1|0|57|2,,,2026,,2321,,1,0,57,2,
2026|2321|1|0|60|9,,,2026,,2321,,1,0,60,9,
2026|2321|1|0|10|1,,,2026,,2321,,1,0,10,1,
2026|2321|3|0|60|9,,,2026,,2321,,3,0,60,9,
2026|2321|3|0|24|1,,,2026,,2321,,3,0,24,1,
2026|2321|3|0|10|7,,,2026,,2321,,3,0,10,7,
2026|2321|3|0|10|1,,,2026,,2321,,3,0,10,1,
2026|2321|4|0|47|1,,,2026,,2321,,4,0,47,1,
2026|2321|4|0|10|8,,,2026,,2321,,4,0,10,8,
2026|2321|4|0|10|3,,,2026,,2321,,4,0,10,3,
2026|2321|4|0|24|1,,,2026,,2321,,4,0,24,1,
2026|2321|4|0|1|1,,,2026,,2321,,4,0,1,1,
2026|2321|4|0|10|1,,,2026,,2321,,4,0,10,1,
2026|2331|1|0|10|1,,,2026,,2331,,1,0,10,1,
2026|2331|1|0|73|9,,,2026,,2331,,1,0,73,9,
2026|2331|1|0|73|1,,,2026,,2331,,1,0,73,1,
2026|2331|3|0|73|7,,,2026,,2331,,3,0,73,7,
2026|2331|3|0|73|1,,,2026,,2331,,3,0,73,1,
2026|2331|4|0|73|1,,,2026,,2331,,4,0,73,1,
2026|2351|1|0|60|9,,,2026,,2351,,1,0,60,9,
2026|2351|1|0|10|9,,,2026,,2351,,1,0,10,9,
2026|2351|1|0|10|1,,,2026,,2351,,1,0,10,1,
2026|2351|3|0|60|1,,,2026,,2351,,3,0,60,1,
2026|2351|3|0|70|1,,,2026,,2351,,3,0,70,1,
2026|2351|3|0|10|9,,,2026,,2351,,3,0,10,9,
2026|2351|3|0|10|3,,,2026,,2351,,3,0,10,3,
2026|2351|3|0|1|1,,,2026,,2351,,3,0,1,1,
2026|2351|3|0|24|1,,,2026,,2351,,3,0,24,1,
2026|2351|3|0|10|8,,,2026,,2351,,3,0,10,8,
2026|2351|3|0|10|7,,,2026,,2351,,3,0,10,7,
2026|2351|3|0|10|1,,,2026,,2351,,3,0,10,1,
2026|2351|4|0|60|1,,,2026,,2351,,4,0,60,1,
2026|2351|4|0|24|1,,,2026,,2351,,4,0,24,1,
2026|2351|4|0|68|1,,,2026,,2351,,4,0,68,1,
2026|2351|4|0|10|3,,,2026,,2351,,4,0,10,3,
2026|2351|4|0|1|1,,,2026,,2351,,4,0,1,1,
2026|2351|4|0|97|1,,,2026,,2351,,4,0,97,1,
2026|2351|4|0|3|1,,,2026,,2351,,4,0,3,1,
2026|2351|4|0|36|1,,,2026,,2351,,4,0,36,1,
2026|2351|4|0|10|8,,,2026,,2351,,4,0,10,8,
2026|2351|4|0|10|1,,,2026,,2351,,4,0,10,1,
2026|2361|1|0|60|1,,,2026,,2361,,1,0,60,1,
2026|2361|3|0|60|9,,,2026,,2361,,3,0,60,9,
2026|2361|3|0|60|1,,,2026,,2361,,3,0,60,1,
2026|2361|4|0|60|1,,,2026,,2361,,4,0,60,1,
2026|2361|5|0|60|1,,,2026,,2361,,5,0,60,1,
2026|2371|1|0|60|1,,,2026,,2371,,1,0,60,1,
2026|2371|1|0|91|9,,,2026,,2371,,1,0,91,9,
2026|2371|1|0|91|1,,,2026,,2371,,1,0,91,1,
2026|2371|1|0|10|1,,,2026,,2371,,1,0,10,1,
2026|2371|3|0|80|1,,,2026,,2371,,3,0,80,1,
2026|2371|3|0|91|9,,,2026,,2371,,3,0,91,9,
2026|2371|3|0|1|1,,,2026,,2371,,3,0,1,1,
2026|2371|3|1|1|1,,,2026,,2371,,3,1,1,1,
2026|2371|3|1|95|1,,,2026,,2371,,3,1,95,1,
2026|2371|3|0|91|1,,,2026,,2371,,3,0,91,1,
2026|2371|3|0|60|1,,,2026,,2371,,3,0,60,1,
2026|2371|3|0|10|7,,,2026,,2371,,3,0,10,7,
2026|2371|4|0|91|1,,,2026,,2371,,4,0,91,1,
2026|2371|4|0|47|1,,,2026,,2371,,4,0,47,1,
2026|2371|4|0|24|1,,,2026,,2371,,4,0,24,1,
2026|2371|4|0|80|1,,,2026,,2371,,4,0,80,1,
2026|2421|1|0|10|9,,,2026,,2421,,1,0,10,9,
2026|2421|1|0|71|1,,,2026,,2421,,1,0,71,1,
2026|2421|3|0|10|9,,,2026,,2421,,3,0,10,9,
2026|2421|3|0|1|1,,,2026,,2421,,3,0,1,1,
2026|2421|3|0|10|3,,,2026,,2421,,3,0,10,3,
2026|2421|3|0|71|3,,,2026,,2421,,3,0,71,3,
2026|2421|3|0|10|4,,,2026,,2421,,3,0,10,4,
2026|2421|3|0|71|7,,,2026,,2421,,3,0,71,7,
2026|2421|3|0|10|8,,,2026,,2421,,3,0,10,8,
2026|2421|3|0|71|1,,,2026,,2421,,3,0,71,1,
2026|2421|3|0|24|1,,,2026,,2421,,3,0,24,1,
2026|2421|4|0|10|8,,,2026,,2421,,4,0,10,8,
2026|2421|4|0|15|1,,,2026,,2421,,4,0,15,1,
2026|2421|4|0|10|3,,,2026,,2421,,4,0,10,3,
2026|2421|4|0|10|4,,,2026,,2421,,4,0,10,4,
2026|2421|4|0|71|1,,,2026,,2421,,4,0,71,1,
2026|2421|4|0|24|1,,,2026,,2421,,4,0,24,1,
2026|2431|1|0|10|9,,,2026,,2431,,1,0,10,9,
2026|2431|1|0|10|1,,,2026,,2431,,1,0,10,1,
2026|2431|3|0|10|1,,,2026,,2431,,3,0,10,1,
2026|2431|3|0|60|1,,,2026,,2431,,3,0,60,1,
2026|2431|3|0|10|7,,,2026,,2431,,3,0,10,7,
2026|2431|4|0|10|1,,,2026,,2431,,4,0,10,1,
2026|2431|4|0|24|1,,,2026,,2431,,4,0,24,1,
2026|2441|1|0|59|9,,,2026,,2441,,1,0,59,9,
2026|2441|1|0|59|1,,,2026,,2441,,1,0,59,1,
2026|2441|3|0|59|7,,,2026,,2441,,3,0,59,7,
2026|2441|3|0|59|1,,,2026,,2441,,3,0,59,1,
2026|2461|1|0|10|9,,,2026,,2461,,1,0,10,9,
2026|2461|1|0|10|1,,,2026,,2461,,1,0,10,1,
2026|2461|3|0|60|1,,,2026,,2461,,3,0,60,1,
2026|2461|3|1|10|3,,,2026,,2461,,3,1,10,3,
2026|2461|3|0|32|1,,,2026,,2461,,3,0,32,1,
2026|2461|3|0|10|7,,,2026,,2461,,3,0,10,7,
2026|2461|3|0|10|1,,,2026,,2461,,3,0,10,1,
2026|2461|3|1|32|1,,,2026,,2461,,3,1,32,1,
2026|2461|3|1|24|1,,,2026,,2461,,3,1,24,1,
2026|2461|4|0|32|1,,,2026,,2461,,4,0,32,1,
2026|2471|1|0|10|1,,,2026,,2471,,1,0,10,1,
2026|2471|3|0|10|7,,,2026,,2471,,3,0,10,7,
2026|2471|3|0|60|2,,,2026,,2471,,3,0,60,2,
2026|2471|3|0|10|1,,,2026,,2471,,3,0,10,1,
2026|2471|4|0|10|1,,,2026,,2471,,4,0,10,1,
2026|2471|4|0|60|2,,,2026,,2471,,4,0,60,2,
2026|2481|1|0|10|1,,,2026,,2481,,1,0,10,1,
2026|2481|3|0|10|7,,,2026,,2481,,3,0,10,7,
2026|2481|3|0|82|1,,,2026,,2481,,3,0,82,1,
2026|2481|3|0|15|1,,,2026,,2481,,3,0,15,1,
2026|2481|4|0|15|1,,,2026,,2481,,4,0,15,1,
2026|2481|4|0|82|1,,,2026,,2481,,4,0,82,1,
2026|3041|1|0|60|9,,,2026,,3041,,1,0,60,9,
2026|3041|1|0|60|1,,,2026,,3041,,1,0,60,1,
2026|3041|1|0|67|1,,,2026,,3041,,1,0,67,1,
2026|3041|1|0|10|1,,,2026,,3041,,1,0,10,1,
2026|3041|3|0|15|1,,,2026,,3041,,3,0,15,1,
2026|3041|3|0|10|4,,,2026,,3041,,3,0,10,4,
2026|3041|3|0|60|3,,,2026,,3041,,3,0,60,3,
2026|3041|3|0|1|1,,,2026,,3041,,3,0,1,1,
2026|3041|3|0|24|1,,,2026,,3041,,3,0,24,1,
2026|3041|3|0|10|8,,,2026,,3041,,3,0,10,8,
2026|3041|3|0|2|1,,,2026,,3041,,3,0,2,1,
2026|3041|3|0|60|1,,,2026,,3041,,3,0,60,1,
2026|3041|3|0|80|1,,,2026,,3041,,3,0,80,1,
2026|3041|3|0|67|1,,,2026,,3041,,3,0,67,1,
2026|3041|4|0|10|4,,,2026,,3041,,4,0,10,4,
2026|3041|4|0|1|1,,,2026,,3041,,4,0,1,1,
2026|3041|4|0|60|3,,,2026,,3041,,4,0,60,3,
2026|3041|4|0|97|1,,,2026,,3041,,4,0,97,1,
2026|3041|4|0|15|1,,,2026,,3041,,4,0,15,1,
2026|3041|4|0|2|1,,,2026,,3041,,4,0,2,1,
2026|3041|4|0|60|1,,,2026,,3041,,4,0,60,1,
2026|3041|4|0|10|8,,,2026,,3041,,4,0,10,8,
2026|3041|4|0|24|1,,,2026,,3041,,4,0,24,1,
2026|3051|1|0|10|9,,,2026,,3051,,1,0,10,9,
2026|3051|1|0|10|1,,,2026,,3051,,1,0,10,1,
2026|3051|3|0|59|1,,,2026,,3051,,3,0,59,1,
2026|3051|3|0|1|1,,,2026,,3051,,3,0,1,1,
2026|3051|3|0|68|1,,,2026,,3051,,3,0,68,1,
2026|3051|3|0|60|3,,,2026,,3051,,3,0,60,3,
2026|3051|3|0|2|1,,,2026,,3051,,3,0,2,1,
2026|3051|3|0|10|3,,,2026,,3051,,3,0,10,3,
2026|3051|3|0|70|1,,,2026,,3051,,3,0,70,1,
2026|3051|3|0|24|1,,,2026,,3051,,3,0,24,1,
2026|3051|3|0|60|1,,,2026,,3051,,3,0,60,1,
2026|3051|3|0|10|1,,,2026,,3051,,3,0,10,1,
2026|3051|4|0|59|1,,,2026,,3051,,4,0,59,1,
2026|3051|4|0|70|1,,,2026,,3051,,4,0,70,1,
2026|3051|4|0|10|3,,,2026,,3051,,4,0,10,3,
2026|3051|4|0|47|1,,,2026,,3051,,4,0,47,1,
2026|3051|4|0|2|1,,,2026,,3051,,4,0,2,1,
2026|3051|4|0|10|8,,,2026,,3051,,4,0,10,8,
2026|3051|4|0|60|1,,,2026,,3051,,4,0,60,1,
2026|3051|4|0|24|1,,,2026,,3051,,4,0,24,1,
2026|3051|4|0|10|1,,,2026,,3051,,4,0,10,1,
2026|3151|1|0|10|1,,,2026,,3151,,1,0,10,1,
2026|3151|3|0|10|9,,,2026,,3151,,3,0,10,9,
2026|3151|3|1|59|2,,,2026,,3151,,3,1,59,2,
2026|3151|3|0|60|1,,,2026,,3151,,3,0,60,1,
2026|3151|3|0|10|1,,,2026,,3151,,3,0,10,1,
2026|4031|3|0|60|2,,,2026,,4031,,3,0,60,2,
2026|4031|3|0|70|1,,,2026,,4031,,3,0,70,1,
2026|4031|3|0|61|1,,,2026,,4031,,3,0,61,1,
2026|4031|3|0|60|7,,,2026,,4031,,3,0,60,7,
2026|4031|3|0|60|1,,,2026,,4031,,3,0,60,1,
2026|4031|3|0|77|1,,,2026,,4031,,3,0,77,1,
2026|4031|4|0|47|1,,,2026,,4031,,4,0,47,1,
2026|4031|4|0|60|1,,,2026,,4031,,4,0,60,1,
2026|4031|4|0|77|1,,,2026,,4031,,4,0,77,1,
2026|4031|5|0|60|1,,,2026,,4031,,5,0,60,1,
2026|4091|3|0|45|1,,,2026,,4091,,3,0,45,1,
2026|4091|4|0|45|1,,,2026,,4091,,4,0,45,1,
2026|4101|3|0|60|1,,,2026,,4101,,3,0,60,1,
2026|4101|5|0|60|1,,,2026,,4101,,5,0,60,1,
2026|4111|5|0|60|1,,,2026,,4111,,5,0,60,1,
2026|4121|3|0|60|1,,,2026,,4121,,3,0,60,1,
2026|4121|5|0|60|1,,,2026,,4121,,5,0,60,1,
2026|4141|3|0|57|1,,,2026,,4141,,3,0,57,1,
2026|4141|3|0|39|1,,,2026,,4141,,3,0,39,1,
2026|4141|4|0|39|1,,,2026,,4141,,4,0,39,1,
2026|4141|4|0|57|1,,,2026,,4141,,4,0,57,1,
2026|4151|3|0|10|1,,,2026,,4151,,3,0,10,1,
2026|4251|3|0|10|8,,,2026,,4251,,3,0,10,8,
2026|4251|3|0|56|1,,,2026,,4251,,3,0,56,1,
2026|4251|3|0|80|1,,,2026,,4251,,3,0,80,1,
2026|4251|3|0|71|1,,,2026,,4251,,3,0,71,1,
2026|4251|4|0|6|1,,,2026,,4251,,4,0,6,1,
2026|4251|4|0|5|1,,,2026,,4251,,4,0,5,1,
2026|4251|4|0|56|1,,,2026,,4251,,4,0,56,1,
2026|4251|4|0|71|1,,,2026,,4251,,4,0,71,1,
2026|4251|4|0|80|1,,,2026,,4251,,4,0,80,1,
2026|4291|1|0|57|1,,,2026,,4291,,1,0,57,1,
2026|4291|1|0|10|1,,,2026,,4291,,1,0,10,1,
2026|4291|3|1|95|1,,,2026,,4291,,3,1,95,1,
2026|4291|3|0|24|1,,,2026,,4291,,3,0,24,1,
2026|4291|3|0|37|1,,,2026,,4291,,3,0,37,1,
2026|4291|3|0|80|1,,,2026,,4291,,3,0,80,1,
2026|4291|3|0|63|1,,,2026,,4291,,3,0,63,1,
2026|4291|3|1|10|1,,,2026,,4291,,3,1,10,1,
2026|4291|3|0|62|1,,,2026,,4291,,3,0,62,1,
2026|4291|3|0|60|1,,,2026,,4291,,3,0,60,1,
2026|4291|3|0|57|1,,,2026,,4291,,3,0,57,1,
2026|4291|3|0|71|1,,,2026,,4291,,3,0,71,1,
2026|4291|3|0|10|7,,,2026,,4291,,3,0,10,7,
2026|4291|3|0|92|1,,,2026,,4291,,3,0,92,1,
2026|4291|3|0|10|8,,,2026,,4291,,3,0,10,8,
2026|4291|3|0|10|1,,,2026,,4291,,3,0,10,1,
2026|4291|4|0|98|1,,,2026,,4291,,4,0,98,1,
2026|4291|4|0|95|1,,,2026,,4291,,4,0,95,1,
2026|4291|4|1|95|1,,,2026,,4291,,4,1,95,1,
2026|4291|4|0|64|1,,,2026,,4291,,4,0,64,1,
2026|4291|4|0|93|1,,,2026,,4291,,4,0,93,1,
2026|4291|4|0|65|1,,,2026,,4291,,4,0,65,1,
2026|4291|4|1|80|1,,,2026,,4291,,4,1,80,1,
2026|4291|4|0|80|1,,,2026,,4291,,4,0,80,1,
2026|4291|4|0|10|8,,,2026,,4291,,4,0,10,8,
2026|4291|4|0|10|1,,,2026,,4291,,4,0,10,1,
2026|4321|3|0|10|1,,,2026,,4321,,3,0,10,1,
2026|4331|3|0|10|1,,,2026,,4331,,3,0,10,1,
2026|4331|3|0|59|1,,,2026,,4331,,3,0,59,1,
2026|4341|3|0|31|1,,,2026,,4341,,3,0,31,1,
2026|4341|4|0|31|1,,,2026,,4341,,4,0,31,1,
2026|4381|3|0|83|1,,,2026,,4381,,3,0,83,1,
2026|4381|4|0|54|0,,,2026,,4381,,4,0,54,0,
2026|4381|4|0|83|0,,,2026,,4381,,4,0,83,0,
2026|4381|4|0|83|1,,,2026,,4381,,4,0,83,1,
2026|4421|3|0|39|1,,,2026,,4421,,3,0,39,1,
2026|4421|4|0|39|1,,,2026,,4421,,4,0,39,1,
2026|4441|3|0|60|1,,,2026,,4441,,3,0,60,1,
2026|4441|4|0|47|1,,,2026,,4441,,4,0,47,1,
2026|4441|4|0|60|1,,,2026,,4441,,4,0,60,1,
2026|4451|3|0|60|1,,,2026,,4451,,3,0,60,1,
2026|4451|4|0|47|1,,,2026,,4451,,4,0,47,1,
2026|4451|4|0|60|1,,,2026,,4451,,4,0,60,1,
2026|4491|3|1|10|8,,,2026,,4491,,3,1,10,8,
2026|4491|3|1|59|1,,,2026,,4491,,3,1,59,1,
2026|4491|4|1|59|1,,,2026,,4491,,4,1,59,1,
2026|4541|3|0|60|1,,,2026,,4541,,3,0,60,1,
2026|4541|5|0|60|1,,,2026,,4541,,5,0,60,1,
2026|4551|3|0|59|9,,,2026,,4551,,3,0,59,9,
2026|4551|3|0|10|1,,,2026,,4551,,3,0,10,1,
2026|4551|3|0|59|1,,,2026,,4551,,3,0,59,1,
2026|4601|3|0|45|1,,,2026,,4601,,3,0,45,1,
2026|4601|4|0|45|1,,,2026,,4601,,4,0,45,1,
2026|4611|3|0|60|1,,,2026,,4611,,3,0,60,1,
2026|4611|4|0|60|1,,,2026,,4611,,4,0,60,1,
2026|4621|3|0|60|1,,,2026,,4621,,3,0,60,1,
2026|4621|5|0|60|1,,,2026,,4621,,5,0,60,1,
2026|4631|3|0|59|2,,,2026,,4631,,3,0,59,2,
2026|4631|3|0|10|1,,,2026,,4631,,3,0,10,1,
2026|4631|5|0|89|1,,,2026,,4631,,5,0,89,1,
2026|4631|5|0|60|2,,,2026,,4631,,5,0,60,2,
2026|4631|5|0|10|0,,,2026,,4631,,5,0,10,0,
2026|4631|5|0|10|1,,,2026,,4631,,5,0,10,1,
2026|4631|5|0|95|1,,,2026,,4631,,5,0,95,1,
2026|4631|5|0|80|1,,,2026,,4631,,5,0,80,1,
2026|4641|3|0|10|1,,,2026,,4641,,3,0,10,1,
2026|4651|3|0|10|1,,,2026,,4651,,3,0,10,1,
2026|4661|3|0|60|1,,,2026,,4661,,3,0,60,1,
2026|4671|3|0|10|1,,,2026,,4671,,3,0,10,1,
2026|4691|3|0|57|1,,,2026,,4691,,3,0,57,1,
2026|4691|4|0|57|1,,,2026,,4691,,4,0,57,1,
2026|4701|3|0|10|3,,,2026,,4701,,3,0,10,3,
2026|4701|3|0|57|1,,,2026,,4701,,3,0,57,1,
2026|4701|3|1|57|1,,,2026,,4701,,3,1,57,1,
2026|4701|4|0|57|1,,,2026,,4701,,4,0,57,1,
2026|4711|1|0|44|1,,,2026,,4711,,1,0,44,1,
2026|4711|1|0|10|9,,,2026,,4711,,1,0,10,9,
2026|4711|1|0|52|2,,,2026,,4711,,1,0,52,2,
2026|4711|1|0|61|1,,,2026,,4711,,1,0,61,1,
2026|4711|1|0|60|2,,,2026,,4711,,1,0,60,2,
2026|4711|1|0|43|1,,,2026,,4711,,1,0,43,1,
2026|4711|1|0|42|1,,,2026,,4711,,1,0,42,1,
2026|4711|1|0|15|1,,,2026,,4711,,1,0,15,1,
2026|4711|1|0|10|1,,,2026,,4711,,1,0,10,1,
2026|4711|3|0|10|1,,,2026,,4711,,3,0,10,1,
2026|4721|3|0|10|1,,,2026,,4721,,3,0,10,1,
2026|4731|3|0|59|1,,,2026,,4731,,3,0,59,1,
2026|4731|4|0|59|1,,,2026,,4731,,4,0,59,1,
2026|4741|3|0|60|1,,,2026,,4741,,3,0,60,1,
2026|4741|3|0|59|1,,,2026,,4741,,3,0,59,1,
2026|4741|4|0|60|1,,,2026,,4741,,4,0,60,1,
2026|4741|4|0|59|1,,,2026,,4741,,4,0,59,1,
2026|4751|3|0|59|1,,,2026,,4751,,3,0,59,1,
2026|4751|4|0|59|1,,,2026,,4751,,4,0,59,1,
2025|1011|1|0|10|9,,,2025,,1011,,1,0,10,9,
2025|1011|1|0|42|5,,,2025,,1011,,1,0,42,5,
2025|1011|1|0|10|5,,,2025,,1011,,1,0,10,5,
2025|1011|1|0|10|1,,,2025,,1011,,1,0,10,1,
2025|1011|1|0|43|5,,,2025,,1011,,1,0,43,5,
2025|1011|3|0|60|1,,,2025,,1011,,3,0,60,1,
2025|1011|3|0|10|1,,,2025,,1011,,3,0,10,1,
2025|1011|3|0|10|9,,,2025,,1011,,3,0,10,9,
2025|1011|3|0|10|7,,,2025,,1011,,3,0,10,7,
2025|1011|4|0|10|1,,,2025,,1011,,4,0,10,1,
2025|1011|5|0|10|1,,,2025,,1011,,5,0,10,1,
2025|1021|1|0|60|1,,,2025,,1021,,1,0,60,1,
2025|1021|1|0|60|5,,,2025,,1021,,1,0,60,5,
2025|1021|1|0|10|5,,,2025,,1021,,1,0,10,5,
2025|1021|1|0|43|5,,,2025,,1021,,1,0,43,5,
2025|1021|1|0|42|5,,,2025,,1021,,1,0,42,5,
2025|1021|1|0|10|1,,,2025,,1021,,1,0,10,1,
2025|1021|3|0|60|1,,,2025,,1021,,3,0,60,1,
2025|1021|3|0|10|1,,,2025,,1021,,3,0,10,1,
2025|1021|3|0|10|9,,,2025,,1021,,3,0,10,9,
2025|1021|3|0|10|7,,,2025,,1021,,3,0,10,7,
2025|1021|4|0|60|1,,,2025,,1021,,4,0,60,1,
2025|1021|4|0|10|1,,,2025,,1021,,4,0,10,1,
2025|1031|1|0|10|1,,,2025,,1031,,1,0,10,1,
2025|1031|1|0|10|9,,,2025,,1031,,1,0,10,9,
2025|1031|1|0|10|5,,,2025,,1031,,1,0,10,5,
2025|1031|1|0|43|5,,,2025,,1031,,1,0,43,5,
2025|1031|1|0|42|5,,,2025,,1031,,1,0,42,5,
2025|1031|3|0|60|7,,,2025,,1031,,3,0,60,7,
2025|1031|3|0|10|7,,,2025,,1031,,3,0,10,7,
2025|1051|1|0|10|1,,,2025,,1051,,1,0,10,1,
2025|1051|1|0|10|5,,,2025,,1051,,1,0,10,5,
2025|1051|1|0|10|9,,,2025,,1051,,1,0,10,9,
2025|1051|1|0|43|5,,,2025,,1051,,1,0,43,5,
2025|1051|1|0|42|5,,,2025,,1051,,1,0,42,5,
2025|1051|3|0|10|1,,,2025,,1051,,3,0,10,1,
2025|1051|3|0|10|7,,,2025,,1051,,3,0,10,7,
2025|1051|3|0|60|1,,,2025,,1051,,3,0,60,1,
2025|1051|4|0|10|1,,,2025,,1051,,4,0,10,1,
2025|1051|4|0|60|1,,,2025,,1051,,4,0,60,1,
2025|1071|1|0|10|1,,,2025,,1071,,1,0,10,1,
2025|1071|3|0|98|1,,,2025,,1071,,3,0,98,1,
2025|1071|3|1|15|1,,,2025,,1071,,3,1,15,1,
2025|1071|3|1|10|8,,,2025,,1071,,3,1,10,8,
2025|1071|3|0|95|1,,,2025,,1071,,3,0,95,1,
2025|1071|3|0|10|1,,,2025,,1071,,3,0,10,1,
2025|1071|3|1|10|1,,,2025,,1071,,3,1,10,1,
2025|1071|3|0|10|7,,,2025,,1071,,3,0,10,7,
2025|1071|3|0|57|1,,,2025,,1071,,3,0,57,1,
2025|1071|4|1|15|1,,,2025,,1071,,4,1,15,1,
2025|1071|4|0|10|1,,,2025,,1071,,4,0,10,1,
2025|1071|4|0|15|1,,,2025,,1071,,4,0,15,1,
2025|1071|4|1|10|8,,,2025,,1071,,4,1,10,8,
2025|1071|4|1|25|1,,,2025,,1071,,4,1,25,1,
2025|1071|4|0|95|1,,,2025,,1071,,4,0,95,1,
2025|1071|4|0|10|4,,,2025,,1071,,4,0,10,4,
2025|1081|1|0|10|1,,,2025,,1081,,1,0,10,1,
2025|1081|1|0|10|9,,,2025,,1081,,1,0,10,9,
2025|1081|3|0|60|2,,,2025,,1081,,3,0,60,2,
2025|1081|3|0|9|1,,,2025,,1081,,3,0,9,1,
2025|1081|3|0|10|1,,,2025,,1081,,3,0,10,1,
2025|1081|3|0|95|1,,,2025,,1081,,3,0,95,1,
2025|1081|3|0|10|7,,,2025,,1081,,3,0,10,7,
2025|1081|3|0|10|9,,,2025,,1081,,3,0,10,9,
2025|1081|4|0|95|1,,,2025,,1081,,4,0,95,1,
2025|1081|4|0|57|1,,,2025,,1081,,4,0,57,1,
2025|1081|4|0|60|2,,,2025,,1081,,4,0,60,2,
2025|1081|4|0|9|1,,,2025,,1081,,4,0,9,1,
2025|1081|4|0|10|1,,,2025,,1081,,4,0,10,1,
2025|1091|1|0|43|5,,,2025,,1091,,1,0,43,5,
2025|1091|1|0|10|9,,,2025,,1091,,1,0,10,9,
2025|1091|1|0|10|5,,,2025,,1091,,1,0,10,5,
2025|1091|1|0|60|1,,,2025,,1091,,1,0,60,1,
2025|1091|1|0|42|5,,,2025,,1091,,1,0,42,5,
2025|1091|1|0|10|1,,,2025,,1091,,1,0,10,1,
2025|1091|3|0|10|1,,,2025,,1091,,3,0,10,1,
2025|1091|3|0|60|1,,,2025,,1091,,3,0,60,1,
2025|1091|3|0|10|7,,,2025,,1091,,3,0,10,7,
2025|1091|3|0|60|7,,,2025,,1091,,3,0,60,7,
2025|1091|4|0|10|1,,,2025,,1091,,4,0,10,1,
2025|1091|4|0|60|1,,,2025,,1091,,4,0,60,1,
2025|1091|4|0|70|1,,,2025,,1091,,4,0,70,1,
2025|1091|4|0|47|1,,,2025,,1091,,4,0,47,1,
2025|1091|5|0|10|1,,,2025,,1091,,5,0,10,1,
2025|1101|1|0|10|1,,,2025,,1101,,1,0,10,1,
2025|1101|3|0|10|7,,,2025,,1101,,3,0,10,7,
2025|1101|3|0|10|1,,,2025,,1101,,3,0,10,1,
2025|1101|4|0|10|1,,,2025,,1101,,4,0,10,1,
2025|1191|1|0|15|1,,,2025,,1191,,1,0,15,1,
2025|1191|1|0|10|1,,,2025,,1191,,1,0,10,1,
2025|1191|3|1|10|1,,,2025,,1191,,3,1,10,1,
2025|1191|3|0|83|2,,,2025,,1191,,3,0,83,2,
2025|1191|3|0|9|1,,,2025,,1191,,3,0,9,1,
2025|1191|3|0|27|1,,,2025,,1191,,3,0,27,1,
2025|1191|3|0|29|1,,,2025,,1191,,3,0,29,1,
2025|1191|3|0|10|7,,,2025,,1191,,3,0,10,7,
2025|1191|3|0|10|1,,,2025,,1191,,3,0,10,1,
2025|1191|4|0|9|1,,,2025,,1191,,4,0,9,1,
2025|1191|4|0|10|1,,,2025,,1191,,4,0,10,1,
2025|1191|4|0|74|1,,,2025,,1191,,4,0,74,1,
2025|1191|5|0|10|1,,,2025,,1191,,5,0,10,1,
2025|1221|1|0|95|1,,,2025,,1221,,1,0,95,1,
2025|1221|1|0|10|1,,,2025,,1221,,1,0,10,1,
2025|1221|3|0|10|8,,,2025,,1221,,3,0,10,8,
2025|1221|3|0|36|1,,,2025,,1221,,3,0,36,1,
2025|1221|3|0|98|1,,,2025,,1221,,3,0,98,1,
2025|1221|3|0|95|1,,,2025,,1221,,3,0,95,1,
2025|1221|3|1|10|1,,,2025,,1221,,3,1,10,1,
2025|1221|3|0|95|7,,,2025,,1221,,3,0,95,7,
2025|1221|3|0|10|1,,,2025,,1221,,3,0,10,1,
2025|1221|3|0|10|4,,,2025,,1221,,3,0,10,4,
2025|1221|3|0|10|7,,,2025,,1221,,3,0,10,7,
2025|1221|3|0|32|1,,,2025,,1221,,3,0,32,1,
2025|1221|3|1|32|1,,,2025,,1221,,3,1,32,1,
2025|1221|3|0|80|1,,,2025,,1221,,3,0,80,1,
2025|1221|3|1|80|1,,,2025,,1221,,3,1,80,1,
2025|1221|3|0|24|1,,,2025,,1221,,3,0,24,1,
2025|1221|4|0|71|3,,,2025,,1221,,4,0,71,3,
2025|1221|4|0|32|1,,,2025,,1221,,4,0,32,1,
2025|1221|4|0|10|1,,,2025,,1221,,4,0,10,1,
2025|1221|4|0|24|1,,,2025,,1221,,4,0,24,1,
2025|1221|4|0|95|1,,,2025,,1221,,4,0,95,1,
2025|1231|1|0|10|1,,,2025,,1231,,1,0,10,1,
2025|1231|1|1|71|1,,,2025,,1231,,1,1,71,1,
2025|1231|3|1|24|1,,,2025,,1231,,3,1,24,1,
2025|1231|3|1|10|3,,,2025,,1231,,3,1,10,3,
2025|1231|3|0|79|2,,,2025,,1231,,3,0,79,2,
2025|1231|3|1|10|8,,,2025,,1231,,3,1,10,8,
2025|1231|3|0|10|3,,,2025,,1231,,3,0,10,3,
2025|1231|3|0|98|1,,,2025,,1231,,3,0,98,1,
2025|1231|3|0|71|1,,,2025,,1231,,3,0,71,1,
2025|1231|3|0|10|8,,,2025,,1231,,3,0,10,8,
2025|1231|3|1|1|1,,,2025,,1231,,3,1,1,1,
2025|1231|3|1|71|1,,,2025,,1231,,3,1,71,1,
2025|1231|3|0|10|7,,,2025,,1231,,3,0,10,7,
2025|1231|3|1|95|1,,,2025,,1231,,3,1,95,1,
2025|1231|3|1|10|4,,,2025,,1231,,3,1,10,4,
2025|1231|3|1|71|7,,,2025,,1231,,3,1,71,7,
2025|1231|3|1|80|1,,,2025,,1231,,3,1,80,1,
2025|1231|3|0|59|1,,,2025,,1231,,3,0,59,1,
2025|1231|3|0|10|4,,,2025,,1231,,3,0,10,4,
2025|1231|3|0|10|1,,,2025,,1231,,3,0,10,1,
2025|1231|3|0|80|1,,,2025,,1231,,3,0,80,1,
2025|1231|3|0|69|1,,,2025,,1231,,3,0,69,1,
2025|1231|4|1|71|1,,,2025,,1231,,4,1,71,1,
2025|1231|4|0|79|2,,,2025,,1231,,4,0,79,2,
2025|1231|4|0|10|3,,,2025,,1231,,4,0,10,3,
2025|1231|4|0|10|1,,,2025,,1231,,4,0,10,1,
2025|1231|4|0|59|1,,,2025,,1231,,4,0,59,1,
2025|1231|4|0|10|8,,,2025,,1231,,4,0,10,8,
2025|1231|4|0|98|1,,,2025,,1231,,4,0,98,1,
2025|1231|4|0|10|4,,,2025,,1231,,4,0,10,4,
2025|1231|4|0|15|1,,,2025,,1231,,4,0,15,1,
2025|1231|4|0|80|1,,,2025,,1231,,4,0,80,1,
2025|1231|4|0|24|1,,,2025,,1231,,4,0,24,1,
2025|1251|1|0|75|1,,,2025,,1251,,1,0,75,1,
2025|1251|1|0|30|1,,,2025,,1251,,1,0,30,1,
2025|1251|1|0|27|1,,,2025,,1251,,1,0,27,1,
2025|1251|1|0|10|1,,,2025,,1251,,1,0,10,1,
2025|1251|3|0|45|1,,,2025,,1251,,3,0,45,1,
2025|1251|3|0|95|1,,,2025,,1251,,3,0,95,1,
2025|1251|3|0|10|3,,,2025,,1251,,3,0,10,3,
2025|1251|3|0|97|1,,,2025,,1251,,3,0,97,1,
2025|1251|3|0|15|1,,,2025,,1251,,3,0,15,1,
2025|1251|3|0|60|2,,,2025,,1251,,3,0,60,2,
2025|1251|3|0|82|1,,,2025,,1251,,3,0,82,1,
2025|1251|3|1|10|1,,,2025,,1251,,3,1,10,1,
2025|1251|3|1|10|8,,,2025,,1251,,3,1,10,8,
2025|1251|3|0|80|1,,,2025,,1251,,3,0,80,1,
2025|1251|3|0|60|1,,,2025,,1251,,3,0,60,1,
2025|1251|3|0|68|1,,,2025,,1251,,3,0,68,1,
2025|1251|3|0|24|1,,,2025,,1251,,3,0,24,1,
2025|1251|3|0|10|1,,,2025,,1251,,3,0,10,1,
2025|1251|3|0|1|1,,,2025,,1251,,3,0,1,1,
2025|1251|3|0|69|1,,,2025,,1251,,3,0,69,1,
2025|1251|3|0|52|2,,,2025,,1251,,3,0,52,2,
2025|1251|3|0|2|1,,,2025,,1251,,3,0,2,1,
2025|1251|3|0|83|2,,,2025,,1251,,3,0,83,2,
2025|1251|3|0|9|1,,,2025,,1251,,3,0,9,1,
2025|1251|3|0|70|1,,,2025,,1251,,3,0,70,1,
2025|1251|3|0|73|1,,,2025,,1251,,3,0,73,1,
2025|1251|3|0|10|7,,,2025,,1251,,3,0,10,7,
2025|1251|4|0|10|8,,,2025,,1251,,4,0,10,8,
2025|1251|4|0|15|1,,,2025,,1251,,4,0,15,1,
2025|1251|4|0|60|1,,,2025,,1251,,4,0,60,1,
2025|1251|4|0|10|3,,,2025,,1251,,4,0,10,3,
2025|1251|4|0|45|1,,,2025,,1251,,4,0,45,1,
2025|1251|4|1|15|0,,,2025,,1251,,4,1,15,0,
2025|1251|4|0|60|2,,,2025,,1251,,4,0,60,2,
2025|1251|4|0|15|0,,,2025,,1251,,4,0,15,0,
2025|1251|4|0|98|1,,,2025,,1251,,4,0,98,1,
2025|1251|4|1|15|1,,,2025,,1251,,4,1,15,1,
2025|1251|4|0|97|1,,,2025,,1251,,4,0,97,1,
2025|1251|4|0|10|4,,,2025,,1251,,4,0,10,4,
2025|1251|4|1|10|8,,,2025,,1251,,4,1,10,8,
2025|1251|4|0|10|1,,,2025,,1251,,4,0,10,1,
2025|1251|4|0|69|1,,,2025,,1251,,4,0,69,1,
2025|1251|4|0|68|1,,,2025,,1251,,4,0,68,1,
2025|1251|4|0|95|1,,,2025,,1251,,4,0,95,1,
2025|1251|4|0|9|1,,,2025,,1251,,4,0,9,1,
2025|1251|4|0|80|1,,,2025,,1251,,4,0,80,1,
2025|1251|4|0|1|1,,,2025,,1251,,4,0,1,1,
2025|1251|4|0|70|1,,,2025,,1251,,4,0,70,1,
2025|1251|4|0|24|1,,,2025,,1251,,4,0,24,1,
2025|1251|4|0|2|1,,,2025,,1251,,4,0,2,1,
2025|1251|4|0|73|1,,,2025,,1251,,4,0,73,1,
2025|1251|5|0|10|1,,,2025,,1251,,5,0,10,1,
2025|1261|1|0|90|1,,,2025,,1261,,1,0,90,1,
2025|1261|1|0|23|1,,,2025,,1261,,1,0,23,1,
2025|1261|1|0|10|1,,,2025,,1261,,1,0,10,1,
2025|1261|3|0|10|8,,,2025,,1261,,3,0,10,8,
2025|1261|3|1|10|8,,,2025,,1261,,3,1,10,8,
2025|1261|3|0|15|1,,,2025,,1261,,3,0,15,1,
2025|1261|3|1|15|1,,,2025,,1261,,3,1,15,1,
2025|1261|3|1|36|1,,,2025,,1261,,3,1,36,1,
2025|1261|3|0|70|1,,,2025,,1261,,3,0,70,1,
2025|1261|3|0|21|3,,,2025,,1261,,3,0,21,3,
2025|1261|3|1|71|1,,,2025,,1261,,3,1,71,1,
2025|1261|3|0|23|1,,,2025,,1261,,3,0,23,1,
2025|1261|3|0|24|1,,,2025,,1261,,3,0,24,1,
2025|1261|3|0|98|1,,,2025,,1261,,3,0,98,1,
2025|1261|3|1|23|1,,,2025,,1261,,3,1,23,1,
2025|1261|3|1|21|1,,,2025,,1261,,3,1,21,1,
2025|1261|3|0|21|1,,,2025,,1261,,3,0,21,1,
2025|1261|3|0|10|3,,,2025,,1261,,3,0,10,3,
2025|1261|3|0|13|1,,,2025,,1261,,3,0,13,1,
2025|1261|3|0|10|7,,,2025,,1261,,3,0,10,7,
2025|1261|3|1|10|1,,,2025,,1261,,3,1,10,1,
2025|1261|3|0|23|7,,,2025,,1261,,3,0,23,7,
2025|1261|3|0|10|1,,,2025,,1261,,3,0,10,1,
2025|1261|3|0|36|1,,,2025,,1261,,3,0,36,1,
2025|1261|4|0|10|0,,,2025,,1261,,4,0,10,0,
2025|1261|4|1|10|0,,,2025,,1261,,4,1,10,0,
2025|1261|4|1|10|8,,,2025,,1261,,4,1,10,8,
2025|1261|4|0|15|1,,,2025,,1261,,4,0,15,1,
2025|1261|4|1|15|1,,,2025,,1261,,4,1,15,1,
2025|1261|4|1|98|1,,,2025,,1261,,4,1,98,1,
2025|1261|4|1|21|1,,,2025,,1261,,4,1,21,1,
2025|1261|4|0|21|1,,,2025,,1261,,4,0,21,1,
2025|1261|4|0|36|1,,,2025,,1261,,4,0,36,1,
2025|1261|4|0|98|1,,,2025,,1261,,4,0,98,1,
2025|1261|4|1|10|3,,,2025,,1261,,4,1,10,3,
2025|1261|4|0|10|3,,,2025,,1261,,4,0,10,3,
2025|1261|4|0|10|4,,,2025,,1261,,4,0,10,4,
2025|1261|4|0|10|8,,,2025,,1261,,4,0,10,8,
2025|1261|4|0|3|1,,,2025,,1261,,4,0,3,1,
2025|1261|4|1|24|1,,,2025,,1261,,4,1,24,1,
2025|1261|4|0|24|1,,,2025,,1261,,4,0,24,1,
2025|1261|4|1|10|1,,,2025,,1261,,4,1,10,1,
2025|1261|4|0|10|1,,,2025,,1261,,4,0,10,1,
2025|1261|4|1|36|1,,,2025,,1261,,4,1,36,1,
2025|1261|5|0|10|1,,,2025,,1261,,5,0,10,1,
2025|1271|1|0|10|1,,,2025,,1271,,1,0,10,1,
2025|1271|3|0|57|1,,,2025,,1271,,3,0,57,1,
2025|1271|3|0|80|1,,,2025,,1271,,3,0,80,1,
2025|1271|3|0|15|1,,,2025,,1271,,3,0,15,1,
2025|1271|3|0|10|8,,,2025,,1271,,3,0,10,8,
2025|1271|3|1|10|1,,,2025,,1271,,3,1,10,1,
2025|1271|3|0|10|7,,,2025,,1271,,3,0,10,7,
2025|1271|3|0|10|1,,,2025,,1271,,3,0,10,1,
2025|1271|3|0|24|1,,,2025,,1271,,3,0,24,1,
2025|1271|3|0|95|1,,,2025,,1271,,3,0,95,1,
2025|1271|3|0|10|4,,,2025,,1271,,3,0,10,4,
2025|1271|3|0|69|1,,,2025,,1271,,3,0,69,1,
2025|1271|3|0|17|1,,,2025,,1271,,3,0,17,1,
2025|1271|3|0|16|1,,,2025,,1271,,3,0,16,1,
2025|1271|4|0|69|1,,,2025,,1271,,4,0,69,1,
2025|1271|4|0|10|8,,,2025,,1271,,4,0,10,8,
2025|1271|4|0|95|1,,,2025,,1271,,4,0,95,1,
2025|1271|4|0|10|1,,,2025,,1271,,4,0,10,1,
2025|1271|4|0|24|1,,,2025,,1271,,4,0,24,1,
2025|1301|1|0|10|1,,,2025,,1301,,1,0,10,1,
2025|1301|3|0|57|1,,,2025,,1301,,3,0,57,1,
2025|1301|3|0|59|1,,,2025,,1301,,3,0,59,1,
2025|1301|3|0|74|1,,,2025,,1301,,3,0,74,1,
2025|1301|3|0|73|1,,,2025,,1301,,3,0,73,1,
2025|1301|3|0|10|4,,,2025,,1301,,3,0,10,4,
2025|1301|3|0|60|2,,,2025,,1301,,3,0,60,2,
2025|1301|3|0|70|1,,,2025,,1301,,3,0,70,1,
2025|1301|3|0|98|1,,,2025,,1301,,3,0,98,1,
2025|1301|3|0|10|7,,,2025,,1301,,3,0,10,7,
2025|1301|3|0|24|1,,,2025,,1301,,3,0,24,1,
2025|1301|3|0|95|1,,,2025,,1301,,3,0,95,1,
2025|1301|3|0|10|1,,,2025,,1301,,3,0,10,1,
2025|1301|4|0|15|3,,,2025,,1301,,4,0,15,3,
2025|1301|4|0|98|1,,,2025,,1301,,4,0,98,1,
2025|1301|4|0|59|1,,,2025,,1301,,4,0,59,1,
2025|1301|4|0|25|1,,,2025,,1301,,4,0,25,1,
2025|1301|4|0|10|8,,,2025,,1301,,4,0,10,8,
2025|1301|4|0|15|1,,,2025,,1301,,4,0,15,1,
2025|1301|4|0|74|1,,,2025,,1301,,4,0,74,1,
2025|1301|4|0|32|1,,,2025,,1301,,4,0,32,1,
2025|1301|4|0|70|1,,,2025,,1301,,4,0,70,1,
2025|1301|4|0|10|1,,,2025,,1301,,4,0,10,1,
2025|1301|4|0|60|2,,,2025,,1301,,4,0,60,2,
2025|1301|4|0|10|3,,,2025,,1301,,4,0,10,3,
2025|1301|4|0|95|1,,,2025,,1301,,4,0,95,1,
2025|1301|4|0|24|1,,,2025,,1301,,4,0,24,1,
2025|1371|1|0|72|1,,,2025,,1371,,1,0,72,1,
2025|1371|3|0|15|1,,,2025,,1371,,3,0,15,1,
2025|1371|3|0|52|2,,,2025,,1371,,3,0,52,2,
2025|1371|3|1|80|1,,,2025,,1371,,3,1,80,1,
2025|1371|3|1|72|1,,,2025,,1371,,3,1,72,1,
2025|1371|3|1|10|8,,,2025,,1371,,3,1,10,8,
2025|1371|3|1|94|1,,,2025,,1371,,3,1,94,1,
2025|1371|3|0|10|4,,,2025,,1371,,3,0,10,4,
2025|1371|3|0|10|8,,,2025,,1371,,3,0,10,8,
2025|1371|3|0|94|1,,,2025,,1371,,3,0,94,1,
2025|1371|3|0|29|1,,,2025,,1371,,3,0,29,1,
2025|1371|3|0|9|1,,,2025,,1371,,3,0,9,1,
2025|1371|3|0|72|1,,,2025,,1371,,3,0,72,1,
2025|1371|3|0|24|1,,,2025,,1371,,3,0,24,1,
2025|1371|3|0|31|7,,,2025,,1371,,3,0,31,7,
2025|1371|3|0|72|3,,,2025,,1371,,3,0,72,3,
2025|1371|3|0|80|1,,,2025,,1371,,3,0,80,1,
2025|1371|4|0|15|1,,,2025,,1371,,4,0,15,1,
2025|1371|4|0|97|1,,,2025,,1371,,4,0,97,1,
2025|1371|4|0|1|1,,,2025,,1371,,4,0,1,1,
2025|1371|4|0|2|1,,,2025,,1371,,4,0,2,1,
2025|1371|4|0|72|1,,,2025,,1371,,4,0,72,1,
2025|1371|4|0|10|4,,,2025,,1371,,4,0,10,4,
2025|1371|4|0|10|8,,,2025,,1371,,4,0,10,8,
2025|1371|4|0|72|3,,,2025,,1371,,4,0,72,3,
2025|1371|4|0|9|1,,,2025,,1371,,4,0,9,1,
2025|1371|4|0|79|1,,,2025,,1371,,4,0,79,1,
2025|1371|4|0|95|1,,,2025,,1371,,4,0,95,1,
2025|1371|4|0|24|1,,,2025,,1371,,4,0,24,1,
2025|1401|1|0|10|1,,,2025,,1401,,1,0,10,1,
2025|1401|3|0|10|8,,,2025,,1401,,3,0,10,8,
2025|1401|3|0|60|2,,,2025,,1401,,3,0,60,2,
2025|1401|3|0|60|1,,,2025,,1401,,3,0,60,1,
2025|1401|3|1|27|1,,,2025,,1401,,3,1,27,1,
2025|1401|3|0|27|1,,,2025,,1401,,3,0,27,1,
2025|1401|3|0|66|1,,,2025,,1401,,3,0,66,1,
2025|1401|3|0|70|1,,,2025,,1401,,3,0,70,1,
2025|1401|3|0|10|7,,,2025,,1401,,3,0,10,7,
2025|1401|3|0|10|1,,,2025,,1401,,3,0,10,1,
2025|1401|3|0|95|1,,,2025,,1401,,3,0,95,1,
2025|1401|3|0|24|1,,,2025,,1401,,3,0,24,1,
2025|1401|4|0|27|1,,,2025,,1401,,4,0,27,1,
2025|1401|4|0|10|4,,,2025,,1401,,4,0,10,4,
2025|1401|4|0|15|1,,,2025,,1401,,4,0,15,1,
2025|1401|4|0|15|0,,,2025,,1401,,4,0,15,0,
2025|1401|4|0|60|2,,,2025,,1401,,4,0,60,2,
2025|1401|4|0|10|3,,,2025,,1401,,4,0,10,3,
2025|1401|4|0|10|8,,,2025,,1401,,4,0,10,8,
2025|1401|4|0|97|1,,,2025,,1401,,4,0,97,1,
2025|1401|4|0|60|1,,,2025,,1401,,4,0,60,1,
2025|1401|4|1|27|1,,,2025,,1401,,4,1,27,1,
2025|1401|4|0|10|1,,,2025,,1401,,4,0,10,1,
2025|1401|4|0|1|1,,,2025,,1401,,4,0,1,1,
2025|1401|4|0|66|1,,,2025,,1401,,4,0,66,1,
2025|1401|4|0|98|1,,,2025,,1401,,4,0,98,1,
2025|1401|4|0|74|1,,,2025,,1401,,4,0,74,1,
2025|1401|4|0|95|1,,,2025,,1401,,4,0,95,1,
2025|1401|4|0|70|1,,,2025,,1401,,4,0,70,1,
2025|1401|4|0|25|1,,,2025,,1401,,4,0,25,1,
2025|1401|4|0|80|1,,,2025,,1401,,4,0,80,1,
2025|1401|4|0|2|1,,,2025,,1401,,4,0,2,1,
2025|1401|4|0|24|1,,,2025,,1401,,4,0,24,1,
2025|1441|1|0|10|9,,,2025,,1441,,1,0,10,9,
2025|1441|1|0|43|5,,,2025,,1441,,1,0,43,5,
2025|1441|1|0|42|5,,,2025,,1441,,1,0,42,5,
2025|1441|1|0|10|5,,,2025,,1441,,1,0,10,5,
2025|1441|1|0|10|1,,,2025,,1441,,1,0,10,1,
2025|1441|3|0|10|1,,,2025,,1441,,3,0,10,1,
2025|1441|3|0|10|7,,,2025,,1441,,3,0,10,7,
2025|1441|3|0|60|1,,,2025,,1441,,3,0,60,1,
2025|1441|4|0|10|1,,,2025,,1441,,4,0,10,1,
2025|1441|4|0|60|1,,,2025,,1441,,4,0,60,1,
2025|1441|4|0|47|1,,,2025,,1441,,4,0,47,1,
2025|1451|1|0|57|2,,,2025,,1451,,1,0,57,2,
2025|1451|1|0|27|1,,,2025,,1451,,1,0,27,1,
2025|1451|1|0|10|1,,,2025,,1451,,1,0,10,1,
2025|1451|3|0|10|8,,,2025,,1451,,3,0,10,8,
2025|1451|3|1|10|8,,,2025,,1451,,3,1,10,8,
2025|1451|3|1|10|3,,,2025,,1451,,3,1,10,3,
2025|1451|3|0|10|3,,,2025,,1451,,3,0,10,3,
2025|1451|3|0|95|1,,,2025,,1451,,3,0,95,1,
2025|1451|3|0|60|2,,,2025,,1451,,3,0,60,2,
2025|1451|3|0|1|1,,,2025,,1451,,3,0,1,1,
2025|1451|3|1|2|1,,,2025,,1451,,3,1,2,1,
2025|1451|3|1|60|2,,,2025,,1451,,3,1,60,2,
2025|1451|3|0|61|1,,,2025,,1451,,3,0,61,1,
2025|1451|3|1|24|1,,,2025,,1451,,3,1,24,1,
2025|1451|3|1|10|1,,,2025,,1451,,3,1,10,1,
2025|1451|3|0|10|7,,,2025,,1451,,3,0,10,7,
2025|1451|3|0|60|1,,,2025,,1451,,3,0,60,1,
2025|1451|3|0|24|1,,,2025,,1451,,3,0,24,1,
2025|1451|3|0|10|1,,,2025,,1451,,3,0,10,1,
2025|1451|3|0|27|7,,,2025,,1451,,3,0,27,7,
2025|1451|4|0|9|1,,,2025,,1451,,4,0,9,1,
2025|1451|4|0|10|4,,,2025,,1451,,4,0,10,4,
2025|1451|4|1|15|0,,,2025,,1451,,4,1,15,0,
2025|1451|4|1|10|8,,,2025,,1451,,4,1,10,8,
2025|1451|4|0|10|3,,,2025,,1451,,4,0,10,3,
2025|1451|4|1|97|1,,,2025,,1451,,4,1,97,1,
2025|1451|4|1|95|1,,,2025,,1451,,4,1,95,1,
2025|1451|4|1|10|3,,,2025,,1451,,4,1,10,3,
2025|1451|4|1|98|1,,,2025,,1451,,4,1,98,1,
2025|1451|4|1|60|2,,,2025,,1451,,4,1,60,2,
2025|1451|4|0|60|2,,,2025,,1451,,4,0,60,2,
2025|1451|4|0|60|1,,,2025,,1451,,4,0,60,1,
2025|1451|4|1|10|1,,,2025,,1451,,4,1,10,1,
2025|1451|4|0|10|1,,,2025,,1451,,4,0,10,1,
2025|1451|4|0|10|8,,,2025,,1451,,4,0,10,8,
2025|1451|4|0|1|1,,,2025,,1451,,4,0,1,1,
2025|1451|4|1|1|1,,,2025,,1451,,4,1,1,1,
2025|1451|4|1|2|1,,,2025,,1451,,4,1,2,1,
2025|1451|4|0|24|1,,,2025,,1451,,4,0,24,1,
2025|1451|4|1|24|1,,,2025,,1451,,4,1,24,1,
2025|1481|1|1|71|1,,,2025,,1481,,1,1,71,1,
2025|1481|1|0|71|1,,,2025,,1481,,1,0,71,1,
2025|1481|1|0|10|1,,,2025,,1481,,1,0,10,1,
2025|1481|3|0|10|3,,,2025,,1481,,3,0,10,3,
2025|1481|3|1|10|1,,,2025,,1481,,3,1,10,1,
2025|1481|3|0|71|3,,,2025,,1481,,3,0,71,3,
2025|1481|3|0|97|1,,,2025,,1481,,3,0,97,1,
2025|1481|3|1|71|7,,,2025,,1481,,3,1,71,7,
2025|1481|3|0|1|1,,,2025,,1481,,3,0,1,1,
2025|1481|3|1|10|8,,,2025,,1481,,3,1,10,8,
2025|1481|3|1|10|4,,,2025,,1481,,3,1,10,4,
2025|1481|3|1|80|1,,,2025,,1481,,3,1,80,1,
2025|1481|3|0|10|7,,,2025,,1481,,3,0,10,7,
2025|1481|3|0|10|1,,,2025,,1481,,3,0,10,1,
2025|1481|3|1|2|1,,,2025,,1481,,3,1,2,1,
2025|1481|3|0|71|1,,,2025,,1481,,3,0,71,1,
2025|1481|3|0|10|8,,,2025,,1481,,3,0,10,8,
2025|1481|3|0|71|7,,,2025,,1481,,3,0,71,7,
2025|1481|3|1|38|1,,,2025,,1481,,3,1,38,1,
2025|1481|3|0|10|4,,,2025,,1481,,3,0,10,4,
2025|1481|3|0|38|1,,,2025,,1481,,3,0,38,1,
2025|1481|3|0|24|1,,,2025,,1481,,3,0,24,1,
2025|1481|3|1|71|1,,,2025,,1481,,3,1,71,1,
2025|1481|3|0|80|1,,,2025,,1481,,3,0,80,1,
2025|1481|3|0|59|1,,,2025,,1481,,3,0,59,1,
2025|1481|4|0|1|1,,,2025,,1481,,4,0,1,1,
2025|1481|4|0|10|3,,,2025,,1481,,4,0,10,3,
2025|1481|4|0|71|3,,,2025,,1481,,4,0,71,3,
2025|1481|4|0|71|1,,,2025,,1481,,4,0,71,1,
2025|1481|4|0|10|1,,,2025,,1481,,4,0,10,1,
2025|1481|4|0|97|1,,,2025,,1481,,4,0,97,1,
2025|1481|4|0|15|1,,,2025,,1481,,4,0,15,1,
2025|1481|4|1|98|1,,,2025,,1481,,4,1,98,1,
2025|1481|4|1|10|8,,,2025,,1481,,4,1,10,8,
2025|1481|4|0|10|8,,,2025,,1481,,4,0,10,8,
2025|1481|4|0|10|4,,,2025,,1481,,4,0,10,4,
2025|1481|4|0|38|1,,,2025,,1481,,4,0,38,1,
2025|1481|4|0|24|1,,,2025,,1481,,4,0,24,1,
2025|1481|4|1|71|1,,,2025,,1481,,4,1,71,1,
2025|1481|5|0|97|1,,,2025,,1481,,5,0,97,1,
2025|1491|1|0|10|1,,,2025,,1491,,1,0,10,1,
2025|1491|3|0|24|1,,,2025,,1491,,3,0,24,1,
2025|1491|3|0|10|1,,,2025,,1491,,3,0,10,1,
2025|1491|3|1|10|1,,,2025,,1491,,3,1,10,1,
2025|1491|3|1|10|8,,,2025,,1491,,3,1,10,8,
2025|1491|3|0|10|7,,,2025,,1491,,3,0,10,7,
2025|1491|4|0|80|1,,,2025,,1491,,4,0,80,1,
2025|1491|4|0|15|1,,,2025,,1491,,4,0,15,1,
2025|1491|4|0|10|1,,,2025,,1491,,4,0,10,1,
2025|1491|4|0|10|8,,,2025,,1491,,4,0,10,8,
2025|1491|4|0|10|4,,,2025,,1491,,4,0,10,4,
2025|1491|4|1|10|8,,,2025,,1491,,4,1,10,8,
2025|1501|1|0|95|1,,,2025,,1501,,1,0,95,1,
2025|1501|1|0|10|1,,,2025,,1501,,1,0,10,1,
2025|1501|3|0|82|1,,,2025,,1501,,3,0,82,1,
2025|1501|3|0|95|1,,,2025,,1501,,3,0,95,1,
2025|1501|3|0|59|2,,,2025,,1501,,3,0,59,2,
2025|1501|3|0|10|7,,,2025,,1501,,3,0,10,7,
2025|1501|3|0|91|2,,,2025,,1501,,3,0,91,2,
2025|1501|3|1|10|1,,,2025,,1501,,3,1,10,1,
2025|1501|3|0|60|2,,,2025,,1501,,3,0,60,2,
2025|1501|3|0|94|1,,,2025,,1501,,3,0,94,1,
2025|1501|3|0|15|1,,,2025,,1501,,3,0,15,1,
2025|1501|3|0|80|1,,,2025,,1501,,3,0,80,1,
2025|1501|3|0|10|1,,,2025,,1501,,3,0,10,1,
2025|1501|4|0|15|1,,,2025,,1501,,4,0,15,1,
2025|1501|4|0|82|1,,,2025,,1501,,4,0,82,1,
2025|1501|4|1|10|1,,,2025,,1501,,4,1,10,1,
2025|1501|4|0|97|1,,,2025,,1501,,4,0,97,1,
2025|1501|4|0|95|1,,,2025,,1501,,4,0,95,1,
2025|1501|4|0|10|1,,,2025,,1501,,4,0,10,1,
2025|1501|4|0|74|1,,,2025,,1501,,4,0,74,1,
2025|1501|4|0|25|1,,,2025,,1501,,4,0,25,1,
2025|1501|5|0|10|1,,,2025,,1501,,5,0,10,1,
2025|1511|1|0|57|2,,,2025,,1511,,1,0,57,2,
2025|1511|1|0|11|1,,,2025,,1511,,1,0,11,1,
2025|1511|1|0|10|1,,,2025,,1511,,1,0,10,1,
2025|1511|3|0|45|1,,,2025,,1511,,3,0,45,1,
2025|1511|3|0|60|1,,,2025,,1511,,3,0,60,1,
2025|1511|3|0|10|8,,,2025,,1511,,3,0,10,8,
2025|1511|3|1|10|8,,,2025,,1511,,3,1,10,8,
2025|1511|3|0|70|1,,,2025,,1511,,3,0,70,1,
2025|1511|3|0|9|1,,,2025,,1511,,3,0,9,1,
2025|1511|3|1|60|2,,,2025,,1511,,3,1,60,2,
2025|1511|3|1|10|1,,,2025,,1511,,3,1,10,1,
2025|1511|3|0|24|1,,,2025,,1511,,3,0,24,1,
2025|1511|3|0|95|1,,,2025,,1511,,3,0,95,1,
2025|1511|3|0|10|1,,,2025,,1511,,3,0,10,1,
2025|1511|3|0|10|7,,,2025,,1511,,3,0,10,7,
2025|1511|4|1|1|1,,,2025,,1511,,4,1,1,1,
2025|1511|4|0|74|1,,,2025,,1511,,4,0,74,1,
2025|1511|4|1|25|1,,,2025,,1511,,4,1,25,1,
2025|1511|4|1|98|1,,,2025,,1511,,4,1,98,1,
2025|1511|4|0|15|1,,,2025,,1511,,4,0,15,1,
2025|1511|4|1|15|1,,,2025,,1511,,4,1,15,1,
2025|1511|4|0|46|1,,,2025,,1511,,4,0,46,1,
2025|1511|4|0|15|0,,,2025,,1511,,4,0,15,0,
2025|1511|4|1|60|2,,,2025,,1511,,4,1,60,2,
2025|1511|4|0|10|8,,,2025,,1511,,4,0,10,8,
2025|1511|4|0|70|1,,,2025,,1511,,4,0,70,1,
2025|1511|4|1|10|8,,,2025,,1511,,4,1,10,8,
2025|1511|4|0|10|3,,,2025,,1511,,4,0,10,3,
2025|1511|4|0|10|4,,,2025,,1511,,4,0,10,4,
2025|1511|4|0|9|1,,,2025,,1511,,4,0,9,1,
2025|1511|4|0|97|1,,,2025,,1511,,4,0,97,1,
2025|1511|4|0|1|1,,,2025,,1511,,4,0,1,1,
2025|1511|4|0|98|1,,,2025,,1511,,4,0,98,1,
2025|1511|4|0|80|1,,,2025,,1511,,4,0,80,1,
2025|1511|4|0|24|1,,,2025,,1511,,4,0,24,1,
2025|1511|4|0|25|1,,,2025,,1511,,4,0,25,1,
2025|1511|4|0|10|1,,,2025,,1511,,4,0,10,1,
2025|1511|4|0|2|1,,,2025,,1511,,4,0,2,1,
2025|1511|4|0|95|1,,,2025,,1511,,4,0,95,1,
2025|1521|1|0|10|1,,,2025,,1521,,1,0,10,1,
2025|1521|3|0|95|1,,,2025,,1521,,3,0,95,1,
2025|1521|3|0|9|1,,,2025,,1521,,3,0,9,1,
2025|1521|3|0|59|1,,,2025,,1521,,3,0,59,1,
2025|1521|3|0|10|1,,,2025,,1521,,3,0,10,1,
2025|1521|3|0|10|7,,,2025,,1521,,3,0,10,7,
2025|1521|4|0|9|1,,,2025,,1521,,4,0,9,1,
2025|1521|4|0|95|1,,,2025,,1521,,4,0,95,1,
2025|1521|4|0|10|1,,,2025,,1521,,4,0,10,1,
2025|1541|1|0|10|1,,,2025,,1541,,1,0,10,1,
2025|1541|3|0|10|7,,,2025,,1541,,3,0,10,7,
2025|1541|3|0|10|1,,,2025,,1541,,3,0,10,1,
2025|1541|4|0|10|1,,,2025,,1541,,4,0,10,1,
2025|1631|1|0|10|1,,,2025,,1631,,1,0,10,1,
2025|1631|3|0|10|1,,,2025,,1631,,3,0,10,1,
2025|1631|3|0|10|7,,,2025,,1631,,3,0,10,7,
2025|1631|4|0|10|1,,,2025,,1631,,4,0,10,1,
2025|1711|1|0|10|1,,,2025,,1711,,1,0,10,1,
2025|1711|3|0|69|1,,,2025,,1711,,3,0,69,1,
2025|1711|3|0|95|1,,,2025,,1711,,3,0,95,1,
2025|1711|3|0|10|1,,,2025,,1711,,3,0,10,1,
2025|1711|3|0|10|7,,,2025,,1711,,3,0,10,7,
2025|1711|4|0|10|1,,,2025,,1711,,4,0,10,1,
2025|1721|1|0|10|1,,,2025,,1721,,1,0,10,1,
2025|1721|3|0|10|7,,,2025,,1721,,3,0,10,7,
2025|1721|3|0|10|1,,,2025,,1721,,3,0,10,1,
2025|1721|4|0|10|1,,,2025,,1721,,4,0,10,1,
2025|1911|3|0|71|1,,,2025,,1911,,3,0,71,1,
2025|1911|3|0|25|1,,,2025,,1911,,3,0,25,1,
2025|1911|3|0|51|1,,,2025,,1911,,3,0,51,1,
2025|1911|3|0|10|1,,,2025,,1911,,3,0,10,1,
2025|1911|5|0|10|1,,,2025,,1911,,5,0,10,1,
2025|1915|5|0|61|2,,,2025,,1915,,5,0,61,2,
2025|1915|5|0|10|1,,,2025,,1915,,5,0,10,1,
2025|1915|5|0|80|1,,,2025,,1915,,5,0,80,1,
2025|1916|2|0|11|1,,,2025,,1916,,2,0,11,1,
2025|1916|2|0|19|1,,,2025,,1916,,2,0,19,1,
2025|1916|2|0|10|1,,,2025,,1916,,2,0,10,1,
2025|1916|5|0|10|1,,,2025,,1916,,5,0,10,1,
2025|1916|6|0|10|1,,,2025,,1916,,6,0,10,1,
2025|1941|1|0|10|1,,,2025,,1941,,1,0,10,1,
2025|1941|3|0|94|1,,,2025,,1941,,3,0,94,1,
2025|1941|3|0|52|2,,,2025,,1941,,3,0,52,2,
2025|1941|3|0|91|2,,,2025,,1941,,3,0,91,2,
2025|1941|3|0|60|2,,,2025,,1941,,3,0,60,2,
2025|1941|3|0|10|1,,,2025,,1941,,3,0,10,1,
2025|1951|3|0|97|1,,,2025,,1951,,3,0,97,1,
2025|1951|3|0|10|3,,,2025,,1951,,3,0,10,3,
2025|1951|3|0|71|3,,,2025,,1951,,3,0,71,3,
2025|1951|3|0|98|1,,,2025,,1951,,3,0,98,1,
2025|1951|4|0|10|3,,,2025,,1951,,4,0,10,3,
2025|1991|3|0|15|8,,,2025,,1991,,3,0,15,8,
2025|1991|9|0|10|1,,,2025,,1991,,9,0,10,1,
2025|2011|1|0|60|9,,,2025,,2011,,1,0,60,9,
2025|2011|1|0|10|9,,,2025,,2011,,1,0,10,9,
2025|2011|1|0|49|1,,,2025,,2011,,1,0,49,1,
2025|2011|1|0|57|2,,,2025,,2011,,1,0,57,2,
2025|2011|3|0|60|9,,,2025,,2011,,3,0,60,9,
2025|2011|3|0|60|1,,,2025,,2011,,3,0,60,1,
2025|2011|3|0|50|1,,,2025,,2011,,3,0,50,1,
2025|2011|3|0|49|7,,,2025,,2011,,3,0,49,7,
2025|2011|3|0|10|9,,,2025,,2011,,3,0,10,9,
2025|2011|3|0|49|1,,,2025,,2011,,3,0,49,1,
2025|2011|3|0|10|1,,,2025,,2011,,3,0,10,1,
2025|2011|4|0|10|1,,,2025,,2011,,4,0,10,1,
2025|2011|4|0|47|1,,,2025,,2011,,4,0,47,1,
2025|2011|4|0|50|1,,,2025,,2011,,4,0,50,1,
2025|2041|1|0|60|1,,,2025,,2041,,1,0,60,1,
2025|2041|3|0|60|7,,,2025,,2041,,3,0,60,7,
2025|2041|3|0|60|9,,,2025,,2041,,3,0,60,9,
2025|2041|3|0|60|1,,,2025,,2041,,3,0,60,1,
2025|2041|4|0|60|1,,,2025,,2041,,4,0,60,1,
2025|2061|1|0|10|9,,,2025,,2061,,1,0,10,9,
2025|2061|1|0|10|1,,,2025,,2061,,1,0,10,1,
2025|2061|3|0|10|3,,,2025,,2061,,3,0,10,3,
2025|2061|3|0|10|9,,,2025,,2061,,3,0,10,9,
2025|2061|3|0|47|1,,,2025,,2061,,3,0,47,1,
2025|2061|3|0|10|7,,,2025,,2061,,3,0,10,7,
2025|2061|3|0|60|1,,,2025,,2061,,3,0,60,1,
2025|2061|3|0|24|1,,,2025,,2061,,3,0,24,1,
2025|2061|3|0|10|1,,,2025,,2061,,3,0,10,1,
2025|2061|4|0|10|1,,,2025,,2061,,4,0,10,1,
2025|2061|4|0|24|1,,,2025,,2061,,4,0,24,1,
2025|2071|1|0|60|9,,,2025,,2071,,1,0,60,9,
2025|2071|1|0|10|1,,,2025,,2071,,1,0,10,1,
2025|2071|3|0|10|8,,,2025,,2071,,3,0,10,8,
2025|2071|3|0|10|3,,,2025,,2071,,3,0,10,3,
2025|2071|3|0|60|9,,,2025,,2071,,3,0,60,9,
2025|2071|3|0|10|7,,,2025,,2071,,3,0,10,7,
2025|2071|3|0|69|1,,,2025,,2071,,3,0,69,1,
2025|2071|3|0|68|1,,,2025,,2071,,3,0,68,1,
2025|2071|3|1|10|1,,,2025,,2071,,3,1,10,1,
2025|2071|3|0|24|1,,,2025,,2071,,3,0,24,1,
2025|2071|3|0|10|1,,,2025,,2071,,3,0,10,1,
2025|2071|4|0|10|3,,,2025,,2071,,4,0,10,3,
2025|2071|4|0|47|1,,,2025,,2071,,4,0,47,1,
2025|2071|4|0|68|1,,,2025,,2071,,4,0,68,1,
2025|2071|4|0|10|1,,,2025,,2071,,4,0,10,1,
2025|2071|4|1|10|1,,,2025,,2071,,4,1,10,1,
2025|2071|4|0|24|1,,,2025,,2071,,4,0,24,1,
2025|2071|5|0|10|1,,,2025,,2071,,5,0,10,1,
2025|2091|1|0|60|9,,,2025,,2091,,1,0,60,9,
2025|2091|1|0|72|1,,,2025,,2091,,1,0,72,1,
2025|2091|1|0|52|1,,,2025,,2091,,1,0,52,1,
2025|2091|1|0|60|1,,,2025,,2091,,1,0,60,1,
2025|2091|3|0|10|8,,,2025,,2091,,3,0,10,8,
2025|2091|3|0|52|1,,,2025,,2091,,3,0,52,1,
2025|2091|3|0|60|9,,,2025,,2091,,3,0,60,9,
2025|2091|3|0|45|1,,,2025,,2091,,3,0,45,1,
2025|2091|3|0|72|7,,,2025,,2091,,3,0,72,7,
2025|2091|3|0|72|1,,,2025,,2091,,3,0,72,1,
2025|2091|3|0|9|1,,,2025,,2091,,3,0,9,1,
2025|2091|4|0|60|1,,,2025,,2091,,4,0,60,1,
2025|2091|4|0|72|1,,,2025,,2091,,4,0,72,1,
2025|2101|1|0|60|9,,,2025,,2101,,1,0,60,9,
2025|2101|1|0|26|1,,,2025,,2101,,1,0,26,1,
2025|2101|1|0|72|1,,,2025,,2101,,1,0,72,1,
2025|2101|1|0|91|1,,,2025,,2101,,1,0,91,1,
2025|2101|3|0|91|1,,,2025,,2101,,3,0,91,1,
2025|2101|3|0|68|1,,,2025,,2101,,3,0,68,1,
2025|2101|3|0|74|1,,,2025,,2101,,3,0,74,1,
2025|2101|3|0|26|1,,,2025,,2101,,3,0,26,1,
2025|2101|3|0|72|3,,,2025,,2101,,3,0,72,3,
2025|2101|3|0|10|8,,,2025,,2101,,3,0,10,8,
2025|2101|3|0|60|9,,,2025,,2101,,3,0,60,9,
2025|2101|3|0|69|1,,,2025,,2101,,3,0,69,1,
2025|2101|3|0|72|1,,,2025,,2101,,3,0,72,1,
2025|2101|3|0|24|1,,,2025,,2101,,3,0,24,1,
2025|2101|3|0|9|1,,,2025,,2101,,3,0,9,1,
2025|2101|3|0|61|1,,,2025,,2101,,3,0,61,1,
2025|2101|3|0|72|7,,,2025,,2101,,3,0,72,7,
2025|2101|3|0|95|1,,,2025,,2101,,3,0,95,1,
2025|2101|3|0|80|1,,,2025,,2101,,3,0,80,1,
2025|2101|4|0|72|3,,,2025,,2101,,4,0,72,3,
2025|2101|4|0|10|8,,,2025,,2101,,4,0,10,8,
2025|2101|4|0|95|1,,,2025,,2101,,4,0,95,1,
2025|2101|4|0|72|1,,,2025,,2101,,4,0,72,1,
2025|2101|4|0|24|1,,,2025,,2101,,4,0,24,1,
2025|2101|4|0|9|1,,,2025,,2101,,4,0,9,1,
2025|2101|4|0|61|1,,,2025,,2101,,4,0,61,1,
2025|2101|5|0|61|1,,,2025,,2101,,5,0,61,1,
2025|2121|1|0|10|1,,,2025,,2121,,1,0,10,1,
2025|2121|1|0|50|9,,,2025,,2121,,1,0,50,9,
2025|2121|1|0|49|9,,,2025,,2121,,1,0,49,9,
2025|2121|1|0|57|2,,,2025,,2121,,1,0,57,2,
2025|2121|1|0|50|1,,,2025,,2121,,1,0,50,1,
2025|2121|1|0|49|1,,,2025,,2121,,1,0,49,1,
2025|2121|3|0|49|9,,,2025,,2121,,3,0,49,9,
2025|2121|3|0|50|9,,,2025,,2121,,3,0,50,9,
2025|2121|3|0|10|1,,,2025,,2121,,3,0,10,1,
2025|2121|3|0|50|1,,,2025,,2121,,3,0,50,1,
2025|2121|3|0|60|1,,,2025,,2121,,3,0,60,1,
2025|2121|3|0|50|7,,,2025,,2121,,3,0,50,7,
2025|2121|3|0|49|1,,,2025,,2121,,3,0,49,1,
2025|2121|4|0|60|1,,,2025,,2121,,4,0,60,1,
2025|2121|4|0|47|1,,,2025,,2121,,4,0,47,1,
2025|2121|4|0|49|1,,,2025,,2121,,4,0,49,1,
2025|2121|4|0|50|1,,,2025,,2121,,4,0,50,1,
2025|2151|1|0|10|1,,,2025,,2151,,1,0,10,1,
2025|2151|3|0|60|9,,,2025,,2151,,3,0,60,9,
2025|2151|3|0|10|1,,,2025,,2151,,3,0,10,1,
2025|2151|3|0|60|1,,,2025,,2151,,3,0,60,1,
2025|2151|3|0|10|4,,,2025,,2151,,3,0,10,4,
2025|2151|3|0|10|7,,,2025,,2151,,3,0,10,7,
2025|2151|4|0|10|1,,,2025,,2151,,4,0,10,1,
2025|2161|1|0|10|9,,,2025,,2161,,1,0,10,9,
2025|2161|1|0|10|1,,,2025,,2161,,1,0,10,1,
2025|2161|3|0|10|9,,,2025,,2161,,3,0,10,9,
2025|2161|3|0|47|1,,,2025,,2161,,3,0,47,1,
2025|2161|3|0|10|7,,,2025,,2161,,3,0,10,7,
2025|2161|3|0|10|1,,,2025,,2161,,3,0,10,1,
2025|2161|4|0|10|1,,,2025,,2161,,4,0,10,1,
2025|2171|1|0|10|9,,,2025,,2171,,1,0,10,9,
2025|2171|1|0|10|1,,,2025,,2171,,1,0,10,1,
2025|2171|3|0|45|1,,,2025,,2171,,3,0,45,1,
2025|2171|3|1|59|2,,,2025,,2171,,3,1,59,2,
2025|2171|3|1|10|1,,,2025,,2171,,3,1,10,1,
2025|2171|3|0|60|1,,,2025,,2171,,3,0,60,1,
2025|2171|3|0|10|7,,,2025,,2171,,3,0,10,7,
2025|2171|3|0|10|1,,,2025,,2171,,3,0,10,1,
2025|2171|3|0|24|1,,,2025,,2171,,3,0,24,1,
2025|2171|3|0|59|1,,,2025,,2171,,3,0,59,1,
2025|2171|4|0|10|1,,,2025,,2171,,4,0,10,1,
2025|2171|4|0|68|1,,,2025,,2171,,4,0,68,1,
2025|2171|4|0|24|1,,,2025,,2171,,4,0,24,1,
2025|2181|1|0|60|9,,,2025,,2181,,1,0,60,9,
2025|2181|1|0|10|9,,,2025,,2181,,1,0,10,9,
2025|2181|1|0|10|1,,,2025,,2181,,1,0,10,1,
2025|2181|3|1|59|2,,,2025,,2181,,3,1,59,2,
2025|2181|3|1|10|1,,,2025,,2181,,3,1,10,1,
2025|2181|3|0|47|1,,,2025,,2181,,3,0,47,1,
2025|2181|3|0|10|9,,,2025,,2181,,3,0,10,9,
2025|2181|3|0|10|1,,,2025,,2181,,3,0,10,1,
2025|2181|3|0|60|1,,,2025,,2181,,3,0,60,1,
2025|2181|3|0|10|7,,,2025,,2181,,3,0,10,7,
2025|2181|4|0|47|1,,,2025,,2181,,4,0,47,1,
2025|2181|4|0|10|1,,,2025,,2181,,4,0,10,1,
2025|2201|1|0|10|9,,,2025,,2201,,1,0,10,9,
2025|2201|1|0|95|1,,,2025,,2201,,1,0,95,1,
2025|2201|1|0|10|1,,,2025,,2201,,1,0,10,1,
2025|2201|3|0|10|9,,,2025,,2201,,3,0,10,9,
2025|2201|3|0|10|8,,,2025,,2201,,3,0,10,8,
2025|2201|3|0|15|1,,,2025,,2201,,3,0,15,1,
2025|2201|3|0|59|2,,,2025,,2201,,3,0,59,2,
2025|2201|3|0|60|2,,,2025,,2201,,3,0,60,2,
2025|2201|3|0|60|1,,,2025,,2201,,3,0,60,1,
2025|2201|3|0|10|3,,,2025,,2201,,3,0,10,3,
2025|2201|3|0|95|1,,,2025,,2201,,3,0,95,1,
2025|2201|3|0|10|7,,,2025,,2201,,3,0,10,7,
2025|2201|3|0|9|1,,,2025,,2201,,3,0,9,1,
2025|2201|3|0|24|1,,,2025,,2201,,3,0,24,1,
2025|2201|3|0|1|1,,,2025,,2201,,3,0,1,1,
2025|2201|3|0|10|1,,,2025,,2201,,3,0,10,1,
2025|2201|3|0|45|1,,,2025,,2201,,3,0,45,1,
2025|2201|4|0|59|2,,,2025,,2201,,4,0,59,2,
2025|2201|4|0|10|8,,,2025,,2201,,4,0,10,8,
2025|2201|4|0|15|1,,,2025,,2201,,4,0,15,1,
2025|2201|4|0|45|1,,,2025,,2201,,4,0,45,1,
2025|2201|4|0|95|1,,,2025,,2201,,4,0,95,1,
2025|2201|4|0|1|1,,,2025,,2201,,4,0,1,1,
2025|2201|4|0|9|1,,,2025,,2201,,4,0,9,1,
2025|2201|4|0|24|1,,,2025,,2201,,4,0,24,1,
2025|2211|1|0|10|9,,,2025,,2211,,1,0,10,9,
2025|2211|1|0|10|1,,,2025,,2211,,1,0,10,1,
2025|2211|3|0|60|2,,,2025,,2211,,3,0,60,2,
2025|2211|3|0|60|1,,,2025,,2211,,3,0,60,1,
2025|2211|3|0|10|1,,,2025,,2211,,3,0,10,1,
2025|2211|3|0|10|7,,,2025,,2211,,3,0,10,7,
2025|2241|1|0|60|1,,,2025,,2241,,1,0,60,1,
2025|2241|1|0|91|9,,,2025,,2241,,1,0,91,9,
2025|2241|1|0|72|1,,,2025,,2241,,1,0,72,1,
2025|2241|1|0|91|1,,,2025,,2241,,1,0,91,1,
2025|2241|3|0|91|9,,,2025,,2241,,3,0,91,9,
2025|2241|3|0|31|3,,,2025,,2241,,3,0,31,3,
2025|2241|3|0|60|3,,,2025,,2241,,3,0,60,3,
2025|2241|3|0|10|8,,,2025,,2241,,3,0,10,8,
2025|2241|3|0|72|3,,,2025,,2241,,3,0,72,3,
2025|2241|3|0|95|1,,,2025,,2241,,3,0,95,1,
2025|2241|3|0|72|7,,,2025,,2241,,3,0,72,7,
2025|2241|3|0|61|1,,,2025,,2241,,3,0,61,1,
2025|2241|3|0|72|1,,,2025,,2241,,3,0,72,1,
2025|2241|3|0|73|1,,,2025,,2241,,3,0,73,1,
2025|2241|3|0|24|1,,,2025,,2241,,3,0,24,1,
2025|2241|3|0|80|1,,,2025,,2241,,3,0,80,1,
2025|2241|4|0|72|1,,,2025,,2241,,4,0,72,1,
2025|2241|4|0|73|1,,,2025,,2241,,4,0,73,1,
2025|2251|1|0|60|9,,,2025,,2251,,1,0,60,9,
2025|2251|1|0|60|1,,,2025,,2251,,1,0,60,1,
2025|2251|3|0|60|7,,,2025,,2251,,3,0,60,7,
2025|2251|3|0|60|9,,,2025,,2251,,3,0,60,9,
2025|2251|3|0|60|1,,,2025,,2251,,3,0,60,1,
2025|2251|4|0|60|1,,,2025,,2251,,4,0,60,1,
2025|2261|1|0|57|2,,,2025,,2261,,1,0,57,2,
2025|2261|1|0|10|1,,,2025,,2261,,1,0,10,1,
2025|2261|1|0|60|9,,,2025,,2261,,1,0,60,9,
2025|2261|3|0|60|9,,,2025,,2261,,3,0,60,9,
2025|2261|3|0|10|1,,,2025,,2261,,3,0,10,1,
2025|2261|3|0|10|7,,,2025,,2261,,3,0,10,7,
2025|2261|4|0|10|1,,,2025,,2261,,4,0,10,1,
2025|2261|4|0|47|1,,,2025,,2261,,4,0,47,1,
2025|2261|4|0|24|1,,,2025,,2261,,4,0,24,1,
2025|2271|1|0|60|9,,,2025,,2271,,1,0,60,9,
2025|2271|1|0|10|1,,,2025,,2271,,1,0,10,1,
2025|2271|1|0|57|2,,,2025,,2271,,1,0,57,2,
2025|2271|3|0|10|8,,,2025,,2271,,3,0,10,8,
2025|2271|3|0|9|1,,,2025,,2271,,3,0,9,1,
2025|2271|3|0|60|9,,,2025,,2271,,3,0,60,9,
2025|2271|3|0|10|1,,,2025,,2271,,3,0,10,1,
2025|2271|3|0|95|1,,,2025,,2271,,3,0,95,1,
2025|2271|3|0|10|3,,,2025,,2271,,3,0,10,3,
2025|2271|3|0|10|7,,,2025,,2271,,3,0,10,7,
2025|2271|3|0|68|1,,,2025,,2271,,3,0,68,1,
2025|2271|3|0|70|1,,,2025,,2271,,3,0,70,1,
2025|2271|4|0|10|8,,,2025,,2271,,4,0,10,8,
2025|2271|4|0|70|1,,,2025,,2271,,4,0,70,1,
2025|2271|4|0|10|1,,,2025,,2271,,4,0,10,1,
2025|2271|4|0|45|1,,,2025,,2271,,4,0,45,1,
2025|2271|4|0|47|1,,,2025,,2271,,4,0,47,1,
2025|2271|4|0|1|1,,,2025,,2271,,4,0,1,1,
2025|2271|4|0|95|1,,,2025,,2271,,4,0,95,1,
2025|2271|4|0|24|1,,,2025,,2271,,4,0,24,1,
2025|2281|1|0|10|9,,,2025,,2281,,1,0,10,9,
2025|2281|1|0|60|9,,,2025,,2281,,1,0,60,9,
2025|2281|1|0|10|1,,,2025,,2281,,1,0,10,1,
2025|2281|3|0|10|9,,,2025,,2281,,3,0,10,9,
2025|2281|3|0|10|7,,,2025,,2281,,3,0,10,7,
2025|2281|3|0|10|1,,,2025,,2281,,3,0,10,1,
2025|2281|3|0|36|1,,,2025,,2281,,3,0,36,1,
2025|2281|4|0|47|1,,,2025,,2281,,4,0,47,1,
2025|2281|4|0|10|1,,,2025,,2281,,4,0,10,1,
2025|2301|1|0|10|9,,,2025,,2301,,1,0,10,9,
2025|2301|1|0|10|1,,,2025,,2301,,1,0,10,1,
2025|2301|3|0|91|1,,,2025,,2301,,3,0,91,1,
2025|2301|3|0|91|2,,,2025,,2301,,3,0,91,2,
2025|2301|3|0|69|1,,,2025,,2301,,3,0,69,1,
2025|2301|3|0|60|1,,,2025,,2301,,3,0,60,1,
2025|2301|3|0|10|9,,,2025,,2301,,3,0,10,9,
2025|2301|3|0|10|7,,,2025,,2301,,3,0,10,7,
2025|2301|3|0|10|1,,,2025,,2301,,3,0,10,1,
2025|2301|4|0|32|1,,,2025,,2301,,4,0,32,1,
2025|2301|4|0|51|1,,,2025,,2301,,4,0,51,1,
2025|2301|4|0|10|0,,,2025,,2301,,4,0,10,0,
2025|2301|4|0|54|2,,,2025,,2301,,4,0,54,2,
2025|2301|4|0|33|1,,,2025,,2301,,4,0,33,1,
2025|2301|4|0|15|1,,,2025,,2301,,4,0,15,1,
2025|2301|4|0|69|1,,,2025,,2301,,4,0,69,1,
2025|2301|4|0|74|1,,,2025,,2301,,4,0,74,1,
2025|2301|4|0|10|8,,,2025,,2301,,4,0,10,8,
2025|2301|4|0|10|9,,,2025,,2301,,4,0,10,9,
2025|2301|4|0|47|1,,,2025,,2301,,4,0,47,1,
2025|2301|4|0|10|3,,,2025,,2301,,4,0,10,3,
2025|2301|4|0|70|1,,,2025,,2301,,4,0,70,1,
2025|2301|4|0|25|1,,,2025,,2301,,4,0,25,1,
2025|2301|4|0|68|1,,,2025,,2301,,4,0,68,1,
2025|2301|4|0|83|2,,,2025,,2301,,4,0,83,2,
2025|2301|4|0|95|1,,,2025,,2301,,4,0,95,1,
2025|2301|4|0|80|1,,,2025,,2301,,4,0,80,1,
2025|2301|4|0|10|1,,,2025,,2301,,4,0,10,1,
2025|2311|1|0|60|9,,,2025,,2311,,1,0,60,9,
2025|2311|1|0|57|2,,,2025,,2311,,1,0,57,2,
2025|2311|1|0|60|1,,,2025,,2311,,1,0,60,1,
2025|2311|1|0|10|1,,,2025,,2311,,1,0,10,1,
2025|2311|3|0|60|3,,,2025,,2311,,3,0,60,3,
2025|2311|3|0|10|8,,,2025,,2311,,3,0,10,8,
2025|2311|3|0|60|9,,,2025,,2311,,3,0,60,9,
2025|2311|3|0|10|3,,,2025,,2311,,3,0,10,3,
2025|2311|3|0|1|1,,,2025,,2311,,3,0,1,1,
2025|2311|3|0|60|1,,,2025,,2311,,3,0,60,1,
2025|2311|3|0|10|7,,,2025,,2311,,3,0,10,7,
2025|2311|3|0|10|1,,,2025,,2311,,3,0,10,1,
2025|2311|3|0|24|1,,,2025,,2311,,3,0,24,1,
2025|2311|3|0|70|1,,,2025,,2311,,3,0,70,1,
2025|2311|3|0|36|1,,,2025,,2311,,3,0,36,1,
2025|2311|4|0|10|8,,,2025,,2311,,4,0,10,8,
2025|2311|4|0|10|1,,,2025,,2311,,4,0,10,1,
2025|2311|4|0|70|1,,,2025,,2311,,4,0,70,1,
2025|2311|4|0|10|3,,,2025,,2311,,4,0,10,3,
2025|2311|4|0|24|1,,,2025,,2311,,4,0,24,1,
2025|2311|4|0|1|1,,,2025,,2311,,4,0,1,1,
2025|2311|4|0|36|1,,,2025,,2311,,4,0,36,1,
2025|2321|1|0|60|9,,,2025,,2321,,1,0,60,9,
2025|2321|1|0|57|2,,,2025,,2321,,1,0,57,2,
2025|2321|1|0|10|1,,,2025,,2321,,1,0,10,1,
2025|2321|3|0|60|9,,,2025,,2321,,3,0,60,9,
2025|2321|3|0|10|3,,,2025,,2321,,3,0,10,3,
2025|2321|3|0|70|1,,,2025,,2321,,3,0,70,1,
2025|2321|3|0|24|1,,,2025,,2321,,3,0,24,1,
2025|2321|3|0|10|7,,,2025,,2321,,3,0,10,7,
2025|2321|3|0|10|1,,,2025,,2321,,3,0,10,1,
2025|2321|4|0|10|8,,,2025,,2321,,4,0,10,8,
2025|2321|4|0|10|3,,,2025,,2321,,4,0,10,3,
2025|2321|4|0|47|1,,,2025,,2321,,4,0,47,1,
2025|2321|4|0|10|1,,,2025,,2321,,4,0,10,1,
2025|2321|4|0|1|1,,,2025,,2321,,4,0,1,1,
2025|2321|4|0|24|1,,,2025,,2321,,4,0,24,1,
2025|2331|1|0|10|1,,,2025,,2331,,1,0,10,1,
2025|2331|1|0|73|9,,,2025,,2331,,1,0,73,9,
2025|2331|1|0|73|1,,,2025,,2331,,1,0,73,1,
2025|2331|3|0|73|7,,,2025,,2331,,3,0,73,7,
2025|2331|3|0|73|1,,,2025,,2331,,3,0,73,1,
2025|2331|4|0|73|1,,,2025,,2331,,4,0,73,1,
2025|2351|1|0|10|9,,,2025,,2351,,1,0,10,9,
2025|2351|1|0|60|9,,,2025,,2351,,1,0,60,9,
2025|2351|1|0|10|1,,,2025,,2351,,1,0,10,1,
2025|2351|3|0|10|1,,,2025,,2351,,3,0,10,1,
2025|2351|3|0|60|9,,,2025,,2351,,3,0,60,9,
2025|2351|3|0|97|1,,,2025,,2351,,3,0,97,1,
2025|2351|3|0|10|9,,,2025,,2351,,3,0,10,9,
2025|2351|3|0|70|1,,,2025,,2351,,3,0,70,1,
2025|2351|3|0|10|8,,,2025,,2351,,3,0,10,8,
2025|2351|3|0|10|3,,,2025,,2351,,3,0,10,3,
2025|2351|3|0|1|1,,,2025,,2351,,3,0,1,1,
2025|2351|3|0|3|1,,,2025,,2351,,3,0,3,1,
2025|2351|3|0|10|7,,,2025,,2351,,3,0,10,7,
2025|2351|3|0|24|1,,,2025,,2351,,3,0,24,1,
2025|2351|4|0|70|1,,,2025,,2351,,4,0,70,1,
2025|2351|4|0|15|1,,,2025,,2351,,4,0,15,1,
2025|2351|4|0|97|1,,,2025,,2351,,4,0,97,1,
2025|2351|4|0|10|8,,,2025,,2351,,4,0,10,8,
2025|2351|4|0|24|1,,,2025,,2351,,4,0,24,1,
2025|2351|4|0|10|1,,,2025,,2351,,4,0,10,1,
2025|2351|4|0|10|3,,,2025,,2351,,4,0,10,3,
2025|2351|4|0|3|1,,,2025,,2351,,4,0,3,1,
2025|2351|4|0|1|1,,,2025,,2351,,4,0,1,1,
2025|2361|1|0|60|1,,,2025,,2361,,1,0,60,1,
2025|2361|3|0|60|1,,,2025,,2361,,3,0,60,1,
2025|2361|3|0|60|9,,,2025,,2361,,3,0,60,9,
2025|2361|4|0|60|1,,,2025,,2361,,4,0,60,1,
2025|2361|5|0|60|1,,,2025,,2361,,5,0,60,1,
2025|2371|1|0|60|9,,,2025,,2371,,1,0,60,9,
2025|2371|1|0|91|9,,,2025,,2371,,1,0,91,9,
2025|2371|1|0|10|9,,,2025,,2371,,1,0,10,9,
2025|2371|1|0|91|1,,,2025,,2371,,1,0,91,1,
2025|2371|1|0|60|1,,,2025,,2371,,1,0,60,1,
2025|2371|1|0|10|1,,,2025,,2371,,1,0,10,1,
2025|2371|3|0|60|9,,,2025,,2371,,3,0,60,9,
2025|2371|3|0|91|9,,,2025,,2371,,3,0,91,9,
2025|2371|3|1|91|1,,,2025,,2371,,3,1,91,1,
2025|2371|3|0|10|9,,,2025,,2371,,3,0,10,9,
2025|2371|3|0|91|1,,,2025,,2371,,3,0,91,1,
2025|2371|3|0|91|3,,,2025,,2371,,3,0,91,3,
2025|2371|3|0|24|1,,,2025,,2371,,3,0,24,1,
2025|2371|3|0|1|1,,,2025,,2371,,3,0,1,1,
2025|2371|3|0|60|1,,,2025,,2371,,3,0,60,1,
2025|2371|3|0|10|7,,,2025,,2371,,3,0,10,7,
2025|2371|3|1|95|1,,,2025,,2371,,3,1,95,1,
2025|2371|3|0|95|1,,,2025,,2371,,3,0,95,1,
2025|2371|4|0|91|3,,,2025,,2371,,4,0,91,3,
2025|2371|4|0|47|1,,,2025,,2371,,4,0,47,1,
2025|2371|4|0|24|1,,,2025,,2371,,4,0,24,1,
2025|2371|4|1|95|1,,,2025,,2371,,4,1,95,1,
2025|2421|1|0|71|1,,,2025,,2421,,1,0,71,1,
2025|2421|3|0|71|3,,,2025,,2421,,3,0,71,3,
2025|2421|3|0|15|1,,,2025,,2421,,3,0,15,1,
2025|2421|3|0|10|3,,,2025,,2421,,3,0,10,3,
2025|2421|3|0|10|9,,,2025,,2421,,3,0,10,9,
2025|2421|3|0|71|1,,,2025,,2421,,3,0,71,1,
2025|2421|3|0|10|8,,,2025,,2421,,3,0,10,8,
2025|2421|3|0|71|7,,,2025,,2421,,3,0,71,7,
2025|2421|3|0|9|1,,,2025,,2421,,3,0,9,1,
2025|2421|3|0|24|1,,,2025,,2421,,3,0,24,1,
2025|2421|4|0|10|8,,,2025,,2421,,4,0,10,8,
2025|2421|4|0|15|1,,,2025,,2421,,4,0,15,1,
2025|2421|4|0|1|1,,,2025,,2421,,4,0,1,1,
2025|2421|4|0|71|1,,,2025,,2421,,4,0,71,1,
2025|2421|4|0|10|4,,,2025,,2421,,4,0,10,4,
2025|2421|4|0|9|1,,,2025,,2421,,4,0,9,1,
2025|2421|4|0|24|1,,,2025,,2421,,4,0,24,1,
2025|2431|1|0|10|9,,,2025,,2431,,1,0,10,9,
2025|2431|1|0|10|1,,,2025,,2431,,1,0,10,1,
2025|2431|3|0|10|1,,,2025,,2431,,3,0,10,1,
2025|2431|3|0|60|1,,,2025,,2431,,3,0,60,1,
2025|2431|3|0|10|7,,,2025,,2431,,3,0,10,7,
2025|2431|3|0|95|1,,,2025,,2431,,3,0,95,1,
2025|2431|4|0|60|1,,,2025,,2431,,4,0,60,1,
2025|2441|1|0|59|9,,,2025,,2441,,1,0,59,9,
2025|2441|1|0|59|1,,,2025,,2441,,1,0,59,1,
2025|2441|3|0|59|7,,,2025,,2441,,3,0,59,7,
2025|2441|3|0|59|1,,,2025,,2441,,3,0,59,1,
2025|2441|4|0|59|1,,,2025,,2441,,4,0,59,1,
2025|2461|1|0|10|9,,,2025,,2461,,1,0,10,9,
2025|2461|1|0|10|1,,,2025,,2461,,1,0,10,1,
2025|2461|3|0|10|7,,,2025,,2461,,3,0,10,7,
2025|2461|3|0|60|1,,,2025,,2461,,3,0,60,1,
2025|2461|3|1|32|1,,,2025,,2461,,3,1,32,1,
2025|2461|3|0|32|1,,,2025,,2461,,3,0,32,1,
2025|2461|3|0|10|1,,,2025,,2461,,3,0,10,1,
2025|2461|3|1|10|3,,,2025,,2461,,3,1,10,3,
2025|2461|3|1|24|1,,,2025,,2461,,3,1,24,1,
2025|2461|4|0|10|1,,,2025,,2461,,4,0,10,1,
2025|2461|4|1|32|1,,,2025,,2461,,4,1,32,1,
2025|2471|1|0|10|1,,,2025,,2471,,1,0,10,1,
2025|2471|3|0|10|1,,,2025,,2471,,3,0,10,1,
2025|2471|3|0|60|2,,,2025,,2471,,3,0,60,2,
2025|2471|3|0|10|7,,,2025,,2471,,3,0,10,7,
2025|2471|3|0|59|1,,,2025,,2471,,3,0,59,1,
2025|2471|4|0|10|1,,,2025,,2471,,4,0,10,1,
2025|2471|4|0|60|2,,,2025,,2471,,4,0,60,2,
2025|3041|1|0|60|1,,,2025,,3041,,1,0,60,1,
2025|3041|1|0|67|1,,,2025,,3041,,1,0,67,1,
2025|3041|1|0|10|1,,,2025,,3041,,1,0,10,1,
2025|3041|1|0|60|9,,,2025,,3041,,1,0,60,9,
2025|3041|3|0|10|1,,,2025,,3041,,3,0,10,1,
2025|3041|3|0|79|2,,,2025,,3041,,3,0,79,2,
2025|3041|3|0|80|1,,,2025,,3041,,3,0,80,1,
2025|3041|3|0|15|1,,,2025,,3041,,3,0,15,1,
2025|3041|3|0|10|8,,,2025,,3041,,3,0,10,8,
2025|3041|3|0|1|1,,,2025,,3041,,3,0,1,1,
2025|3041|3|0|60|3,,,2025,,3041,,3,0,60,3,
2025|3041|3|0|60|1,,,2025,,3041,,3,0,60,1,
2025|3041|3|0|24|1,,,2025,,3041,,3,0,24,1,
2025|3041|3|0|2|1,,,2025,,3041,,3,0,2,1,
2025|3041|3|0|67|1,,,2025,,3041,,3,0,67,1,
2025|3041|4|0|71|1,,,2025,,3041,,4,0,71,1,
2025|3041|4|0|15|1,,,2025,,3041,,4,0,15,1,
2025|3041|4|0|60|1,,,2025,,3041,,4,0,60,1,
2025|3041|4|0|10|8,,,2025,,3041,,4,0,10,8,
2025|3041|4|0|10|4,,,2025,,3041,,4,0,10,4,
2025|3041|4|0|60|3,,,2025,,3041,,4,0,60,3,
2025|3041|4|0|24|1,,,2025,,3041,,4,0,24,1,
2025|3041|4|0|1|1,,,2025,,3041,,4,0,1,1,
2025|3041|4|0|97|1,,,2025,,3041,,4,0,97,1,
2025|3041|4|0|2|1,,,2025,,3041,,4,0,2,1,
2025|3041|4|0|80|1,,,2025,,3041,,4,0,80,1,
2025|3051|1|0|10|1,,,2025,,3051,,1,0,10,1,
2025|3051|1|0|10|9,,,2025,,3051,,1,0,10,9,
2025|3051|3|0|10|8,,,2025,,3051,,3,0,10,8,
2025|3051|3|0|60|1,,,2025,,3051,,3,0,60,1,
2025|3051|3|0|60|3,,,2025,,3051,,3,0,60,3,
2025|3051|3|0|10|3,,,2025,,3051,,3,0,10,3,
2025|3051|3|0|2|1,,,2025,,3051,,3,0,2,1,
2025|3051|3|0|1|1,,,2025,,3051,,3,0,1,1,
2025|3051|3|0|70|1,,,2025,,3051,,3,0,70,1,
2025|3051|3|0|59|1,,,2025,,3051,,3,0,59,1,
2025|3051|3|0|10|1,,,2025,,3051,,3,0,10,1,
2025|3051|3|0|24|1,,,2025,,3051,,3,0,24,1,
2025|3051|4|0|15|1,,,2025,,3051,,4,0,15,1,
2025|3051|4|0|10|8,,,2025,,3051,,4,0,10,8,
2025|3051|4|0|59|1,,,2025,,3051,,4,0,59,1,
2025|3051|4|0|10|1,,,2025,,3051,,4,0,10,1,
2025|3051|4|0|60|1,,,2025,,3051,,4,0,60,1,
2025|3051|4|0|47|1,,,2025,,3051,,4,0,47,1,
2025|3051|4|0|10|3,,,2025,,3051,,4,0,10,3,
2025|3051|4|0|70|1,,,2025,,3051,,4,0,70,1,
2025|3051|4|0|2|1,,,2025,,3051,,4,0,2,1,
2025|3051|4|0|1|1,,,2025,,3051,,4,0,1,1,
2025|3051|4|0|24|1,,,2025,,3051,,4,0,24,1,
2025|3151|1|0|10|1,,,2025,,3151,,1,0,10,1,
2025|3151|1|0|10|9,,,2025,,3151,,1,0,10,9,
2025|3151|3|0|60|1,,,2025,,3151,,3,0,60,1,
2025|3151|3|0|10|1,,,2025,,3151,,3,0,10,1,
2025|3151|3|1|59|2,,,2025,,3151,,3,1,59,2,
2025|3151|3|0|10|9,,,2025,,3151,,3,0,10,9,
2025|3151|4|0|10|1,,,2025,,3151,,4,0,10,1,
2025|4031|3|0|60|7,,,2025,,4031,,3,0,60,7,
2025|4031|3|0|61|1,,,2025,,4031,,3,0,61,1,
2025|4031|3|0|77|1,,,2025,,4031,,3,0,77,1,
2025|4031|3|0|60|1,,,2025,,4031,,3,0,60,1,
2025|4031|3|0|70|1,,,2025,,4031,,3,0,70,1,
2025|4031|3|0|60|2,,,2025,,4031,,3,0,60,2,
2025|4031|4|0|60|1,,,2025,,4031,,4,0,60,1,
2025|4031|4|0|70|1,,,2025,,4031,,4,0,70,1,
2025|4031|4|0|47|1,,,2025,,4031,,4,0,47,1,
2025|4031|4|0|77|1,,,2025,,4031,,4,0,77,1,
2025|4091|3|0|45|1,,,2025,,4091,,3,0,45,1,
2025|4091|4|0|45|1,,,2025,,4091,,4,0,45,1,
2025|4101|3|0|60|1,,,2025,,4101,,3,0,60,1,
2025|4101|5|0|60|1,,,2025,,4101,,5,0,60,1,
2025|4111|5|0|60|1,,,2025,,4111,,5,0,60,1,
2025|4121|3|0|60|1,,,2025,,4121,,3,0,60,1,
2025|4121|5|0|60|1,,,2025,,4121,,5,0,60,1,
2025|4141|3|0|10|3,,,2025,,4141,,3,0,10,3,
2025|4141|3|0|39|1,,,2025,,4141,,3,0,39,1,
2025|4141|3|0|57|1,,,2025,,4141,,3,0,57,1,
2025|4141|4|0|39|1,,,2025,,4141,,4,0,39,1,
2025|4141|4|0|57|1,,,2025,,4141,,4,0,57,1,
2025|4151|3|0|10|1,,,2025,,4151,,3,0,10,1,
2025|4251|3|0|10|8,,,2025,,4251,,3,0,10,8,
2025|4251|3|0|71|1,,,2025,,4251,,3,0,71,1,
2025|4251|3|0|56|1,,,2025,,4251,,3,0,56,1,
2025|4251|3|0|80|1,,,2025,,4251,,3,0,80,1,
2025|4251|4|0|10|8,,,2025,,4251,,4,0,10,8,
2025|4251|4|0|5|1,,,2025,,4251,,4,0,5,1,
2025|4251|4|0|6|1,,,2025,,4251,,4,0,6,1,
2025|4251|4|0|71|1,,,2025,,4251,,4,0,71,1,
2025|4251|4|0|56|1,,,2025,,4251,,4,0,56,1,
2025|4291|1|0|57|1,,,2025,,4291,,1,0,57,1,
2025|4291|1|0|10|1,,,2025,,4291,,1,0,10,1,
2025|4291|3|1|10|1,,,2025,,4291,,3,1,10,1,
2025|4291|3|0|15|1,,,2025,,4291,,3,0,15,1,
2025|4291|3|1|95|1,,,2025,,4291,,3,1,95,1,
2025|4291|3|0|71|1,,,2025,,4291,,3,0,71,1,
2025|4291|3|0|57|1,,,2025,,4291,,3,0,57,1,
2025|4291|3|0|64|1,,,2025,,4291,,3,0,64,1,
2025|4291|3|0|10|4,,,2025,,4291,,3,0,10,4,
2025|4291|3|0|37|1,,,2025,,4291,,3,0,37,1,
2025|4291|3|0|10|8,,,2025,,4291,,3,0,10,8,
2025|4291|3|0|24|1,,,2025,,4291,,3,0,24,1,
2025|4291|3|0|93|1,,,2025,,4291,,3,0,93,1,
2025|4291|3|0|10|7,,,2025,,4291,,3,0,10,7,
2025|4291|3|0|63|1,,,2025,,4291,,3,0,63,1,
2025|4291|3|0|10|1,,,2025,,4291,,3,0,10,1,
2025|4291|3|0|60|1,,,2025,,4291,,3,0,60,1,
2025|4291|3|0|62|1,,,2025,,4291,,3,0,62,1,
2025|4291|3|0|92|1,,,2025,,4291,,3,0,92,1,
2025|4291|4|0|15|1,,,2025,,4291,,4,0,15,1,
2025|4291|4|0|80|1,,,2025,,4291,,4,0,80,1,
2025|4291|4|0|71|1,,,2025,,4291,,4,0,71,1,
2025|4291|4|0|10|1,,,2025,,4291,,4,0,10,1,
2025|4291|4|0|64|1,,,2025,,4291,,4,0,64,1,
2025|4291|4|0|10|8,,,2025,,4291,,4,0,10,8,
2025|4291|4|0|65|1,,,2025,,4291,,4,0,65,1,
2025|4291|4|1|95|1,,,2025,,4291,,4,1,95,1,
2025|4291|4|0|93|1,,,2025,,4291,,4,0,93,1,
2025|4321|3|0|10|1,,,2025,,4321,,3,0,10,1,
2025|4331|3|0|10|1,,,2025,,4331,,3,0,10,1,
2025|4331|3|0|59|1,,,2025,,4331,,3,0,59,1,
2025|4341|3|0|31|1,,,2025,,4341,,3,0,31,1,
2025|4341|4|0|31|1,,,2025,,4341,,4,0,31,1,
2025|4381|3|0|83|1,,,2025,,4381,,3,0,83,1,
2025|4381|4|0|54|1,,,2025,,4381,,4,0,54,1,
2025|4381|4|0|83|1,,,2025,,4381,,4,0,83,1,
2025|4421|3|0|39|1,,,2025,,4421,,3,0,39,1,
2025|4421|4|0|39|1,,,2025,,4421,,4,0,39,1,
2025|4441|3|0|60|1,,,2025,,4441,,3,0,60,1,
2025|4441|4|0|60|1,,,2025,,4441,,4,0,60,1,
2025|4441|4|0|47|1,,,2025,,4441,,4,0,47,1,
2025|4451|3|0|60|1,,,2025,,4451,,3,0,60,1,
2025|4451|4|0|60|1,,,2025,,4451,,4,0,60,1,
2025|4451|4|0|47|1,,,2025,,4451,,4,0,47,1,
2025|4491|3|1|59|1,,,2025,,4491,,3,1,59,1,
2025|4491|4|1|59|1,,,2025,,4491,,4,1,59,1,
2025|4541|3|0|60|1,,,2025,,4541,,3,0,60,1,
2025|4551|3|0|10|1,,,2025,,4551,,3,0,10,1,
2025|4551|3|0|59|9,,,2025,,4551,,3,0,59,9,
2025|4551|3|0|59|1,,,2025,,4551,,3,0,59,1,
2025|4601|3|0|45|1,,,2025,,4601,,3,0,45,1,
2025|4611|3|0|60|1,,,2025,,4611,,3,0,60,1,
2025|4611|4|0|60|1,,,2025,,4611,,4,0,60,1,
2025|4621|5|0|60|1,,,2025,,4621,,5,0,60,1,
2025|4631|3|0|59|2,,,2025,,4631,,3,0,59,2,
2025|4631|3|0|10|1,,,2025,,4631,,3,0,10,1,
2025|4631|5|0|60|2,,,2025,,4631,,5,0,60,2,
2025|4631|5|0|10|1,,,2025,,4631,,5,0,10,1,
2025|4631|5|0|80|1,,,2025,,4631,,5,0,80,1,
2025|4631|5|0|95|1,,,2025,,4631,,5,0,95,1,
2025|4641|3|0|10|1,,,2025,,4641,,3,0,10,1,
2025|4651|3|0|10|1,,,2025,,4651,,3,0,10,1,
2025|4661|3|0|60|1,,,2025,,4661,,3,0,60,1,
2025|4671|3|0|10|1,,,2025,,4671,,3,0,10,1,
2025|4691|3|0|57|1,,,2025,,4691,,3,0,57,1,
2025|4691|4|0|57|1,,,2025,,4691,,4,0,57,1,
2025|4701|3|0|10|3,,,2025,,4701,,3,0,10,3,
2025|4701|3|1|10|3,,,2025,,4701,,3,1,10,3,
2025|4701|3|1|57|1,,,2025,,4701,,3,1,57,1,
2025|4701|3|0|57|1,,,2025,,4701,,3,0,57,1,
2025|4701|4|0|57|1,,,2025,,4701,,4,0,57,1,
2025|4711|1|0|10|9,,,2025,,4711,,1,0,10,9,
2025|4711|1|0|52|2,,,2025,,4711,,1,0,52,2,
2025|4711|1|0|60|1,,,2025,,4711,,1,0,60,1,
2025|4711|1|0|61|1,,,2025,,4711,,1,0,61,1,
2025|4711|1|0|15|1,,,2025,,4711,,1,0,15,1,
2025|4711|1|0|60|2,,,2025,,4711,,1,0,60,2,
2025|4711|1|0|44|1,,,2025,,4711,,1,0,44,1,
2025|4711|1|0|42|1,,,2025,,4711,,1,0,42,1,
2025|4711|1|0|43|1,,,2025,,4711,,1,0,43,1,
2025|4711|1|0|10|1,,,2025,,4711,,1,0,10,1,
2025|4711|3|0|10|1,,,2025,,4711,,3,0,10,1,
2025|4721|3|0|10|1,,,2025,,4721,,3,0,10,1,
2025|4731|3|0|59|1,,,2025,,4731,,3,0,59,1,
2025|4741|3|0|60|1,,,2025,,4741,,3,0,60,1,
2025|4741|3|0|59|1,,,2025,,4741,,3,0,59,1,
2025|4741|4|0|60|1,,,2025,,4741,,4,0,60,1,
2025|4741|4|0|59|1,,,2025,,4741,,4,0,59,1,
2024|1011|1|0|10|9,,,2024,,1011,,1,0,10,9,
2024|1011|1|0|10|5,,,2024,,1011,,1,0,10,5,
2024|1011|1|0|10|1,,,2024,,1011,,1,0,10,1,
2024|1011|1|0|42|5,,,2024,,1011,,1,0,42,5,
2024|1011|1|0|43|5,,,2024,,1011,,1,0,43,5,
2024|1011|3|0|60|1,,,2024,,1011,,3,0,60,1,
2024|1011|3|0|10|9,,,2024,,1011,,3,0,10,9,
2024|1011|3|0|10|7,,,2024,,1011,,3,0,10,7,
2024|1011|3|0|10|1,,,2024,,1011,,3,0,10,1,
2024|1011|4|0|10|1,,,2024,,1011,,4,0,10,1,
2024|1011|5|0|10|1,,,2024,,1011,,5,0,10,1,
2024|1021|1|0|10|5,,,2024,,1021,,1,0,10,5,
2024|1021|1|0|42|5,,,2024,,1021,,1,0,42,5,
2024|1021|1|0|43|5,,,2024,,1021,,1,0,43,5,
2024|1021|1|0|10|1,,,2024,,1021,,1,0,10,1,
2024|1021|3|0|10|8,,,2024,,1021,,3,0,10,8,
2024|1021|3|0|10|7,,,2024,,1021,,3,0,10,7,
2024|1021|3|0|10|1,,,2024,,1021,,3,0,10,1,
2024|1021|3|0|60|1,,,2024,,1021,,3,0,60,1,
2024|1021|3|0|10|9,,,2024,,1021,,3,0,10,9,
2024|1021|4|0|10|1,,,2024,,1021,,4,0,10,1,
2024|1021|4|0|60|1,,,2024,,1021,,4,0,60,1,
2024|1031|1|0|10|5,,,2024,,1031,,1,0,10,5,
2024|1031|1|0|43|5,,,2024,,1031,,1,0,43,5,
2024|1031|1|0|10|9,,,2024,,1031,,1,0,10,9,
2024|1031|1|0|42|5,,,2024,,1031,,1,0,42,5,
2024|1031|1|0|10|1,,,2024,,1031,,1,0,10,1,
2024|1031|3|0|60|1,,,2024,,1031,,3,0,60,1,
2024|1031|3|0|10|1,,,2024,,1031,,3,0,10,1,
2024|1031|3|0|10|7,,,2024,,1031,,3,0,10,7,
2024|1051|1|0|10|5,,,2024,,1051,,1,0,10,5,
2024|1051|1|0|43|5,,,2024,,1051,,1,0,43,5,
2024|1051|1|0|42|5,,,2024,,1051,,1,0,42,5,
2024|1051|1|0|10|1,,,2024,,1051,,1,0,10,1,
2024|1051|3|0|10|1,,,2024,,1051,,3,0,10,1,
2024|1051|3|0|60|1,,,2024,,1051,,3,0,60,1,
2024|1051|3|0|10|7,,,2024,,1051,,3,0,10,7,
2024|1051|3|0|60|7,,,2024,,1051,,3,0,60,7,
2024|1051|3|0|10|9,,,2024,,1051,,3,0,10,9,
2024|1051|4|0|60|1,,,2024,,1051,,4,0,60,1,
2024|1051|4|0|10|1,,,2024,,1051,,4,0,10,1,
2024|1071|1|0|10|1,,,2024,,1071,,1,0,10,1,
2024|1071|3|0|10|8,,,2024,,1071,,3,0,10,8,
2024|1071|3|0|60|2,,,2024,,1071,,3,0,60,2,
2024|1071|3|0|10|1,,,2024,,1071,,3,0,10,1,
2024|1071|3|0|10|7,,,2024,,1071,,3,0,10,7,
2024|1071|3|0|95|1,,,2024,,1071,,3,0,95,1,
2024|1071|3|0|57|1,,,2024,,1071,,3,0,57,1,
2024|1071|4|0|10|1,,,2024,,1071,,4,0,10,1,
2024|1071|4|0|95|1,,,2024,,1071,,4,0,95,1,
2024|1081|1|0|10|1,,,2024,,1081,,1,0,10,1,
2024|1081|1|0|10|9,,,2024,,1081,,1,0,10,9,
2024|1081|3|0|60|2,,,2024,,1081,,3,0,60,2,
2024|1081|3|0|9|1,,,2024,,1081,,3,0,9,1,
2024|1081|3|0|10|9,,,2024,,1081,,3,0,10,9,
2024|1081|3|0|95|1,,,2024,,1081,,3,0,95,1,
2024|1081|3|0|10|7,,,2024,,1081,,3,0,10,7,
2024|1081|3|0|10|1,,,2024,,1081,,3,0,10,1,
2024|1081|4|0|10|1,,,2024,,1081,,4,0,10,1,
2024|1081|4|0|9|1,,,2024,,1081,,4,0,9,1,
2024|1081|4|0|57|1,,,2024,,1081,,4,0,57,1,
2024|1081|4|0|95|1,,,2024,,1081,,4,0,95,1,
2024|1091|1|0|10|1,,,2024,,1091,,1,0,10,1,
2024|1091|1|0|10|5,,,2024,,1091,,1,0,10,5,
2024|1091|1|0|43|5,,,2024,,1091,,1,0,43,5,
2024|1091|1|0|42|5,,,2024,,1091,,1,0,42,5,
2024|1091|1|0|60|1,,,2024,,1091,,1,0,60,1,
2024|1091|1|0|10|9,,,2024,,1091,,1,0,10,9,
2024|1091|3|0|10|7,,,2024,,1091,,3,0,10,7,
2024|1091|3|0|10|1,,,2024,,1091,,3,0,10,1,
2024|1091|3|0|60|1,,,2024,,1091,,3,0,60,1,
2024|1091|4|0|10|1,,,2024,,1091,,4,0,10,1,
2024|1091|4|0|60|1,,,2024,,1091,,4,0,60,1,
2024|1091|4|0|47|1,,,2024,,1091,,4,0,47,1,
2024|1091|5|0|10|1,,,2024,,1091,,5,0,10,1,
2024|1101|1|0|10|1,,,2024,,1101,,1,0,10,1,
2024|1101|3|0|95|1,,,2024,,1101,,3,0,95,1,
2024|1101|3|0|10|1,,,2024,,1101,,3,0,10,1,
2024|1101|3|0|10|7,,,2024,,1101,,3,0,10,7,
2024|1101|4|0|10|1,,,2024,,1101,,4,0,10,1,
2024|1191|1|0|10|1,,,2024,,1191,,1,0,10,1,
2024|1191|1|0|15|1,,,2024,,1191,,1,0,15,1,
2024|1191|3|0|29|1,,,2024,,1191,,3,0,29,1,
2024|1191|3|0|83|2,,,2024,,1191,,3,0,83,2,
2024|1191|3|0|27|1,,,2024,,1191,,3,0,27,1,
2024|1191|3|1|10|1,,,2024,,1191,,3,1,10,1,
2024|1191|3|0|9|1,,,2024,,1191,,3,0,9,1,
2024|1191|3|0|10|1,,,2024,,1191,,3,0,10,1,
2024|1191|3|0|10|7,,,2024,,1191,,3,0,10,7,
2024|1191|4|0|10|1,,,2024,,1191,,4,0,10,1,
2024|1191|4|0|48|1,,,2024,,1191,,4,0,48,1,
2024|1191|4|0|9|1,,,2024,,1191,,4,0,9,1,
2024|1191|4|0|74|1,,,2024,,1191,,4,0,74,1,
2024|1221|1|1|10|1,,,2024,,1221,,1,1,10,1,
2024|1221|1|0|95|1,,,2024,,1221,,1,0,95,1,
2024|1221|1|0|10|1,,,2024,,1221,,1,0,10,1,
2024|1221|3|0|31|3,,,2024,,1221,,3,0,31,3,
2024|1221|3|0|71|3,,,2024,,1221,,3,0,71,3,
2024|1221|3|0|10|4,,,2024,,1221,,3,0,10,4,
2024|1221|3|0|32|1,,,2024,,1221,,3,0,32,1,
2024|1221|3|1|32|1,,,2024,,1221,,3,1,32,1,
2024|1221|3|0|95|7,,,2024,,1221,,3,0,95,7,
2024|1221|3|0|1|1,,,2024,,1221,,3,0,1,1,
2024|1221|3|1|10|7,,,2024,,1221,,3,1,10,7,
2024|1221|3|1|10|1,,,2024,,1221,,3,1,10,1,
2024|1221|3|0|95|1,,,2024,,1221,,3,0,95,1,
2024|1221|3|0|10|7,,,2024,,1221,,3,0,10,7,
2024|1221|3|0|24|1,,,2024,,1221,,3,0,24,1,
2024|1221|3|0|10|1,,,2024,,1221,,3,0,10,1,
2024|1221|4|0|1|1,,,2024,,1221,,4,0,1,1,
2024|1221|4|0|10|3,,,2024,,1221,,4,0,10,3,
2024|1221|4|0|10|8,,,2024,,1221,,4,0,10,8,
2024|1221|4|0|32|1,,,2024,,1221,,4,0,32,1,
2024|1221|4|0|71|3,,,2024,,1221,,4,0,71,3,
2024|1221|4|0|24|1,,,2024,,1221,,4,0,24,1,
2024|1221|4|0|95|1,,,2024,,1221,,4,0,95,1,
2024|1231|1|1|10|1,,,2024,,1231,,1,1,10,1,
2024|1231|1|0|10|1,,,2024,,1231,,1,0,10,1,
2024|1231|3|1|10|8,,,2024,,1231,,3,1,10,8,
2024|1231|3|0|10|8,,,2024,,1231,,3,0,10,8,
2024|1231|3|1|15|1,,,2024,,1231,,3,1,15,1,
2024|1231|3|0|15|1,,,2024,,1231,,3,0,15,1,
2024|1231|3|0|71|3,,,2024,,1231,,3,0,71,3,
2024|1231|3|0|10|4,,,2024,,1231,,3,0,10,4,
2024|1231|3|0|98|1,,,2024,,1231,,3,0,98,1,
2024|1231|3|1|10|1,,,2024,,1231,,3,1,10,1,
2024|1231|3|0|10|3,,,2024,,1231,,3,0,10,3,
2024|1231|3|0|1|1,,,2024,,1231,,3,0,1,1,
2024|1231|3|1|95|1,,,2024,,1231,,3,1,95,1,
2024|1231|3|1|10|7,,,2024,,1231,,3,1,10,7,
2024|1231|3|0|10|1,,,2024,,1231,,3,0,10,1,
2024|1231|3|0|10|7,,,2024,,1231,,3,0,10,7,
2024|1231|3|0|59|1,,,2024,,1231,,3,0,59,1,
2024|1231|3|1|71|1,,,2024,,1231,,3,1,71,1,
2024|1231|3|1|24|1,,,2024,,1231,,3,1,24,1,
2024|1231|3|0|71|1,,,2024,,1231,,3,0,71,1,
2024|1231|3|0|24|1,,,2024,,1231,,3,0,24,1,
2024|1231|4|0|10|8,,,2024,,1231,,4,0,10,8,
2024|1231|4|0|10|1,,,2024,,1231,,4,0,10,1,
2024|1231|4|0|10|3,,,2024,,1231,,4,0,10,3,
2024|1231|4|0|10|4,,,2024,,1231,,4,0,10,4,
2024|1231|4|0|15|1,,,2024,,1231,,4,0,15,1,
2024|1231|4|0|24|1,,,2024,,1231,,4,0,24,1,
2024|1251|1|0|27|1,,,2024,,1251,,1,0,27,1,
2024|1251|1|0|10|1,,,2024,,1251,,1,0,10,1,
2024|1251|3|0|10|3,,,2024,,1251,,3,0,10,3,
2024|1251|3|0|2|1,,,2024,,1251,,3,0,2,1,
2024|1251|3|0|10|8,,,2024,,1251,,3,0,10,8,
2024|1251|3|0|82|1,,,2024,,1251,,3,0,82,1,
2024|1251|3|0|45|1,,,2024,,1251,,3,0,45,1,
2024|1251|3|0|52|2,,,2024,,1251,,3,0,52,2,
2024|1251|3|1|15|1,,,2024,,1251,,3,1,15,1,
2024|1251|3|1|10|8,,,2024,,1251,,3,1,10,8,
2024|1251|3|0|9|1,,,2024,,1251,,3,0,9,1,
2024|1251|3|0|97|1,,,2024,,1251,,3,0,97,1,
2024|1251|3|0|60|1,,,2024,,1251,,3,0,60,1,
2024|1251|3|0|83|2,,,2024,,1251,,3,0,83,2,
2024|1251|3|1|10|1,,,2024,,1251,,3,1,10,1,
2024|1251|3|0|60|2,,,2024,,1251,,3,0,60,2,
2024|1251|3|0|68|1,,,2024,,1251,,3,0,68,1,
2024|1251|3|0|24|1,,,2024,,1251,,3,0,24,1,
2024|1251|3|0|73|1,,,2024,,1251,,3,0,73,1,
2024|1251|3|0|69|1,,,2024,,1251,,3,0,69,1,
2024|1251|3|0|1|1,,,2024,,1251,,3,0,1,1,
2024|1251|3|0|10|1,,,2024,,1251,,3,0,10,1,
2024|1251|3|0|70|1,,,2024,,1251,,3,0,70,1,
2024|1251|3|0|10|7,,,2024,,1251,,3,0,10,7,
2024|1251|4|0|10|8,,,2024,,1251,,4,0,10,8,
2024|1251|4|0|46|1,,,2024,,1251,,4,0,46,1,
2024|1251|4|0|45|1,,,2024,,1251,,4,0,45,1,
2024|1251|4|0|60|2,,,2024,,1251,,4,0,60,2,
2024|1251|4|1|15|1,,,2024,,1251,,4,1,15,1,
2024|1251|4|0|2|1,,,2024,,1251,,4,0,2,1,
2024|1251|4|0|10|3,,,2024,,1251,,4,0,10,3,
2024|1251|4|0|9|1,,,2024,,1251,,4,0,9,1,
2024|1251|4|0|97|1,,,2024,,1251,,4,0,97,1,
2024|1251|4|0|10|1,,,2024,,1251,,4,0,10,1,
2024|1251|4|1|10|8,,,2024,,1251,,4,1,10,8,
2024|1251|4|0|69|1,,,2024,,1251,,4,0,69,1,
2024|1251|4|0|68|1,,,2024,,1251,,4,0,68,1,
2024|1251|4|0|97|3,,,2024,,1251,,4,0,97,3,
2024|1251|4|0|95|1,,,2024,,1251,,4,0,95,1,
2024|1251|4|0|70|1,,,2024,,1251,,4,0,70,1,
2024|1251|4|0|24|1,,,2024,,1251,,4,0,24,1,
2024|1251|4|0|1|1,,,2024,,1251,,4,0,1,1,
2024|1251|4|0|73|1,,,2024,,1251,,4,0,73,1,
2024|1261|1|0|23|1,,,2024,,1261,,1,0,23,1,
2024|1261|1|0|10|1,,,2024,,1261,,1,0,10,1,
2024|1261|3|1|13|1,,,2024,,1261,,3,1,13,1,
2024|1261|3|0|71|1,,,2024,,1261,,3,0,71,1,
2024|1261|3|0|10|4,,,2024,,1261,,3,0,10,4,
2024|1261|3|1|10|8,,,2024,,1261,,3,1,10,8,
2024|1261|3|1|36|1,,,2024,,1261,,3,1,36,1,
2024|1261|3|0|13|1,,,2024,,1261,,3,0,13,1,
2024|1261|3|1|71|1,,,2024,,1261,,3,1,71,1,
2024|1261|3|1|21|1,,,2024,,1261,,3,1,21,1,
2024|1261|3|0|10|8,,,2024,,1261,,3,0,10,8,
2024|1261|3|1|23|1,,,2024,,1261,,3,1,23,1,
2024|1261|3|0|10|7,,,2024,,1261,,3,0,10,7,
2024|1261|3|0|21|3,,,2024,,1261,,3,0,21,3,
2024|1261|3|0|10|3,,,2024,,1261,,3,0,10,3,
2024|1261|3|0|21|1,,,2024,,1261,,3,0,21,1,
2024|1261|3|0|24|1,,,2024,,1261,,3,0,24,1,
2024|1261|3|1|10|1,,,2024,,1261,,3,1,10,1,
2024|1261|3|0|23|7,,,2024,,1261,,3,0,23,7,
2024|1261|3|0|3|1,,,2024,,1261,,3,0,3,1,
2024|1261|3|0|23|1,,,2024,,1261,,3,0,23,1,
2024|1261|3|0|36|1,,,2024,,1261,,3,0,36,1,
2024|1261|3|0|10|1,,,2024,,1261,,3,0,10,1,
2024|1261|4|0|21|1,,,2024,,1261,,4,0,21,1,
2024|1261|4|1|23|1,,,2024,,1261,,4,1,23,1,
2024|1261|4|0|97|1,,,2024,,1261,,4,0,97,1,
2024|1261|4|0|21|3,,,2024,,1261,,4,0,21,3,
2024|1261|4|0|13|1,,,2024,,1261,,4,0,13,1,
2024|1261|4|0|23|1,,,2024,,1261,,4,0,23,1,
2024|1261|4|1|10|1,,,2024,,1261,,4,1,10,1,
2024|1261|4|1|21|1,,,2024,,1261,,4,1,21,1,
2024|1261|4|0|36|1,,,2024,,1261,,4,0,36,1,
2024|1261|4|0|24|1,,,2024,,1261,,4,0,24,1,
2024|1261|4|0|10|3,,,2024,,1261,,4,0,10,3,
2024|1261|4|0|10|1,,,2024,,1261,,4,0,10,1,
2024|1261|4|0|10|8,,,2024,,1261,,4,0,10,8,
2024|1261|4|0|3|1,,,2024,,1261,,4,0,3,1,
2024|1271|1|1|10|1,,,2024,,1271,,1,1,10,1,
2024|1271|1|0|95|1,,,2024,,1271,,1,0,95,1,
2024|1271|1|0|10|1,,,2024,,1271,,1,0,10,1,
2024|1271|3|0|17|1,,,2024,,1271,,3,0,17,1,
2024|1271|3|0|15|1,,,2024,,1271,,3,0,15,1,
2024|1271|3|0|69|1,,,2024,,1271,,3,0,69,1,
2024|1271|3|0|57|1,,,2024,,1271,,3,0,57,1,
2024|1271|3|0|10|8,,,2024,,1271,,3,0,10,8,
2024|1271|3|0|10|4,,,2024,,1271,,3,0,10,4,
2024|1271|3|1|10|1,,,2024,,1271,,3,1,10,1,
2024|1271|3|1|10|7,,,2024,,1271,,3,1,10,7,
2024|1271|3|0|95|7,,,2024,,1271,,3,0,95,7,
2024|1271|3|0|24|1,,,2024,,1271,,3,0,24,1,
2024|1271|3|0|10|7,,,2024,,1271,,3,0,10,7,
2024|1271|3|0|10|1,,,2024,,1271,,3,0,10,1,
2024|1271|3|0|95|1,,,2024,,1271,,3,0,95,1,
2024|1271|3|0|16|1,,,2024,,1271,,3,0,16,1,
2024|1271|4|0|10|8,,,2024,,1271,,4,0,10,8,
2024|1271|4|0|15|1,,,2024,,1271,,4,0,15,1,
2024|1271|4|0|69|1,,,2024,,1271,,4,0,69,1,
2024|1271|4|0|95|1,,,2024,,1271,,4,0,95,1,
2024|1271|4|0|10|1,,,2024,,1271,,4,0,10,1,
2024|1301|1|0|10|1,,,2024,,1301,,1,0,10,1,
2024|1301|3|0|70|1,,,2024,,1301,,3,0,70,1,
2024|1301|3|0|60|2,,,2024,,1301,,3,0,60,2,
2024|1301|3|0|74|1,,,2024,,1301,,3,0,74,1,
2024|1301|3|0|59|1,,,2024,,1301,,3,0,59,1,
2024|1301|3|0|10|7,,,2024,,1301,,3,0,10,7,
2024|1301|3|0|24|1,,,2024,,1301,,3,0,24,1,
2024|1301|3|0|73|1,,,2024,,1301,,3,0,73,1,
2024|1301|3|0|95|1,,,2024,,1301,,3,0,95,1,
2024|1301|3|0|10|1,,,2024,,1301,,3,0,10,1,
2024|1301|4|0|10|8,,,2024,,1301,,4,0,10,8,
2024|1301|4|0|10|3,,,2024,,1301,,4,0,10,3,
2024|1301|4|0|15|1,,,2024,,1301,,4,0,15,1,
2024|1301|4|0|25|1,,,2024,,1301,,4,0,25,1,
2024|1301|4|0|32|3,,,2024,,1301,,4,0,32,3,
2024|1301|4|0|15|3,,,2024,,1301,,4,0,15,3,
2024|1301|4|0|60|2,,,2024,,1301,,4,0,60,2,
2024|1301|4|0|74|1,,,2024,,1301,,4,0,74,1,
2024|1301|4|0|32|1,,,2024,,1301,,4,0,32,1,
2024|1301|4|0|70|1,,,2024,,1301,,4,0,70,1,
2024|1301|4|0|10|1,,,2024,,1301,,4,0,10,1,
2024|1301|4|0|95|1,,,2024,,1301,,4,0,95,1,
2024|1301|4|0|24|1,,,2024,,1301,,4,0,24,1,
2024|1301|5|0|95|1,,,2024,,1301,,5,0,95,1,
2024|1371|1|0|95|1,,,2024,,1371,,1,0,95,1,
2024|1371|1|0|72|1,,,2024,,1371,,1,0,72,1,
2024|1371|3|0|10|4,,,2024,,1371,,3,0,10,4,
2024|1371|3|0|10|3,,,2024,,1371,,3,0,10,3,
2024|1371|3|0|72|3,,,2024,,1371,,3,0,72,3,
2024|1371|3|0|15|1,,,2024,,1371,,3,0,15,1,
2024|1371|3|0|9|1,,,2024,,1371,,3,0,9,1,
2024|1371|3|0|95|1,,,2024,,1371,,3,0,95,1,
2024|1371|3|0|95|7,,,2024,,1371,,3,0,95,7,
2024|1371|3|0|29|1,,,2024,,1371,,3,0,29,1,
2024|1371|3|0|94|1,,,2024,,1371,,3,0,94,1,
2024|1371|3|0|24|1,,,2024,,1371,,3,0,24,1,
2024|1371|3|0|52|2,,,2024,,1371,,3,0,52,2,
2024|1371|3|0|72|1,,,2024,,1371,,3,0,72,1,
2024|1371|3|0|10|8,,,2024,,1371,,3,0,10,8,
2024|1371|3|0|31|7,,,2024,,1371,,3,0,31,7,
2024|1371|4|0|10|4,,,2024,,1371,,4,0,10,4,
2024|1371|4|0|15|1,,,2024,,1371,,4,0,15,1,
2024|1371|4|0|72|3,,,2024,,1371,,4,0,72,3,
2024|1371|4|0|24|1,,,2024,,1371,,4,0,24,1,
2024|1371|4|0|72|1,,,2024,,1371,,4,0,72,1,
2024|1371|4|0|95|1,,,2024,,1371,,4,0,95,1,
2024|1371|4|0|10|8,,,2024,,1371,,4,0,10,8,
2024|1371|4|0|9|1,,,2024,,1371,,4,0,9,1,
2024|1401|1|0|10|1,,,2024,,1401,,1,0,10,1,
2024|1401|3|0|53|1,,,2024,,1401,,3,0,53,1,
2024|1401|3|1|60|1,,,2024,,1401,,3,1,60,1,
2024|1401|3|0|60|2,,,2024,,1401,,3,0,60,2,
2024|1401|3|0|15|1,,,2024,,1401,,3,0,15,1,
2024|1401|3|0|10|8,,,2024,,1401,,3,0,10,8,
2024|1401|3|0|66|1,,,2024,,1401,,3,0,66,1,
2024|1401|3|0|97|1,,,2024,,1401,,3,0,97,1,
2024|1401|3|1|10|1,,,2024,,1401,,3,1,10,1,
2024|1401|3|0|27|1,,,2024,,1401,,3,0,27,1,
2024|1401|3|0|60|1,,,2024,,1401,,3,0,60,1,
2024|1401|3|0|70|1,,,2024,,1401,,3,0,70,1,
2024|1401|3|0|10|1,,,2024,,1401,,3,0,10,1,
2024|1401|3|0|24|1,,,2024,,1401,,3,0,24,1,
2024|1401|3|0|95|1,,,2024,,1401,,3,0,95,1,
2024|1401|3|0|10|7,,,2024,,1401,,3,0,10,7,
2024|1401|4|0|66|1,,,2024,,1401,,4,0,66,1,
2024|1401|4|0|9|1,,,2024,,1401,,4,0,9,1,
2024|1401|4|0|10|1,,,2024,,1401,,4,0,10,1,
2024|1401|4|1|10|8,,,2024,,1401,,4,1,10,8,
2024|1401|4|0|10|4,,,2024,,1401,,4,0,10,4,
2024|1401|4|0|15|1,,,2024,,1401,,4,0,15,1,
2024|1401|4|0|60|2,,,2024,,1401,,4,0,60,2,
2024|1401|4|0|98|1,,,2024,,1401,,4,0,98,1,
2024|1401|4|0|10|3,,,2024,,1401,,4,0,10,3,
2024|1401|4|0|10|8,,,2024,,1401,,4,0,10,8,
2024|1401|4|0|97|1,,,2024,,1401,,4,0,97,1,
2024|1401|4|0|27|1,,,2024,,1401,,4,0,27,1,
2024|1401|4|0|70|1,,,2024,,1401,,4,0,70,1,
2024|1401|4|0|60|1,,,2024,,1401,,4,0,60,1,
2024|1401|4|0|1|1,,,2024,,1401,,4,0,1,1,
2024|1401|4|0|24|1,,,2024,,1401,,4,0,24,1,
2024|1401|4|0|2|1,,,2024,,1401,,4,0,2,1,
2024|1401|4|0|95|1,,,2024,,1401,,4,0,95,1,
2024|1441|1|0|10|5,,,2024,,1441,,1,0,10,5,
2024|1441|1|0|43|5,,,2024,,1441,,1,0,43,5,
2024|1441|1|0|42|5,,,2024,,1441,,1,0,42,5,
2024|1441|1|0|10|9,,,2024,,1441,,1,0,10,9,
2024|1441|1|0|10|1,,,2024,,1441,,1,0,10,1,
2024|1441|3|0|10|7,,,2024,,1441,,3,0,10,7,
2024|1441|3|0|10|1,,,2024,,1441,,3,0,10,1,
2024|1441|3|0|60|1,,,2024,,1441,,3,0,60,1,
2024|1441|4|0|10|1,,,2024,,1441,,4,0,10,1,
2024|1441|4|0|60|1,,,2024,,1441,,4,0,60,1,
2024|1451|1|0|27|1,,,2024,,1451,,1,0,27,1,
2024|1451|1|1|57|2,,,2024,,1451,,1,1,57,2,
2024|1451|1|1|10|1,,,2024,,1451,,1,1,10,1,
2024|1451|1|0|57|2,,,2024,,1451,,1,0,57,2,
2024|1451|1|0|10|1,,,2024,,1451,,1,0,10,1,
2024|1451|3|0|9|1,,,2024,,1451,,3,0,9,1,
2024|1451|3|0|15|1,,,2024,,1451,,3,0,15,1,
2024|1451|3|1|10|8,,,2024,,1451,,3,1,10,8,
2024|1451|3|0|1|1,,,2024,,1451,,3,0,1,1,
2024|1451|3|1|10|3,,,2024,,1451,,3,1,10,3,
2024|1451|3|1|27|7,,,2024,,1451,,3,1,27,7,
2024|1451|3|0|10|3,,,2024,,1451,,3,0,10,3,
2024|1451|3|1|10|1,,,2024,,1451,,3,1,10,1,
2024|1451|3|1|1|1,,,2024,,1451,,3,1,1,1,
2024|1451|3|0|60|1,,,2024,,1451,,3,0,60,1,
2024|1451|3|0|61|1,,,2024,,1451,,3,0,61,1,
2024|1451|3|0|27|7,,,2024,,1451,,3,0,27,7,
2024|1451|3|0|95|1,,,2024,,1451,,3,0,95,1,
2024|1451|3|0|10|7,,,2024,,1451,,3,0,10,7,
2024|1451|3|1|24|1,,,2024,,1451,,3,1,24,1,
2024|1451|3|0|10|1,,,2024,,1451,,3,0,10,1,
2024|1451|3|0|24|1,,,2024,,1451,,3,0,24,1,
2024|1451|3|0|10|8,,,2024,,1451,,3,0,10,8,
2024|1451|4|0|10|1,,,2024,,1451,,4,0,10,1,
2024|1451|4|0|97|1,,,2024,,1451,,4,0,97,1,
2024|1451|4|0|15|1,,,2024,,1451,,4,0,15,1,
2024|1451|4|0|10|8,,,2024,,1451,,4,0,10,8,
2024|1451|4|0|10|4,,,2024,,1451,,4,0,10,4,
2024|1451|4|1|15|1,,,2024,,1451,,4,1,15,1,
2024|1451|4|1|10|8,,,2024,,1451,,4,1,10,8,
2024|1451|4|1|10|3,,,2024,,1451,,4,1,10,3,
2024|1451|4|0|10|3,,,2024,,1451,,4,0,10,3,
2024|1451|4|1|10|1,,,2024,,1451,,4,1,10,1,
2024|1451|4|1|97|1,,,2024,,1451,,4,1,97,1,
2024|1451|4|1|3|1,,,2024,,1451,,4,1,3,1,
2024|1451|4|0|1|1,,,2024,,1451,,4,0,1,1,
2024|1451|4|1|1|1,,,2024,,1451,,4,1,1,1,
2024|1451|4|0|95|1,,,2024,,1451,,4,0,95,1,
2024|1451|4|1|2|1,,,2024,,1451,,4,1,2,1,
2024|1451|4|0|24|1,,,2024,,1451,,4,0,24,1,
2024|1451|4|1|24|1,,,2024,,1451,,4,1,24,1,
2024|1481|1|0|95|1,,,2024,,1481,,1,0,95,1,
2024|1481|1|1|71|1,,,2024,,1481,,1,1,71,1,
2024|1481|1|1|10|1,,,2024,,1481,,1,1,10,1,
2024|1481|1|0|10|1,,,2024,,1481,,1,0,10,1,
2024|1481|1|0|71|1,,,2024,,1481,,1,0,71,1,
2024|1481|3|1|10|8,,,2024,,1481,,3,1,10,8,
2024|1481|3|1|24|1,,,2024,,1481,,3,1,24,1,
2024|1481|3|0|71|3,,,2024,,1481,,3,0,71,3,
2024|1481|3|1|15|1,,,2024,,1481,,3,1,15,1,
2024|1481|3|1|38|1,,,2024,,1481,,3,1,38,1,
2024|1481|3|0|15|1,,,2024,,1481,,3,0,15,1,
2024|1481|3|0|10|8,,,2024,,1481,,3,0,10,8,
2024|1481|3|0|10|4,,,2024,,1481,,3,0,10,4,
2024|1481|3|0|10|3,,,2024,,1481,,3,0,10,3,
2024|1481|3|0|95|7,,,2024,,1481,,3,0,95,7,
2024|1481|3|1|71|7,,,2024,,1481,,3,1,71,7,
2024|1481|3|0|1|1,,,2024,,1481,,3,0,1,1,
2024|1481|3|1|10|7,,,2024,,1481,,3,1,10,7,
2024|1481|3|1|71|1,,,2024,,1481,,3,1,71,1,
2024|1481|3|0|10|1,,,2024,,1481,,3,0,10,1,
2024|1481|3|0|59|1,,,2024,,1481,,3,0,59,1,
2024|1481|3|1|10|1,,,2024,,1481,,3,1,10,1,
2024|1481|3|0|38|1,,,2024,,1481,,3,0,38,1,
2024|1481|3|0|71|7,,,2024,,1481,,3,0,71,7,
2024|1481|3|0|10|7,,,2024,,1481,,3,0,10,7,
2024|1481|3|0|24|1,,,2024,,1481,,3,0,24,1,
2024|1481|3|0|71|1,,,2024,,1481,,3,0,71,1,
2024|1481|4|0|1|1,,,2024,,1481,,4,0,1,1,
2024|1481|4|0|71|3,,,2024,,1481,,4,0,71,3,
2024|1481|4|0|10|3,,,2024,,1481,,4,0,10,3,
2024|1481|4|0|15|1,,,2024,,1481,,4,0,15,1,
2024|1481|4|0|10|4,,,2024,,1481,,4,0,10,4,
2024|1481|4|0|10|8,,,2024,,1481,,4,0,10,8,
2024|1481|4|0|10|1,,,2024,,1481,,4,0,10,1,
2024|1481|4|0|71|1,,,2024,,1481,,4,0,71,1,
2024|1481|4|0|38|1,,,2024,,1481,,4,0,38,1,
2024|1481|4|0|24|1,,,2024,,1481,,4,0,24,1,
2024|1481|4|1|10|1,,,2024,,1481,,4,1,10,1,
2024|1481|4|1|71|1,,,2024,,1481,,4,1,71,1,
2024|1491|1|0|10|1,,,2024,,1491,,1,0,10,1,
2024|1491|3|1|10|8,,,2024,,1491,,3,1,10,8,
2024|1491|3|1|10|1,,,2024,,1491,,3,1,10,1,
2024|1491|3|0|10|7,,,2024,,1491,,3,0,10,7,
2024|1491|3|0|10|1,,,2024,,1491,,3,0,10,1,
2024|1491|4|0|10|8,,,2024,,1491,,4,0,10,8,
2024|1491|4|0|10|4,,,2024,,1491,,4,0,10,4,
2024|1491|4|0|10|1,,,2024,,1491,,4,0,10,1,
2024|1491|4|0|15|1,,,2024,,1491,,4,0,15,1,
2024|1491|4|1|10|8,,,2024,,1491,,4,1,10,8,
2024|1501|1|1|10|1,,,2024,,1501,,1,1,10,1,
2024|1501|1|0|95|1,,,2024,,1501,,1,0,95,1,
2024|1501|1|0|10|1,,,2024,,1501,,1,0,10,1,
2024|1501|3|0|82|1,,,2024,,1501,,3,0,82,1,
2024|1501|3|0|15|1,,,2024,,1501,,3,0,15,1,
2024|1501|3|0|95|7,,,2024,,1501,,3,0,95,7,
2024|1501|3|1|10|7,,,2024,,1501,,3,1,10,7,
2024|1501|3|0|59|2,,,2024,,1501,,3,0,59,2,
2024|1501|3|0|52|2,,,2024,,1501,,3,0,52,2,
2024|1501|3|0|91|2,,,2024,,1501,,3,0,91,2,
2024|1501|3|0|94|1,,,2024,,1501,,3,0,94,1,
2024|1501|3|0|95|1,,,2024,,1501,,3,0,95,1,
2024|1501|3|1|10|1,,,2024,,1501,,3,1,10,1,
2024|1501|3|0|60|2,,,2024,,1501,,3,0,60,2,
2024|1501|3|0|10|7,,,2024,,1501,,3,0,10,7,
2024|1501|3|0|10|1,,,2024,,1501,,3,0,10,1,
2024|1501|4|0|15|1,,,2024,,1501,,4,0,15,1,
2024|1501|4|0|74|1,,,2024,,1501,,4,0,74,1,
2024|1501|4|0|60|2,,,2024,,1501,,4,0,60,2,
2024|1501|4|0|95|1,,,2024,,1501,,4,0,95,1,
2024|1501|4|0|10|1,,,2024,,1501,,4,0,10,1,
2024|1501|4|0|25|1,,,2024,,1501,,4,0,25,1,
2024|1501|5|0|10|1,,,2024,,1501,,5,0,10,1,
2024|1511|1|0|57|2,,,2024,,1511,,1,0,57,2,
2024|1511|1|0|18|1,,,2024,,1511,,1,0,18,1,
2024|1511|1|0|11|1,,,2024,,1511,,1,0,11,1,
2024|1511|1|0|10|1,,,2024,,1511,,1,0,10,1,
2024|1511|3|0|1|1,,,2024,,1511,,3,0,1,1,
2024|1511|3|1|9|1,,,2024,,1511,,3,1,9,1,
2024|1511|3|0|10|3,,,2024,,1511,,3,0,10,3,
2024|1511|3|1|10|1,,,2024,,1511,,3,1,10,1,
2024|1511|3|0|15|1,,,2024,,1511,,3,0,15,1,
2024|1511|3|0|10|8,,,2024,,1511,,3,0,10,8,
2024|1511|3|1|10|8,,,2024,,1511,,3,1,10,8,
2024|1511|3|1|60|2,,,2024,,1511,,3,1,60,2,
2024|1511|3|0|10|1,,,2024,,1511,,3,0,10,1,
2024|1511|3|0|70|1,,,2024,,1511,,3,0,70,1,
2024|1511|3|0|60|1,,,2024,,1511,,3,0,60,1,
2024|1511|3|0|24|1,,,2024,,1511,,3,0,24,1,
2024|1511|3|0|10|7,,,2024,,1511,,3,0,10,7,
2024|1511|3|0|95|1,,,2024,,1511,,3,0,95,1,
2024|1511|4|1|10|4,,,2024,,1511,,4,1,10,4,
2024|1511|4|0|10|1,,,2024,,1511,,4,0,10,1,
2024|1511|4|1|95|1,,,2024,,1511,,4,1,95,1,
2024|1511|4|0|46|1,,,2024,,1511,,4,0,46,1,
2024|1511|4|0|15|1,,,2024,,1511,,4,0,15,1,
2024|1511|4|1|60|2,,,2024,,1511,,4,1,60,2,
2024|1511|4|0|10|8,,,2024,,1511,,4,0,10,8,
2024|1511|4|0|74|1,,,2024,,1511,,4,0,74,1,
2024|1511|4|0|45|1,,,2024,,1511,,4,0,45,1,
2024|1511|4|0|10|3,,,2024,,1511,,4,0,10,3,
2024|1511|4|1|1|1,,,2024,,1511,,4,1,1,1,
2024|1511|4|1|10|8,,,2024,,1511,,4,1,10,8,
2024|1511|4|0|25|1,,,2024,,1511,,4,0,25,1,
2024|1511|4|1|25|1,,,2024,,1511,,4,1,25,1,
2024|1511|4|0|70|1,,,2024,,1511,,4,0,70,1,
2024|1511|4|0|97|1,,,2024,,1511,,4,0,97,1,
2024|1511|4|0|98|1,,,2024,,1511,,4,0,98,1,
2024|1511|4|0|2|1,,,2024,,1511,,4,0,2,1,
2024|1511|4|0|24|1,,,2024,,1511,,4,0,24,1,
2024|1511|4|0|95|1,,,2024,,1511,,4,0,95,1,
2024|1511|4|0|1|1,,,2024,,1511,,4,0,1,1,
2024|1521|1|0|10|1,,,2024,,1521,,1,0,10,1,
2024|1521|3|0|9|1,,,2024,,1521,,3,0,9,1,
2024|1521|3|0|95|1,,,2024,,1521,,3,0,95,1,
2024|1521|3|0|10|1,,,2024,,1521,,3,0,10,1,
2024|1521|3|0|10|7,,,2024,,1521,,3,0,10,7,
2024|1521|4|0|9|1,,,2024,,1521,,4,0,9,1,
2024|1521|4|0|10|1,,,2024,,1521,,4,0,10,1,
2024|1521|4|0|95|1,,,2024,,1521,,4,0,95,1,
2024|1541|1|0|10|1,,,2024,,1541,,1,0,10,1,
2024|1541|3|0|10|1,,,2024,,1541,,3,0,10,1,
2024|1541|3|0|10|7,,,2024,,1541,,3,0,10,7,
2024|1541|4|0|10|1,,,2024,,1541,,4,0,10,1,
2024|1631|1|0|10|1,,,2024,,1631,,1,0,10,1,
2024|1631|3|0|10|7,,,2024,,1631,,3,0,10,7,
2024|1631|3|0|10|1,,,2024,,1631,,3,0,10,1,
2024|1711|1|0|10|1,,,2024,,1711,,1,0,10,1,
2024|1711|3|0|10|1,,,2024,,1711,,3,0,10,1,
2024|1711|3|0|10|7,,,2024,,1711,,3,0,10,7,
2024|1711|4|0|10|1,,,2024,,1711,,4,0,10,1,
2024|1721|1|0|10|1,,,2024,,1721,,1,0,10,1,
2024|1721|3|0|10|1,,,2024,,1721,,3,0,10,1,
2024|1721|3|0|10|8,,,2024,,1721,,3,0,10,8,
2024|1721|3|0|10|7,,,2024,,1721,,3,0,10,7,
2024|1721|4|0|10|8,,,2024,,1721,,4,0,10,8,
2024|1721|4|0|10|1,,,2024,,1721,,4,0,10,1,
2024|1911|3|0|71|1,,,2024,,1911,,3,0,71,1,
2024|1911|3|0|10|1,,,2024,,1911,,3,0,10,1,
2024|1915|5|0|61|2,,,2024,,1915,,5,0,61,2,
2024|1915|5|0|10|1,,,2024,,1915,,5,0,10,1,
2024|1916|2|0|11|1,,,2024,,1916,,2,0,11,1,
2024|1916|2|0|19|1,,,2024,,1916,,2,0,19,1,
2024|1916|2|0|10|1,,,2024,,1916,,2,0,10,1,
2024|1916|6|0|15|1,,,2024,,1916,,6,0,15,1,
2024|1916|6|0|10|1,,,2024,,1916,,6,0,10,1,
2024|1941|1|0|10|1,,,2024,,1941,,1,0,10,1,
2024|1941|3|0|52|2,,,2024,,1941,,3,0,52,2,
2024|1941|3|0|94|1,,,2024,,1941,,3,0,94,1,
2024|1941|3|0|91|2,,,2024,,1941,,3,0,91,2,
2024|1941|3|0|27|1,,,2024,,1941,,3,0,27,1,
2024|1941|3|0|60|2,,,2024,,1941,,3,0,60,2,
2024|1941|3|0|10|1,,,2024,,1941,,3,0,10,1,
2024|1951|3|0|71|3,,,2024,,1951,,3,0,71,3,
2024|1951|3|0|97|1,,,2024,,1951,,3,0,97,1,
2024|1951|3|0|10|3,,,2024,,1951,,3,0,10,3,
2024|1951|3|0|98|1,,,2024,,1951,,3,0,98,1,
2024|1951|4|0|71|3,,,2024,,1951,,4,0,71,3,
2024|1951|4|0|10|3,,,2024,,1951,,4,0,10,3,
2024|1991|9|0|10|1,,,2024,,1991,,9,0,10,1,
2024|2011|1|0|60|9,,,2024,,2011,,1,0,60,9,
2024|2011|1|0|10|9,,,2024,,2011,,1,0,10,9,
2024|2011|1|0|57|2,,,2024,,2011,,1,0,57,2,
2024|2011|1|0|49|1,,,2024,,2011,,1,0,49,1,
2024|2011|3|0|49|1,,,2024,,2011,,3,0,49,1,
2024|2011|3|0|60|9,,,2024,,2011,,3,0,60,9,
2024|2011|3|0|60|1,,,2024,,2011,,3,0,60,1,
2024|2011|3|0|10|1,,,2024,,2011,,3,0,10,1,
2024|2011|3|0|50|1,,,2024,,2011,,3,0,50,1,
2024|2011|3|0|49|7,,,2024,,2011,,3,0,49,7,
2024|2011|3|0|10|9,,,2024,,2011,,3,0,10,9,
2024|2011|4|0|10|8,,,2024,,2011,,4,0,10,8,
2024|2011|4|0|10|1,,,2024,,2011,,4,0,10,1,
2024|2011|4|0|50|1,,,2024,,2011,,4,0,50,1,
2024|2011|4|0|47|1,,,2024,,2011,,4,0,47,1,
2024|2041|1|0|60|1,,,2024,,2041,,1,0,60,1,
2024|2041|3|0|60|7,,,2024,,2041,,3,0,60,7,
2024|2041|3|0|60|9,,,2024,,2041,,3,0,60,9,
2024|2041|3|0|60|1,,,2024,,2041,,3,0,60,1,
2024|2041|4|0|47|1,,,2024,,2041,,4,0,47,1,
2024|2041|4|0|60|1,,,2024,,2041,,4,0,60,1,
2024|2061|1|0|10|9,,,2024,,2061,,1,0,10,9,
2024|2061|1|0|10|1,,,2024,,2061,,1,0,10,1,
2024|2061|3|0|10|3,,,2024,,2061,,3,0,10,3,
2024|2061|3|0|10|9,,,2024,,2061,,3,0,10,9,
2024|2061|3|0|10|8,,,2024,,2061,,3,0,10,8,
2024|2061|3|0|24|1,,,2024,,2061,,3,0,24,1,
2024|2061|3|0|10|7,,,2024,,2061,,3,0,10,7,
2024|2061|3|0|60|1,,,2024,,2061,,3,0,60,1,
2024|2061|3|0|10|1,,,2024,,2061,,3,0,10,1,
2024|2061|4|0|10|1,,,2024,,2061,,4,0,10,1,
2024|2071|1|0|60|9,,,2024,,2071,,1,0,60,9,
2024|2071|1|0|10|1,,,2024,,2071,,1,0,10,1,
2024|2071|3|0|10|8,,,2024,,2071,,3,0,10,8,
2024|2071|3|0|60|9,,,2024,,2071,,3,0,60,9,
2024|2071|3|0|10|3,,,2024,,2071,,3,0,10,3,
2024|2071|3|0|47|1,,,2024,,2071,,3,0,47,1,
2024|2071|3|0|69|1,,,2024,,2071,,3,0,69,1,
2024|2071|3|0|10|7,,,2024,,2071,,3,0,10,7,
2024|2071|3|0|68|1,,,2024,,2071,,3,0,68,1,
2024|2071|3|0|10|1,,,2024,,2071,,3,0,10,1,
2024|2071|3|0|24|1,,,2024,,2071,,3,0,24,1,
2024|2071|3|1|10|1,,,2024,,2071,,3,1,10,1,
2024|2071|4|0|24|1,,,2024,,2071,,4,0,24,1,
2024|2071|4|0|68|1,,,2024,,2071,,4,0,68,1,
2024|2071|4|0|10|1,,,2024,,2071,,4,0,10,1,
2024|2071|4|1|10|1,,,2024,,2071,,4,1,10,1,
2024|2071|5|0|10|1,,,2024,,2071,,5,0,10,1,
2024|2091|1|0|60|1,,,2024,,2091,,1,0,60,1,
2024|2091|1|0|60|9,,,2024,,2091,,1,0,60,9,
2024|2091|1|0|95|1,,,2024,,2091,,1,0,95,1,
2024|2091|1|0|72|1,,,2024,,2091,,1,0,72,1,
2024|2091|3|0|60|1,,,2024,,2091,,3,0,60,1,
2024|2091|3|0|10|8,,,2024,,2091,,3,0,10,8,
2024|2091|3|0|72|7,,,2024,,2091,,3,0,72,7,
2024|2091|3|0|52|1,,,2024,,2091,,3,0,52,1,
2024|2091|3|0|60|9,,,2024,,2091,,3,0,60,9,
2024|2091|3|0|95|7,,,2024,,2091,,3,0,95,7,
2024|2091|3|0|95|1,,,2024,,2091,,3,0,95,1,
2024|2091|3|0|45|1,,,2024,,2091,,3,0,45,1,
2024|2091|3|0|24|1,,,2024,,2091,,3,0,24,1,
2024|2091|3|0|72|1,,,2024,,2091,,3,0,72,1,
2024|2091|4|0|47|1,,,2024,,2091,,4,0,47,1,
2024|2091|4|0|72|1,,,2024,,2091,,4,0,72,1,
2024|2101|1|0|72|1,,,2024,,2101,,1,0,72,1,
2024|2101|1|0|26|1,,,2024,,2101,,1,0,26,1,
2024|2101|1|0|95|1,,,2024,,2101,,1,0,95,1,
2024|2101|1|0|60|9,,,2024,,2101,,1,0,60,9,
2024|2101|3|0|10|8,,,2024,,2101,,3,0,10,8,
2024|2101|3|0|60|1,,,2024,,2101,,3,0,60,1,
2024|2101|3|0|15|1,,,2024,,2101,,3,0,15,1,
2024|2101|3|0|26|1,,,2024,,2101,,3,0,26,1,
2024|2101|3|0|68|1,,,2024,,2101,,3,0,68,1,
2024|2101|3|0|9|1,,,2024,,2101,,3,0,9,1,
2024|2101|3|0|72|3,,,2024,,2101,,3,0,72,3,
2024|2101|3|0|69|1,,,2024,,2101,,3,0,69,1,
2024|2101|3|1|95|1,,,2024,,2101,,3,1,95,1,
2024|2101|3|0|95|7,,,2024,,2101,,3,0,95,7,
2024|2101|3|0|60|9,,,2024,,2101,,3,0,60,9,
2024|2101|3|0|24|1,,,2024,,2101,,3,0,24,1,
2024|2101|3|0|72|1,,,2024,,2101,,3,0,72,1,
2024|2101|3|0|91|1,,,2024,,2101,,3,0,91,1,
2024|2101|3|0|52|1,,,2024,,2101,,3,0,52,1,
2024|2101|3|0|72|7,,,2024,,2101,,3,0,72,7,
2024|2101|3|0|61|1,,,2024,,2101,,3,0,61,1,
2024|2101|3|0|95|1,,,2024,,2101,,3,0,95,1,
2024|2101|4|0|60|1,,,2024,,2101,,4,0,60,1,
2024|2101|4|0|91|1,,,2024,,2101,,4,0,91,1,
2024|2101|4|0|72|3,,,2024,,2101,,4,0,72,3,
2024|2101|4|0|52|1,,,2024,,2101,,4,0,52,1,
2024|2101|4|0|72|1,,,2024,,2101,,4,0,72,1,
2024|2101|4|0|10|8,,,2024,,2101,,4,0,10,8,
2024|2101|4|0|61|1,,,2024,,2101,,4,0,61,1,
2024|2101|4|0|24|1,,,2024,,2101,,4,0,24,1,
2024|2101|4|0|9|1,,,2024,,2101,,4,0,9,1,
2024|2101|4|0|95|1,,,2024,,2101,,4,0,95,1,
2024|2101|5|0|95|1,,,2024,,2101,,5,0,95,1,
2024|2121|1|0|60|9,,,2024,,2121,,1,0,60,9,
2024|2121|1|0|57|2,,,2024,,2121,,1,0,57,2,
2024|2121|1|0|49|1,,,2024,,2121,,1,0,49,1,
2024|2121|1|0|10|1,,,2024,,2121,,1,0,10,1,
2024|2121|1|0|50|1,,,2024,,2121,,1,0,50,1,
2024|2121|1|0|78|1,,,2024,,2121,,1,0,78,1,
2024|2121|3|0|50|1,,,2024,,2121,,3,0,50,1,
2024|2121|3|0|60|9,,,2024,,2121,,3,0,60,9,
2024|2121|3|0|60|1,,,2024,,2121,,3,0,60,1,
2024|2121|3|0|10|7,,,2024,,2121,,3,0,10,7,
2024|2121|3|0|50|7,,,2024,,2121,,3,0,50,7,
2024|2121|3|0|49|1,,,2024,,2121,,3,0,49,1,
2024|2121|3|0|10|1,,,2024,,2121,,3,0,10,1,
2024|2121|4|0|60|1,,,2024,,2121,,4,0,60,1,
2024|2121|4|0|49|1,,,2024,,2121,,4,0,49,1,
2024|2121|4|0|10|1,,,2024,,2121,,4,0,10,1,
2024|2151|1|0|60|9,,,2024,,2151,,1,0,60,9,
2024|2151|1|0|10|1,,,2024,,2151,,1,0,10,1,
2024|2151|3|0|60|9,,,2024,,2151,,3,0,60,9,
2024|2151|3|0|10|1,,,2024,,2151,,3,0,10,1,
2024|2151|3|0|60|1,,,2024,,2151,,3,0,60,1,
2024|2151|3|0|10|7,,,2024,,2151,,3,0,10,7,
2024|2151|4|0|10|1,,,2024,,2151,,4,0,10,1,
2024|2151|4|0|47|1,,,2024,,2151,,4,0,47,1,
2024|2161|1|0|10|9,,,2024,,2161,,1,0,10,9,
2024|2161|1|0|10|1,,,2024,,2161,,1,0,10,1,
2024|2161|3|0|10|9,,,2024,,2161,,3,0,10,9,
2024|2161|3|0|47|1,,,2024,,2161,,3,0,47,1,
2024|2161|3|0|10|3,,,2024,,2161,,3,0,10,3,
2024|2161|3|0|1|1,,,2024,,2161,,3,0,1,1,
2024|2161|3|0|10|7,,,2024,,2161,,3,0,10,7,
2024|2161|3|0|10|1,,,2024,,2161,,3,0,10,1,
2024|2161|3|0|24|1,,,2024,,2161,,3,0,24,1,
2024|2161|4|0|10|1,,,2024,,2161,,4,0,10,1,
2024|2161|4|0|1|1,,,2024,,2161,,4,0,1,1,
2024|2161|4|0|24|1,,,2024,,2161,,4,0,24,1,
2024|2171|1|0|10|9,,,2024,,2171,,1,0,10,9,
2024|2171|1|0|10|1,,,2024,,2171,,1,0,10,1,
2024|2171|3|0|59|2,,,2024,,2171,,3,0,59,2,
2024|2171|3|0|10|7,,,2024,,2171,,3,0,10,7,
2024|2171|3|0|45|1,,,2024,,2171,,3,0,45,1,
2024|2171|3|0|60|1,,,2024,,2171,,3,0,60,1,
2024|2171|3|0|10|1,,,2024,,2171,,3,0,10,1,
2024|2171|3|0|24|1,,,2024,,2171,,3,0,24,1,
2024|2171|3|0|68|1,,,2024,,2171,,3,0,68,1,
2024|2171|4|0|60|1,,,2024,,2171,,4,0,60,1,
2024|2171|4|0|45|1,,,2024,,2171,,4,0,45,1,
2024|2171|4|0|68|1,,,2024,,2171,,4,0,68,1,
2024|2171|4|0|24|1,,,2024,,2171,,4,0,24,1,
2024|2181|1|0|10|1,,,2024,,2181,,1,0,10,1,
2024|2181|1|0|10|9,,,2024,,2181,,1,0,10,9,
2024|2181|3|0|59|2,,,2024,,2181,,3,0,59,2,
2024|2181|3|0|10|1,,,2024,,2181,,3,0,10,1,
2024|2181|3|0|60|1,,,2024,,2181,,3,0,60,1,
2024|2181|3|0|10|9,,,2024,,2181,,3,0,10,9,
2024|2181|3|0|10|7,,,2024,,2181,,3,0,10,7,
2024|2181|4|0|10|1,,,2024,,2181,,4,0,10,1,
2024|2181|4|0|47|1,,,2024,,2181,,4,0,47,1,
2024|2201|1|0|95|1,,,2024,,2201,,1,0,95,1,
2024|2201|1|0|10|9,,,2024,,2201,,1,0,10,9,
2024|2201|1|0|10|1,,,2024,,2201,,1,0,10,1,
2024|2201|3|0|10|3,,,2024,,2201,,3,0,10,3,
2024|2201|3|0|9|1,,,2024,,2201,,3,0,9,1,
2024|2201|3|0|59|2,,,2024,,2201,,3,0,59,2,
2024|2201|3|0|60|1,,,2024,,2201,,3,0,60,1,
2024|2201|3|0|10|8,,,2024,,2201,,3,0,10,8,
2024|2201|3|0|10|1,,,2024,,2201,,3,0,10,1,
2024|2201|3|0|95|7,,,2024,,2201,,3,0,95,7,
2024|2201|3|0|45|1,,,2024,,2201,,3,0,45,1,
2024|2201|3|0|1|1,,,2024,,2201,,3,0,1,1,
2024|2201|3|0|95|1,,,2024,,2201,,3,0,95,1,
2024|2201|3|0|10|7,,,2024,,2201,,3,0,10,7,
2024|2201|4|0|59|2,,,2024,,2201,,4,0,59,2,
2024|2201|4|0|60|3,,,2024,,2201,,4,0,60,3,
2024|2201|4|0|60|1,,,2024,,2201,,4,0,60,1,
2024|2201|4|0|10|8,,,2024,,2201,,4,0,10,8,
2024|2201|4|0|9|1,,,2024,,2201,,4,0,9,1,
2024|2201|4|0|10|1,,,2024,,2201,,4,0,10,1,
2024|2201|4|0|1|1,,,2024,,2201,,4,0,1,1,
2024|2201|4|0|45|1,,,2024,,2201,,4,0,45,1,
2024|2211|1|0|10|9,,,2024,,2211,,1,0,10,9,
2024|2211|1|0|10|1,,,2024,,2211,,1,0,10,1,
2024|2211|3|0|10|9,,,2024,,2211,,3,0,10,9,
2024|2211|3|0|60|2,,,2024,,2211,,3,0,60,2,
2024|2211|3|0|60|1,,,2024,,2211,,3,0,60,1,
2024|2211|3|0|10|1,,,2024,,2211,,3,0,10,1,
2024|2211|3|0|10|7,,,2024,,2211,,3,0,10,7,
2024|2211|4|0|10|1,,,2024,,2211,,4,0,10,1,
2024|2241|1|0|91|9,,,2024,,2241,,1,0,91,9,
2024|2241|1|0|95|1,,,2024,,2241,,1,0,95,1,
2024|2241|1|0|60|1,,,2024,,2241,,1,0,60,1,
2024|2241|1|0|72|1,,,2024,,2241,,1,0,72,1,
2024|2241|3|1|31|3,,,2024,,2241,,3,1,31,3,
2024|2241|3|1|60|3,,,2024,,2241,,3,1,60,3,
2024|2241|3|1|72|3,,,2024,,2241,,3,1,72,3,
2024|2241|3|0|91|9,,,2024,,2241,,3,0,91,9,
2024|2241|3|0|95|7,,,2024,,2241,,3,0,95,7,
2024|2241|3|0|72|7,,,2024,,2241,,3,0,72,7,
2024|2241|3|0|95|1,,,2024,,2241,,3,0,95,1,
2024|2241|3|1|24|1,,,2024,,2241,,3,1,24,1,
2024|2241|3|0|73|1,,,2024,,2241,,3,0,73,1,
2024|2241|3|0|72|1,,,2024,,2241,,3,0,72,1,
2024|2241|3|0|61|1,,,2024,,2241,,3,0,61,1,
2024|2241|4|0|72|1,,,2024,,2241,,4,0,72,1,
2024|2241|4|0|47|1,,,2024,,2241,,4,0,47,1,
2024|2241|4|0|73|1,,,2024,,2241,,4,0,73,1,
2024|2251|1|0|60|9,,,2024,,2251,,1,0,60,9,
2024|2251|1|0|60|1,,,2024,,2251,,1,0,60,1,
2024|2251|3|0|60|9,,,2024,,2251,,3,0,60,9,
2024|2251|3|0|60|1,,,2024,,2251,,3,0,60,1,
2024|2251|3|0|60|7,,,2024,,2251,,3,0,60,7,
2024|2251|4|0|60|1,,,2024,,2251,,4,0,60,1,
2024|2251|4|0|47|1,,,2024,,2251,,4,0,47,1,
2024|2261|1|0|60|9,,,2024,,2261,,1,0,60,9,
2024|2261|1|0|57|2,,,2024,,2261,,1,0,57,2,
2024|2261|1|0|10|1,,,2024,,2261,,1,0,10,1,
2024|2261|3|0|60|9,,,2024,,2261,,3,0,60,9,
2024|2261|3|0|10|1,,,2024,,2261,,3,0,10,1,
2024|2261|3|0|10|7,,,2024,,2261,,3,0,10,7,
2024|2261|3|0|24|1,,,2024,,2261,,3,0,24,1,
2024|2261|4|0|10|1,,,2024,,2261,,4,0,10,1,
2024|2261|4|0|24|1,,,2024,,2261,,4,0,24,1,
2024|2271|1|0|60|9,,,2024,,2271,,1,0,60,9,
2024|2271|1|0|10|1,,,2024,,2271,,1,0,10,1,
2024|2271|1|0|57|2,,,2024,,2271,,1,0,57,2,
2024|2271|3|0|10|8,,,2024,,2271,,3,0,10,8,
2024|2271|3|0|1|1,,,2024,,2271,,3,0,1,1,
2024|2271|3|0|24|1,,,2024,,2271,,3,0,24,1,
2024|2271|3|0|10|1,,,2024,,2271,,3,0,10,1,
2024|2271|3|0|70|1,,,2024,,2271,,3,0,70,1,
2024|2271|3|0|60|9,,,2024,,2271,,3,0,60,9,
2024|2271|3|0|10|7,,,2024,,2271,,3,0,10,7,
2024|2271|3|0|68|1,,,2024,,2271,,3,0,68,1,
2024|2271|4|0|60|9,,,2024,,2271,,4,0,60,9,
2024|2271|4|0|15|1,,,2024,,2271,,4,0,15,1,
2024|2271|4|0|10|8,,,2024,,2271,,4,0,10,8,
2024|2271|4|0|70|1,,,2024,,2271,,4,0,70,1,
2024|2271|4|0|10|1,,,2024,,2271,,4,0,10,1,
2024|2271|4|0|45|1,,,2024,,2271,,4,0,45,1,
2024|2271|4|0|47|1,,,2024,,2271,,4,0,47,1,
2024|2271|4|0|95|1,,,2024,,2271,,4,0,95,1,
2024|2281|1|0|10|9,,,2024,,2281,,1,0,10,9,
2024|2281|1|0|10|1,,,2024,,2281,,1,0,10,1,
2024|2281|3|0|10|1,,,2024,,2281,,3,0,10,1,
2024|2281|3|0|10|9,,,2024,,2281,,3,0,10,9,
2024|2281|3|0|36|1,,,2024,,2281,,3,0,36,1,
2024|2281|3|0|60|1,,,2024,,2281,,3,0,60,1,
2024|2281|3|0|10|7,,,2024,,2281,,3,0,10,7,
2024|2281|4|0|10|1,,,2024,,2281,,4,0,10,1,
2024|2281|4|0|47|1,,,2024,,2281,,4,0,47,1,
2024|2301|1|0|10|9,,,2024,,2301,,1,0,10,9,
2024|2301|1|0|10|1,,,2024,,2301,,1,0,10,1,
2024|2301|3|0|68|1,,,2024,,2301,,3,0,68,1,
2024|2301|3|0|70|1,,,2024,,2301,,3,0,70,1,
2024|2301|3|0|60|2,,,2024,,2301,,3,0,60,2,
2024|2301|3|0|69|1,,,2024,,2301,,3,0,69,1,
2024|2301|3|0|10|9,,,2024,,2301,,3,0,10,9,
2024|2301|3|0|60|1,,,2024,,2301,,3,0,60,1,
2024|2301|3|0|91|1,,,2024,,2301,,3,0,91,1,
2024|2301|3|0|10|1,,,2024,,2301,,3,0,10,1,
2024|2301|3|0|10|7,,,2024,,2301,,3,0,10,7,
2024|2301|4|0|15|1,,,2024,,2301,,4,0,15,1,
2024|2301|4|0|10|1,,,2024,,2301,,4,0,10,1,
2024|2301|4|0|10|3,,,2024,,2301,,4,0,10,3,
2024|2301|4|0|97|1,,,2024,,2301,,4,0,97,1,
2024|2301|4|0|54|2,,,2024,,2301,,4,0,54,2,
2024|2301|4|0|32|1,,,2024,,2301,,4,0,32,1,
2024|2301|4|0|10|9,,,2024,,2301,,4,0,10,9,
2024|2301|4|0|60|2,,,2024,,2301,,4,0,60,2,
2024|2301|4|0|33|1,,,2024,,2301,,4,0,33,1,
2024|2301|4|0|10|8,,,2024,,2301,,4,0,10,8,
2024|2301|4|0|69|1,,,2024,,2301,,4,0,69,1,
2024|2301|4|0|83|2,,,2024,,2301,,4,0,83,2,
2024|2301|4|0|47|1,,,2024,,2301,,4,0,47,1,
2024|2301|4|0|51|1,,,2024,,2301,,4,0,51,1,
2024|2301|4|0|74|1,,,2024,,2301,,4,0,74,1,
2024|2301|4|0|25|1,,,2024,,2301,,4,0,25,1,
2024|2301|4|0|68|1,,,2024,,2301,,4,0,68,1,
2024|2301|4|0|70|1,,,2024,,2301,,4,0,70,1,
2024|2301|4|0|95|1,,,2024,,2301,,4,0,95,1,
2024|2311|1|0|60|9,,,2024,,2311,,1,0,60,9,
2024|2311|1|0|60|1,,,2024,,2311,,1,0,60,1,
2024|2311|1|0|57|2,,,2024,,2311,,1,0,57,2,
2024|2311|1|0|10|1,,,2024,,2311,,1,0,10,1,
2024|2311|3|0|60|3,,,2024,,2311,,3,0,60,3,
2024|2311|3|0|15|1,,,2024,,2311,,3,0,15,1,
2024|2311|3|0|60|9,,,2024,,2311,,3,0,60,9,
2024|2311|3|0|10|8,,,2024,,2311,,3,0,10,8,
2024|2311|3|0|24|1,,,2024,,2311,,3,0,24,1,
2024|2311|3|0|10|3,,,2024,,2311,,3,0,10,3,
2024|2311|3|0|10|1,,,2024,,2311,,3,0,10,1,
2024|2311|3|0|1|1,,,2024,,2311,,3,0,1,1,
2024|2311|3|0|36|1,,,2024,,2311,,3,0,36,1,
2024|2311|3|0|10|7,,,2024,,2311,,3,0,10,7,
2024|2311|3|0|70|1,,,2024,,2311,,3,0,70,1,
2024|2311|3|0|60|1,,,2024,,2311,,3,0,60,1,
2024|2311|4|0|97|1,,,2024,,2311,,4,0,97,1,
2024|2311|4|0|10|1,,,2024,,2311,,4,0,10,1,
2024|2311|4|0|15|1,,,2024,,2311,,4,0,15,1,
2024|2311|4|0|10|8,,,2024,,2311,,4,0,10,8,
2024|2311|4|0|10|3,,,2024,,2311,,4,0,10,3,
2024|2311|4|0|1|1,,,2024,,2311,,4,0,1,1,
2024|2311|4|0|70|1,,,2024,,2311,,4,0,70,1,
2024|2311|4|0|24|1,,,2024,,2311,,4,0,24,1,
2024|2321|1|0|60|9,,,2024,,2321,,1,0,60,9,
2024|2321|1|0|57|2,,,2024,,2321,,1,0,57,2,
2024|2321|1|0|10|1,,,2024,,2321,,1,0,10,1,
2024|2321|3|0|10|8,,,2024,,2321,,3,0,10,8,
2024|2321|3|0|10|1,,,2024,,2321,,3,0,10,1,
2024|2321|3|0|60|9,,,2024,,2321,,3,0,60,9,
2024|2321|3|0|70|1,,,2024,,2321,,3,0,70,1,
2024|2321|3|0|10|7,,,2024,,2321,,3,0,10,7,
2024|2321|3|0|24|1,,,2024,,2321,,3,0,24,1,
2024|2321|4|0|10|1,,,2024,,2321,,4,0,10,1,
2024|2321|4|0|10|8,,,2024,,2321,,4,0,10,8,
2024|2321|4|0|10|3,,,2024,,2321,,4,0,10,3,
2024|2321|4|0|47|1,,,2024,,2321,,4,0,47,1,
2024|2321|4|0|24|1,,,2024,,2321,,4,0,24,1,
2024|2331|1|0|10|1,,,2024,,2331,,1,0,10,1,
2024|2331|1|0|73|9,,,2024,,2331,,1,0,73,9,
2024|2331|1|0|73|1,,,2024,,2331,,1,0,73,1,
2024|2331|3|0|73|7,,,2024,,2331,,3,0,73,7,
2024|2331|3|0|73|1,,,2024,,2331,,3,0,73,1,
2024|2331|4|0|73|1,,,2024,,2331,,4,0,73,1,
2024|2351|1|0|10|9,,,2024,,2351,,1,0,10,9,
2024|2351|1|0|10|1,,,2024,,2351,,1,0,10,1,
2024|2351|3|0|15|1,,,2024,,2351,,3,0,15,1,
2024|2351|3|0|10|9,,,2024,,2351,,3,0,10,9,
2024|2351|3|0|10|8,,,2024,,2351,,3,0,10,8,
2024|2351|3|0|10|7,,,2024,,2351,,3,0,10,7,
2024|2351|3|0|97|1,,,2024,,2351,,3,0,97,1,
2024|2351|3|0|10|1,,,2024,,2351,,3,0,10,1,
2024|2351|3|0|10|3,,,2024,,2351,,3,0,10,3,
2024|2351|3|0|1|1,,,2024,,2351,,3,0,1,1,
2024|2351|3|0|24|1,,,2024,,2351,,3,0,24,1,
2024|2351|4|0|10|1,,,2024,,2351,,4,0,10,1,
2024|2351|4|0|24|1,,,2024,,2351,,4,0,24,1,
2024|2351|4|0|15|1,,,2024,,2351,,4,0,15,1,
2024|2351|4|0|10|8,,,2024,,2351,,4,0,10,8,
2024|2351|4|0|10|3,,,2024,,2351,,4,0,10,3,
2024|2351|4|0|97|1,,,2024,,2351,,4,0,97,1,
2024|2351|4|0|60|1,,,2024,,2351,,4,0,60,1,
2024|2351|4|0|1|1,,,2024,,2351,,4,0,1,1,
2024|2361|1|0|60|1,,,2024,,2361,,1,0,60,1,
2024|2361|3|0|60|1,,,2024,,2361,,3,0,60,1,
2024|2361|3|0|60|9,,,2024,,2361,,3,0,60,9,
2024|2361|4|0|60|1,,,2024,,2361,,4,0,60,1,
2024|2361|5|0|60|1,,,2024,,2361,,5,0,60,1,
2024|2371|1|0|91|9,,,2024,,2371,,1,0,91,9,
2024|2371|1|0|60|9,,,2024,,2371,,1,0,60,9,
2024|2371|1|0|95|1,,,2024,,2371,,1,0,95,1,
2024|2371|1|0|60|1,,,2024,,2371,,1,0,60,1,
2024|2371|1|0|91|1,,,2024,,2371,,1,0,91,1,
2024|2371|1|0|10|1,,,2024,,2371,,1,0,10,1,
2024|2371|3|0|91|9,,,2024,,2371,,3,0,91,9,
2024|2371|3|0|60|9,,,2024,,2371,,3,0,60,9,
2024|2371|3|0|60|1,,,2024,,2371,,3,0,60,1,
2024|2371|3|0|91|1,,,2024,,2371,,3,0,91,1,
2024|2371|3|0|10|1,,,2024,,2371,,3,0,10,1,
2024|2371|3|0|91|3,,,2024,,2371,,3,0,91,3,
2024|2371|3|0|24|1,,,2024,,2371,,3,0,24,1,
2024|2371|3|0|95|7,,,2024,,2371,,3,0,95,7,
2024|2371|3|1|95|1,,,2024,,2371,,3,1,95,1,
2024|2371|3|0|15|1,,,2024,,2371,,3,0,15,1,
2024|2371|3|0|1|1,,,2024,,2371,,3,0,1,1,
2024|2371|3|0|95|1,,,2024,,2371,,3,0,95,1,
2024|2371|3|0|10|7,,,2024,,2371,,3,0,10,7,
2024|2371|4|0|91|1,,,2024,,2371,,4,0,91,1,
2024|2371|4|0|24|1,,,2024,,2371,,4,0,24,1,
2024|2371|4|0|47|1,,,2024,,2371,,4,0,47,1,
2024|2371|4|1|95|1,,,2024,,2371,,4,1,95,1,
2024|2421|1|0|10|1,,,2024,,2421,,1,0,10,1,
2024|2421|1|0|10|9,,,2024,,2421,,1,0,10,9,
2024|2421|1|0|71|1,,,2024,,2421,,1,0,71,1,
2024|2421|3|0|10|1,,,2024,,2421,,3,0,10,1,
2024|2421|3|0|10|7,,,2024,,2421,,3,0,10,7,
2024|2421|3|0|10|9,,,2024,,2421,,3,0,10,9,
2024|2421|3|0|10|8,,,2024,,2421,,3,0,10,8,
2024|2421|3|0|15|1,,,2024,,2421,,3,0,15,1,
2024|2421|3|0|10|3,,,2024,,2421,,3,0,10,3,
2024|2421|3|0|71|3,,,2024,,2421,,3,0,71,3,
2024|2421|3|0|36|1,,,2024,,2421,,3,0,36,1,
2024|2421|3|0|71|7,,,2024,,2421,,3,0,71,7,
2024|2421|3|0|71|1,,,2024,,2421,,3,0,71,1,
2024|2421|3|0|1|1,,,2024,,2421,,3,0,1,1,
2024|2421|3|0|24|1,,,2024,,2421,,3,0,24,1,
2024|2421|4|0|71|1,,,2024,,2421,,4,0,71,1,
2024|2421|4|0|10|8,,,2024,,2421,,4,0,10,8,
2024|2421|4|0|24|1,,,2024,,2421,,4,0,24,1,
2024|2421|4|0|1|1,,,2024,,2421,,4,0,1,1,
2024|2431|1|0|10|9,,,2024,,2431,,1,0,10,9,
2024|2431|1|0|10|1,,,2024,,2431,,1,0,10,1,
2024|2431|3|0|60|1,,,2024,,2431,,3,0,60,1,
2024|2431|3|0|10|1,,,2024,,2431,,3,0,10,1,
2024|2431|3|0|10|7,,,2024,,2431,,3,0,10,7,
2024|2431|3|0|95|1,,,2024,,2431,,3,0,95,1,
2024|2441|1|0|59|9,,,2024,,2441,,1,0,59,9,
2024|2441|1|0|59|1,,,2024,,2441,,1,0,59,1,
2024|2441|3|0|59|7,,,2024,,2441,,3,0,59,7,
2024|2441|3|0|59|1,,,2024,,2441,,3,0,59,1,
2024|2441|4|0|59|1,,,2024,,2441,,4,0,59,1,
2024|2441|4|0|95|1,,,2024,,2441,,4,0,95,1,
2024|2461|1|1|10|1,,,2024,,2461,,1,1,10,1,
2024|2461|1|0|10|9,,,2024,,2461,,1,0,10,9,
2024|2461|1|0|10|1,,,2024,,2461,,1,0,10,1,
2024|2461|3|1|10|7,,,2024,,2461,,3,1,10,7,
2024|2461|3|0|10|1,,,2024,,2461,,3,0,10,1,
2024|2461|3|0|60|1,,,2024,,2461,,3,0,60,1,
2024|2461|3|0|10|7,,,2024,,2461,,3,0,10,7,
2024|2461|3|1|32|1,,,2024,,2461,,3,1,32,1,
2024|2461|4|1|32|1,,,2024,,2461,,4,1,32,1,
2024|2461|4|0|10|1,,,2024,,2461,,4,0,10,1,
2024|3041|1|0|67|1,,,2024,,3041,,1,0,67,1,
2024|3041|1|0|60|1,,,2024,,3041,,1,0,60,1,
2024|3041|1|0|60|9,,,2024,,3041,,1,0,60,9,
2024|3041|1|0|10|1,,,2024,,3041,,1,0,10,1,
2024|3041|3|0|10|1,,,2024,,3041,,3,0,10,1,
2024|3041|3|0|71|1,,,2024,,3041,,3,0,71,1,
2024|3041|3|0|15|1,,,2024,,3041,,3,0,15,1,
2024|3041|3|0|10|8,,,2024,,3041,,3,0,10,8,
2024|3041|3|0|60|1,,,2024,,3041,,3,0,60,1,
2024|3041|3|0|60|3,,,2024,,3041,,3,0,60,3,
2024|3041|3|0|2|1,,,2024,,3041,,3,0,2,1,
2024|3041|3|0|24|1,,,2024,,3041,,3,0,24,1,
2024|3041|3|0|1|1,,,2024,,3041,,3,0,1,1,
2024|3041|3|0|67|1,,,2024,,3041,,3,0,67,1,
2024|3041|4|0|10|1,,,2024,,3041,,4,0,10,1,
2024|3041|4|0|60|1,,,2024,,3041,,4,0,60,1,
2024|3041|4|0|15|1,,,2024,,3041,,4,0,15,1,
2024|3041|4|0|10|8,,,2024,,3041,,4,0,10,8,
2024|3041|4|0|60|3,,,2024,,3041,,4,0,60,3,
2024|3041|4|0|1|1,,,2024,,3041,,4,0,1,1,
2024|3041|4|0|24|1,,,2024,,3041,,4,0,24,1,
2024|3041|4|0|97|1,,,2024,,3041,,4,0,97,1,
2024|3051|1|0|10|9,,,2024,,3051,,1,0,10,9,
2024|3051|1|0|10|1,,,2024,,3051,,1,0,10,1,
2024|3051|3|0|10|8,,,2024,,3051,,3,0,10,8,
2024|3051|3|0|10|9,,,2024,,3051,,3,0,10,9,
2024|3051|3|0|10|3,,,2024,,3051,,3,0,10,3,
2024|3051|3|0|10|1,,,2024,,3051,,3,0,10,1,
2024|3051|3|0|60|1,,,2024,,3051,,3,0,60,1,
2024|3051|3|0|60|3,,,2024,,3051,,3,0,60,3,
2024|3051|3|0|1|1,,,2024,,3051,,3,0,1,1,
2024|3051|3|0|70|1,,,2024,,3051,,3,0,70,1,
2024|3051|3|0|59|1,,,2024,,3051,,3,0,59,1,
2024|3051|3|0|24|1,,,2024,,3051,,3,0,24,1,
2024|3051|4|0|10|8,,,2024,,3051,,4,0,10,8,
2024|3051|4|0|97|1,,,2024,,3051,,4,0,97,1,
2024|3051|4|0|10|3,,,2024,,3051,,4,0,10,3,
2024|3051|4|0|10|1,,,2024,,3051,,4,0,10,1,
2024|3051|4|0|15|1,,,2024,,3051,,4,0,15,1,
2024|3051|4|0|60|1,,,2024,,3051,,4,0,60,1,
2024|3051|4|0|70|1,,,2024,,3051,,4,0,70,1,
2024|3051|4|0|59|1,,,2024,,3051,,4,0,59,1,
2024|3051|4|0|47|1,,,2024,,3051,,4,0,47,1,
2024|3051|4|0|1|1,,,2024,,3051,,4,0,1,1,
2024|3051|4|0|24|1,,,2024,,3051,,4,0,24,1,
2024|3151|1|0|10|1,,,2024,,3151,,1,0,10,1,
2024|3151|3|0|60|1,,,2024,,3151,,3,0,60,1,
2024|3151|3|0|10|9,,,2024,,3151,,3,0,10,9,
2024|3151|3|0|10|1,,,2024,,3151,,3,0,10,1,
2024|3151|4|0|10|1,,,2024,,3151,,4,0,10,1,
2024|4031|3|0|60|7,,,2024,,4031,,3,0,60,7,
2024|4031|3|0|24|1,,,2024,,4031,,3,0,24,1,
2024|4031|3|0|70|1,,,2024,,4031,,3,0,70,1,
2024|4031|3|0|61|1,,,2024,,4031,,3,0,61,1,
2024|4031|3|0|77|1,,,2024,,4031,,3,0,77,1,
2024|4031|3|0|60|1,,,2024,,4031,,3,0,60,1,
2024|4031|3|0|60|2,,,2024,,4031,,3,0,60,2,
2024|4031|4|0|60|8,,,2024,,4031,,4,0,60,8,
2024|4031|4|0|60|1,,,2024,,4031,,4,0,60,1,
2024|4031|4|0|77|1,,,2024,,4031,,4,0,77,1,
2024|4031|4|0|47|1,,,2024,,4031,,4,0,47,1,
2024|4091|3|0|45|1,,,2024,,4091,,3,0,45,1,
2024|4101|3|0|60|1,,,2024,,4101,,3,0,60,1,
2024|4101|5|0|60|1,,,2024,,4101,,5,0,60,1,
2024|4111|5|0|60|1,,,2024,,4111,,5,0,60,1,
2024|4121|3|0|60|1,,,2024,,4121,,3,0,60,1,
2024|4121|5|0|60|1,,,2024,,4121,,5,0,60,1,
2024|4141|3|0|10|3,,,2024,,4141,,3,0,10,3,
2024|4141|3|0|57|1,,,2024,,4141,,3,0,57,1,
2024|4141|3|0|39|1,,,2024,,4141,,3,0,39,1,
2024|4141|4|0|57|1,,,2024,,4141,,4,0,57,1,
2024|4141|4|0|39|1,,,2024,,4141,,4,0,39,1,
2024|4151|3|0|10|1,,,2024,,4151,,3,0,10,1,
2024|4171|3|1|60|1,,,2024,,4171,,3,1,60,1,
2024|4251|3|0|10|8,,,2024,,4251,,3,0,10,8,
2024|4251|3|0|56|1,,,2024,,4251,,3,0,56,1,
2024|4251|3|0|10|1,,,2024,,4251,,3,0,10,1,
2024|4251|3|0|71|1,,,2024,,4251,,3,0,71,1,
2024|4251|4|0|10|8,,,2024,,4251,,4,0,10,8,
2024|4251|4|0|56|1,,,2024,,4251,,4,0,56,1,
2024|4251|4|0|60|2,,,2024,,4251,,4,0,60,2,
2024|4251|4|0|6|1,,,2024,,4251,,4,0,6,1,
2024|4251|4|0|5|1,,,2024,,4251,,4,0,5,1,
2024|4251|4|0|71|1,,,2024,,4251,,4,0,71,1,
2024|4251|4|0|10|1,,,2024,,4251,,4,0,10,1,
2024|4291|1|0|57|1,,,2024,,4291,,1,0,57,1,
2024|4291|1|0|10|1,,,2024,,4291,,1,0,10,1,
2024|4291|1|0|95|1,,,2024,,4291,,1,0,95,1,
2024|4291|3|0|93|1,,,2024,,4291,,3,0,93,1,
2024|4291|3|0|95|1,,,2024,,4291,,3,0,95,1,
2024|4291|3|0|64|1,,,2024,,4291,,3,0,64,1,
2024|4291|3|0|29|1,,,2024,,4291,,3,0,29,1,
2024|4291|3|0|10|4,,,2024,,4291,,3,0,10,4,
2024|4291|3|0|55|1,,,2024,,4291,,3,0,55,1,
2024|4291|3|1|10|1,,,2024,,4291,,3,1,10,1,
2024|4291|3|0|37|1,,,2024,,4291,,3,0,37,1,
2024|4291|3|0|10|1,,,2024,,4291,,3,0,10,1,
2024|4291|3|0|24|1,,,2024,,4291,,3,0,24,1,
2024|4291|3|0|95|7,,,2024,,4291,,3,0,95,7,
2024|4291|3|0|10|7,,,2024,,4291,,3,0,10,7,
2024|4291|3|0|57|1,,,2024,,4291,,3,0,57,1,
2024|4291|3|0|10|8,,,2024,,4291,,3,0,10,8,
2024|4291|3|0|60|1,,,2024,,4291,,3,0,60,1,
2024|4291|3|0|63|1,,,2024,,4291,,3,0,63,1,
2024|4291|3|0|62|1,,,2024,,4291,,3,0,62,1,
2024|4291|3|0|71|1,,,2024,,4291,,3,0,71,1,
2024|4291|3|0|92|1,,,2024,,4291,,3,0,92,1,
2024|4291|4|0|46|1,,,2024,,4291,,4,0,46,1,
2024|4291|4|0|71|1,,,2024,,4291,,4,0,71,1,
2024|4291|4|0|93|1,,,2024,,4291,,4,0,93,1,
2024|4291|4|0|10|1,,,2024,,4291,,4,0,10,1,
2024|4291|4|0|1|1,,,2024,,4291,,4,0,1,1,
2024|4291|4|0|65|1,,,2024,,4291,,4,0,65,1,
2024|4291|4|0|95|1,,,2024,,4291,,4,0,95,1,
2024|4291|4|0|64|1,,,2024,,4291,,4,0,64,1,
2024|4291|4|0|10|8,,,2024,,4291,,4,0,10,8,
2024|4291|4|1|95|1,,,2024,,4291,,4,1,95,1,
2024|4321|3|0|10|1,,,2024,,4321,,3,0,10,1,
2024|4331|3|0|9|1,,,2024,,4331,,3,0,9,1,
2024|4331|3|0|59|1,,,2024,,4331,,3,0,59,1,
2024|4331|3|0|10|1,,,2024,,4331,,3,0,10,1,
2024|4341|3|0|31|1,,,2024,,4341,,3,0,31,1,
2024|4341|4|0|31|1,,,2024,,4341,,4,0,31,1,
2024|4381|3|0|83|1,,,2024,,4381,,3,0,83,1,
2024|4381|4|0|54|1,,,2024,,4381,,4,0,54,1,
2024|4381|4|0|83|1,,,2024,,4381,,4,0,83,1,
2024|4421|3|0|39|1,,,2024,,4421,,3,0,39,1,
2024|4421|4|0|39|1,,,2024,,4421,,4,0,39,1,
2024|4441|3|0|60|1,,,2024,,4441,,3,0,60,1,
2024|4441|4|0|60|1,,,2024,,4441,,4,0,60,1,
2024|4441|4|0|47|1,,,2024,,4441,,4,0,47,1,
2024|4451|3|0|60|1,,,2024,,4451,,3,0,60,1,
2024|4451|4|0|60|1,,,2024,,4451,,4,0,60,1,
2024|4451|4|0|47|1,,,2024,,4451,,4,0,47,1,
2024|4491|3|1|59|1,,,2024,,4491,,3,1,59,1,
2024|4491|4|1|59|1,,,2024,,4491,,4,1,59,1,
2024|4541|3|0|60|1,,,2024,,4541,,3,0,60,1,
2024|4551|3|0|60|1,,,2024,,4551,,3,0,60,1,
2024|4551|3|0|60|9,,,2024,,4551,,3,0,60,9,
2024|4551|3|0|10|1,,,2024,,4551,,3,0,10,1,
2024|4601|3|0|45|1,,,2024,,4601,,3,0,45,1,
2024|4611|3|0|60|1,,,2024,,4611,,3,0,60,1,
2024|4611|4|0|60|1,,,2024,,4611,,4,0,60,1,
2024|4621|5|0|60|1,,,2024,,4621,,5,0,60,1,
2024|4631|3|0|10|1,,,2024,,4631,,3,0,10,1,
2024|4631|3|0|59|2,,,2024,,4631,,3,0,59,2,
2024|4631|5|0|60|2,,,2024,,4631,,5,0,60,2,
2024|4631|5|0|10|1,,,2024,,4631,,5,0,10,1,
2024|4631|5|0|95|1,,,2024,,4631,,5,0,95,1,
2024|4641|3|0|10|1,,,2024,,4641,,3,0,10,1,
2024|4651|3|0|10|1,,,2024,,4651,,3,0,10,1,
2024|4661|3|0|60|1,,,2024,,4661,,3,0,60,1,
2024|4671|3|0|10|1,,,2024,,4671,,3,0,10,1,
2024|4691|3|0|57|1,,,2024,,4691,,3,0,57,1,
2024|4691|4|0|57|1,,,2024,,4691,,4,0,57,1,
2024|4701|3|0|10|3,,,2024,,4701,,3,0,10,3,
2024|4701|3|1|60|1,,,2024,,4701,,3,1,60,1,
2024|4701|3|1|10|3,,,2024,,4701,,3,1,10,3,
2024|4701|3|0|57|1,,,2024,,4701,,3,0,57,1,
2024|4701|3|1|57|1,,,2024,,4701,,3,1,57,1,
2024|4711|1|0|10|9,,,2024,,4711,,1,0,10,9,
2024|4711|1|0|60|9,,,2024,,4711,,1,0,60,9,
2024|4711|1|0|44|1,,,2024,,4711,,1,0,44,1,
2024|4711|1|0|52|2,,,2024,,4711,,1,0,52,2,
2024|4711|1|0|15|1,,,2024,,4711,,1,0,15,1,
2024|4711|1|0|60|1,,,2024,,4711,,1,0,60,1,
2024|4711|1|0|61|1,,,2024,,4711,,1,0,61,1,
2024|4711|1|0|43|1,,,2024,,4711,,1,0,43,1,
2024|4711|1|0|60|2,,,2024,,4711,,1,0,60,2,
2024|4711|1|0|42|1,,,2024,,4711,,1,0,42,1,
2024|4711|1|0|10|1,,,2024,,4711,,1,0,10,1,
2024|4711|3|0|10|1,,,2024,,4711,,3,0,10,1,
2024|4721|3|0|10|1,,,2024,,4721,,3,0,10,1,
2026|1011|1|0|10|9,2026|1011|7004|1|0|10|9,,2026,,1011,7004,1,0,10,9,
2026|1011|3|0|10|9,2026|1011|7004|3|0|10|9,,2026,,1011,7004,3,0,10,9,
2026|1011|1|0|10|1,2026|1011|7006|1|0|10|1,,2026,,1011,7006,1,0,10,1,
2026|1011|1|0|42|5,2026|1011|7006|1|0|42|5,,2026,,1011,7006,1,0,42,5,
2026|1011|1|0|43|5,2026|1011|7006|1|0|43|5,,2026,,1011,7006,1,0,43,5,
2026|1011|1|0|10|5,2026|1011|7006|1|0|10|5,,2026,,1011,7006,1,0,10,5,
2026|1011|1|0|10|1,2026|1011|4239|1|0|10|1,,2026,,1011,4239,1,0,10,1,
2026|1011|3|0|60|1,2026|1011|4239|3|0|60|1,,2026,,1011,4239,3,0,60,1,
2026|1011|3|0|10|7,2026|1011|4239|3|0|10|7,,2026,,1011,4239,3,0,10,7,
2026|1011|3|0|10|1,2026|1011|4239|3|0|10|1,,2026,,1011,4239,3,0,10,1,
2026|1011|4|0|10|1,2026|1011|4239|4|0|10|1,,2026,,1011,4239,4,0,10,1,
2026|1011|5|0|10|1,2026|1011|4239|5|0|10|1,,2026,,1011,4239,5,0,10,1,
2026|1021|3|0|60|1,2026|1021|2157|3|0|60|1,,2026,,1021,2157,3,0,60,1,
2026|1021|3|0|10|7,2026|1021|2157|3|0|10|7,,2026,,1021,2157,3,0,10,7,
2026|1021|3|0|10|9,2026|1021|7004|3|0|10|9,,2026,,1021,7004,3,0,10,9,
2026|1021|1|0|10|1,2026|1021|7006|1|0|10|1,,2026,,1021,7006,1,0,10,1,
2026|1021|1|0|42|5,2026|1021|7006|1|0|42|5,,2026,,1021,7006,1,0,42,5,
2026|1021|1|0|43|5,2026|1021|7006|1|0|43|5,,2026,,1021,7006,1,0,43,5,
2026|1021|1|0|10|5,2026|1021|7006|1|0|10|5,,2026,,1021,7006,1,0,10,5,
2026|1021|1|0|10|1,2026|1021|4445|1|0|10|1,,2026,,1021,4445,1,0,10,1,
2026|1021|3|0|10|1,2026|1021|4445|3|0|10|1,,2026,,1021,4445,3,0,10,1,
2026|1021|3|0|10|8,2026|1021|2009|3|0|10|8,,2026,,1021,2009,3,0,10,8,
2026|1021|3|0|60|1,2026|1021|2009|3|0|60|1,,2026,,1021,2009,3,0,60,1,
2026|1021|3|0|10|1,2026|1021|2009|3|0|10|1,,2026,,1021,2009,3,0,10,1,
2026|1021|4|0|60|1,2026|1021|2009|4|0|60|1,,2026,,1021,2009,4,0,60,1,
2026|1021|4|0|10|1,2026|1021|2009|4|0|10|1,,2026,,1021,2009,4,0,10,1,
2026|1021|3|0|60|1,2026|1021|2145|3|0|60|1,,2026,,1021,2145,3,0,60,1,
2026|1021|3|0|10|8,2026|1021|2145|3|0|10|8,,2026,,1021,2145,3,0,10,8,
2026|1021|3|0|10|1,2026|1021|2145|3|0|10|1,,2026,,1021,2145,3,0,10,1,
2026|1031|1|0|10|9,2026|1031|7004|1|0|10|9,,2026,,1031,7004,1,0,10,9,
2026|1031|1|0|10|1,2026|1031|7006|1|0|10|1,,2026,,1031,7006,1,0,10,1,
2026|1031|1|0|43|5,2026|1031|7006|1|0|43|5,,2026,,1031,7006,1,0,43,5,
2026|1031|1|0|42|5,2026|1031|7006|1|0|42|5,,2026,,1031,7006,1,0,42,5,
2026|1031|1|0|10|5,2026|1031|7006|1|0|10|5,,2026,,1031,7006,1,0,10,5,
2026|1031|3|0|10|7,2026|1031|7006|3|0|10|7,,2026,,1031,7006,3,0,10,7,
2026|1031|1|0|10|1,2026|1031|2053|1|0|10|1,,2026,,1031,2053,1,0,10,1,
2026|1031|3|0|60|7,2026|1031|2053|3|0|60|7,,2026,,1031,2053,3,0,60,7,
2026|1031|3|0|10|7,2026|1031|2053|3|0|10|7,,2026,,1031,2053,3,0,10,7,
2026|1031|1|0|10|1,2026|1031|2054|1|0|10|1,,2026,,1031,2054,1,0,10,1,
2026|1031|3|0|60|7,2026|1031|2054|3|0|60|7,,2026,,1031,2054,3,0,60,7,
2026|1031|3|0|10|7,2026|1031|2054|3|0|10|7,,2026,,1031,2054,3,0,10,7,
2026|1051|1|0|10|9,2026|1051|7004|1|0|10|9,,2026,,1051,7004,1,0,10,9,
2026|1051|1|0|10|1,2026|1051|7006|1|0|10|1,,2026,,1051,7006,1,0,10,1,
2026|1051|1|0|43|5,2026|1051|7006|1|0|43|5,,2026,,1051,7006,1,0,43,5,
2026|1051|1|0|42|5,2026|1051|7006|1|0|42|5,,2026,,1051,7006,1,0,42,5,
2026|1051|1|0|10|5,2026|1051|7006|1|0|10|5,,2026,,1051,7006,1,0,10,5,
2026|1051|1|0|10|1,2026|1051|7007|1|0|10|1,,2026,,1051,7007,1,0,10,1,
2026|1051|3|0|60|1,2026|1051|4003|3|0|60|1,,2026,,1051,4003,3,0,60,1,
2026|1051|4|0|60|1,2026|1051|4003|4|0|60|1,,2026,,1051,4003,4,0,60,1,
2026|1051|4|0|60|1,2026|1051|1019|4|0|60|1,,2026,,1051,1019,4,0,60,1,
2026|1051|3|0|10|7,2026|1051|2047|3|0|10|7,,2026,,1051,2047,3,0,10,7,
2026|1051|3|0|60|1,2026|1051|4355|3|0|60|1,,2026,,1051,4355,3,0,60,1,
2026|1051|3|0|10|1,2026|1051|4355|3|0|10|1,,2026,,1051,4355,3,0,10,1,
2026|1051|4|0|60|1,2026|1051|4355|4|0|60|1,,2026,,1051,4355,4,0,60,1,
2026|1051|4|0|10|1,2026|1051|4355|4|0|10|1,,2026,,1051,4355,4,0,10,1,
2026|1051|1|0|10|1,2026|1051|2077|1|0|10|1,,2026,,1051,2077,1,0,10,1,
2026|1051|1|0|10|1,2026|1051|2078|1|0|10|1,,2026,,1051,2078,1,0,10,1,
2026|1071|3|0|10|1,2026|1071|4341|3|0|10|1,,2026,,1071,4341,3,0,10,1,
2026|1071|3|0|10|1,2026|1071|4426|3|0|10|1,,2026,,1071,4426,3,0,10,1,
2026|1071|3|0|10|1,2026|1071|4381|3|0|10|1,,2026,,1071,4381,3,0,10,1,
2026|1071|3|0|10|8,2026|1071|4381|3|0|10|8,,2026,,1071,4381,3,0,10,8,
2026|1071|4|0|10|8,2026|1071|4381|4|0|10|8,,2026,,1071,4381,4,0,10,8,
2026|1071|3|0|10|1,2026|1071|4390|3|0|10|1,,2026,,1071,4390,3,0,10,1,
2026|1071|3|1|10|1,2026|1071|4155|3|1|10|1,,2026,,1071,4155,3,1,10,1,
2026|1071|3|1|10|8,2026|1071|4155|3|1|10|8,,2026,,1071,4155,3,1,10,8,
2026|1071|3|1|80|1,2026|1071|4155|3|1|80|1,,2026,,1071,4155,3,1,80,1,
2026|1071|4|1|98|1,2026|1071|4155|4|1|98|1,,2026,,1071,4155,4,1,98,1,
2026|1071|4|1|25|1,2026|1071|4155|4|1|25|1,,2026,,1071,4155,4,1,25,1,
2026|1071|4|1|10|8,2026|1071|4155|4|1|10|8,,2026,,1071,4155,4,1,10,8,
2026|1071|3|0|57|1,2026|1071|4356|3|0|57|1,,2026,,1071,4356,3,0,57,1,
2026|1071|3|0|10|1,2026|1071|4356|3|0|10|1,,2026,,1071,4356,3,0,10,1,
2026|1071|3|0|10|1,2026|1071|4354|3|0|10|1,,2026,,1071,4354,3,0,10,1,
2026|1071|3|0|10|1,2026|1071|4335|3|0|10|1,,2026,,1071,4335,3,0,10,1,
2026|1071|4|0|10|1,2026|1071|4335|4|0|10|1,,2026,,1071,4335,4,0,10,1,
2026|1071|3|0|10|1,2026|1071|4099|3|0|10|1,,2026,,1071,4099,3,0,10,1,
2026|1071|3|0|57|1,2026|1071|4099|3|0|57|1,,2026,,1071,4099,3,0,57,1,
2026|1071|3|0|95|1,2026|1071|1008|3|0|95|1,,2026,,1071,1008,3,0,95,1,
2026|1071|3|0|10|1,2026|1071|1008|3|0|10|1,,2026,,1071,1008,3,0,10,1,
2026|1071|4|0|10|8,2026|1071|1008|4|0|10|8,,2026,,1071,1008,4,0,10,8,
2026|1071|4|0|95|1,2026|1071|1008|4|0|95|1,,2026,,1071,1008,4,0,95,1,
2026|1071|4|0|80|1,2026|1071|1008|4|0|80|1,,2026,,1071,1008,4,0,80,1,
2026|1071|4|0|10|4,2026|1071|1008|4|0|10|4,,2026,,1071,1008,4,0,10,4,
2026|1071|3|0|10|1,2026|1071|2500|3|0|10|1,,2026,,1071,2500,3,0,10,1,
2026|1071|1|0|10|1,2026|1071|2417|1|0|10|1,,2026,,1071,2417,1,0,10,1,
2026|1071|3|0|10|7,2026|1071|2417|3|0|10|7,,2026,,1071,2417,3,0,10,7,
2026|1081|3|0|10|1,2026|1081|1010|3|0|10|1,,2026,,1081,1010,3,0,10,1,
2026|1081|3|0|10|1,2026|1081|2030|3|0|10|1,,2026,,1081,2030,3,0,10,1,
2026|1081|3|0|95|1,2026|1081|1014|3|0|95|1,,2026,,1081,1014,3,0,95,1,
2026|1081|3|0|10|1,2026|1081|1014|3|0|10|1,,2026,,1081,1014,3,0,10,1,
2026|1081|4|0|95|1,2026|1081|1014|4|0|95|1,,2026,,1081,1014,4,0,95,1,
2026|1081|3|0|10|1,2026|1081|1012|3|0|10|1,,2026,,1081,1012,3,0,10,1,
2026|1081|4|0|9|1,2026|1081|1012|4|0|9|1,,2026,,1081,1012,4,0,9,1,
2026|1081|4|0|10|1,2026|1081|1012|4|0|10|1,,2026,,1081,1012,4,0,10,1,
2026|1081|3|0|9|1,2026|1081|1013|3|0|9|1,,2026,,1081,1013,3,0,9,1,
2026|1081|3|0|10|1,2026|1081|1013|3|0|10|1,,2026,,1081,1013,3,0,10,1,
2026|1081|4|0|57|1,2026|1081|1013|4|0|57|1,,2026,,1081,1013,4,0,57,1,
2026|1081|4|0|60|2,2026|1081|1013|4|0|60|2,,2026,,1081,1013,4,0,60,2,
2026|1081|4|0|9|1,2026|1081|1013|4|0|9|1,,2026,,1081,1013,4,0,9,1,
2026|1081|1|0|10|9,2026|1081|7803|1|0|10|9,,2026,,1081,7803,1,0,10,9,
2026|1081|3|0|10|9,2026|1081|7803|3|0|10|9,,2026,,1081,7803,3,0,10,9,
2026|1081|3|0|9|1,2026|1081|2500|3|0|9|1,,2026,,1081,2500,3,0,9,1,
2026|1081|3|0|10|1,2026|1081|2500|3|0|10|1,,2026,,1081,2500,3,0,10,1,
2026|1081|4|0|9|1,2026|1081|2500|4|0|9|1,,2026,,1081,2500,4,0,9,1,
2026|1081|1|0|10|1,2026|1081|2417|1|0|10|1,,2026,,1081,2417,1,0,10,1,
2026|1081|3|0|60|2,2026|1081|2417|3|0|60|2,,2026,,1081,2417,3,0,60,2,
2026|1081|3|0|10|1,2026|1081|2417|3|0|10|1,,2026,,1081,2417,3,0,10,1,
2026|1081|3|0|10|7,2026|1081|2417|3|0|10|7,,2026,,1081,2417,3,0,10,7,
2026|1091|1|0|60|1,2026|1091|2028|1|0|60|1,,2026,,1091,2028,1,0,60,1,
2026|1091|3|0|60|1,2026|1091|2028|3|0|60|1,,2026,,1091,2028,3,0,60,1,
2026|1091|4|0|60|1,2026|1091|2028|4|0|60|1,,2026,,1091,2028,4,0,60,1,
2026|1091|1|0|10|1,2026|1091|4493|1|0|10|1,,2026,,1091,4493,1,0,10,1,
2026|1091|3|0|24|1,2026|1091|4493|3|0|24|1,,2026,,1091,4493,3,0,24,1,
2026|1091|3|0|60|7,2026|1091|4493|3|0|60|7,,2026,,1091,4493,3,0,60,7,
2026|1091|3|0|10|7,2026|1091|4493|3|0|10|7,,2026,,1091,4493,3,0,10,7,
2026|1091|4|0|24|1,2026|1091|4493|4|0|24|1,,2026,,1091,4493,4,0,24,1,
2026|1091|4|0|10|3,2026|1091|4493|4|0|10|3,,2026,,1091,4493,4,0,10,3,
2026|1091|1|0|10|1,2026|1091|2009|1|0|10|1,,2026,,1091,2009,1,0,10,1,
2026|1091|3|0|60|2,2026|1091|2009|3|0|60|2,,2026,,1091,2009,3,0,60,2,
2026|1091|3|0|60|7,2026|1091|2009|3|0|60|7,,2026,,1091,2009,3,0,60,7,
2026|1091|3|0|60|1,2026|1091|2009|3|0|60|1,,2026,,1091,2009,3,0,60,1,
2026|1091|3|0|10|7,2026|1091|2009|3|0|10|7,,2026,,1091,2009,3,0,10,7,
2026|1091|3|0|10|1,2026|1091|2009|3|0|10|1,,2026,,1091,2009,3,0,10,1,
2026|1091|4|0|60|1,2026|1091|2009|4|0|60|1,,2026,,1091,2009,4,0,60,1,
2026|1091|4|0|47|1,2026|1091|2009|4|0|47|1,,2026,,1091,2009,4,0,47,1,
2026|1091|4|0|10|1,2026|1091|2009|4|0|10|1,,2026,,1091,2009,4,0,10,1,
2026|1091|1|0|10|9,2026|1091|7004|1|0|10|9,,2026,,1091,7004,1,0,10,9,
2026|1091|1|0|10|1,2026|1091|7006|1|0|10|1,,2026,,1091,7006,1,0,10,1,
2026|1091|1|0|10|5,2026|1091|7006|1|0|10|5,,2026,,1091,7006,1,0,10,5,
2026|1091|1|0|43|5,2026|1091|7006|1|0|43|5,,2026,,1091,7006,1,0,43,5,
2026|1091|1|0|42|5,2026|1091|7006|1|0|42|5,,2026,,1091,7006,1,0,42,5,
2026|1091|3|0|60|7,2026|1091|7006|3|0|60|7,,2026,,1091,7006,3,0,60,7,
2026|1091|3|0|10|7,2026|1091|7006|3|0|10|7,,2026,,1091,7006,3,0,10,7,
2026|1091|3|0|10|1,2026|1091|1064|3|0|10|1,,2026,,1091,1064,3,0,10,1,
2026|1091|4|0|10|3,2026|1091|1064|4|0|10|3,,2026,,1091,1064,4,0,10,3,
2026|1091|4|0|70|1,2026|1091|1064|4|0|70|1,,2026,,1091,1064,4,0,70,1,
2026|1091|4|0|10|1,2026|1091|1064|4|0|10|1,,2026,,1091,1064,4,0,10,1,
2026|1091|5|0|10|1,2026|1091|1064|5|0|10|1,,2026,,1091,1064,5,0,10,1,
2026|1101|3|0|10|1,2026|1101|2020|3|0|10|1,,2026,,1101,2020,3,0,10,1,
2026|1101|3|0|10|1,2026|1101|4104|3|0|10|1,,2026,,1101,4104,3,0,10,1,
2026|1101|3|0|10|1,2026|1101|4109|3|0|10|1,,2026,,1101,4109,3,0,10,1,
2026|1101|3|0|10|1,2026|1101|4012|3|0|10|1,,2026,,1101,4012,3,0,10,1,
2026|1101|3|0|10|1,2026|1101|4101|3|0|10|1,,2026,,1101,4101,3,0,10,1,
2026|1101|3|0|10|1,2026|1101|4102|3|0|10|1,,2026,,1101,4102,3,0,10,1,
2026|1101|3|0|10|1,2026|1101|4110|3|0|10|1,,2026,,1101,4110,3,0,10,1,
2026|1101|3|0|10|1,2026|1101|2500|3|0|10|1,,2026,,1101,2500,3,0,10,1,
2026|1101|1|0|10|1,2026|1101|2417|1|0|10|1,,2026,,1101,2417,1,0,10,1,
2026|1101|3|0|10|7,2026|1101|2417|3|0|10|7,,2026,,1101,2417,3,0,10,7,
2026|1191|3|1|10|1,2026|1191|1002|3|1|10|1,,2026,,1191,1002,3,1,10,1,
2026|1191|3|0|10|1,2026|1191|2004|3|0|10|1,,2026,,1191,2004,3,0,10,1,
2026|1191|3|0|9|1,2026|1191|2005|3|0|9|1,,2026,,1191,2005,3,0,9,1,
2026|1191|4|0|9|1,2026|1191|2005|4|0|9|1,,2026,,1191,2005,4,0,9,1,
2026|1191|4|0|74|1,2026|1191|2005|4|0|74|1,,2026,,1191,2005,4,0,74,1,
2026|1191|3|0|29|1,2026|1191|2007|3|0|29|1,,2026,,1191,2007,3,0,29,1,
2026|1191|3|0|10|1,2026|1191|2007|3|0|10|1,,2026,,1191,2007,3,0,10,1,
2026|1191|4|0|10|1,2026|1191|2007|4|0|10|1,,2026,,1191,2007,4,0,10,1,
2026|1191|3|0|29|1,2026|1191|2006|3|0|29|1,,2026,,1191,2006,3,0,29,1,
2026|1191|3|0|10|1,2026|1191|2006|3|0|10|1,,2026,,1191,2006,3,0,10,1,
2026|1191|3|0|10|1,2026|1191|2016|3|0|10|1,,2026,,1191,2016,3,0,10,1,
2026|1191|3|0|10|1,2026|1191|2032|3|0|10|1,,2026,,1191,2032,3,0,10,1,
2026|1191|3|0|10|1,2026|1191|4107|3|0|10|1,,2026,,1191,4107,3,0,10,1,
2026|1191|3|0|10|1,2026|1191|2019|3|0|10|1,,2026,,1191,2019,3,0,10,1,
2026|1191|3|0|10|1,2026|1191|4096|3|0|10|1,,2026,,1191,4096,3,0,10,1,
2026|1191|3|0|10|1,2026|1191|4106|3|0|10|1,,2026,,1191,4106,3,0,10,1,
2026|1191|3|0|10|1,2026|1191|4097|3|0|10|1,,2026,,1191,4097,3,0,10,1,
2026|1191|3|0|10|1,2026|1191|4105|3|0|10|1,,2026,,1191,4105,3,0,10,1,
2026|1191|3|0|10|1,2026|1191|4098|3|0|10|1,,2026,,1191,4098,3,0,10,1,
2026|1191|3|0|10|1,2026|1191|4103|3|0|10|1,,2026,,1191,4103,3,0,10,1,
2026|1191|4|0|10|1,2026|1191|4103|4|0|10|1,,2026,,1191,4103,4,0,10,1,
2026|1191|4|0|48|1,2026|1191|4103|4|0|48|1,,2026,,1191,4103,4,0,48,1,
2026|1191|3|0|83|2,2026|1191|4095|3|0|83|2,,2026,,1191,4095,3,0,83,2,
2026|1191|3|0|27|1,2026|1191|4095|3|0|27|1,,2026,,1191,4095,3,0,27,1,
2026|1191|3|0|10|1,2026|1191|4095|3|0|10|1,,2026,,1191,4095,3,0,10,1,
2026|1191|4|0|74|1,2026|1191|4085|4|0|74|1,,2026,,1191,4085,4,0,74,1,
2026|1191|3|0|10|1,2026|1191|1015|3|0|10|1,,2026,,1191,1015,3,0,10,1,
2026|1191|3|0|10|1,2026|1191|4079|3|0|10|1,,2026,,1191,4079,3,0,10,1,
2026|1191|3|0|10|1,2026|1191|4081|3|0|10|1,,2026,,1191,4081,3,0,10,1,
2026|1191|3|0|29|1,2026|1191|4083|3|0|29|1,,2026,,1191,4083,3,0,29,1,
2026|1191|3|0|10|1,2026|1191|4083|3|0|10|1,,2026,,1191,4083,3,0,10,1,
2026|1191|3|0|29|1,2026|1191|4082|3|0|29|1,,2026,,1191,4082,3,0,29,1,
2026|1191|3|0|10|1,2026|1191|4082|3|0|10|1,,2026,,1191,4082,3,0,10,1,
2026|1191|3|0|9|1,2026|1191|2500|3|0|9|1,,2026,,1191,2500,3,0,9,1,
2026|1191|3|0|29|1,2026|1191|2500|3|0|29|1,,2026,,1191,2500,3,0,29,1,
2026|1191|3|0|10|1,2026|1191|2500|3|0|10|1,,2026,,1191,2500,3,0,10,1,
2026|1191|4|0|10|1,2026|1191|2500|4|0|10|1,,2026,,1191,2500,4,0,10,1,
2026|1191|1|0|10|1,2026|1191|2417|1|0|10|1,,2026,,1191,2417,1,0,10,1,
2026|1191|1|0|15|1,2026|1191|2417|1|0|15|1,,2026,,1191,2417,1,0,15,1,
2026|1191|3|0|10|1,2026|1191|2417|3|0|10|1,,2026,,1191,2417,3,0,10,1,
2026|1191|3|0|10|7,2026|1191|2417|3|0|10|7,,2026,,1191,2417,3,0,10,7,
2026|1221|3|0|95|1,2026|1221|1049|3|0|95|1,,2026,,1221,1049,3,0,95,1,
2026|1221|3|0|10|1,2026|1221|1049|3|0|10|1,,2026,,1221,1049,3,0,10,1,
2026|1221|4|0|95|1,2026|1221|1049|4|0|95|1,,2026,,1221,1049,4,0,95,1,
2026|1221|4|0|24|1,2026|1221|1100|4|0|24|1,,2026,,1221,1100,4,0,24,1,
2026|1221|3|0|10|1,2026|1221|4544|3|0|10|1,,2026,,1221,4544,3,0,10,1,
2026|1221|3|0|10|1,2026|1221|1083|3|0|10|1,,2026,,1221,1083,3,0,10,1,
2026|1221|3|0|10|1,2026|1221|4482|3|0|10|1,,2026,,1221,4482,3,0,10,1,
2026|1221|3|1|10|4,2026|1221|1082|3|1|10|4,,2026,,1221,1082,3,1,10,4,
2026|1221|3|1|10|8,2026|1221|1082|3|1|10|8,,2026,,1221,1082,3,1,10,8,
2026|1221|3|1|80|1,2026|1221|1082|3|1|80|1,,2026,,1221,1082,3,1,80,1,
2026|1221|5|0|80|1,2026|1221|1059|5|0|80|1,,2026,,1221,1059,5,0,80,1,
2026|1221|5|0|80|1,2026|1221|1057|5|0|80|1,,2026,,1221,1057,5,0,80,1,
2026|1221|3|0|80|1,2026|1221|1056|3|0|80|1,,2026,,1221,1056,3,0,80,1,
2026|1221|4|0|80|1,2026|1221|1056|4|0|80|1,,2026,,1221,1056,4,0,80,1,
2026|1221|3|0|32|1,2026|1221|1072|3|0|32|1,,2026,,1221,1072,3,0,32,1,
2026|1221|3|1|10|1,2026|1221|1071|3|1|10|1,,2026,,1221,1071,3,1,10,1,
2026|1221|3|1|32|1,2026|1221|1071|3|1|32|1,,2026,,1221,1071,3,1,32,1,
2026|1221|3|0|24|1,2026|1221|4474|3|0|24|1,,2026,,1221,4474,3,0,24,1,
2026|1221|3|0|32|1,2026|1221|4474|3|0|32|1,,2026,,1221,4474,3,0,32,1,
2026|1221|3|0|98|1,2026|1221|4474|3|0|98|1,,2026,,1221,4474,3,0,98,1,
2026|1221|3|0|10|4,2026|1221|4474|3|0|10|4,,2026,,1221,4474,3,0,10,4,
2026|1221|3|0|32|1,2026|1221|1073|3|0|32|1,,2026,,1221,1073,3,0,32,1,
2026|1221|3|1|32|1,2026|1221|1081|3|1|32|1,,2026,,1221,1081,3,1,32,1,
2026|1221|3|0|10|1,2026|1221|4499|3|0|10|1,,2026,,1221,4499,3,0,10,1,
2026|1221|3|0|32|1,2026|1221|1078|3|0|32|1,,2026,,1221,1078,3,0,32,1,
2026|1221|3|0|32|1,2026|1221|1079|3|0|32|1,,2026,,1221,1079,3,0,32,1,
2026|1221|3|0|32|1,2026|1221|1091|3|0|32|1,,2026,,1221,1091,3,0,32,1,
2026|1221|3|0|32|1,2026|1221|1076|3|0|32|1,,2026,,1221,1076,3,0,32,1,
2026|1221|3|0|32|1,2026|1221|1077|3|0|32|1,,2026,,1221,1077,3,0,32,1,
2026|1221|3|0|10|1,2026|1221|1090|3|0|10|1,,2026,,1221,1090,3,0,10,1,
2026|1221|3|0|10|1,2026|1221|1055|3|0|10|1,,2026,,1221,1055,3,0,10,1,
2026|1221|3|0|10|1,2026|1221|1075|3|0|10|1,,2026,,1221,1075,3,0,10,1,
2026|1221|3|0|32|1,2026|1221|1075|3|0|32|1,,2026,,1221,1075,3,0,32,1,
2026|1221|4|0|32|1,2026|1221|1075|4|0|32|1,,2026,,1221,1075,4,0,32,1,
2026|1221|3|0|10|1,2026|1221|4449|3|0|10|1,,2026,,1221,4449,3,0,10,1,
2026|1221|3|0|10|1,2026|1221|4472|3|0|10|1,,2026,,1221,4472,3,0,10,1,
2026|1221|3|0|10|1,2026|1221|2500|3|0|10|1,,2026,,1221,2500,3,0,10,1,
2026|1221|4|0|10|1,2026|1221|2500|4|0|10|1,,2026,,1221,2500,4,0,10,1,
2026|1221|1|0|95|1,2026|1221|2417|1|0|95|1,,2026,,1221,2417,1,0,95,1,
2026|1221|1|0|10|1,2026|1221|2417|1|0|10|1,,2026,,1221,2417,1,0,10,1,
2026|1221|3|0|95|7,2026|1221|2417|3|0|95|7,,2026,,1221,2417,3,0,95,7,
2026|1221|3|0|10|7,2026|1221|2417|3|0|10|7,,2026,,1221,2417,3,0,10,7,
2026|1231|3|0|15|1,2026|1231|4358|3|0|15|1,,2026,,1231,4358,3,0,15,1,
2026|1231|3|0|10|4,2026|1231|4358|3|0|10|4,,2026,,1231,4358,3,0,10,4,
2026|1231|3|0|71|1,2026|1231|4358|3|0|71|1,,2026,,1231,4358,3,0,71,1,
2026|1231|3|0|80|1,2026|1231|4358|3|0|80|1,,2026,,1231,4358,3,0,80,1,
2026|1231|3|0|10|8,2026|1231|4358|3|0|10|8,,2026,,1231,4358,3,0,10,8,
2026|1231|3|0|69|1,2026|1231|4358|3|0|69|1,,2026,,1231,4358,3,0,69,1,
2026|1231|4|0|10|4,2026|1231|4358|4|0|10|4,,2026,,1231,4358,4,0,10,4,
2026|1231|4|0|10|8,2026|1231|4358|4|0|10|8,,2026,,1231,4358,4,0,10,8,
2026|1231|1|1|71|1,2026|1231|4363|1|1|71|1,,2026,,1231,4363,1,1,71,1,
2026|1231|3|1|95|1,2026|1231|4363|3|1|95|1,,2026,,1231,4363,3,1,95,1,
2026|1231|3|1|71|7,2026|1231|4363|3|1|71|7,,2026,,1231,4363,3,1,71,7,
2026|1231|3|1|10|8,2026|1231|4363|3|1|10|8,,2026,,1231,4363,3,1,10,8,
2026|1231|3|1|71|1,2026|1231|4363|3|1|71|1,,2026,,1231,4363,3,1,71,1,
2026|1231|3|0|59|1,2026|1231|1053|3|0|59|1,,2026,,1231,1053,3,0,59,1,
2026|1231|3|0|10|3,2026|1231|4383|3|0|10|3,,2026,,1231,4383,3,0,10,3,
2026|1231|3|0|10|1,2026|1231|4383|3|0|10|1,,2026,,1231,4383,3,0,10,1,
2026|1231|3|0|10|4,2026|1231|4383|3|0|10|4,,2026,,1231,4383,3,0,10,4,
2026|1231|3|0|10|8,2026|1231|4383|3|0|10|8,,2026,,1231,4383,3,0,10,8,
2026|1231|3|0|1|1,2026|1231|4383|3|0|1|1,,2026,,1231,4383,3,0,1,1,
2026|1231|3|0|80|1,2026|1231|4383|3|0|80|1,,2026,,1231,4383,3,0,80,1,
2026|1231|3|0|98|1,2026|1231|4383|3|0|98|1,,2026,,1231,4383,3,0,98,1,
2026|1231|3|0|24|1,2026|1231|4383|3|0|24|1,,2026,,1231,4383,3,0,24,1,
2026|1231|4|0|98|1,2026|1231|4383|4|0|98|1,,2026,,1231,4383,4,0,98,1,
2026|1231|4|0|10|8,2026|1231|4383|4|0|10|8,,2026,,1231,4383,4,0,10,8,
2026|1231|4|0|24|1,2026|1231|4383|4|0|24|1,,2026,,1231,4383,4,0,24,1,
2026|1231|4|0|98|1,2026|1231|4420|4|0|98|1,,2026,,1231,4420,4,0,98,1,
2026|1231|4|0|15|1,2026|1231|4420|4|0|15|1,,2026,,1231,4420,4,0,15,1,
2026|1231|4|0|10|4,2026|1231|4420|4|0|10|4,,2026,,1231,4420,4,0,10,4,
2026|1231|4|0|80|1,2026|1231|4420|4|0|80|1,,2026,,1231,4420,4,0,80,1,
2026|1231|4|0|10|8,2026|1231|4420|4|0|10|8,,2026,,1231,4420,4,0,10,8,
2026|1231|3|0|10|1,2026|1231|4403|3|0|10|1,,2026,,1231,4403,3,0,10,1,
2026|1231|3|0|80|1,2026|1231|4403|3|0|80|1,,2026,,1231,4403,3,0,80,1,
2026|1231|4|0|98|1,2026|1231|4403|4|0|98|1,,2026,,1231,4403,4,0,98,1,
2026|1231|4|0|10|4,2026|1231|4403|4|0|10|4,,2026,,1231,4403,4,0,10,4,
2026|1231|4|0|10|8,2026|1231|4403|4|0|10|8,,2026,,1231,4403,4,0,10,8,
2026|1231|3|0|71|1,2026|1231|4399|3|0|71|1,,2026,,1231,4399,3,0,71,1,
2026|1231|3|0|10|1,2026|1231|4394|3|0|10|1,,2026,,1231,4394,3,0,10,1,
2026|1231|4|0|10|1,2026|1231|4394|4|0|10|1,,2026,,1231,4394,4,0,10,1,
2026|1231|3|1|10|8,2026|1231|4398|3|1|10|8,,2026,,1231,4398,3,1,10,8,
2026|1231|3|1|10|4,2026|1231|4398|3|1|10|4,,2026,,1231,4398,3,1,10,4,
2026|1231|3|1|15|1,2026|1231|4398|3|1|15|1,,2026,,1231,4398,3,1,15,1,
2026|1231|3|1|71|1,2026|1231|4398|3|1|71|1,,2026,,1231,4398,3,1,71,1,
2026|1231|3|0|10|1,2026|1231|4419|3|0|10|1,,2026,,1231,4419,3,0,10,1,
2026|1231|3|0|71|1,2026|1231|4419|3|0|71|1,,2026,,1231,4419,3,0,71,1,
2026|1231|4|0|15|1,2026|1231|4419|4|0|15|1,,2026,,1231,4419,4,0,15,1,
2026|1231|4|0|10|8,2026|1231|4419|4|0|10|8,,2026,,1231,4419,4,0,10,8,
2026|1231|3|0|10|1,2026|1231|4386|3|0|10|1,,2026,,1231,4386,3,0,10,1,
2026|1231|3|0|10|8,2026|1231|2500|3|0|10|8,,2026,,1231,2500,3,0,10,8,
2026|1231|3|0|80|1,2026|1231|2500|3|0|80|1,,2026,,1231,2500,3,0,80,1,
2026|1231|3|0|10|1,2026|1231|2500|3|0|10|1,,2026,,1231,2500,3,0,10,1,
2026|1231|4|0|10|1,2026|1231|2500|4|0|10|1,,2026,,1231,2500,4,0,10,1,
2026|1231|1|0|10|1,2026|1231|2417|1|0|10|1,,2026,,1231,2417,1,0,10,1,
2026|1231|3|0|10|1,2026|1231|2417|3|0|10|1,,2026,,1231,2417,3,0,10,1,
2026|1231|3|0|10|7,2026|1231|2417|3|0|10|7,,2026,,1231,2417,3,0,10,7,
2026|1251|1|0|10|1,2026|1251|4372|1|0|10|1,,2026,,1251,4372,1,0,10,1,
2026|1251|3|0|10|1,2026|1251|4372|3|0|10|1,,2026,,1251,4372,3,0,10,1,
2026|1251|3|0|60|1,2026|1251|4372|3|0|60|1,,2026,,1251,4372,3,0,60,1,
2026|1251|3|0|70|1,2026|1251|4372|3|0|70|1,,2026,,1251,4372,3,0,70,1,
2026|1251|3|0|69|1,2026|1251|4372|3|0|69|1,,2026,,1251,4372,3,0,69,1,
2026|1251|3|0|10|7,2026|1251|4372|3|0|10|7,,2026,,1251,4372,3,0,10,7,
2026|1251|3|0|60|2,2026|1251|4372|3|0|60|2,,2026,,1251,4372,3,0,60,2,
2026|1251|4|0|60|2,2026|1251|4372|4|0|60|2,,2026,,1251,4372,4,0,60,2,
2026|1251|4|0|69|1,2026|1251|4372|4|0|69|1,,2026,,1251,4372,4,0,69,1,
2026|1251|4|0|70|1,2026|1251|4372|4|0|70|1,,2026,,1251,4372,4,0,70,1,
2026|1251|3|0|10|1,2026|1251|2065|3|0|10|1,,2026,,1251,2065,3,0,10,1,
2026|1251|3|0|10|8,2026|1251|2106|3|0|10|8,,2026,,1251,2106,3,0,10,8,
2026|1251|3|0|10|1,2026|1251|2057|3|0|10|1,,2026,,1251,2057,3,0,10,1,
2026|1251|1|0|10|1,2026|1251|2060|1|0|10|1,,2026,,1251,2060,1,0,10,1,
2026|1251|3|0|10|7,2026|1251|2060|3|0|10|7,,2026,,1251,2060,3,0,10,7,
2026|1251|3|0|60|2,2026|1251|2060|3|0|60|2,,2026,,1251,2060,3,0,60,2,
2026|1251|4|0|60|2,2026|1251|2060|4|0|60|2,,2026,,1251,2060,4,0,60,2,
2026|1251|1|0|10|1,2026|1251|2058|1|0|10|1,,2026,,1251,2058,1,0,10,1,
2026|1251|3|0|60|1,2026|1251|2058|3|0|60|1,,2026,,1251,2058,3,0,60,1,
2026|1251|3|0|10|1,2026|1251|2058|3|0|10|1,,2026,,1251,2058,3,0,10,1,
2026|1251|3|0|10|7,2026|1251|2058|3|0|10|7,,2026,,1251,2058,3,0,10,7,
2026|1251|1|0|10|1,2026|1251|2059|1|0|10|1,,2026,,1251,2059,1,0,10,1,
2026|1251|3|0|10|1,2026|1251|2059|3|0|10|1,,2026,,1251,2059,3,0,10,1,
2026|1251|3|0|10|7,2026|1251|2059|3|0|10|7,,2026,,1251,2059,3,0,10,7,
2026|1251|3|0|10|1,2026|1251|4373|3|0|10|1,,2026,,1251,4373,3,0,10,1,
2026|1251|4|0|10|4,2026|1251|4373|4|0|10|4,,2026,,1251,4373,4,0,10,4,
2026|1251|3|0|10|1,2026|1251|2063|3|0|10|1,,2026,,1251,2063,3,0,10,1,
2026|1251|3|0|68|1,2026|1251|2063|3|0|68|1,,2026,,1251,2063,3,0,68,1,
2026|1251|3|0|60|2,2026|1251|2063|3|0|60|2,,2026,,1251,2063,3,0,60,2,
2026|1251|4|0|68|1,2026|1251|2063|4|0|68|1,,2026,,1251,2063,4,0,68,1,
2026|1251|4|0|70|1,2026|1251|2063|4|0|70|1,,2026,,1251,2063,4,0,70,1,
2026|1251|3|1|10|8,2026|1251|4366|3|1|10|8,,2026,,1251,4366,3,1,10,8,
2026|1251|3|1|10|1,2026|1251|4366|3|1|10|1,,2026,,1251,4366,3,1,10,1,
2026|1251|4|1|10|8,2026|1251|4366|4|1|10|8,,2026,,1251,4366,4,1,10,8,
2026|1251|1|0|10|1,2026|1251|2061|1|0|10|1,,2026,,1251,2061,1,0,10,1,
2026|1251|3|0|69|1,2026|1251|2061|3|0|69|1,,2026,,1251,2061,3,0,69,1,
2026|1251|3|0|10|1,2026|1251|2061|3|0|10|1,,2026,,1251,2061,3,0,10,1,
2026|1251|3|0|60|1,2026|1251|2061|3|0|60|1,,2026,,1251,2061,3,0,60,1,
2026|1251|3|0|24|1,2026|1251|2061|3|0|24|1,,2026,,1251,2061,3,0,24,1,
2026|1251|3|0|60|2,2026|1251|2061|3|0|60|2,,2026,,1251,2061,3,0,60,2,
2026|1251|3|0|10|7,2026|1251|2061|3|0|10|7,,2026,,1251,2061,3,0,10,7,
2026|1251|4|0|69|1,2026|1251|2061|4|0|69|1,,2026,,1251,2061,4,0,69,1,
2026|1251|4|0|24|1,2026|1251|2061|4|0|24|1,,2026,,1251,2061,4,0,24,1,
2026|1251|1|0|27|1,2026|1251|4374|1|0|27|1,,2026,,1251,4374,1,0,27,1,
2026|1251|1|0|10|1,2026|1251|4374|1|0|10|1,,2026,,1251,4374,1,0,10,1,
2026|1251|3|0|10|1,2026|1251|4374|3|0|10|1,,2026,,1251,4374,3,0,10,1,
2026|1251|3|0|60|1,2026|1251|4374|3|0|60|1,,2026,,1251,4374,3,0,60,1,
2026|1251|3|0|68|1,2026|1251|4374|3|0|68|1,,2026,,1251,4374,3,0,68,1,
2026|1251|3|0|60|2,2026|1251|4374|3|0|60|2,,2026,,1251,4374,3,0,60,2,
2026|1251|3|0|24|1,2026|1251|4374|3|0|24|1,,2026,,1251,4374,3,0,24,1,
2026|1251|3|0|83|2,2026|1251|4374|3|0|83|2,,2026,,1251,4374,3,0,83,2,
2026|1251|3|0|52|2,2026|1251|4374|3|0|52|2,,2026,,1251,4374,3,0,52,2,
2026|1251|3|0|70|1,2026|1251|4374|3|0|70|1,,2026,,1251,4374,3,0,70,1,
2026|1251|3|0|73|1,2026|1251|4374|3|0|73|1,,2026,,1251,4374,3,0,73,1,
2026|1251|3|0|10|7,2026|1251|4374|3|0|10|7,,2026,,1251,4374,3,0,10,7,
2026|1251|4|0|68|1,2026|1251|4374|4|0|68|1,,2026,,1251,4374,4,0,68,1,
2026|1251|4|0|24|1,2026|1251|4374|4|0|24|1,,2026,,1251,4374,4,0,24,1,
2026|1251|4|0|98|1,2026|1251|4374|4|0|98|1,,2026,,1251,4374,4,0,98,1,
2026|1251|4|0|70|1,2026|1251|4374|4|0|70|1,,2026,,1251,4374,4,0,70,1,
2026|1251|4|0|73|1,2026|1251|4374|4|0|73|1,,2026,,1251,4374,4,0,73,1,
2026|1251|1|0|10|1,2026|1251|4365|1|0|10|1,,2026,,1251,4365,1,0,10,1,
2026|1251|3|0|10|1,2026|1251|4365|3|0|10|1,,2026,,1251,4365,3,0,10,1,
2026|1251|3|0|97|1,2026|1251|4365|3|0|97|1,,2026,,1251,4365,3,0,97,1,
2026|1251|3|0|82|1,2026|1251|4365|3|0|82|1,,2026,,1251,4365,3,0,82,1,
2026|1251|3|0|45|1,2026|1251|4365|3|0|45|1,,2026,,1251,4365,3,0,45,1,
2026|1251|3|0|98|1,2026|1251|4365|3|0|98|1,,2026,,1251,4365,3,0,98,1,
2026|1251|3|0|60|1,2026|1251|4365|3|0|60|1,,2026,,1251,4365,3,0,60,1,
2026|1251|3|0|68|1,2026|1251|4365|3|0|68|1,,2026,,1251,4365,3,0,68,1,
2026|1251|3|0|9|1,2026|1251|4365|3|0|9|1,,2026,,1251,4365,3,0,9,1,
2026|1251|3|0|1|1,2026|1251|4365|3|0|1|1,,2026,,1251,4365,3,0,1,1,
2026|1251|3|0|69|1,2026|1251|4365|3|0|69|1,,2026,,1251,4365,3,0,69,1,
2026|1251|3|0|2|1,2026|1251|4365|3|0|2|1,,2026,,1251,4365,3,0,2,1,
2026|1251|3|0|70|1,2026|1251|4365|3|0|70|1,,2026,,1251,4365,3,0,70,1,
2026|1251|3|0|24|1,2026|1251|4365|3|0|24|1,,2026,,1251,4365,3,0,24,1,
2026|1251|3|0|60|2,2026|1251|4365|3|0|60|2,,2026,,1251,4365,3,0,60,2,
2026|1251|3|0|10|7,2026|1251|4365|3|0|10|7,,2026,,1251,4365,3,0,10,7,
2026|1251|4|0|97|1,2026|1251|4365|4|0|97|1,,2026,,1251,4365,4,0,97,1,
2026|1251|4|0|10|8,2026|1251|4365|4|0|10|8,,2026,,1251,4365,4,0,10,8,
2026|1251|4|0|10|1,2026|1251|4365|4|0|10|1,,2026,,1251,4365,4,0,10,1,
2026|1251|4|0|10|3,2026|1251|4365|4|0|10|3,,2026,,1251,4365,4,0,10,3,
2026|1251|4|0|98|1,2026|1251|4365|4|0|98|1,,2026,,1251,4365,4,0,98,1,
2026|1251|4|0|48|0,2026|1251|4365|4|0|48|0,,2026,,1251,4365,4,0,48,0,
2026|1251|4|0|45|1,2026|1251|4365|4|0|45|1,,2026,,1251,4365,4,0,45,1,
2026|1251|4|0|10|4,2026|1251|4365|4|0|10|4,,2026,,1251,4365,4,0,10,4,
2026|1251|4|0|68|1,2026|1251|4365|4|0|68|1,,2026,,1251,4365,4,0,68,1,
2026|1251|4|0|9|1,2026|1251|4365|4|0|9|1,,2026,,1251,4365,4,0,9,1,
2026|1251|4|0|60|2,2026|1251|4365|4|0|60|2,,2026,,1251,4365,4,0,60,2,
2026|1251|4|0|69|1,2026|1251|4365|4|0|69|1,,2026,,1251,4365,4,0,69,1,
2026|1251|4|0|70|1,2026|1251|4365|4|0|70|1,,2026,,1251,4365,4,0,70,1,
2026|1251|4|0|24|1,2026|1251|4365|4|0|24|1,,2026,,1251,4365,4,0,24,1,
2026|1251|4|0|1|1,2026|1251|4365|4|0|1|1,,2026,,1251,4365,4,0,1,1,
2026|1251|4|0|2|1,2026|1251|4365|4|0|2|1,,2026,,1251,4365,4,0,2,1,
2026|1251|3|0|10|7,2026|1251|7010|3|0|10|7,,2026,,1251,7010,3,0,10,7,
2026|1251|1|0|10|1,2026|1251|2500|1|0|10|1,,2026,,1251,2500,1,0,10,1,
2026|1251|3|0|10|8,2026|1251|2500|3|0|10|8,,2026,,1251,2500,3,0,10,8,
2026|1251|3|0|60|1,2026|1251|2500|3|0|60|1,,2026,,1251,2500,3,0,60,1,
2026|1251|3|0|10|1,2026|1251|2500|3|0|10|1,,2026,,1251,2500,3,0,10,1,
2026|1251|3|0|10|7,2026|1251|2500|3|0|10|7,,2026,,1251,2500,3,0,10,7,
2026|1251|1|0|30|1,2026|1251|7007|1|0|30|1,,2026,,1251,7007,1,0,30,1,
2026|1251|1|0|75|1,2026|1251|7007|1|0|75|1,,2026,,1251,7007,1,0,75,1,
2026|1251|1|0|10|1,2026|1251|7007|1|0|10|1,,2026,,1251,7007,1,0,10,1,
2026|1261|3|1|10|1,2026|1261|2067|3|1|10|1,,2026,,1261,2067,3,1,10,1,
2026|1261|4|1|10|1,2026|1261|2067|4|1|10|1,,2026,,1261,2067,4,1,10,1,
2026|1261|3|0|10|1,2026|1261|4108|3|0|10|1,,2026,,1261,4108,3,0,10,1,
2026|1261|4|0|10|1,2026|1261|4108|4|0|10|1,,2026,,1261,4108,4,0,10,1,
2026|1261|3|0|10|8,2026|1261|4418|3|0|10|8,,2026,,1261,4418,3,0,10,8,
2026|1261|3|0|10|1,2026|1261|2040|3|0|10|1,,2026,,1261,2040,3,0,10,1,
2026|1261|1|0|10|1,2026|1261|2084|1|0|10|1,,2026,,1261,2084,1,0,10,1,
2026|1261|1|0|23|1,2026|1261|2084|1|0|23|1,,2026,,1261,2084,1,0,23,1,
2026|1261|3|0|10|7,2026|1261|2084|3|0|10|7,,2026,,1261,2084,3,0,10,7,
2026|1261|3|0|23|7,2026|1261|2084|3|0|23|7,,2026,,1261,2084,3,0,23,7,
2026|1261|1|0|10|1,2026|1261|2092|1|0|10|1,,2026,,1261,2092,1,0,10,1,
2026|1261|3|0|10|7,2026|1261|2092|3|0|10|7,,2026,,1261,2092,3,0,10,7,
2026|1261|1|0|10|1,2026|1261|2098|1|0|10|1,,2026,,1261,2098,1,0,10,1,
2026|1261|3|0|10|7,2026|1261|2098|3|0|10|7,,2026,,1261,2098,3,0,10,7,
2026|1261|3|0|10|1,2026|1261|2038|3|0|10|1,,2026,,1261,2038,3,0,10,1,
2026|1261|4|0|10|1,2026|1261|2038|4|0|10|1,,2026,,1261,2038,4,0,10,1,
2026|1261|3|1|10|1,2026|1261|2099|3|1|10|1,,2026,,1261,2099,3,1,10,1,
2026|1261|3|0|10|1,2026|1261|2095|3|0|10|1,,2026,,1261,2095,3,0,10,1,
2026|1261|4|0|10|1,2026|1261|2095|4|0|10|1,,2026,,1261,2095,4,0,10,1,
2026|1261|1|0|10|1,2026|1261|2080|1|0|10|1,,2026,,1261,2080,1,0,10,1,
2026|1261|1|0|23|1,2026|1261|2080|1|0|23|1,,2026,,1261,2080,1,0,23,1,
2026|1261|3|0|10|7,2026|1261|2080|3|0|10|7,,2026,,1261,2080,3,0,10,7,
2026|1261|3|0|23|7,2026|1261|2080|3|0|23|7,,2026,,1261,2080,3,0,23,7,
2026|1261|1|0|10|1,2026|1261|2096|1|0|10|1,,2026,,1261,2096,1,0,10,1,
2026|1261|1|0|23|1,2026|1261|2096|1|0|23|1,,2026,,1261,2096,1,0,23,1,
2026|1261|3|0|10|7,2026|1261|2096|3|0|10|7,,2026,,1261,2096,3,0,10,7,
2026|1261|3|0|10|1,2026|1261|2096|3|0|10|1,,2026,,1261,2096,3,0,10,1,
2026|1261|3|0|23|7,2026|1261|2096|3|0|23|7,,2026,,1261,2096,3,0,23,7,
2026|1261|1|0|10|1,2026|1261|2093|1|0|10|1,,2026,,1261,2093,1,0,10,1,
2026|1261|1|0|23|1,2026|1261|2093|1|0|23|1,,2026,,1261,2093,1,0,23,1,
2026|1261|3|0|10|7,2026|1261|2093|3|0|10|7,,2026,,1261,2093,3,0,10,7,
2026|1261|3|0|23|7,2026|1261|2093|3|0|23|7,,2026,,1261,2093,3,0,23,7,
2026|1261|1|0|10|1,2026|1261|2082|1|0|10|1,,2026,,1261,2082,1,0,10,1,
2026|1261|1|0|23|1,2026|1261|2082|1|0|23|1,,2026,,1261,2082,1,0,23,1,
2026|1261|3|0|10|7,2026|1261|2082|3|0|10|7,,2026,,1261,2082,3,0,10,7,
2026|1261|3|0|23|7,2026|1261|2082|3|0|23|7,,2026,,1261,2082,3,0,23,7,
2026|1261|1|0|10|1,2026|1261|2094|1|0|10|1,,2026,,1261,2094,1,0,10,1,
2026|1261|1|0|23|1,2026|1261|2094|1|0|23|1,,2026,,1261,2094,1,0,23,1,
2026|1261|3|0|10|7,2026|1261|2094|3|0|10|7,,2026,,1261,2094,3,0,10,7,
2026|1261|3|0|23|7,2026|1261|2094|3|0|23|7,,2026,,1261,2094,3,0,23,7,
2026|1261|1|0|10|1,2026|1261|2100|1|0|10|1,,2026,,1261,2100,1,0,10,1,
2026|1261|1|0|23|1,2026|1261|2100|1|0|23|1,,2026,,1261,2100,1,0,23,1,
2026|1261|3|0|10|7,2026|1261|2100|3|0|10|7,,2026,,1261,2100,3,0,10,7,
2026|1261|3|0|23|7,2026|1261|2100|3|0|23|7,,2026,,1261,2100,3,0,23,7,
2026|1261|1|0|10|1,2026|1261|2088|1|0|10|1,,2026,,1261,2088,1,0,10,1,
2026|1261|1|0|23|1,2026|1261|2088|1|0|23|1,,2026,,1261,2088,1,0,23,1,
2026|1261|3|0|10|7,2026|1261|2088|3|0|10|7,,2026,,1261,2088,3,0,10,7,
2026|1261|3|0|23|7,2026|1261|2088|3|0|23|7,,2026,,1261,2088,3,0,23,7,
2026|1261|1|0|10|1,2026|1261|2097|1|0|10|1,,2026,,1261,2097,1,0,10,1,
2026|1261|1|0|23|1,2026|1261|2097|1|0|23|1,,2026,,1261,2097,1,0,23,1,
2026|1261|3|0|10|7,2026|1261|2097|3|0|10|7,,2026,,1261,2097,3,0,10,7,
2026|1261|3|0|23|7,2026|1261|2097|3|0|23|7,,2026,,1261,2097,3,0,23,7,
2026|1261|1|0|10|1,2026|1261|2086|1|0|10|1,,2026,,1261,2086,1,0,10,1,
2026|1261|1|0|23|1,2026|1261|2086|1|0|23|1,,2026,,1261,2086,1,0,23,1,
2026|1261|3|0|10|7,2026|1261|2086|3|0|10|7,,2026,,1261,2086,3,0,10,7,
2026|1261|3|0|23|7,2026|1261|2086|3|0|23|7,,2026,,1261,2086,3,0,23,7,
2026|1261|1|0|10|1,2026|1261|2081|1|0|10|1,,2026,,1261,2081,1,0,10,1,
2026|1261|1|0|23|1,2026|1261|2081|1|0|23|1,,2026,,1261,2081,1,0,23,1,
2026|1261|3|0|10|7,2026|1261|2081|3|0|10|7,,2026,,1261,2081,3,0,10,7,
2026|1261|3|0|23|7,2026|1261|2081|3|0|23|7,,2026,,1261,2081,3,0,23,7,
2026|1261|1|0|10|1,2026|1261|2090|1|0|10|1,,2026,,1261,2090,1,0,10,1,
2026|1261|1|0|23|1,2026|1261|2090|1|0|23|1,,2026,,1261,2090,1,0,23,1,
2026|1261|3|0|10|7,2026|1261|2090|3|0|10|7,,2026,,1261,2090,3,0,10,7,
2026|1261|3|0|23|7,2026|1261|2090|3|0|23|7,,2026,,1261,2090,3,0,23,7,
2026|1261|1|0|10|1,2026|1261|2085|1|0|10|1,,2026,,1261,2085,1,0,10,1,
2026|1261|1|0|23|1,2026|1261|2085|1|0|23|1,,2026,,1261,2085,1,0,23,1,
2026|1261|3|0|10|7,2026|1261|2085|3|0|10|7,,2026,,1261,2085,3,0,10,7,
2026|1261|3|0|23|7,2026|1261|2085|3|0|23|7,,2026,,1261,2085,3,0,23,7,
2026|1261|3|0|21|1,2026|1261|2034|3|0|21|1,,2026,,1261,2034,3,0,21,1,
2026|1261|3|0|36|1,2026|1261|2102|3|0|36|1,,2026,,1261,2102,3,0,36,1,
2026|1261|3|0|21|1,2026|1261|2101|3|0|21|1,,2026,,1261,2101,3,0,21,1,
2026|1261|3|0|21|1,2026|1261|1060|3|0|21|1,,2026,,1261,1060,3,0,21,1,
2026|1261|3|0|10|1,2026|1261|1060|3|0|10|1,,2026,,1261,1060,3,0,10,1,
2026|1261|3|0|24|1,2026|1261|2127|3|0|24|1,,2026,,1261,2127,3,0,24,1,
2026|1261|3|0|10|3,2026|1261|2127|3|0|10|3,,2026,,1261,2127,3,0,10,3,
2026|1261|3|0|10|1,2026|1261|2127|3|0|10|1,,2026,,1261,2127,3,0,10,1,
2026|1261|3|0|10|1,2026|1261|1094|3|0|10|1,,2026,,1261,1094,3,0,10,1,
2026|1261|3|1|10|1,2026|1261|2105|3|1|10|1,,2026,,1261,2105,3,1,10,1,
2026|1261|3|0|10|1,2026|1261|2107|3|0|10|1,,2026,,1261,2107,3,0,10,1,
2026|1261|3|0|10|8,2026|1261|4505|3|0|10|8,,2026,,1261,4505,3,0,10,8,
2026|1261|3|0|10|1,2026|1261|4505|3|0|10|1,,2026,,1261,4505,3,0,10,1,
2026|1261|3|0|10|8,2026|1261|4506|3|0|10|8,,2026,,1261,4506,3,0,10,8,
2026|1261|3|0|10|1,2026|1261|4506|3|0|10|1,,2026,,1261,4506,3,0,10,1,
2026|1261|3|0|10|1,2026|1261|4507|3|0|10|1,,2026,,1261,4507,3,0,10,1,
2026|1261|4|0|10|1,2026|1261|4507|4|0|10|1,,2026,,1261,4507,4,0,10,1,
2026|1261|3|0|10|1,2026|1261|1033|3|0|10|1,,2026,,1261,1033,3,0,10,1,
2026|1261|3|0|10|1,2026|1261|4509|3|0|10|1,,2026,,1261,4509,3,0,10,1,
2026|1261|4|0|10|1,2026|1261|4509|4|0|10|1,,2026,,1261,4509,4,0,10,1,
2026|1261|3|0|10|1,2026|1261|1093|3|0|10|1,,2026,,1261,1093,3,0,10,1,
2026|1261|3|0|10|1,2026|1261|2119|3|0|10|1,,2026,,1261,2119,3,0,10,1,
2026|1261|3|0|10|1,2026|1261|2123|3|0|10|1,,2026,,1261,2123,3,0,10,1,
2026|1261|4|0|10|1,2026|1261|2123|4|0|10|1,,2026,,1261,2123,4,0,10,1,
2026|1261|3|0|21|1,2026|1261|1092|3|0|21|1,,2026,,1261,1092,3,0,21,1,
2026|1261|3|0|10|1,2026|1261|1092|3|0|10|1,,2026,,1261,1092,3,0,10,1,
2026|1261|3|0|10|1,2026|1261|4508|3|0|10|1,,2026,,1261,4508,3,0,10,1,
2026|1261|3|0|36|1,2026|1261|4508|3|0|36|1,,2026,,1261,4508,3,0,36,1,
2026|1261|3|0|98|1,2026|1261|2122|3|0|98|1,,2026,,1261,2122,3,0,98,1,
2026|1261|3|0|10|1,2026|1261|2122|3|0|10|1,,2026,,1261,2122,3,0,10,1,
2026|1261|4|0|10|8,2026|1261|2122|4|0|10|8,,2026,,1261,2122,4,0,10,8,
2026|1261|3|0|10|0,2026|1261|4512|3|0|10|0,,2026,,1261,4512,3,0,10,0,
2026|1261|3|0|36|1,2026|1261|4512|3|0|36|1,,2026,,1261,4512,3,0,36,1,
2026|1261|3|0|89|1,2026|1261|4512|3|0|89|1,,2026,,1261,4512,3,0,89,1,
2026|1261|3|0|10|1,2026|1261|4512|3|0|10|1,,2026,,1261,4512,3,0,10,1,
2026|1261|3|0|98|1,2026|1261|4511|3|0|98|1,,2026,,1261,4511,3,0,98,1,
2026|1261|3|0|10|1,2026|1261|4511|3|0|10|1,,2026,,1261,4511,3,0,10,1,
2026|1261|3|0|10|8,2026|1261|4511|3|0|10|8,,2026,,1261,4511,3,0,10,8,
2026|1261|4|0|10|8,2026|1261|4511|4|0|10|8,,2026,,1261,4511,4,0,10,8,
2026|1261|3|1|71|0,2026|1261|2118|3|1|71|0,,2026,,1261,2118,3,1,71,0,
2026|1261|3|1|71|1,2026|1261|2118|3|1|71|1,,2026,,1261,2118,3,1,71,1,
2026|1261|3|1|10|0,2026|1261|2118|3|1|10|0,,2026,,1261,2118,3,1,10,0,
2026|1261|3|1|10|1,2026|1261|2118|3|1|10|1,,2026,,1261,2118,3,1,10,1,
2026|1261|4|0|10|1,2026|1261|4525|4|0|10|1,,2026,,1261,4525,4,0,10,1,
2026|1261|3|0|10|8,2026|1261|4510|3|0|10|8,,2026,,1261,4510,3,0,10,8,
2026|1261|3|0|21|1,2026|1261|4510|3|0|21|1,,2026,,1261,4510,3,0,21,1,
2026|1261|3|0|10|1,2026|1261|4510|3|0|10|1,,2026,,1261,4510,3,0,10,1,
2026|1261|3|0|3|1,2026|1261|2126|3|0|3|1,,2026,,1261,2126,3,0,3,1,
2026|1261|4|0|98|1,2026|1261|2126|4|0|98|1,,2026,,1261,2126,4,0,98,1,
2026|1261|4|0|3|1,2026|1261|2126|4|0|3|1,,2026,,1261,2126,4,0,3,1,
2026|1261|4|0|10|1,2026|1261|2126|4|0|10|1,,2026,,1261,2126,4,0,10,1,
2026|1261|4|0|10|8,2026|1261|2126|4|0|10|8,,2026,,1261,2126,4,0,10,8,
2026|1261|4|0|10|0,2026|1261|2126|4|0|10|0,,2026,,1261,2126,4,0,10,0,
2026|1261|4|0|89|1,2026|1261|2126|4|0|89|1,,2026,,1261,2126,4,0,89,1,
2026|1261|3|1|10|1,2026|1261|4519|3|1|10|1,,2026,,1261,4519,3,1,10,1,
2026|1261|4|1|21|3,2026|1261|4519|4|1|21|3,,2026,,1261,4519,4,1,21,3,
2026|1261|4|1|98|1,2026|1261|4519|4|1|98|1,,2026,,1261,4519,4,1,98,1,
2026|1261|4|1|10|8,2026|1261|4519|4|1|10|8,,2026,,1261,4519,4,1,10,8,
2026|1261|4|1|89|1,2026|1261|4519|4|1|89|1,,2026,,1261,4519,4,1,89,1,
2026|1261|4|1|10|1,2026|1261|4519|4|1|10|1,,2026,,1261,4519,4,1,10,1,
2026|1261|4|1|10|0,2026|1261|4519|4|1|10|0,,2026,,1261,4519,4,1,10,0,
2026|1261|4|1|36|1,2026|1261|4519|4|1|36|1,,2026,,1261,4519,4,1,36,1,
2026|1261|3|0|36|1,2026|1261|4527|3|0|36|1,,2026,,1261,4527,3,0,36,1,
2026|1261|3|0|10|8,2026|1261|4527|3|0|10|8,,2026,,1261,4527,3,0,10,8,
2026|1261|3|0|21|1,2026|1261|4527|3|0|21|1,,2026,,1261,4527,3,0,21,1,
2026|1261|3|0|10|1,2026|1261|4527|3|0|10|1,,2026,,1261,4527,3,0,10,1,
2026|1261|4|0|10|8,2026|1261|4527|4|0|10|8,,2026,,1261,4527,4,0,10,8,
2026|1261|4|0|36|1,2026|1261|4527|4|0|36|1,,2026,,1261,4527,4,0,36,1,
2026|1261|5|0|10|1,2026|1261|4527|5|0|10|1,,2026,,1261,4527,5,0,10,1,
2026|1261|3|0|10|1,2026|1261|2129|3|0|10|1,,2026,,1261,2129,3,0,10,1,
2026|1261|4|0|10|1,2026|1261|2129|4|0|10|1,,2026,,1261,2129,4,0,10,1,
2026|1261|3|0|21|1,2026|1261|2064|3|0|21|1,,2026,,1261,2064,3,0,21,1,
2026|1261|3|0|10|1,2026|1261|2064|3|0|10|1,,2026,,1261,2064,3,0,10,1,
2026|1261|4|0|10|1,2026|1261|2064|4|0|10|1,,2026,,1261,2064,4,0,10,1,
2026|1261|5|0|10|1,2026|1261|2064|5|0|10|1,,2026,,1261,2064,5,0,10,1,
2026|1261|3|0|13|1,2026|1261|2128|3|0|13|1,,2026,,1261,2128,3,0,13,1,
2026|1261|3|0|21|1,2026|1261|2128|3|0|21|1,,2026,,1261,2128,3,0,21,1,
2026|1261|3|0|10|1,2026|1261|2128|3|0|10|1,,2026,,1261,2128,3,0,10,1,
2026|1261|4|0|10|1,2026|1261|2128|4|0|10|1,,2026,,1261,2128,4,0,10,1,
2026|1261|3|1|10|1,2026|1261|4543|3|1|10|1,,2026,,1261,4543,3,1,10,1,
2026|1261|4|1|10|1,2026|1261|4543|4|1|10|1,,2026,,1261,4543,4,1,10,1,
2026|1261|3|0|10|8,2026|1261|4545|3|0|10|8,,2026,,1261,4545,3,0,10,8,
2026|1261|4|0|10|1,2026|1261|4545|4|0|10|1,,2026,,1261,4545,4,0,10,1,
2026|1261|4|0|10|8,2026|1261|4545|4|0|10|8,,2026,,1261,4545,4,0,10,8,
2026|1261|3|0|10|1,2026|1261|4547|3|0|10|1,,2026,,1261,4547,3,0,10,1,
2026|1261|3|0|21|1,2026|1261|4547|3|0|21|1,,2026,,1261,4547,3,0,21,1,
2026|1261|3|0|10|1,2026|1261|0|3|0|10|1,,2026,,1261,0,3,0,10,1,
2026|1261|4|0|10|1,2026|1261|0|4|0|10|1,,2026,,1261,0,4,0,10,1,
2026|1271|3|1|10|1,2026|1271|4328|3|1|10|1,,2026,,1271,4328,3,1,10,1,
2026|1271|3|0|10|1,2026|1271|4479|3|0|10|1,,2026,,1271,4479,3,0,10,1,
2026|1271|3|0|10|1,2026|1271|4327|3|0|10|1,,2026,,1271,4327,3,0,10,1,
2026|1271|3|0|10|1,2026|1271|4330|3|0|10|1,,2026,,1271,4330,3,0,10,1,
2026|1271|3|0|95|1,2026|1271|4330|3|0|95|1,,2026,,1271,4330,3,0,95,1,
2026|1271|3|0|69|1,2026|1271|4324|3|0|69|1,,2026,,1271,4324,3,0,69,1,
2026|1271|3|0|10|1,2026|1271|4324|3|0|10|1,,2026,,1271,4324,3,0,10,1,
2026|1271|3|0|95|1,2026|1271|4324|3|0|95|1,,2026,,1271,4324,3,0,95,1,
2026|1271|4|0|69|1,2026|1271|4324|4|0|69|1,,2026,,1271,4324,4,0,69,1,
2026|1271|3|0|10|1,2026|1271|4331|3|0|10|1,,2026,,1271,4331,3,0,10,1,
2026|1271|3|0|69|1,2026|1271|4332|3|0|69|1,,2026,,1271,4332,3,0,69,1,
2026|1271|3|0|10|1,2026|1271|4332|3|0|10|1,,2026,,1271,4332,3,0,10,1,
2026|1271|3|0|24|1,2026|1271|4332|3|0|24|1,,2026,,1271,4332,3,0,24,1,
2026|1271|3|0|10|4,2026|1271|4332|3|0|10|4,,2026,,1271,4332,3,0,10,4,
2026|1271|3|0|10|8,2026|1271|4332|3|0|10|8,,2026,,1271,4332,3,0,10,8,
2026|1271|4|0|10|4,2026|1271|4332|4|0|10|4,,2026,,1271,4332,4,0,10,4,
2026|1271|4|0|10|8,2026|1271|4332|4|0|10|8,,2026,,1271,4332,4,0,10,8,
2026|1271|4|0|24|1,2026|1271|4332|4|0|24|1,,2026,,1271,4332,4,0,24,1,
2026|1271|3|0|10|8,2026|1271|4343|3|0|10|8,,2026,,1271,4343,3,0,10,8,
2026|1271|3|0|10|1,2026|1271|4343|3|0|10|1,,2026,,1271,4343,3,0,10,1,
2026|1271|3|0|16|1,2026|1271|4343|3|0|16|1,,2026,,1271,4343,3,0,16,1,
2026|1271|3|0|10|1,2026|1271|4326|3|0|10|1,,2026,,1271,4326,3,0,10,1,
2026|1271|3|0|10|1,2026|1271|4322|3|0|10|1,,2026,,1271,4322,3,0,10,1,
2026|1271|4|0|10|8,2026|1271|4322|4|0|10|8,,2026,,1271,4322,4,0,10,8,
2026|1271|4|0|10|1,2026|1271|4322|4|0|10|1,,2026,,1271,4322,4,0,10,1,
2026|1271|4|0|97|1,2026|1271|4322|4|0|97|1,,2026,,1271,4322,4,0,97,1,
2026|1271|3|0|10|1,2026|1271|4329|3|0|10|1,,2026,,1271,4329,3,0,10,1,
2026|1271|3|0|10|1,2026|1271|4337|3|0|10|1,,2026,,1271,4337,3,0,10,1,
2026|1271|3|0|10|1,2026|1271|4336|3|0|10|1,,2026,,1271,4336,3,0,10,1,
2026|1271|3|0|10|1,2026|1271|4342|3|0|10|1,,2026,,1271,4342,3,0,10,1,
2026|1271|3|0|10|1,2026|1271|4339|3|0|10|1,,2026,,1271,4339,3,0,10,1,
2026|1271|3|0|10|1,2026|1271|4338|3|0|10|1,,2026,,1271,4338,3,0,10,1,
2026|1271|3|0|10|8,2026|1271|2500|3|0|10|8,,2026,,1271,2500,3,0,10,8,
2026|1271|3|0|10|1,2026|1271|2500|3|0|10|1,,2026,,1271,2500,3,0,10,1,
2026|1271|1|0|10|1,2026|1271|2417|1|0|10|1,,2026,,1271,2417,1,0,10,1,
2026|1271|3|0|10|7,2026|1271|2417|3|0|10|7,,2026,,1271,2417,3,0,10,7,
2026|1301|4|0|10|1,2026|1301|4266|4|0|10|1,,2026,,1301,4266,4,0,10,1,
2026|1301|3|0|98|1,2026|1301|1037|3|0|98|1,,2026,,1301,1037,3,0,98,1,
2026|1301|3|0|24|1,2026|1301|1037|3|0|24|1,,2026,,1301,1037,3,0,24,1,
2026|1301|4|0|10|0,2026|1301|1037|4|0|10|0,,2026,,1301,1037,4,0,10,0,
2026|1301|4|0|10|1,2026|1301|1037|4|0|10|1,,2026,,1301,1037,4,0,10,1,
2026|1301|4|0|98|1,2026|1301|1037|4|0|98|1,,2026,,1301,1037,4,0,98,1,
2026|1301|4|0|32|0,2026|1301|1037|4|0|32|0,,2026,,1301,1037,4,0,32,0,
2026|1301|4|0|10|3,2026|1301|1037|4|0|10|3,,2026,,1301,1037,4,0,10,3,
2026|1301|4|0|24|1,2026|1301|1037|4|0|24|1,,2026,,1301,1037,4,0,24,1,
2026|1301|3|0|10|1,2026|1301|4156|3|0|10|1,,2026,,1301,4156,3,0,10,1,
2026|1301|3|0|10|1,2026|1301|4503|3|0|10|1,,2026,,1301,4503,3,0,10,1,
2026|1301|3|0|10|1,2026|1301|4346|3|0|10|1,,2026,,1301,4346,3,0,10,1,
2026|1301|3|0|10|1,2026|1301|4345|3|0|10|1,,2026,,1301,4345,3,0,10,1,
2026|1301|4|0|10|1,2026|1301|4345|4|0|10|1,,2026,,1301,4345,4,0,10,1,
2026|1301|4|0|95|1,2026|1301|4345|4|0|95|1,,2026,,1301,4345,4,0,95,1,
2026|1301|3|0|10|1,2026|1301|4253|3|0|10|1,,2026,,1301,4253,3,0,10,1,
2026|1301|3|0|74|1,2026|1301|4205|3|0|74|1,,2026,,1301,4205,3,0,74,1,
2026|1301|4|0|10|1,2026|1301|4205|4|0|10|1,,2026,,1301,4205,4,0,10,1,
2026|1301|4|0|95|1,2026|1301|1042|4|0|95|1,,2026,,1301,1042,4,0,95,1,
2026|1301|3|0|10|1,2026|1301|4261|3|0|10|1,,2026,,1301,4261,3,0,10,1,
2026|1301|3|0|70|1,2026|1301|4261|3|0|70|1,,2026,,1301,4261,3,0,70,1,
2026|1301|4|0|10|8,2026|1301|4261|4|0|10|8,,2026,,1301,4261,4,0,10,8,
2026|1301|4|0|10|1,2026|1301|4261|4|0|10|1,,2026,,1301,4261,4,0,10,1,
2026|1301|4|0|70|1,2026|1301|4261|4|0|70|1,,2026,,1301,4261,4,0,70,1,
2026|1301|4|0|95|1,2026|1301|1040|4|0|95|1,,2026,,1301,1040,4,0,95,1,
2026|1301|3|0|10|1,2026|1301|1038|3|0|10|1,,2026,,1301,1038,3,0,10,1,
2026|1301|4|0|24|1,2026|1301|1038|4|0|24|1,,2026,,1301,1038,4,0,24,1,
2026|1301|4|0|10|1,2026|1301|1038|4|0|10|1,,2026,,1301,1038,4,0,10,1,
2026|1301|4|0|32|0,2026|1301|1038|4|0|32|0,,2026,,1301,1038,4,0,32,0,
2026|1301|3|0|10|1,2026|1301|1039|3|0|10|1,,2026,,1301,1039,3,0,10,1,
2026|1301|4|0|24|1,2026|1301|1039|4|0|24|1,,2026,,1301,1039,4,0,24,1,
2026|1301|4|0|10|1,2026|1301|1039|4|0|10|1,,2026,,1301,1039,4,0,10,1,
2026|1301|4|0|32|0,2026|1301|1039|4|0|32|0,,2026,,1301,1039,4,0,32,0,
2026|1301|3|0|10|1,2026|1301|4265|3|0|10|1,,2026,,1301,4265,3,0,10,1,
2026|1301|4|0|74|1,2026|1301|4265|4|0|74|1,,2026,,1301,4265,4,0,74,1,
2026|1301|4|0|10|1,2026|1301|4265|4|0|10|1,,2026,,1301,4265,4,0,10,1,
2026|1301|3|0|10|1,2026|1301|1035|3|0|10|1,,2026,,1301,1035,3,0,10,1,
2026|1301|3|0|24|1,2026|1301|1035|3|0|24|1,,2026,,1301,1035,3,0,24,1,
2026|1301|4|0|32|1,2026|1301|1035|4|0|32|1,,2026,,1301,1035,4,0,32,1,
2026|1301|4|0|32|0,2026|1301|1035|4|0|32|0,,2026,,1301,1035,4,0,32,0,
2026|1301|4|0|10|1,2026|1301|1035|4|0|10|1,,2026,,1301,1035,4,0,10,1,
2026|1301|4|0|24|1,2026|1301|1035|4|0|24|1,,2026,,1301,1035,4,0,24,1,
2026|1301|3|0|24|1,2026|1301|1036|3|0|24|1,,2026,,1301,1036,3,0,24,1,
2026|1301|4|0|10|0,2026|1301|1036|4|0|10|0,,2026,,1301,1036,4,0,10,0,
2026|1301|4|0|10|1,2026|1301|1036|4|0|10|1,,2026,,1301,1036,4,0,10,1,
2026|1301|4|0|24|1,2026|1301|1036|4|0|24|1,,2026,,1301,1036,4,0,24,1,
2026|1301|3|0|10|1,2026|1301|1041|3|0|10|1,,2026,,1301,1041,3,0,10,1,
2026|1301|4|0|32|0,2026|1301|1041|4|0|32|0,,2026,,1301,1041,4,0,32,0,
2026|1301|4|0|25|1,2026|1301|1041|4|0|25|1,,2026,,1301,1041,4,0,25,1,
2026|1301|4|0|10|1,2026|1301|1041|4|0|10|1,,2026,,1301,1041,4,0,10,1,
2026|1301|4|0|10|0,2026|1301|4262|4|0|10|0,,2026,,1301,4262,4,0,10,0,
2026|1301|4|0|10|1,2026|1301|4262|4|0|10|1,,2026,,1301,4262,4,0,10,1,
2026|1301|4|0|15|1,2026|1301|4262|4|0|15|1,,2026,,1301,4262,4,0,15,1,
2026|1301|4|0|95|1,2026|1301|4262|4|0|95|1,,2026,,1301,4262,4,0,95,1,
2026|1301|4|0|10|8,2026|1301|4262|4|0|10|8,,2026,,1301,4262,4,0,10,8,
2026|1301|3|0|10|1,2026|1301|4501|3|0|10|1,,2026,,1301,4501,3,0,10,1,
2026|1301|3|0|73|1,2026|1301|4292|3|0|73|1,,2026,,1301,4292,3,0,73,1,
2026|1301|3|0|10|1,2026|1301|4290|3|0|10|1,,2026,,1301,4290,3,0,10,1,
2026|1301|3|0|24|1,2026|1301|4290|3|0|24|1,,2026,,1301,4290,3,0,24,1,
2026|1301|4|0|10|0,2026|1301|4290|4|0|10|0,,2026,,1301,4290,4,0,10,0,
2026|1301|4|0|24|1,2026|1301|4290|4|0|24|1,,2026,,1301,4290,4,0,24,1,
2026|1301|3|0|10|1,2026|1301|2500|3|0|10|1,,2026,,1301,2500,3,0,10,1,
2026|1301|4|0|74|1,2026|1301|2500|4|0|74|1,,2026,,1301,2500,4,0,74,1,
2026|1301|4|0|10|1,2026|1301|2500|4|0|10|1,,2026,,1301,2500,4,0,10,1,
2026|1301|1|0|10|1,2026|1301|2417|1|0|10|1,,2026,,1301,2417,1,0,10,1,
2026|1301|3|0|10|7,2026|1301|2417|3|0|10|7,,2026,,1301,2417,3,0,10,7,
2026|1371|3|0|10|8,2026|1371|4044|3|0|10|8,,2026,,1371,4044,3,0,10,8,
2026|1371|3|0|72|1,2026|1371|4044|3|0|72|1,,2026,,1371,4044,3,0,72,1,
2026|1371|3|0|94|1,2026|1371|4037|3|0|94|1,,2026,,1371,4037,3,0,94,1,
2026|1371|3|0|10|3,2026|1371|4037|3|0|10|3,,2026,,1371,4037,3,0,10,3,
2026|1371|3|0|10|8,2026|1371|4037|3|0|10|8,,2026,,1371,4037,3,0,10,8,
2026|1371|3|0|24|1,2026|1371|4037|3|0|24|1,,2026,,1371,4037,3,0,24,1,
2026|1371|3|0|72|1,2026|1371|4037|3|0|72|1,,2026,,1371,4037,3,0,72,1,
2026|1371|4|0|10|3,2026|1371|4037|4|0|10|3,,2026,,1371,4037,4,0,10,3,
2026|1371|4|0|15|1,2026|1371|4037|4|0|15|1,,2026,,1371,4037,4,0,15,1,
2026|1371|4|0|10|8,2026|1371|4037|4|0|10|8,,2026,,1371,4037,4,0,10,8,
2026|1371|4|0|24|1,2026|1371|4037|4|0|24|1,,2026,,1371,4037,4,0,24,1,
2026|1371|3|0|24|1,2026|1371|4028|3|0|24|1,,2026,,1371,4028,3,0,24,1,
2026|1371|3|0|94|1,2026|1371|4028|3|0|94|1,,2026,,1371,4028,3,0,94,1,
2026|1371|3|0|72|1,2026|1371|4028|3|0|72|1,,2026,,1371,4028,3,0,72,1,
2026|1371|3|0|10|8,2026|1371|4028|3|0|10|8,,2026,,1371,4028,3,0,10,8,
2026|1371|4|0|10|8,2026|1371|4028|4|0|10|8,,2026,,1371,4028,4,0,10,8,
2026|1371|4|0|24|1,2026|1371|4028|4|0|24|1,,2026,,1371,4028,4,0,24,1,
2026|1371|3|0|94|1,2026|1371|4053|3|0|94|1,,2026,,1371,4053,3,0,94,1,
2026|1371|3|0|72|1,2026|1371|4053|3|0|72|1,,2026,,1371,4053,3,0,72,1,
2026|1371|3|0|72|1,2026|1371|4039|3|0|72|1,,2026,,1371,4039,3,0,72,1,
2026|1371|3|0|52|2,2026|1371|4038|3|0|52|2,,2026,,1371,4038,3,0,52,2,
2026|1371|3|0|9|1,2026|1371|4038|3|0|9|1,,2026,,1371,4038,3,0,9,1,
2026|1371|3|0|94|1,2026|1371|4038|3|0|94|1,,2026,,1371,4038,3,0,94,1,
2026|1371|3|0|72|1,2026|1371|4038|3|0|72|1,,2026,,1371,4038,3,0,72,1,
2026|1371|4|0|72|1,2026|1371|4038|4|0|72|1,,2026,,1371,4038,4,0,72,1,
2026|1371|4|0|80|1,2026|1371|4038|4|0|80|1,,2026,,1371,4038,4,0,80,1,
2026|1371|3|0|79|8,2026|1371|4124|3|0|79|8,,2026,,1371,4124,3,0,79,8,
2026|1371|3|0|79|1,2026|1371|4124|3|0|79|1,,2026,,1371,4124,3,0,79,1,
2026|1371|3|1|10|8,2026|1371|4046|3|1|10|8,,2026,,1371,4046,3,1,10,8,
2026|1371|3|1|94|1,2026|1371|4046|3|1|94|1,,2026,,1371,4046,3,1,94,1,
2026|1371|3|1|72|1,2026|1371|4046|3|1|72|1,,2026,,1371,4046,3,1,72,1,
2026|1371|3|0|29|1,2026|1371|4045|3|0|29|1,,2026,,1371,4045,3,0,29,1,
2026|1371|3|0|72|1,2026|1371|4045|3|0|72|1,,2026,,1371,4045,3,0,72,1,
2026|1371|3|0|94|1,2026|1371|4045|3|0|94|1,,2026,,1371,4045,3,0,94,1,
2026|1371|3|0|10|8,2026|1371|4045|3|0|10|8,,2026,,1371,4045,3,0,10,8,
2026|1371|4|0|10|8,2026|1371|4045|4|0|10|8,,2026,,1371,4045,4,0,10,8,
2026|1371|3|0|94|1,2026|1371|4047|3|0|94|1,,2026,,1371,4047,3,0,94,1,
2026|1371|3|0|29|1,2026|1371|4047|3|0|29|1,,2026,,1371,4047,3,0,29,1,
2026|1371|3|0|15|1,2026|1371|4047|3|0|15|1,,2026,,1371,4047,3,0,15,1,
2026|1371|3|0|10|8,2026|1371|4047|3|0|10|8,,2026,,1371,4047,3,0,10,8,
2026|1371|4|0|97|1,2026|1371|4047|4|0|97|1,,2026,,1371,4047,4,0,97,1,
2026|1371|4|0|15|1,2026|1371|4047|4|0|15|1,,2026,,1371,4047,4,0,15,1,
2026|1371|4|0|10|8,2026|1371|4047|4|0|10|8,,2026,,1371,4047,4,0,10,8,
2026|1371|3|0|29|1,2026|1371|4118|3|0|29|1,,2026,,1371,4118,3,0,29,1,
2026|1371|3|0|24|1,2026|1371|4118|3|0|24|1,,2026,,1371,4118,3,0,24,1,
2026|1371|3|0|72|3,2026|1371|4118|3|0|72|3,,2026,,1371,4118,3,0,72,3,
2026|1371|4|0|24|1,2026|1371|4118|4|0|24|1,,2026,,1371,4118,4,0,24,1,
2026|1371|3|0|29|1,2026|1371|1074|3|0|29|1,,2026,,1371,1074,3,0,29,1,
2026|1371|4|0|95|1,2026|1371|1074|4|0|95|1,,2026,,1371,1074,4,0,95,1,
2026|1371|3|0|9|1,2026|1371|2500|3|0|9|1,,2026,,1371,2500,3,0,9,1,
2026|1371|3|0|94|1,2026|1371|2500|3|0|94|1,,2026,,1371,2500,3,0,94,1,
2026|1371|3|0|72|1,2026|1371|2500|3|0|72|1,,2026,,1371,2500,3,0,72,1,
2026|1371|3|0|80|1,2026|1371|2500|3|0|80|1,,2026,,1371,2500,3,0,80,1,
2026|1371|3|0|95|1,2026|1371|2500|3|0|95|1,,2026,,1371,2500,3,0,95,1,
2026|1371|4|0|72|1,2026|1371|2500|4|0|72|1,,2026,,1371,2500,4,0,72,1,
2026|1371|4|0|9|1,2026|1371|2500|4|0|9|1,,2026,,1371,2500,4,0,9,1,
2026|1371|1|0|72|1,2026|1371|2417|1|0|72|1,,2026,,1371,2417,1,0,72,1,
2026|1371|3|0|31|7,2026|1371|2417|3|0|31|7,,2026,,1371,2417,3,0,31,7,
2026|1401|3|0|70|1,2026|1401|4142|3|0|70|1,,2026,,1401,4142,3,0,70,1,
2026|1401|3|0|10|1,2026|1401|4142|3|0|10|1,,2026,,1401,4142,3,0,10,1,
2026|1401|4|0|70|1,2026|1401|4142|4|0|70|1,,2026,,1401,4142,4,0,70,1,
2026|1401|3|0|10|1,2026|1401|4117|3|0|10|1,,2026,,1401,4117,3,0,10,1,
2026|1401|3|0|10|1,2026|1401|4116|3|0|10|1,,2026,,1401,4116,3,0,10,1,
2026|1401|3|0|10|1,2026|1401|4141|3|0|10|1,,2026,,1401,4141,3,0,10,1,
2026|1401|3|0|10|1,2026|1401|4140|3|0|10|1,,2026,,1401,4140,3,0,10,1,
2026|1401|3|0|95|1,2026|1401|4140|3|0|95|1,,2026,,1401,4140,3,0,95,1,
2026|1401|4|0|95|1,2026|1401|4140|4|0|95|1,,2026,,1401,4140,4,0,95,1,
2026|1401|3|1|27|1,2026|1401|1098|3|1|27|1,,2026,,1401,1098,3,1,27,1,
2026|1401|4|1|27|1,2026|1401|1098|4|1|27|1,,2026,,1401,1098,4,1,27,1,
2026|1401|3|0|70|1,2026|1401|4120|3|0|70|1,,2026,,1401,4120,3,0,70,1,
2026|1401|3|0|10|1,2026|1401|4120|3|0|10|1,,2026,,1401,4120,3,0,10,1,
2026|1401|3|0|10|8,2026|1401|4120|3|0|10|8,,2026,,1401,4120,3,0,10,8,
2026|1401|4|0|9|1,2026|1401|4120|4|0|9|1,,2026,,1401,4120,4,0,9,1,
2026|1401|4|0|70|1,2026|1401|4120|4|0|70|1,,2026,,1401,4120,4,0,70,1,
2026|1401|4|0|10|0,2026|1401|4120|4|0|10|0,,2026,,1401,4120,4,0,10,0,
2026|1401|4|0|97|1,2026|1401|4120|4|0|97|1,,2026,,1401,4120,4,0,97,1,
2026|1401|4|0|10|1,2026|1401|4120|4|0|10|1,,2026,,1401,4120,4,0,10,1,
2026|1401|4|0|24|1,2026|1401|4120|4|0|24|1,,2026,,1401,4120,4,0,24,1,
2026|1401|4|0|10|8,2026|1401|4120|4|0|10|8,,2026,,1401,4120,4,0,10,8,
2026|1401|4|0|10|4,2026|1401|4120|4|0|10|4,,2026,,1401,4120,4,0,10,4,
2026|1401|4|0|98|1,2026|1401|4120|4|0|98|1,,2026,,1401,4120,4,0,98,1,
2026|1401|4|0|25|1,2026|1401|4120|4|0|25|1,,2026,,1401,4120,4,0,25,1,
2026|1401|3|0|70|1,2026|1401|4113|3|0|70|1,,2026,,1401,4113,3,0,70,1,
2026|1401|3|0|95|1,2026|1401|4113|3|0|95|1,,2026,,1401,4113,3,0,95,1,
2026|1401|3|0|10|1,2026|1401|4113|3|0|10|1,,2026,,1401,4113,3,0,10,1,
2026|1401|4|0|70|1,2026|1401|4113|4|0|70|1,,2026,,1401,4113,4,0,70,1,
2026|1401|4|0|98|1,2026|1401|4113|4|0|98|1,,2026,,1401,4113,4,0,98,1,
2026|1401|4|0|10|1,2026|1401|4113|4|0|10|1,,2026,,1401,4113,4,0,10,1,
2026|1401|4|0|95|1,2026|1401|4113|4|0|95|1,,2026,,1401,4113,4,0,95,1,
2026|1401|1|0|10|1,2026|1401|4138|1|0|10|1,,2026,,1401,4138,1,0,10,1,
2026|1401|3|0|10|8,2026|1401|4138|3|0|10|8,,2026,,1401,4138,3,0,10,8,
2026|1401|3|0|10|1,2026|1401|4138|3|0|10|1,,2026,,1401,4138,3,0,10,1,
2026|1401|3|0|10|7,2026|1401|4138|3|0|10|7,,2026,,1401,4138,3,0,10,7,
2026|1401|3|0|60|2,2026|1401|4138|3|0|60|2,,2026,,1401,4138,3,0,60,2,
2026|1401|1|0|10|1,2026|1401|2021|1|0|10|1,,2026,,1401,2021,1,0,10,1,
2026|1401|3|0|10|1,2026|1401|2021|3|0|10|1,,2026,,1401,2021,3,0,10,1,
2026|1401|3|0|60|2,2026|1401|2021|3|0|60|2,,2026,,1401,2021,3,0,60,2,
2026|1401|3|0|10|7,2026|1401|2021|3|0|10|7,,2026,,1401,2021,3,0,10,7,
2026|1401|4|0|60|2,2026|1401|2021|4|0|60|2,,2026,,1401,2021,4,0,60,2,
2026|1401|1|0|10|1,2026|1401|4119|1|0|10|1,,2026,,1401,4119,1,0,10,1,
2026|1401|3|0|70|1,2026|1401|4119|3|0|70|1,,2026,,1401,4119,3,0,70,1,
2026|1401|3|0|10|1,2026|1401|4119|3|0|10|1,,2026,,1401,4119,3,0,10,1,
2026|1401|3|0|60|1,2026|1401|4119|3|0|60|1,,2026,,1401,4119,3,0,60,1,
2026|1401|3|0|10|7,2026|1401|4119|3|0|10|7,,2026,,1401,4119,3,0,10,7,
2026|1401|4|0|70|1,2026|1401|4119|4|0|70|1,,2026,,1401,4119,4,0,70,1,
2026|1401|1|0|60|2,2026|1401|4114|1|0|60|2,,2026,,1401,4114,1,0,60,2,
2026|1401|1|0|10|1,2026|1401|4114|1|0|10|1,,2026,,1401,4114,1,0,10,1,
2026|1401|3|0|70|1,2026|1401|4114|3|0|70|1,,2026,,1401,4114,3,0,70,1,
2026|1401|3|0|15|1,2026|1401|4114|3|0|15|1,,2026,,1401,4114,3,0,15,1,
2026|1401|3|0|10|8,2026|1401|4114|3|0|10|8,,2026,,1401,4114,3,0,10,8,
2026|1401|3|0|10|1,2026|1401|4114|3|0|10|1,,2026,,1401,4114,3,0,10,1,
2026|1401|3|0|10|7,2026|1401|4114|3|0|10|7,,2026,,1401,4114,3,0,10,7,
2026|1401|4|0|70|1,2026|1401|4114|4|0|70|1,,2026,,1401,4114,4,0,70,1,
2026|1401|4|0|15|1,2026|1401|4114|4|0|15|1,,2026,,1401,4114,4,0,15,1,
2026|1401|4|0|10|8,2026|1401|4114|4|0|10|8,,2026,,1401,4114,4,0,10,8,
2026|1401|1|0|10|1,2026|1401|4115|1|0|10|1,,2026,,1401,4115,1,0,10,1,
2026|1401|3|0|9|1,2026|1401|4115|3|0|9|1,,2026,,1401,4115,3,0,9,1,
2026|1401|3|0|60|2,2026|1401|4115|3|0|60|2,,2026,,1401,4115,3,0,60,2,
2026|1401|3|0|70|1,2026|1401|4115|3|0|70|1,,2026,,1401,4115,3,0,70,1,
2026|1401|3|0|45|1,2026|1401|4115|3|0|45|1,,2026,,1401,4115,3,0,45,1,
2026|1401|3|0|66|1,2026|1401|4115|3|0|66|1,,2026,,1401,4115,3,0,66,1,
2026|1401|3|0|24|1,2026|1401|4115|3|0|24|1,,2026,,1401,4115,3,0,24,1,
2026|1401|3|0|10|1,2026|1401|4115|3|0|10|1,,2026,,1401,4115,3,0,10,1,
2026|1401|3|0|10|7,2026|1401|4115|3|0|10|7,,2026,,1401,4115,3,0,10,7,
2026|1401|4|0|70|1,2026|1401|4115|4|0|70|1,,2026,,1401,4115,4,0,70,1,
2026|1401|4|0|10|8,2026|1401|4115|4|0|10|8,,2026,,1401,4115,4,0,10,8,
2026|1401|4|0|53|3,2026|1401|4115|4|0|53|3,,2026,,1401,4115,4,0,53,3,
2026|1401|4|0|60|2,2026|1401|4115|4|0|60|2,,2026,,1401,4115,4,0,60,2,
2026|1401|4|0|9|1,2026|1401|4115|4|0|9|1,,2026,,1401,4115,4,0,9,1,
2026|1401|4|0|10|3,2026|1401|4115|4|0|10|3,,2026,,1401,4115,4,0,10,3,
2026|1401|4|0|66|1,2026|1401|4115|4|0|66|1,,2026,,1401,4115,4,0,66,1,
2026|1401|4|0|24|1,2026|1401|4115|4|0|24|1,,2026,,1401,4115,4,0,24,1,
2026|1401|4|0|2|1,2026|1401|4115|4|0|2|1,,2026,,1401,4115,4,0,2,1,
2026|1401|4|0|98|1,2026|1401|4115|4|0|98|1,,2026,,1401,4115,4,0,98,1,
2026|1401|3|0|10|1,2026|1401|4094|3|0|10|1,,2026,,1401,4094,3,0,10,1,
2026|1401|3|0|10|8,2026|1401|4094|3|0|10|8,,2026,,1401,4094,3,0,10,8,
2026|1401|4|0|10|8,2026|1401|4094|4|0|10|8,,2026,,1401,4094,4,0,10,8,
2026|1401|3|0|10|8,2026|1401|2104|3|0|10|8,,2026,,1401,2104,3,0,10,8,
2026|1401|3|0|10|8,2026|1401|2103|3|0|10|8,,2026,,1401,2103,3,0,10,8,
2026|1401|3|0|10|1,2026|1401|4556|3|0|10|1,,2026,,1401,4556,3,0,10,1,
2026|1401|3|0|10|7,2026|1401|7010|3|0|10|7,,2026,,1401,7010,3,0,10,7,
2026|1401|1|0|10|1,2026|1401|2500|1|0|10|1,,2026,,1401,2500,1,0,10,1,
2026|1401|3|0|10|7,2026|1401|2500|3|0|10|7,,2026,,1401,2500,3,0,10,7,
2026|1401|3|0|27|1,2026|1401|2500|3|0|27|1,,2026,,1401,2500,3,0,27,1,
2026|1401|3|0|10|1,2026|1401|2500|3|0|10|1,,2026,,1401,2500,3,0,10,1,
2026|1401|1|0|10|1,2026|1401|7007|1|0|10|1,,2026,,1401,7007,1,0,10,1,
2026|1441|1|0|10|9,2026|1441|7004|1|0|10|9,,2026,,1441,7004,1,0,10,9,
2026|1441|1|0|10|5,2026|1441|7006|1|0|10|5,,2026,,1441,7006,1,0,10,5,
2026|1441|1|0|43|5,2026|1441|7006|1|0|43|5,,2026,,1441,7006,1,0,43,5,
2026|1441|1|0|42|5,2026|1441|7006|1|0|42|5,,2026,,1441,7006,1,0,42,5,
2026|1441|3|0|10|7,2026|1441|7006|3|0|10|7,,2026,,1441,7006,3,0,10,7,
2026|1441|3|0|10|1,2026|1441|1099|3|0|10|1,,2026,,1441,1099,3,0,10,1,
2026|1441|3|0|10|1,2026|1441|1050|3|0|10|1,,2026,,1441,1050,3,0,10,1,
2026|1441|3|0|10|1,2026|1441|4033|3|0|10|1,,2026,,1441,4033,3,0,10,1,
2026|1441|3|0|10|1,2026|1441|2068|3|0|10|1,,2026,,1441,2068,3,0,10,1,
2026|1441|3|0|60|1,2026|1441|4150|3|0|60|1,,2026,,1441,4150,3,0,60,1,
2026|1441|3|0|10|1,2026|1441|4150|3|0|10|1,,2026,,1441,4150,3,0,10,1,
2026|1441|4|0|10|1,2026|1441|4150|4|0|10|1,,2026,,1441,4150,4,0,10,1,
2026|1441|4|0|60|1,2026|1441|4150|4|0|60|1,,2026,,1441,4150,4,0,60,1,
2026|1441|1|0|10|1,2026|1441|4193|1|0|10|1,,2026,,1441,4193,1,0,10,1,
2026|1441|3|0|10|7,2026|1441|4193|3|0|10|7,,2026,,1441,4193,3,0,10,7,
2026|1451|3|0|10|8,2026|1451|4347|3|0|10|8,,2026,,1451,4347,3,0,10,8,
2026|1451|3|0|24|1,2026|1451|4347|3|0|24|1,,2026,,1451,4347,3,0,24,1,
2026|1451|3|0|10|1,2026|1451|4344|3|0|10|1,,2026,,1451,4344,3,0,10,1,
2026|1451|3|0|1|1,2026|1451|4344|3|0|1|1,,2026,,1451,4344,3,0,1,1,
2026|1451|3|0|10|8,2026|1451|4344|3|0|10|8,,2026,,1451,4344,3,0,10,8,
2026|1451|3|0|10|4,2026|1451|4344|3|0|10|4,,2026,,1451,4344,3,0,10,4,
2026|1451|3|0|24|1,2026|1451|4344|3|0|24|1,,2026,,1451,4344,3,0,24,1,
2026|1451|3|0|60|2,2026|1451|4344|3|0|60|2,,2026,,1451,4344,3,0,60,2,
2026|1451|4|0|10|8,2026|1451|4344|4|0|10|8,,2026,,1451,4344,4,0,10,8,
2026|1451|4|0|1|1,2026|1451|4344|4|0|1|1,,2026,,1451,4344,4,0,1,1,
2026|1451|3|0|10|1,2026|1451|1047|3|0|10|1,,2026,,1451,1047,3,0,10,1,
2026|1451|3|0|95|1,2026|1451|1047|3|0|95|1,,2026,,1451,1047,3,0,95,1,
2026|1451|3|0|10|3,2026|1451|4350|3|0|10|3,,2026,,1451,4350,3,0,10,3,
2026|1451|3|0|24|1,2026|1451|4350|3|0|24|1,,2026,,1451,4350,3,0,24,1,
2026|1451|3|0|60|2,2026|1451|4350|3|0|60|2,,2026,,1451,4350,3,0,60,2,
2026|1451|3|1|10|3,2026|1451|1048|3|1|10|3,,2026,,1451,1048,3,1,10,3,
2026|1451|3|1|10|8,2026|1451|1048|3|1|10|8,,2026,,1451,1048,3,1,10,8,
2026|1451|3|1|60|2,2026|1451|1048|3|1|60|2,,2026,,1451,1048,3,1,60,2,
2026|1451|3|1|24|1,2026|1451|1048|3|1|24|1,,2026,,1451,1048,3,1,24,1,
2026|1451|4|1|10|1,2026|1451|1048|4|1|10|1,,2026,,1451,1048,4,1,10,1,
2026|1451|4|1|10|3,2026|1451|1048|4|1|10|3,,2026,,1451,1048,4,1,10,3,
2026|1451|4|1|2|1,2026|1451|1048|4|1|2|1,,2026,,1451,1048,4,1,2,1,
2026|1451|4|1|1|1,2026|1451|1048|4|1|1|1,,2026,,1451,1048,4,1,1,1,
2026|1451|4|1|10|8,2026|1451|1048|4|1|10|8,,2026,,1451,1048,4,1,10,8,
2026|1451|4|1|60|2,2026|1451|1048|4|1|60|2,,2026,,1451,1048,4,1,60,2,
2026|1451|4|1|98|1,2026|1451|1048|4|1|98|1,,2026,,1451,1048,4,1,98,1,
2026|1451|4|1|24|1,2026|1451|1048|4|1|24|1,,2026,,1451,1048,4,1,24,1,
2026|1451|3|0|10|8,2026|1451|4351|3|0|10|8,,2026,,1451,4351,3,0,10,8,
2026|1451|3|0|60|2,2026|1451|4351|3|0|60|2,,2026,,1451,4351,3,0,60,2,
2026|1451|4|0|10|4,2026|1451|4351|4|0|10|4,,2026,,1451,4351,4,0,10,4,
2026|1451|4|0|10|8,2026|1451|4351|4|0|10|8,,2026,,1451,4351,4,0,10,8,
2026|1451|1|0|57|2,2026|1451|4353|1|0|57|2,,2026,,1451,4353,1,0,57,2,
2026|1451|1|0|10|1,2026|1451|4353|1|0|10|1,,2026,,1451,4353,1,0,10,1,
2026|1451|3|0|10|1,2026|1451|4353|3|0|10|1,,2026,,1451,4353,3,0,10,1,
2026|1451|3|0|10|7,2026|1451|4353|3|0|10|7,,2026,,1451,4353,3,0,10,7,
2026|1451|4|0|10|1,2026|1451|4353|4|0|10|1,,2026,,1451,4353,4,0,10,1,
2026|1451|3|0|10|8,2026|1451|4348|3|0|10|8,,2026,,1451,4348,3,0,10,8,
2026|1451|3|0|61|1,2026|1451|4348|3|0|61|1,,2026,,1451,4348,3,0,61,1,
2026|1451|3|0|24|1,2026|1451|4348|3|0|24|1,,2026,,1451,4348,3,0,24,1,
2026|1451|3|0|60|1,2026|1451|4348|3|0|60|1,,2026,,1451,4348,3,0,60,1,
2026|1451|3|0|10|1,2026|1451|4348|3|0|10|1,,2026,,1451,4348,3,0,10,1,
2026|1451|3|0|60|2,2026|1451|4348|3|0|60|2,,2026,,1451,4348,3,0,60,2,
2026|1451|4|0|10|1,2026|1451|4348|4|0|10|1,,2026,,1451,4348,4,0,10,1,
2026|1451|4|0|10|3,2026|1451|4348|4|0|10|3,,2026,,1451,4348,4,0,10,3,
2026|1451|4|0|10|8,2026|1451|4348|4|0|10|8,,2026,,1451,4348,4,0,10,8,
2026|1451|4|0|24|1,2026|1451|4348|4|0|24|1,,2026,,1451,4348,4,0,24,1,
2026|1451|4|0|60|2,2026|1451|4348|4|0|60|2,,2026,,1451,4348,4,0,60,2,
2026|1451|4|0|60|1,2026|1451|4348|4|0|60|1,,2026,,1451,4348,4,0,60,1,
2026|1451|3|0|10|1,2026|1451|4375|3|0|10|1,,2026,,1451,4375,3,0,10,1,
2026|1451|3|0|10|1,2026|1451|4377|3|0|10|1,,2026,,1451,4377,3,0,10,1,
2026|1451|3|0|10|1,2026|1451|1054|3|0|10|1,,2026,,1451,1054,3,0,10,1,
2026|1451|3|0|60|2,2026|1451|1054|3|0|60|2,,2026,,1451,1054,3,0,60,2,
2026|1451|3|0|24|1,2026|1451|4379|3|0|24|1,,2026,,1451,4379,3,0,24,1,
2026|1451|3|0|10|1,2026|1451|4379|3|0|10|1,,2026,,1451,4379,3,0,10,1,
2026|1451|3|0|60|2,2026|1451|4379|3|0|60|2,,2026,,1451,4379,3,0,60,2,
2026|1451|4|0|10|3,2026|1451|4379|4|0|10|3,,2026,,1451,4379,4,0,10,3,
2026|1451|4|0|24|1,2026|1451|4379|4|0|24|1,,2026,,1451,4379,4,0,24,1,
2026|1451|3|1|10|1,2026|1451|4378|3|1|10|1,,2026,,1451,4378,3,1,10,1,
2026|1451|3|1|1|1,2026|1451|4378|3|1|1|1,,2026,,1451,4378,3,1,1,1,
2026|1451|3|1|2|1,2026|1451|4378|3|1|2|1,,2026,,1451,4378,3,1,2,1,
2026|1451|3|1|60|2,2026|1451|4378|3|1|60|2,,2026,,1451,4378,3,1,60,2,
2026|1451|4|1|10|1,2026|1451|4378|4|1|10|1,,2026,,1451,4378,4,1,10,1,
2026|1451|4|1|10|3,2026|1451|4378|4|1|10|3,,2026,,1451,4378,4,1,10,3,
2026|1451|4|1|15|1,2026|1451|4378|4|1|15|1,,2026,,1451,4378,4,1,15,1,
2026|1451|4|1|1|1,2026|1451|4378|4|1|1|1,,2026,,1451,4378,4,1,1,1,
2026|1451|4|1|2|1,2026|1451|4378|4|1|2|1,,2026,,1451,4378,4,1,2,1,
2026|1451|4|1|60|2,2026|1451|4378|4|1|60|2,,2026,,1451,4378,4,1,60,2,
2026|1451|4|1|10|8,2026|1451|4378|4|1|10|8,,2026,,1451,4378,4,1,10,8,
2026|1451|3|0|10|1,2026|1451|4376|3|0|10|1,,2026,,1451,4376,3,0,10,1,
2026|1451|3|0|60|2,2026|1451|4376|3|0|60|2,,2026,,1451,4376,3,0,60,2,
2026|1451|3|0|10|1,2026|1451|4438|3|0|10|1,,2026,,1451,4438,3,0,10,1,
2026|1451|3|0|60|2,2026|1451|4438|3|0|60|2,,2026,,1451,4438,3,0,60,2,
2026|1451|4|0|10|8,2026|1451|4438|4|0|10|8,,2026,,1451,4438,4,0,10,8,
2026|1451|3|0|10|1,2026|1451|4437|3|0|10|1,,2026,,1451,4437,3,0,10,1,
2026|1451|1|0|57|2,2026|1451|4443|1|0|57|2,,2026,,1451,4443,1,0,57,2,
2026|1451|1|0|10|1,2026|1451|4443|1|0|10|1,,2026,,1451,4443,1,0,10,1,
2026|1451|3|0|10|7,2026|1451|4443|3|0|10|7,,2026,,1451,4443,3,0,10,7,
2026|1451|3|0|10|1,2026|1451|4443|3|0|10|1,,2026,,1451,4443,3,0,10,1,
2026|1451|4|0|10|1,2026|1451|4443|4|0|10|1,,2026,,1451,4443,4,0,10,1,
2026|1451|3|1|10|1,2026|1451|4441|3|1|10|1,,2026,,1451,4441,3,1,10,1,
2026|1451|3|1|10|8,2026|1451|4441|3|1|10|8,,2026,,1451,4441,3,1,10,8,
2026|1451|3|1|60|2,2026|1451|4441|3|1|60|2,,2026,,1451,4441,3,1,60,2,
2026|1451|4|1|10|8,2026|1451|4441|4|1|10|8,,2026,,1451,4441,4,1,10,8,
2026|1451|4|1|70|1,2026|1451|4441|4|1|70|1,,2026,,1451,4441,4,1,70,1,
2026|1451|4|1|24|1,2026|1451|4441|4|1|24|1,,2026,,1451,4441,4,1,24,1,
2026|1451|3|0|10|8,2026|1451|4442|3|0|10|8,,2026,,1451,4442,3,0,10,8,
2026|1451|3|0|70|1,2026|1451|4442|3|0|70|1,,2026,,1451,4442,3,0,70,1,
2026|1451|3|0|24|1,2026|1451|4442|3|0|24|1,,2026,,1451,4442,3,0,24,1,
2026|1451|3|0|10|1,2026|1451|4442|3|0|10|1,,2026,,1451,4442,3,0,10,1,
2026|1451|4|0|70|1,2026|1451|4442|4|0|70|1,,2026,,1451,4442,4,0,70,1,
2026|1451|4|0|10|8,2026|1451|4442|4|0|10|8,,2026,,1451,4442,4,0,10,8,
2026|1451|3|0|10|1,2026|1451|2500|3|0|10|1,,2026,,1451,2500,3,0,10,1,
2026|1451|3|0|24|1,2026|1451|2500|3|0|24|1,,2026,,1451,2500,3,0,24,1,
2026|1451|3|0|60|2,2026|1451|2500|3|0|60|2,,2026,,1451,2500,3,0,60,2,
2026|1451|4|0|24|1,2026|1451|2500|4|0|24|1,,2026,,1451,2500,4,0,24,1,
2026|1451|1|0|57|2,2026|1451|2417|1|0|57|2,,2026,,1451,2417,1,0,57,2,
2026|1451|1|0|27|1,2026|1451|2417|1|0|27|1,,2026,,1451,2417,1,0,27,1,
2026|1451|1|0|10|1,2026|1451|2417|1|0|10|1,,2026,,1451,2417,1,0,10,1,
2026|1451|3|0|10|1,2026|1451|2417|3|0|10|1,,2026,,1451,2417,3,0,10,1,
2026|1451|3|0|60|2,2026|1451|2417|3|0|60|2,,2026,,1451,2417,3,0,60,2,
2026|1451|3|0|27|7,2026|1451|2417|3|0|27|7,,2026,,1451,2417,3,0,27,7,
2026|1451|3|0|10|7,2026|1451|2417|3|0|10|7,,2026,,1451,2417,3,0,10,7,
2026|1481|3|0|71|1,2026|1481|4480|3|0|71|1,,2026,,1481,4480,3,0,71,1,
2026|1481|3|0|71|1,2026|1481|4301|3|0|71|1,,2026,,1481,4301,3,0,71,1,
2026|1481|3|0|71|1,2026|1481|4270|3|0|71|1,,2026,,1481,4270,3,0,71,1,
2026|1481|3|0|71|1,2026|1481|4352|3|0|71|1,,2026,,1481,4352,3,0,71,1,
2026|1481|3|0|71|1,2026|1481|4321|3|0|71|1,,2026,,1481,4321,3,0,71,1,
2026|1481|3|0|71|1,2026|1481|4186|3|0|71|1,,2026,,1481,4186,3,0,71,1,
2026|1481|3|0|24|1,2026|1481|4186|3|0|24|1,,2026,,1481,4186,3,0,24,1,
2026|1481|1|0|71|1,2026|1481|4154|1|0|71|1,,2026,,1481,4154,1,0,71,1,
2026|1481|3|0|71|1,2026|1481|4154|3|0|71|1,,2026,,1481,4154,3,0,71,1,
2026|1481|3|0|71|7,2026|1481|4154|3|0|71|7,,2026,,1481,4154,3,0,71,7,
2026|1481|3|0|10|8,2026|1481|4154|3|0|10|8,,2026,,1481,4154,3,0,10,8,
2026|1481|3|0|80|1,2026|1481|4154|3|0|80|1,,2026,,1481,4154,3,0,80,1,
2026|1481|4|0|10|8,2026|1481|4154|4|0|10|8,,2026,,1481,4154,4,0,10,8,
2026|1481|3|1|71|1,2026|1481|4157|3|1|71|1,,2026,,1481,4157,3,1,71,1,
2026|1481|4|1|10|8,2026|1481|4157|4|1|10|8,,2026,,1481,4157,4,1,10,8,
2026|1481|1|0|71|1,2026|1481|4153|1|0|71|1,,2026,,1481,4153,1,0,71,1,
2026|1481|3|0|10|8,2026|1481|4153|3|0|10|8,,2026,,1481,4153,3,0,10,8,
2026|1481|3|0|71|1,2026|1481|4153|3|0|71|1,,2026,,1481,4153,3,0,71,1,
2026|1481|3|0|71|7,2026|1481|4153|3|0|71|7,,2026,,1481,4153,3,0,71,7,
2026|1481|1|1|71|1,2026|1481|4158|1|1|71|1,,2026,,1481,4158,1,1,71,1,
2026|1481|3|1|71|1,2026|1481|4158|3|1|71|1,,2026,,1481,4158,3,1,71,1,
2026|1481|3|1|71|7,2026|1481|4158|3|1|71|7,,2026,,1481,4158,3,1,71,7,
2026|1481|3|1|10|8,2026|1481|4158|3|1|10|8,,2026,,1481,4158,3,1,10,8,
2026|1481|3|1|80|1,2026|1481|4158|3|1|80|1,,2026,,1481,4158,3,1,80,1,
2026|1481|3|0|71|1,2026|1481|4367|3|0|71|1,,2026,,1481,4367,3,0,71,1,
2026|1481|3|0|71|1,2026|1481|4368|3|0|71|1,,2026,,1481,4368,3,0,71,1,
2026|1481|3|1|71|1,2026|1481|4364|3|1|71|1,,2026,,1481,4364,3,1,71,1,
2026|1481|4|1|71|1,2026|1481|4364|4|1|71|1,,2026,,1481,4364,4,1,71,1,
2026|1481|3|0|10|1,2026|1481|4165|3|0|10|1,,2026,,1481,4165,3,0,10,1,
2026|1481|3|0|38|1,2026|1481|4163|3|0|38|1,,2026,,1481,4163,3,0,38,1,
2026|1481|3|0|1|1,2026|1481|4163|3|0|1|1,,2026,,1481,4163,3,0,1,1,
2026|1481|3|0|10|1,2026|1481|4163|3|0|10|1,,2026,,1481,4163,3,0,10,1,
2026|1481|3|0|2|1,2026|1481|4163|3|0|2|1,,2026,,1481,4163,3,0,2,1,
2026|1481|3|0|57|1,2026|1481|4163|3|0|57|1,,2026,,1481,4163,3,0,57,1,
2026|1481|3|0|10|1,2026|1481|4164|3|0|10|1,,2026,,1481,4164,3,0,10,1,
2026|1481|3|0|59|1,2026|1481|4164|3|0|59|1,,2026,,1481,4164,3,0,59,1,
2026|1481|3|0|38|1,2026|1481|4167|3|0|38|1,,2026,,1481,4167,3,0,38,1,
2026|1481|3|0|10|8,2026|1481|4167|3|0|10|8,,2026,,1481,4167,3,0,10,8,
2026|1481|3|0|57|1,2026|1481|4167|3|0|57|1,,2026,,1481,4167,3,0,57,1,
2026|1481|3|0|10|1,2026|1481|4167|3|0|10|1,,2026,,1481,4167,3,0,10,1,
2026|1481|4|0|10|1,2026|1481|4167|4|0|10|1,,2026,,1481,4167,4,0,10,1,
2026|1481|3|0|38|1,2026|1481|4514|3|0|38|1,,2026,,1481,4514,3,0,38,1,
2026|1481|3|0|10|1,2026|1481|4514|3|0|10|1,,2026,,1481,4514,3,0,10,1,
2026|1481|3|0|10|8,2026|1481|4514|3|0|10|8,,2026,,1481,4514,3,0,10,8,
2026|1481|3|0|15|1,2026|1481|4514|3|0|15|1,,2026,,1481,4514,3,0,15,1,
2026|1481|3|0|24|1,2026|1481|4514|3|0|24|1,,2026,,1481,4514,3,0,24,1,
2026|1481|3|0|57|1,2026|1481|4514|3|0|57|1,,2026,,1481,4514,3,0,57,1,
2026|1481|3|0|38|1,2026|1481|4169|3|0|38|1,,2026,,1481,4169,3,0,38,1,
2026|1481|3|0|10|1,2026|1481|4169|3|0|10|1,,2026,,1481,4169,3,0,10,1,
2026|1481|3|0|57|1,2026|1481|4169|3|0|57|1,,2026,,1481,4169,3,0,57,1,
2026|1481|3|0|38|1,2026|1481|4166|3|0|38|1,,2026,,1481,4166,3,0,38,1,
2026|1481|3|0|10|8,2026|1481|4166|3|0|10|8,,2026,,1481,4166,3,0,10,8,
2026|1481|3|0|57|1,2026|1481|4166|3|0|57|1,,2026,,1481,4166,3,0,57,1,
2026|1481|4|0|24|1,2026|1481|4166|4|0|24|1,,2026,,1481,4166,4,0,24,1,
2026|1481|3|0|38|1,2026|1481|4168|3|0|38|1,,2026,,1481,4168,3,0,38,1,
2026|1481|3|0|57|1,2026|1481|4168|3|0|57|1,,2026,,1481,4168,3,0,57,1,
2026|1481|3|0|38|1,2026|1481|4170|3|0|38|1,,2026,,1481,4170,3,0,38,1,
2026|1481|3|0|97|1,2026|1481|4170|3|0|97|1,,2026,,1481,4170,3,0,97,1,
2026|1481|3|0|10|1,2026|1481|4170|3|0|10|1,,2026,,1481,4170,3,0,10,1,
2026|1481|3|0|10|4,2026|1481|4170|3|0|10|4,,2026,,1481,4170,3,0,10,4,
2026|1481|3|0|10|8,2026|1481|4170|3|0|10|8,,2026,,1481,4170,3,0,10,8,
2026|1481|4|0|38|1,2026|1481|4170|4|0|38|1,,2026,,1481,4170,4,0,38,1,
2026|1481|4|0|97|1,2026|1481|4170|4|0|97|1,,2026,,1481,4170,4,0,97,1,
2026|1481|4|0|10|4,2026|1481|4170|4|0|10|4,,2026,,1481,4170,4,0,10,4,
2026|1481|4|0|15|1,2026|1481|4170|4|0|15|1,,2026,,1481,4170,4,0,15,1,
2026|1481|4|0|98|1,2026|1481|4170|4|0|98|1,,2026,,1481,4170,4,0,98,1,
2026|1481|4|0|57|1,2026|1481|4170|4|0|57|1,,2026,,1481,4170,4,0,57,1,
2026|1481|4|0|10|8,2026|1481|4170|4|0|10|8,,2026,,1481,4170,4,0,10,8,
2026|1481|3|0|71|1,2026|1481|4183|3|0|71|1,,2026,,1481,4183,3,0,71,1,
2026|1481|3|0|71|1,2026|1481|4181|3|0|71|1,,2026,,1481,4181,3,0,71,1,
2026|1481|3|0|71|1,2026|1481|4171|3|0|71|1,,2026,,1481,4171,3,0,71,1,
2026|1481|4|0|71|1,2026|1481|4171|4|0|71|1,,2026,,1481,4171,4,0,71,1,
2026|1481|3|0|71|1,2026|1481|4173|3|0|71|1,,2026,,1481,4173,3,0,71,1,
2026|1481|3|0|24|1,2026|1481|4173|3|0|24|1,,2026,,1481,4173,3,0,24,1,
2026|1481|3|0|10|3,2026|1481|4176|3|0|10|3,,2026,,1481,4176,3,0,10,3,
2026|1481|3|0|71|1,2026|1481|4176|3|0|71|1,,2026,,1481,4176,3,0,71,1,
2026|1481|3|0|24|1,2026|1481|4176|3|0|24|1,,2026,,1481,4176,3,0,24,1,
2026|1481|1|0|71|1,2026|1481|4178|1|0|71|1,,2026,,1481,4178,1,0,71,1,
2026|1481|3|0|71|1,2026|1481|4178|3|0|71|1,,2026,,1481,4178,3,0,71,1,
2026|1481|3|0|71|7,2026|1481|4178|3|0|71|7,,2026,,1481,4178,3,0,71,7,
2026|1481|3|0|71|1,2026|1481|4174|3|0|71|1,,2026,,1481,4174,3,0,71,1,
2026|1481|3|0|10|8,2026|1481|4174|3|0|10|8,,2026,,1481,4174,3,0,10,8,
2026|1481|3|0|10|4,2026|1481|4174|3|0|10|4,,2026,,1481,4174,3,0,10,4,
2026|1481|4|0|15|1,2026|1481|4174|4|0|15|1,,2026,,1481,4174,4,0,15,1,
2026|1481|4|0|10|8,2026|1481|4174|4|0|10|8,,2026,,1481,4174,4,0,10,8,
2026|1481|5|0|97|1,2026|1481|4174|5|0|97|1,,2026,,1481,4174,5,0,97,1,
2026|1481|1|0|71|1,2026|1481|4182|1|0|71|1,,2026,,1481,4182,1,0,71,1,
2026|1481|3|0|71|1,2026|1481|4182|3|0|71|1,,2026,,1481,4182,3,0,71,1,
2026|1481|3|0|71|7,2026|1481|4182|3|0|71|7,,2026,,1481,4182,3,0,71,7,
2026|1481|3|0|71|1,2026|1481|4184|3|0|71|1,,2026,,1481,4184,3,0,71,1,
2026|1481|3|0|71|1,2026|1481|4185|3|0|71|1,,2026,,1481,4185,3,0,71,1,
2026|1481|3|1|71|1,2026|1481|4388|3|1|71|1,,2026,,1481,4388,3,1,71,1,
2026|1481|4|1|71|1,2026|1481|4388|4|1|71|1,,2026,,1481,4388,4,1,71,1,
2026|1481|3|0|71|1,2026|1481|2033|3|0|71|1,,2026,,1481,2033,3,0,71,1,
2026|1481|3|0|71|1,2026|1481|4197|3|0|71|1,,2026,,1481,4197,3,0,71,1,
2026|1481|3|0|10|8,2026|1481|4196|3|0|10|8,,2026,,1481,4196,3,0,10,8,
2026|1481|3|0|71|1,2026|1481|4196|3|0|71|1,,2026,,1481,4196,3,0,71,1,
2026|1481|4|0|71|1,2026|1481|4196|4|0|71|1,,2026,,1481,4196,4,0,71,1,
2026|1481|4|0|10|8,2026|1481|4196|4|0|10|8,,2026,,1481,4196,4,0,10,8,
2026|1481|3|1|71|1,2026|1481|4416|3|1|71|1,,2026,,1481,4416,3,1,71,1,
2026|1481|3|1|10|8,2026|1481|4416|3|1|10|8,,2026,,1481,4416,3,1,10,8,
2026|1481|4|1|10|8,2026|1481|4416|4|1|10|8,,2026,,1481,4416,4,1,10,8,
2026|1481|1|0|71|1,2026|1481|2035|1|0|71|1,,2026,,1481,2035,1,0,71,1,
2026|1481|3|0|71|7,2026|1481|2035|3|0|71|7,,2026,,1481,2035,3,0,71,7,
2026|1481|3|0|71|1,2026|1481|2035|3|0|71|1,,2026,,1481,2035,3,0,71,1,
2026|1481|3|1|71|1,2026|1481|4412|3|1|71|1,,2026,,1481,4412,3,1,71,1,
2026|1481|3|0|71|1,2026|1481|2036|3|0|71|1,,2026,,1481,2036,3,0,71,1,
2026|1481|3|0|10|1,2026|1481|2036|3|0|10|1,,2026,,1481,2036,3,0,10,1,
2026|1481|4|0|10|1,2026|1481|2036|4|0|10|1,,2026,,1481,2036,4,0,10,1,
2026|1481|3|0|71|1,2026|1481|2037|3|0|71|1,,2026,,1481,2037,3,0,71,1,
2026|1481|3|0|71|1,2026|1481|4204|3|0|71|1,,2026,,1481,4204,3,0,71,1,
2026|1481|3|0|10|8,2026|1481|4414|3|0|10|8,,2026,,1481,4414,3,0,10,8,
2026|1481|3|0|71|1,2026|1481|4414|3|0|71|1,,2026,,1481,4414,3,0,71,1,
2026|1481|4|0|10|8,2026|1481|4414|4|0|10|8,,2026,,1481,4414,4,0,10,8,
2026|1481|3|0|24|1,2026|1481|4415|3|0|24|1,,2026,,1481,4415,3,0,24,1,
2026|1481|3|0|10|4,2026|1481|4415|3|0|10|4,,2026,,1481,4415,3,0,10,4,
2026|1481|3|0|71|1,2026|1481|4415|3|0|71|1,,2026,,1481,4415,3,0,71,1,
2026|1481|4|0|10|8,2026|1481|4415|4|0|10|8,,2026,,1481,4415,4,0,10,8,
2026|1481|3|0|10|1,2026|1481|2076|3|0|10|1,,2026,,1481,2076,3,0,10,1,
2026|1481|3|0|71|1,2026|1481|2079|3|0|71|1,,2026,,1481,2079,3,0,71,1,
2026|1481|3|0|10|8,2026|1481|2079|3|0|10|8,,2026,,1481,2079,3,0,10,8,
2026|1481|4|0|10|8,2026|1481|2079|4|0|10|8,,2026,,1481,2079,4,0,10,8,
2026|1481|3|0|10|1,2026|1481|2500|3|0|10|1,,2026,,1481,2500,3,0,10,1,
2026|1481|3|0|71|1,2026|1481|2500|3|0|71|1,,2026,,1481,2500,3,0,71,1,
2026|1481|4|0|71|1,2026|1481|2500|4|0|71|1,,2026,,1481,2500,4,0,71,1,
2026|1481|1|0|10|1,2026|1481|2417|1|0|10|1,,2026,,1481,2417,1,0,10,1,
2026|1481|3|0|10|1,2026|1481|2417|3|0|10|1,,2026,,1481,2417,3,0,10,1,
2026|1481|3|0|10|7,2026|1481|2417|3|0|10|7,,2026,,1481,2417,3,0,10,7,
2026|1491|3|0|10|1,2026|1491|2041|3|0|10|1,,2026,,1491,2041,3,0,10,1,
2026|1491|4|0|10|1,2026|1491|2041|4|0|10|1,,2026,,1491,2041,4,0,10,1,
2026|1491|3|0|10|1,2026|1491|2042|3|0|10|1,,2026,,1491,2042,3,0,10,1,
2026|1491|3|0|10|1,2026|1491|2046|3|0|10|1,,2026,,1491,2046,3,0,10,1,
2026|1491|3|0|10|1,2026|1491|2043|3|0|10|1,,2026,,1491,2043,3,0,10,1,
2026|1491|3|0|15|1,2026|1491|2045|3|0|15|1,,2026,,1491,2045,3,0,15,1,
2026|1491|3|0|10|1,2026|1491|2045|3|0|10|1,,2026,,1491,2045,3,0,10,1,
2026|1491|4|0|15|1,2026|1491|2045|4|0|15|1,,2026,,1491,2045,4,0,15,1,
2026|1491|4|0|10|4,2026|1491|2045|4|0|10|4,,2026,,1491,2045,4,0,10,4,
2026|1491|4|0|10|8,2026|1491|2045|4|0|10|8,,2026,,1491,2045,4,0,10,8,
2026|1491|3|1|10|8,2026|1491|2048|3|1|10|8,,2026,,1491,2048,3,1,10,8,
2026|1491|3|1|10|1,2026|1491|2048|3|1|10|1,,2026,,1491,2048,3,1,10,1,
2026|1491|4|1|10|8,2026|1491|2048|4|1|10|8,,2026,,1491,2048,4,1,10,8,
2026|1491|3|0|10|1,2026|1491|2044|3|0|10|1,,2026,,1491,2044,3,0,10,1,
2026|1491|3|0|10|1,2026|1491|2138|3|0|10|1,,2026,,1491,2138,3,0,10,1,
2026|1491|3|0|10|1,2026|1491|2051|3|0|10|1,,2026,,1491,2051,3,0,10,1,
2026|1491|4|0|10|1,2026|1491|2051|4|0|10|1,,2026,,1491,2051,4,0,10,1,
2026|1491|3|0|10|1,2026|1491|2050|3|0|10|1,,2026,,1491,2050,3,0,10,1,
2026|1491|4|0|10|1,2026|1491|2050|4|0|10|1,,2026,,1491,2050,4,0,10,1,
2026|1491|3|0|10|1,2026|1491|2500|3|0|10|1,,2026,,1491,2500,3,0,10,1,
2026|1491|4|0|10|1,2026|1491|2500|4|0|10|1,,2026,,1491,2500,4,0,10,1,
2026|1491|1|0|10|1,2026|1491|2417|1|0|10|1,,2026,,1491,2417,1,0,10,1,
2026|1491|3|0|10|7,2026|1491|2417|3|0|10|7,,2026,,1491,2417,3,0,10,7,
2026|1501|3|1|10|1,2026|1501|4478|3|1|10|1,,2026,,1501,4478,3,1,10,1,
2026|1501|3|0|10|1,2026|1501|4468|3|0|10|1,,2026,,1501,4468,3,0,10,1,
2026|1501|3|0|10|1,2026|1501|4477|3|0|10|1,,2026,,1501,4477,3,0,10,1,
2026|1501|3|0|60|2,2026|1501|4475|3|0|60|2,,2026,,1501,4475,3,0,60,2,
2026|1501|3|0|10|1,2026|1501|4475|3|0|10|1,,2026,,1501,4475,3,0,10,1,
2026|1501|4|0|10|1,2026|1501|4475|4|0|10|1,,2026,,1501,4475,4,0,10,1,
2026|1501|3|0|10|1,2026|1501|4476|3|0|10|1,,2026,,1501,4476,3,0,10,1,
2026|1501|4|0|97|1,2026|1501|4476|4|0|97|1,,2026,,1501,4476,4,0,97,1,
2026|1501|4|0|10|1,2026|1501|4476|4|0|10|1,,2026,,1501,4476,4,0,10,1,
2026|1501|3|0|10|1,2026|1501|4160|3|0|10|1,,2026,,1501,4160,3,0,10,1,
2026|1501|3|0|10|1,2026|1501|4483|3|0|10|1,,2026,,1501,4483,3,0,10,1,
2026|1501|3|0|10|1,2026|1501|4450|3|0|10|1,,2026,,1501,4450,3,0,10,1,
2026|1501|4|0|10|1,2026|1501|4450|4|0|10|1,,2026,,1501,4450,4,0,10,1,
2026|1501|3|0|10|1,2026|1501|4451|3|0|10|1,,2026,,1501,4451,3,0,10,1,
2026|1501|4|0|10|1,2026|1501|4451|4|0|10|1,,2026,,1501,4451,4,0,10,1,
2026|1501|4|0|25|1,2026|1501|4451|4|0|25|1,,2026,,1501,4451,4,0,25,1,
2026|1501|3|0|95|1,2026|1501|4452|3|0|95|1,,2026,,1501,4452,3,0,95,1,
2026|1501|3|0|60|2,2026|1501|4452|3|0|60|2,,2026,,1501,4452,3,0,60,2,
2026|1501|3|0|10|1,2026|1501|4452|3|0|10|1,,2026,,1501,4452,3,0,10,1,
2026|1501|3|1|10|1,2026|1501|4380|3|1|10|1,,2026,,1501,4380,3,1,10,1,
2026|1501|3|0|10|1,2026|1501|4453|3|0|10|1,,2026,,1501,4453,3,0,10,1,
2026|1501|3|0|10|1,2026|1501|4454|3|0|10|1,,2026,,1501,4454,3,0,10,1,
2026|1501|3|0|95|1,2026|1501|4462|3|0|95|1,,2026,,1501,4462,3,0,95,1,
2026|1501|1|0|80|1,2026|1501|4461|1|0|80|1,,2026,,1501,4461,1,0,80,1,
2026|1501|3|0|80|1,2026|1501|4461|3|0|80|1,,2026,,1501,4461,3,0,80,1,
2026|1501|4|0|10|1,2026|1501|1085|4|0|10|1,,2026,,1501,1085,4,0,10,1,
2026|1501|3|0|10|1,2026|1501|4467|3|0|10|1,,2026,,1501,4467,3,0,10,1,
2026|1501|4|0|60|2,2026|1501|4467|4|0|60|2,,2026,,1501,4467,4,0,60,2,
2026|1501|4|0|94|1,2026|1501|4467|4|0|94|1,,2026,,1501,4467,4,0,94,1,
2026|1501|4|0|10|1,2026|1501|4467|4|0|10|1,,2026,,1501,4467,4,0,10,1,
2026|1501|3|0|59|2,2026|1501|4466|3|0|59|2,,2026,,1501,4466,3,0,59,2,
2026|1501|3|0|52|2,2026|1501|4466|3|0|52|2,,2026,,1501,4466,3,0,52,2,
2026|1501|3|0|94|1,2026|1501|4466|3|0|94|1,,2026,,1501,4466,3,0,94,1,
2026|1501|3|0|60|2,2026|1501|4466|3|0|60|2,,2026,,1501,4466,3,0,60,2,
2026|1501|3|0|10|1,2026|1501|4466|3|0|10|1,,2026,,1501,4466,3,0,10,1,
2026|1501|4|0|10|1,2026|1501|4466|4|0|10|1,,2026,,1501,4466,4,0,10,1,
2026|1501|3|0|10|1,2026|1501|4465|3|0|10|1,,2026,,1501,4465,3,0,10,1,
2026|1501|4|0|10|4,2026|1501|4465|4|0|10|4,,2026,,1501,4465,4,0,10,4,
2026|1501|4|0|10|1,2026|1501|4465|4|0|10|1,,2026,,1501,4465,4,0,10,1,
2026|1501|3|0|10|1,2026|1501|4464|3|0|10|1,,2026,,1501,4464,3,0,10,1,
2026|1501|4|0|10|1,2026|1501|4464|4|0|10|1,,2026,,1501,4464,4,0,10,1,
2026|1501|3|0|10|1,2026|1501|4112|3|0|10|1,,2026,,1501,4112,3,0,10,1,
2026|1501|3|0|10|1,2026|1501|4473|3|0|10|1,,2026,,1501,4473,3,0,10,1,
2026|1501|4|0|10|1,2026|1501|4473|4|0|10|1,,2026,,1501,4473,4,0,10,1,
2026|1501|3|1|10|1,2026|1501|1084|3|1|10|1,,2026,,1501,1084,3,1,10,1,
2026|1501|3|0|10|1,2026|1501|4486|3|0|10|1,,2026,,1501,4486,3,0,10,1,
2026|1501|3|0|10|1,2026|1501|4487|3|0|10|1,,2026,,1501,4487,3,0,10,1,
2026|1501|4|0|10|1,2026|1501|4487|4|0|10|1,,2026,,1501,4487,4,0,10,1,
2026|1501|3|0|91|2,2026|1501|4485|3|0|91|2,,2026,,1501,4485,3,0,91,2,
2026|1501|3|0|60|2,2026|1501|4485|3|0|60|2,,2026,,1501,4485,3,0,60,2,
2026|1501|3|0|10|1,2026|1501|4485|3|0|10|1,,2026,,1501,4485,3,0,10,1,
2026|1501|3|0|15|1,2026|1501|4492|3|0|15|1,,2026,,1501,4492,3,0,15,1,
2026|1501|3|0|82|1,2026|1501|4492|3|0|82|1,,2026,,1501,4492,3,0,82,1,
2026|1501|3|0|15|1,2026|1501|4495|3|0|15|1,,2026,,1501,4495,3,0,15,1,
2026|1501|3|0|82|1,2026|1501|4495|3|0|82|1,,2026,,1501,4495,3,0,82,1,
2026|1501|3|0|82|1,2026|1501|4496|3|0|82|1,,2026,,1501,4496,3,0,82,1,
2026|1501|3|0|15|1,2026|1501|4496|3|0|15|1,,2026,,1501,4496,3,0,15,1,
2026|1501|4|0|15|1,2026|1501|4496|4|0|15|1,,2026,,1501,4496,4,0,15,1,
2026|1501|4|0|82|1,2026|1501|4496|4|0|82|1,,2026,,1501,4496,4,0,82,1,
2026|1501|3|0|82|1,2026|1501|4494|3|0|82|1,,2026,,1501,4494,3,0,82,1,
2026|1501|3|0|15|1,2026|1501|4494|3|0|15|1,,2026,,1501,4494,3,0,15,1,
2026|1501|1|0|10|1,2026|1501|4491|1|0|10|1,,2026,,1501,4491,1,0,10,1,
2026|1501|3|0|10|7,2026|1501|4491|3|0|10|7,,2026,,1501,4491,3,0,10,7,
2026|1501|3|0|82|1,2026|1501|4491|3|0|82|1,,2026,,1501,4491,3,0,82,1,
2026|1501|3|0|15|1,2026|1501|4491|3|0|15|1,,2026,,1501,4491,3,0,15,1,
2026|1501|3|0|10|1,2026|1501|2500|3|0|10|1,,2026,,1501,2500,3,0,10,1,
2026|1501|4|0|10|1,2026|1501|2500|4|0|10|1,,2026,,1501,2500,4,0,10,1,
2026|1501|1|0|95|1,2026|1501|2417|1|0|95|1,,2026,,1501,2417,1,0,95,1,
2026|1501|1|0|80|1,2026|1501|2417|1|0|80|1,,2026,,1501,2417,1,0,80,1,
2026|1501|1|0|10|1,2026|1501|2417|1|0|10|1,,2026,,1501,2417,1,0,10,1,
2026|1501|3|0|10|1,2026|1501|2417|3|0|10|1,,2026,,1501,2417,3,0,10,1,
2026|1501|3|0|10|7,2026|1501|2417|3|0|10|7,,2026,,1501,2417,3,0,10,7,
2026|1511|3|0|10|1,2026|1511|1052|3|0|10|1,,2026,,1511,1052,3,0,10,1,
2026|1511|3|1|10|1,2026|1511|4067|3|1|10|1,,2026,,1511,4067,3,1,10,1,
2026|1511|3|0|10|1,2026|1511|1005|3|0|10|1,,2026,,1511,1005,3,0,10,1,
2026|1511|4|0|98|1,2026|1511|1005|4|0|98|1,,2026,,1511,1005,4,0,98,1,
2026|1511|3|0|10|1,2026|1511|4063|3|0|10|1,,2026,,1511,4063,3,0,10,1,
2026|1511|4|0|80|1,2026|1511|4063|4|0|80|1,,2026,,1511,4063,4,0,80,1,
2026|1511|4|0|95|1,2026|1511|4063|4|0|95|1,,2026,,1511,4063,4,0,95,1,
2026|1511|3|0|10|1,2026|1511|1051|3|0|10|1,,2026,,1511,1051,3,0,10,1,
2026|1511|4|0|48|0,2026|1511|1051|4|0|48|0,,2026,,1511,1051,4,0,48,0,
2026|1511|3|0|10|1,2026|1511|4062|3|0|10|1,,2026,,1511,4062,3,0,10,1,
2026|1511|3|0|10|1,2026|1511|1006|3|0|10|1,,2026,,1511,1006,3,0,10,1,
2026|1511|4|0|10|8,2026|1511|1006|4|0|10|8,,2026,,1511,1006,4,0,10,8,
2026|1511|4|0|25|1,2026|1511|1006|4|0|25|1,,2026,,1511,1006,4,0,25,1,
2026|1511|4|0|70|1,2026|1511|1006|4|0|70|1,,2026,,1511,1006,4,0,70,1,
2026|1511|4|0|98|1,2026|1511|1006|4|0|98|1,,2026,,1511,1006,4,0,98,1,
2026|1511|3|1|10|1,2026|1511|1007|3|1|10|1,,2026,,1511,1007,3,1,10,1,
2026|1511|3|1|10|8,2026|1511|1007|3|1|10|8,,2026,,1511,1007,3,1,10,8,
2026|1511|4|1|10|4,2026|1511|1007|4|1|10|4,,2026,,1511,1007,4,1,10,4,
2026|1511|4|1|10|8,2026|1511|1007|4|1|10|8,,2026,,1511,1007,4,1,10,8,
2026|1511|3|1|10|1,2026|1511|1003|3|1|10|1,,2026,,1511,1003,3,1,10,1,
2026|1511|3|1|60|2,2026|1511|1003|3|1|60|2,,2026,,1511,1003,3,1,60,2,
2026|1511|4|1|60|2,2026|1511|1003|4|1|60|2,,2026,,1511,1003,4,1,60,2,
2026|1511|3|0|9|1,2026|1511|4061|3|0|9|1,,2026,,1511,4061,3,0,9,1,
2026|1511|3|0|10|1,2026|1511|4061|3|0|10|1,,2026,,1511,4061,3,0,10,1,
2026|1511|4|0|10|3,2026|1511|4061|4|0|10|3,,2026,,1511,4061,4,0,10,3,
2026|1511|4|0|1|1,2026|1511|4061|4|0|1|1,,2026,,1511,4061,4,0,1,1,
2026|1511|4|0|48|0,2026|1511|4061|4|0|48|0,,2026,,1511,4061,4,0,48,0,
2026|1511|4|0|10|8,2026|1511|4061|4|0|10|8,,2026,,1511,4061,4,0,10,8,
2026|1511|4|0|9|1,2026|1511|4061|4|0|9|1,,2026,,1511,4061,4,0,9,1,
2026|1511|4|0|10|1,2026|1511|4061|4|0|10|1,,2026,,1511,4061,4,0,10,1,
2026|1511|3|0|10|8,2026|1511|4060|3|0|10|8,,2026,,1511,4060,3,0,10,8,
2026|1511|3|0|70|1,2026|1511|4060|3|0|70|1,,2026,,1511,4060,3,0,70,1,
2026|1511|3|0|10|1,2026|1511|4060|3|0|10|1,,2026,,1511,4060,3,0,10,1,
2026|1511|3|0|9|1,2026|1511|4060|3|0|9|1,,2026,,1511,4060,3,0,9,1,
2026|1511|3|0|95|1,2026|1511|4060|3|0|95|1,,2026,,1511,4060,3,0,95,1,
2026|1511|3|0|60|2,2026|1511|4060|3|0|60|2,,2026,,1511,4060,3,0,60,2,
2026|1511|4|0|10|8,2026|1511|4060|4|0|10|8,,2026,,1511,4060,4,0,10,8,
2026|1511|4|0|10|1,2026|1511|4060|4|0|10|1,,2026,,1511,4060,4,0,10,1,
2026|1511|4|0|10|3,2026|1511|4060|4|0|10|3,,2026,,1511,4060,4,0,10,3,
2026|1511|4|0|10|0,2026|1511|4060|4|0|10|0,,2026,,1511,4060,4,0,10,0,
2026|1511|4|0|48|0,2026|1511|4060|4|0|48|0,,2026,,1511,4060,4,0,48,0,
2026|1511|4|0|24|1,2026|1511|4060|4|0|24|1,,2026,,1511,4060,4,0,24,1,
2026|1511|4|0|2|1,2026|1511|4060|4|0|2|1,,2026,,1511,4060,4,0,2,1,
2026|1511|4|0|1|1,2026|1511|4060|4|0|1|1,,2026,,1511,4060,4,0,1,1,
2026|1511|4|0|70|1,2026|1511|4060|4|0|70|1,,2026,,1511,4060,4,0,70,1,
2026|1511|4|0|97|1,2026|1511|4060|4|0|97|1,,2026,,1511,4060,4,0,97,1,
2026|1511|4|0|80|1,2026|1511|4060|4|0|80|1,,2026,,1511,4060,4,0,80,1,
2026|1511|4|0|95|1,2026|1511|4060|4|0|95|1,,2026,,1511,4060,4,0,95,1,
2026|1511|4|0|98|1,2026|1511|4060|4|0|98|1,,2026,,1511,4060,4,0,98,1,
2026|1511|4|0|60|2,2026|1511|4060|4|0|60|2,,2026,,1511,4060,4,0,60,2,
2026|1511|3|0|10|1,2026|1511|1004|3|0|10|1,,2026,,1511,1004,3,0,10,1,
2026|1511|3|0|95|1,2026|1511|1004|3|0|95|1,,2026,,1511,1004,3,0,95,1,
2026|1511|3|0|60|2,2026|1511|1004|3|0|60|2,,2026,,1511,1004,3,0,60,2,
2026|1511|4|0|60|2,2026|1511|1004|4|0|60|2,,2026,,1511,1004,4,0,60,2,
2026|1511|3|0|10|1,2026|1511|4065|3|0|10|1,,2026,,1511,4065,3,0,10,1,
2026|1511|3|0|60|2,2026|1511|4065|3|0|60|2,,2026,,1511,4065,3,0,60,2,
2026|1511|4|0|10|1,2026|1511|4065|4|0|10|1,,2026,,1511,4065,4,0,10,1,
2026|1511|4|0|25|1,2026|1511|4065|4|0|25|1,,2026,,1511,4065,4,0,25,1,
2026|1511|4|0|60|2,2026|1511|4065|4|0|60|2,,2026,,1511,4065,4,0,60,2,
2026|1511|3|0|10|1,2026|1511|2011|3|0|10|1,,2026,,1511,2011,3,0,10,1,
2026|1511|3|0|10|7,2026|1511|2011|3|0|10|7,,2026,,1511,2011,3,0,10,7,
2026|1511|4|0|10|1,2026|1511|2011|4|0|10|1,,2026,,1511,2011,4,0,10,1,
2026|1511|3|0|10|1,2026|1511|2008|3|0|10|1,,2026,,1511,2008,3,0,10,1,
2026|1511|4|0|10|1,2026|1511|2008|4|0|10|1,,2026,,1511,2008,4,0,10,1,
2026|1511|3|0|10|1,2026|1511|4066|3|0|10|1,,2026,,1511,4066,3,0,10,1,
2026|1511|4|0|98|1,2026|1511|4066|4|0|98|1,,2026,,1511,4066,4,0,98,1,
2026|1511|4|0|9|1,2026|1511|4066|4|0|9|1,,2026,,1511,4066,4,0,9,1,
2026|1511|4|0|10|1,2026|1511|4066|4|0|10|1,,2026,,1511,4066,4,0,10,1,
2026|1511|3|0|10|7,2026|1511|7010|3|0|10|7,,2026,,1511,7010,3,0,10,7,
2026|1511|3|0|10|1,2026|1511|2500|3|0|10|1,,2026,,1511,2500,3,0,10,1,
2026|1511|4|0|10|1,2026|1511|2500|4|0|10|1,,2026,,1511,2500,4,0,10,1,
2026|1511|1|0|57|2,2026|1511|2417|1|0|57|2,,2026,,1511,2417,1,0,57,2,
2026|1511|1|0|11|1,2026|1511|2417|1|0|11|1,,2026,,1511,2417,1,0,11,1,
2026|1511|1|0|10|1,2026|1511|2417|1|0|10|1,,2026,,1511,2417,1,0,10,1,
2026|1511|3|0|10|7,2026|1511|2417|3|0|10|7,,2026,,1511,2417,3,0,10,7,
2026|1521|3|0|10|1,2026|1521|4306|3|0|10|1,,2026,,1521,4306,3,0,10,1,
2026|1521|3|0|10|1,2026|1521|4305|3|0|10|1,,2026,,1521,4305,3,0,10,1,
2026|1521|3|0|10|1,2026|1521|4304|3|0|10|1,,2026,,1521,4304,3,0,10,1,
2026|1521|4|0|9|1,2026|1521|4304|4|0|9|1,,2026,,1521,4304,4,0,9,1,
2026|1521|4|0|95|1,2026|1521|4304|4|0|95|1,,2026,,1521,4304,4,0,95,1,
2026|1521|4|0|10|1,2026|1521|4304|4|0|10|1,,2026,,1521,4304,4,0,10,1,
2026|1521|3|0|95|1,2026|1521|4309|3|0|95|1,,2026,,1521,4309,3,0,95,1,
2026|1521|3|0|10|1,2026|1521|4309|3|0|10|1,,2026,,1521,4309,3,0,10,1,
2026|1521|3|0|10|1,2026|1521|4307|3|0|10|1,,2026,,1521,4307,3,0,10,1,
2026|1521|3|0|10|1,2026|1521|4310|3|0|10|1,,2026,,1521,4310,3,0,10,1,
2026|1521|3|0|10|1,2026|1521|4303|3|0|10|1,,2026,,1521,4303,3,0,10,1,
2026|1521|3|0|10|1,2026|1521|4311|3|0|10|1,,2026,,1521,4311,3,0,10,1,
2026|1521|3|0|59|1,2026|1521|4312|3|0|59|1,,2026,,1521,4312,3,0,59,1,
2026|1521|3|0|10|1,2026|1521|4312|3|0|10|1,,2026,,1521,4312,3,0,10,1,
2026|1521|3|0|9|1,2026|1521|4312|3|0|9|1,,2026,,1521,4312,3,0,9,1,
2026|1521|3|0|10|1,2026|1521|4314|3|0|10|1,,2026,,1521,4314,3,0,10,1,
2026|1521|3|0|10|1,2026|1521|4313|3|0|10|1,,2026,,1521,4313,3,0,10,1,
2026|1521|3|0|10|1,2026|1521|2500|3|0|10|1,,2026,,1521,2500,3,0,10,1,
2026|1521|1|0|10|1,2026|1521|2417|1|0|10|1,,2026,,1521,2417,1,0,10,1,
2026|1521|3|0|10|1,2026|1521|2417|3|0|10|1,,2026,,1521,2417,3,0,10,1,
2026|1521|3|0|10|7,2026|1521|2417|3|0|10|7,,2026,,1521,2417,3,0,10,7,
2026|1541|3|0|10|1,2026|1541|4050|3|0|10|1,,2026,,1541,4050,3,0,10,1,
2026|1541|3|0|10|1,2026|1541|4049|3|0|10|1,,2026,,1541,4049,3,0,10,1,
2026|1541|4|0|10|1,2026|1541|4049|4|0|10|1,,2026,,1541,4049,4,0,10,1,
2026|1541|3|0|10|1,2026|1541|2500|3|0|10|1,,2026,,1541,2500,3,0,10,1,
2026|1541|4|0|10|1,2026|1541|2500|4|0|10|1,,2026,,1541,2500,4,0,10,1,
2026|1541|1|0|10|1,2026|1541|2417|1|0|10|1,,2026,,1541,2417,1,0,10,1,
2026|1541|3|0|10|7,2026|1541|2417|3|0|10|7,,2026,,1541,2417,3,0,10,7,
2026|1631|3|0|10|1,2026|1631|4007|3|0|10|1,,2026,,1631,4007,3,0,10,1,
2026|1631|3|0|10|1,2026|1631|2500|3|0|10|1,,2026,,1631,2500,3,0,10,1,
2026|1631|1|0|10|1,2026|1631|2417|1|0|10|1,,2026,,1631,2417,1,0,10,1,
2026|1631|3|0|10|7,2026|1631|2417|3|0|10|7,,2026,,1631,2417,3,0,10,7,
2026|1631|3|0|10|1,2026|1631|4111|3|0|10|1,,2026,,1631,4111,3,0,10,1,
2026|1631|3|0|10|1,2026|1631|2066|3|0|10|1,,2026,,1631,2066,3,0,10,1,
2026|1631|3|0|10|1,2026|1631|2062|3|0|10|1,,2026,,1631,2062,3,0,10,1,
2026|1631|3|0|10|1,2026|1631|2070|3|0|10|1,,2026,,1631,2070,3,0,10,1,
2026|1631|4|0|10|1,2026|1631|2070|4|0|10|1,,2026,,1631,2070,4,0,10,1,
2026|1711|3|0|10|1,2026|1711|2003|3|0|10|1,,2026,,1711,2003,3,0,10,1,
2026|1711|3|0|69|1,2026|1711|2002|3|0|69|1,,2026,,1711,2002,3,0,69,1,
2026|1711|3|0|10|1,2026|1711|2002|3|0|10|1,,2026,,1711,2002,3,0,10,1,
2026|1711|4|0|10|1,2026|1711|2002|4|0|10|1,,2026,,1711,2002,4,0,10,1,
2026|1711|3|0|10|1,2026|1711|2001|3|0|10|1,,2026,,1711,2001,3,0,10,1,
2026|1711|3|0|10|1,2026|1711|2500|3|0|10|1,,2026,,1711,2500,3,0,10,1,
2026|1711|1|0|10|1,2026|1711|2417|1|0|10|1,,2026,,1711,2417,1,0,10,1,
2026|1711|3|0|10|7,2026|1711|2417|3|0|10|7,,2026,,1711,2417,3,0,10,7,
2026|1721|3|0|10|1,2026|1721|4111|3|0|10|1,,2026,,1721,4111,3,0,10,1,
2026|1721|3|0|10|1,2026|1721|2066|3|0|10|1,,2026,,1721,2066,3,0,10,1,
2026|1721|3|0|10|1,2026|1721|2062|3|0|10|1,,2026,,1721,2062,3,0,10,1,
2026|1721|3|0|10|1,2026|1721|2070|3|0|10|1,,2026,,1721,2070,3,0,10,1,
2026|1721|4|0|10|1,2026|1721|2070|4|0|10|1,,2026,,1721,2070,4,0,10,1,
2026|1721|3|0|10|1,2026|1721|2500|3|0|10|1,,2026,,1721,2500,3,0,10,1,
2026|1721|1|0|10|1,2026|1721|2417|1|0|10|1,,2026,,1721,2417,1,0,10,1,
2026|1721|3|0|10|7,2026|1721|2417|3|0|10|7,,2026,,1721,2417,3,0,10,7,
2026|1911|3|0|71|1,2026|1911|2049|3|0|71|1,,2026,,1911,2049,3,0,71,1,
2026|1911|3|0|10|1,2026|1911|2049|3|0|10|1,,2026,,1911,2049,3,0,10,1,
2026|1911|3|0|51|1,2026|1911|7663|3|0|51|1,,2026,,1911,7663,3,0,51,1,
2026|1911|3|0|10|1,2026|1911|7663|3|0|10|1,,2026,,1911,7663,3,0,10,1,
2026|1915|5|0|10|1,2026|1915|7723|5|0|10|1,,2026,,1915,7723,5,0,10,1,
2026|1915|5|0|10|1,2026|1915|7541|5|0|10|1,,2026,,1915,7541,5,0,10,1,
2026|1915|5|0|10|1,2026|1915|7054|5|0|10|1,,2026,,1915,7054,5,0,10,1,
2026|1915|5|0|10|1,2026|1915|7758|5|0|10|1,,2026,,1915,7758,5,0,10,1,
2026|1915|5|0|10|1,2026|1915|7707|5|0|10|1,,2026,,1915,7707,5,0,10,1,
2026|1915|5|0|10|1,2026|1915|7700|5|0|10|1,,2026,,1915,7700,5,0,10,1,
2026|1915|5|0|10|1,2026|1915|7737|5|0|10|1,,2026,,1915,7737,5,0,10,1,
2026|1915|5|0|10|1,2026|1915|7759|5|0|10|1,,2026,,1915,7759,5,0,10,1,
2026|1915|5|0|10|1,2026|1915|7734|5|0|10|1,,2026,,1915,7734,5,0,10,1,
2026|1915|5|0|61|2,2026|1915|7752|5|0|61|2,,2026,,1915,7752,5,0,61,2,
2026|1916|5|0|10|1,2026|1916|7013|5|0|10|1,,2026,,1916,7013,5,0,10,1,
2026|1916|3|0|10|1,2026|1916|7019|3|0|10|1,,2026,,1916,7019,3,0,10,1,
2026|1916|2|0|10|1,2026|1916|7658|2|0|10|1,,2026,,1916,7658,2,0,10,1,
2026|1916|6|0|10|1,2026|1916|7658|6|0|10|1,,2026,,1916,7658,6,0,10,1,
2026|1916|2|0|10|1,2026|1916|7043|2|0|10|1,,2026,,1916,7043,2,0,10,1,
2026|1916|6|0|10|1,2026|1916|7043|6|0|10|1,,2026,,1916,7043,6,0,10,1,
2026|1916|2|0|10|1,2026|1916|7030|2|0|10|1,,2026,,1916,7030,2,0,10,1,
2026|1916|6|0|10|1,2026|1916|7030|6|0|10|1,,2026,,1916,7030,6,0,10,1,
2026|1916|2|0|10|1,2026|1916|7896|2|0|10|1,,2026,,1916,7896,2,0,10,1,
2026|1916|6|0|10|1,2026|1916|7896|6|0|10|1,,2026,,1916,7896,6,0,10,1,
2026|1916|6|0|10|1,2026|1916|7003|6|0|10|1,,2026,,1916,7003,6,0,10,1,
2026|1916|2|0|10|1,2026|1916|7886|2|0|10|1,,2026,,1916,7886,2,0,10,1,
2026|1916|2|0|11|1,2026|1916|7886|2|0|11|1,,2026,,1916,7886,2,0,11,1,
2026|1916|6|0|10|1,2026|1916|7886|6|0|10|1,,2026,,1916,7886,6,0,10,1,
2026|1941|3|0|10|1,2026|1941|4489|3|0|10|1,,2026,,1941,4489,3,0,10,1,
2026|1941|3|0|60|2,2026|1941|4488|3|0|60|2,,2026,,1941,4488,3,0,60,2,
2026|1941|3|0|10|1,2026|1941|4488|3|0|10|1,,2026,,1941,4488,3,0,10,1,
2026|1941|1|0|10|1,2026|1941|7024|1|0|10|1,,2026,,1941,7024,1,0,10,1,
2026|1941|1|0|10|1,2026|1941|7441|1|0|10|1,,2026,,1941,7441,1,0,10,1,
2026|1951|3|0|10|3,2026|1951|2132|3|0|10|3,,2026,,1951,2132,3,0,10,3,
2026|1951|3|0|71|3,2026|1951|2132|3|0|71|3,,2026,,1951,2132,3,0,71,3,
2026|1951|4|0|10|3,2026|1951|2132|4|0|10|3,,2026,,1951,2132,4,0,10,3,
2026|1991|9|0|10|1,2026|1991|9999|9|0|10|1,,2026,,1991,9999,9,0,10,1,
2026|2011|3|0|50|1,2026|2011|4068|3|0|50|1,,2026,,2011,4068,3,0,50,1,
2026|2011|3|0|50|1,2026|2011|2012|3|0|50|1,,2026,,2011,2012,3,0,50,1,
2026|2011|4|0|50|1,2026|2011|2012|4|0|50|1,,2026,,2011,2012,4,0,50,1,
2026|2011|3|0|50|1,2026|2011|4410|3|0|50|1,,2026,,2011,4410,3,0,50,1,
2026|2011|3|0|50|1,2026|2011|4074|3|0|50|1,,2026,,2011,4074,3,0,50,1,
2026|2011|3|0|60|1,2026|2011|4073|3|0|60|1,,2026,,2011,4073,3,0,60,1,
2026|2011|3|0|61|1,2026|2011|4073|3|0|61|1,,2026,,2011,4073,3,0,61,1,
2026|2011|3|0|49|1,2026|2011|4073|3|0|49|1,,2026,,2011,4073,3,0,49,1,
2026|2011|3|0|50|1,2026|2011|4073|3|0|50|1,,2026,,2011,4073,3,0,50,1,
2026|2011|3|0|50|1,2026|2011|4230|3|0|50|1,,2026,,2011,4230,3,0,50,1,
2026|2011|4|0|50|1,2026|2011|4230|4|0|50|1,,2026,,2011,4230,4,0,50,1,
2026|2011|3|0|50|1,2026|2011|4229|3|0|50|1,,2026,,2011,4229,3,0,50,1,
2026|2011|4|0|50|1,2026|2011|4229|4|0|50|1,,2026,,2011,4229,4,0,50,1,
2026|2011|3|0|50|1,2026|2011|4231|3|0|50|1,,2026,,2011,4231,3,0,50,1,
2026|2011|4|0|50|1,2026|2011|4231|4|0|50|1,,2026,,2011,4231,4,0,50,1,
2026|2011|3|0|60|1,2026|2011|4409|3|0|60|1,,2026,,2011,4409,3,0,60,1,
2026|2011|3|0|60|1,2026|2011|2014|3|0|60|1,,2026,,2011,2014,3,0,60,1,
2026|2011|3|0|10|1,2026|2011|2014|3|0|10|1,,2026,,2011,2014,3,0,10,1,
2026|2011|4|0|10|1,2026|2011|2014|4|0|10|1,,2026,,2011,2014,4,0,10,1,
2026|2011|3|0|50|1,2026|2011|2039|3|0|50|1,,2026,,2011,2039,3,0,50,1,
2026|2011|4|0|50|1,2026|2011|2039|4|0|50|1,,2026,,2011,2039,4,0,50,1,
2026|2011|1|0|60|9,2026|2011|7004|1|0|60|9,,2026,,2011,7004,1,0,60,9,
2026|2011|1|0|10|9,2026|2011|7004|1|0|10|9,,2026,,2011,7004,1,0,10,9,
2026|2011|3|0|60|9,2026|2011|7004|3|0|60|9,,2026,,2011,7004,3,0,60,9,
2026|2011|3|0|10|9,2026|2011|7004|3|0|10|9,,2026,,2011,7004,3,0,10,9,
2026|2011|3|0|60|1,2026|2011|2500|3|0|60|1,,2026,,2011,2500,3,0,60,1,
2026|2011|3|0|10|1,2026|2011|2500|3|0|10|1,,2026,,2011,2500,3,0,10,1,
2026|2011|3|0|50|1,2026|2011|2500|3|0|50|1,,2026,,2011,2500,3,0,50,1,
2026|2011|4|0|47|1,2026|2011|2500|4|0|47|1,,2026,,2011,2500,4,0,47,1,
2026|2011|4|0|50|1,2026|2011|2500|4|0|50|1,,2026,,2011,2500,4,0,50,1,
2026|2011|1|0|57|2,2026|2011|2417|1|0|57|2,,2026,,2011,2417,1,0,57,2,
2026|2011|1|0|49|1,2026|2011|2417|1|0|49|1,,2026,,2011,2417,1,0,49,1,
2026|2011|3|0|49|1,2026|2011|2417|3|0|49|1,,2026,,2011,2417,3,0,49,1,
2026|2011|3|0|49|7,2026|2011|2417|3|0|49|7,,2026,,2011,2417,3,0,49,7,
2026|2041|3|0|60|1,2026|2041|4340|3|0|60|1,,2026,,2041,4340,3,0,60,1,
2026|2041|1|0|60|9,2026|2041|7004|1|0|60|9,,2026,,2041,7004,1,0,60,9,
2026|2041|3|0|60|9,2026|2041|7004|3|0|60|9,,2026,,2041,7004,3,0,60,9,
2026|2041|3|0|60|1,2026|2041|2500|3|0|60|1,,2026,,2041,2500,3,0,60,1,
2026|2041|4|0|60|1,2026|2041|2500|4|0|60|1,,2026,,2041,2500,4,0,60,1,
2026|2041|1|0|60|1,2026|2041|2417|1|0|60|1,,2026,,2041,2417,1,0,60,1,
2026|2041|3|0|60|7,2026|2041|2417|3|0|60|7,,2026,,2041,2417,3,0,60,7,
2026|2061|3|0|10|1,2026|2061|4027|3|0|10|1,,2026,,2061,4027,3,0,10,1,
2026|2061|3|0|10|1,2026|2061|4242|3|0|10|1,,2026,,2061,4242,3,0,10,1,
2026|2061|3|0|60|1,2026|2061|4242|3|0|60|1,,2026,,2061,4242,3,0,60,1,
2026|2061|3|0|10|1,2026|2061|4244|3|0|10|1,,2026,,2061,4244,3,0,10,1,
2026|2061|3|0|60|1,2026|2061|4244|3|0|60|1,,2026,,2061,4244,3,0,60,1,
2026|2061|3|0|60|1,2026|2061|4240|3|0|60|1,,2026,,2061,4240,3,0,60,1,
2026|2061|3|0|10|1,2026|2061|4240|3|0|10|1,,2026,,2061,4240,3,0,10,1,
2026|2061|4|0|10|1,2026|2061|4240|4|0|10|1,,2026,,2061,4240,4,0,10,1,
2026|2061|1|0|10|1,2026|2061|4246|1|0|10|1,,2026,,2061,4246,1,0,10,1,
2026|2061|3|0|10|1,2026|2061|4246|3|0|10|1,,2026,,2061,4246,3,0,10,1,
2026|2061|3|0|10|7,2026|2061|4246|3|0|10|7,,2026,,2061,4246,3,0,10,7,
2026|2061|3|0|60|1,2026|2061|4246|3|0|60|1,,2026,,2061,4246,3,0,60,1,
2026|2061|1|0|10|1,2026|2061|4245|1|0|10|1,,2026,,2061,4245,1,0,10,1,
2026|2061|3|0|10|7,2026|2061|4245|3|0|10|7,,2026,,2061,4245,3,0,10,7,
2026|2061|3|0|10|1,2026|2061|4245|3|0|10|1,,2026,,2061,4245,3,0,10,1,
2026|2061|1|0|10|1,2026|2061|4243|1|0|10|1,,2026,,2061,4243,1,0,10,1,
2026|2061|3|0|10|7,2026|2061|4243|3|0|10|7,,2026,,2061,4243,3,0,10,7,
2026|2061|3|0|10|1,2026|2061|4243|3|0|10|1,,2026,,2061,4243,3,0,10,1,
2026|2061|3|0|10|1,2026|2061|4248|3|0|10|1,,2026,,2061,4248,3,0,10,1,
2026|2061|3|0|60|1,2026|2061|4248|3|0|60|1,,2026,,2061,4248,3,0,60,1,
2026|2061|3|0|60|1,2026|2061|4250|3|0|60|1,,2026,,2061,4250,3,0,60,1,
2026|2061|3|0|10|1,2026|2061|4250|3|0|10|1,,2026,,2061,4250,3,0,10,1,
2026|2061|3|0|10|1,2026|2061|4251|3|0|10|1,,2026,,2061,4251,3,0,10,1,
2026|2061|3|0|60|1,2026|2061|4251|3|0|60|1,,2026,,2061,4251,3,0,60,1,
2026|2061|3|0|60|1,2026|2061|4249|3|0|60|1,,2026,,2061,4249,3,0,60,1,
2026|2061|3|0|10|1,2026|2061|4249|3|0|10|1,,2026,,2061,4249,3,0,10,1,
2026|2061|3|0|60|1,2026|2061|4257|3|0|60|1,,2026,,2061,4257,3,0,60,1,
2026|2061|3|0|10|1,2026|2061|4257|3|0|10|1,,2026,,2061,4257,3,0,10,1,
2026|2061|3|0|60|1,2026|2061|4254|3|0|60|1,,2026,,2061,4254,3,0,60,1,
2026|2061|3|0|10|1,2026|2061|4254|3|0|10|1,,2026,,2061,4254,3,0,10,1,
2026|2061|3|0|10|3,2026|2061|4255|3|0|10|3,,2026,,2061,4255,3,0,10,3,
2026|2061|3|0|24|1,2026|2061|4255|3|0|24|1,,2026,,2061,4255,3,0,24,1,
2026|2061|3|0|60|1,2026|2061|4255|3|0|60|1,,2026,,2061,4255,3,0,60,1,
2026|2061|1|0|10|9,2026|2061|7004|1|0|10|9,,2026,,2061,7004,1,0,10,9,
2026|2061|3|0|10|9,2026|2061|7004|3|0|10|9,,2026,,2061,7004,3,0,10,9,
2026|2061|3|0|10|1,2026|2061|2500|3|0|10|1,,2026,,2061,2500,3,0,10,1,
2026|2061|3|0|60|1,2026|2061|2500|3|0|60|1,,2026,,2061,2500,3,0,60,1,
2026|2061|4|0|10|1,2026|2061|2500|4|0|10|1,,2026,,2061,2500,4,0,10,1,
2026|2061|1|0|10|1,2026|2061|2417|1|0|10|1,,2026,,2061,2417,1,0,10,1,
2026|2061|3|0|10|1,2026|2061|2417|3|0|10|1,,2026,,2061,2417,3,0,10,1,
2026|2061|3|0|10|7,2026|2061|2417|3|0|10|7,,2026,,2061,2417,3,0,10,7,
2026|2071|3|0|10|1,2026|2071|4362|3|0|10|1,,2026,,2071,4362,3,0,10,1,
2026|2071|3|0|10|1,2026|2071|4389|3|0|10|1,,2026,,2071,4389,3,0,10,1,
2026|2071|4|0|10|1,2026|2071|4389|4|0|10|1,,2026,,2071,4389,4,0,10,1,
2026|2071|3|0|10|1,2026|2071|4387|3|0|10|1,,2026,,2071,4387,3,0,10,1,
2026|2071|3|0|68|1,2026|2071|4387|3|0|68|1,,2026,,2071,4387,3,0,68,1,
2026|2071|3|0|10|3,2026|2071|4387|3|0|10|3,,2026,,2071,4387,3,0,10,3,
2026|2071|3|0|24|1,2026|2071|4387|3|0|24|1,,2026,,2071,4387,3,0,24,1,
2026|2071|4|0|10|1,2026|2071|4387|4|0|10|1,,2026,,2071,4387,4,0,10,1,
2026|2071|5|0|10|1,2026|2071|4387|5|0|10|1,,2026,,2071,4387,5,0,10,1,
2026|2071|3|0|10|1,2026|2071|4048|3|0|10|1,,2026,,2071,4048,3,0,10,1,
2026|2071|3|0|10|8,2026|2071|4513|3|0|10|8,,2026,,2071,4513,3,0,10,8,
2026|2071|3|0|68|1,2026|2071|4513|3|0|68|1,,2026,,2071,4513,3,0,68,1,
2026|2071|3|0|69|1,2026|2071|4513|3|0|69|1,,2026,,2071,4513,3,0,69,1,
2026|2071|3|0|10|1,2026|2071|4513|3|0|10|1,,2026,,2071,4513,3,0,10,1,
2026|2071|4|0|68|1,2026|2071|4513|4|0|68|1,,2026,,2071,4513,4,0,68,1,
2026|2071|4|0|10|1,2026|2071|4513|4|0|10|1,,2026,,2071,4513,4,0,10,1,
2026|2071|3|1|10|1,2026|2071|1069|3|1|10|1,,2026,,2071,1069,3,1,10,1,
2026|2071|4|1|10|1,2026|2071|1069|4|1|10|1,,2026,,2071,1069,4,1,10,1,
2026|2071|3|1|10|1,2026|2071|1068|3|1|10|1,,2026,,2071,1068,3,1,10,1,
2026|2071|4|1|10|1,2026|2071|1068|4|1|10|1,,2026,,2071,1068,4,1,10,1,
2026|2071|3|1|10|1,2026|2071|1088|3|1|10|1,,2026,,2071,1088,3,1,10,1,
2026|2071|4|1|10|1,2026|2071|1088|4|1|10|1,,2026,,2071,1088,4,1,10,1,
2026|2071|3|1|10|1,2026|2071|1087|3|1|10|1,,2026,,2071,1087,3,1,10,1,
2026|2071|4|1|10|1,2026|2071|1087|4|1|10|1,,2026,,2071,1087,4,1,10,1,
2026|2071|1|0|60|9,2026|2071|7004|1|0|60|9,,2026,,2071,7004,1,0,60,9,
2026|2071|3|0|10|1,2026|2071|2500|3|0|10|1,,2026,,2071,2500,3,0,10,1,
2026|2071|4|0|47|1,2026|2071|2500|4|0|47|1,,2026,,2071,2500,4,0,47,1,
2026|2071|4|0|10|1,2026|2071|2500|4|0|10|1,,2026,,2071,2500,4,0,10,1,
2026|2071|1|0|10|1,2026|2071|2417|1|0|10|1,,2026,,2071,2417,1,0,10,1,
2026|2071|3|0|10|7,2026|2071|2417|3|0|10|7,,2026,,2071,2417,3,0,10,7,
2026|2071|3|0|10|1,2026|2071|0|3|0|10|1,,2026,,2071,0,3,0,10,1,
2026|2071|4|0|10|1,2026|2071|0|4|0|10|1,,2026,,2071,0,4,0,10,1,
2026|2091|3|0|72|1,2026|2091|4070|3|0|72|1,,2026,,2091,4070,3,0,72,1,
2026|2091|3|0|72|1,2026|2091|4069|3|0|72|1,,2026,,2091,4069,3,0,72,1,
2026|2091|3|0|72|1,2026|2091|4072|3|0|72|1,,2026,,2091,4072,3,0,72,1,
2026|2091|3|0|72|1,2026|2091|4071|3|0|72|1,,2026,,2091,4071,3,0,72,1,
2026|2091|1|0|60|9,2026|2091|7004|1|0|60|9,,2026,,2091,7004,1,0,60,9,
2026|2091|3|0|60|9,2026|2091|7004|3|0|60|9,,2026,,2091,7004,3,0,60,9,
2026|2091|3|0|9|0,2026|2091|2500|3|0|9|0,,2026,,2091,2500,3,0,9,0,
2026|2091|3|0|9|1,2026|2091|2500|3|0|9|1,,2026,,2091,2500,3,0,9,1,
2026|2091|3|0|72|1,2026|2091|2500|3|0|72|1,,2026,,2091,2500,3,0,72,1,
2026|2091|4|0|72|1,2026|2091|2500|4|0|72|1,,2026,,2091,2500,4,0,72,1,
2026|2091|1|0|52|1,2026|2091|2417|1|0|52|1,,2026,,2091,2417,1,0,52,1,
2026|2091|1|0|60|1,2026|2091|2417|1|0|60|1,,2026,,2091,2417,1,0,60,1,
2026|2091|1|0|72|1,2026|2091|2417|1|0|72|1,,2026,,2091,2417,1,0,72,1,
2026|2091|3|0|72|7,2026|2091|2417|3|0|72|7,,2026,,2091,2417,3,0,72,7,
2026|2101|3|0|72|1,2026|2101|4057|3|0|72|1,,2026,,2101,4057,3,0,72,1,
2026|2101|3|0|95|1,2026|2101|4500|3|0|95|1,,2026,,2101,4500,3,0,95,1,
2026|2101|3|0|80|1,2026|2101|4500|3|0|80|1,,2026,,2101,4500,3,0,80,1,
2026|2101|5|0|61|1,2026|2101|4500|5|0|61|1,,2026,,2101,4500,5,0,61,1,
2026|2101|3|0|72|1,2026|2101|4054|3|0|72|1,,2026,,2101,4054,3,0,72,1,
2026|2101|3|0|80|1,2026|2101|4054|3|0|80|1,,2026,,2101,4054,3,0,80,1,
2026|2101|3|0|72|3,2026|2101|4058|3|0|72|3,,2026,,2101,4058,3,0,72,3,
2026|2101|3|0|24|1,2026|2101|4058|3|0|24|1,,2026,,2101,4058,3,0,24,1,
2026|2101|3|0|72|1,2026|2101|4058|3|0|72|1,,2026,,2101,4058,3,0,72,1,
2026|2101|3|0|80|1,2026|2101|4058|3|0|80|1,,2026,,2101,4058,3,0,80,1,
2026|2101|4|0|95|1,2026|2101|4058|4|0|95|1,,2026,,2101,4058,4,0,95,1,
2026|2101|4|0|72|1,2026|2101|4058|4|0|72|1,,2026,,2101,4058,4,0,72,1,
2026|2101|3|0|72|1,2026|2101|4055|3|0|72|1,,2026,,2101,4055,3,0,72,1,
2026|2101|3|0|10|8,2026|2101|4056|3|0|10|8,,2026,,2101,4056,3,0,10,8,
2026|2101|3|0|10|4,2026|2101|4056|3|0|10|4,,2026,,2101,4056,3,0,10,4,
2026|2101|3|0|61|1,2026|2101|4056|3|0|61|1,,2026,,2101,4056,3,0,61,1,
2026|2101|3|0|80|1,2026|2101|4056|3|0|80|1,,2026,,2101,4056,3,0,80,1,
2026|2101|4|0|61|1,2026|2101|4056|4|0|61|1,,2026,,2101,4056,4,0,61,1,
2026|2101|3|0|10|8,2026|2101|4059|3|0|10|8,,2026,,2101,4059,3,0,10,8,
2026|2101|3|0|10|4,2026|2101|4059|3|0|10|4,,2026,,2101,4059,3,0,10,4,
2026|2101|3|0|95|1,2026|2101|4059|3|0|95|1,,2026,,2101,4059,3,0,95,1,
2026|2101|3|0|80|1,2026|2101|4059|3|0|80|1,,2026,,2101,4059,3,0,80,1,
2026|2101|3|0|72|1,2026|2101|4059|3|0|72|1,,2026,,2101,4059,3,0,72,1,
2026|2101|4|0|95|1,2026|2101|4059|4|0|95|1,,2026,,2101,4059,4,0,95,1,
2026|2101|4|0|10|8,2026|2101|4059|4|0|10|8,,2026,,2101,4059,4,0,10,8,
2026|2101|3|0|72|1,2026|2101|4091|3|0|72|1,,2026,,2101,4091,3,0,72,1,
2026|2101|1|0|60|9,2026|2101|7004|1|0|60|9,,2026,,2101,7004,1,0,60,9,
2026|2101|3|0|60|9,2026|2101|7004|3|0|60|9,,2026,,2101,7004,3,0,60,9,
2026|2101|3|0|68|1,2026|2101|2500|3|0|68|1,,2026,,2101,2500,3,0,68,1,
2026|2101|3|0|9|1,2026|2101|2500|3|0|9|1,,2026,,2101,2500,3,0,9,1,
2026|2101|3|0|74|1,2026|2101|2500|3|0|74|1,,2026,,2101,2500,3,0,74,1,
2026|2101|3|0|69|1,2026|2101|2500|3|0|69|1,,2026,,2101,2500,3,0,69,1,
2026|2101|3|0|72|1,2026|2101|2500|3|0|72|1,,2026,,2101,2500,3,0,72,1,
2026|2101|4|0|72|1,2026|2101|2500|4|0|72|1,,2026,,2101,2500,4,0,72,1,
2026|2101|4|0|9|1,2026|2101|2500|4|0|9|1,,2026,,2101,2500,4,0,9,1,
2026|2101|1|0|72|1,2026|2101|2417|1|0|72|1,,2026,,2101,2417,1,0,72,1,
2026|2101|1|0|26|1,2026|2101|2417|1|0|26|1,,2026,,2101,2417,1,0,26,1,
2026|2101|3|0|72|7,2026|2101|2417|3|0|72|7,,2026,,2101,2417,3,0,72,7,
2026|2121|3|0|50|1,2026|2121|4009|3|0|50|1,,2026,,2121,4009,3,0,50,1,
2026|2121|3|0|49|1,2026|2121|4009|3|0|49|1,,2026,,2121,4009,3,0,49,1,
2026|2121|3|0|60|1,2026|2121|4009|3|0|60|1,,2026,,2121,4009,3,0,60,1,
2026|2121|3|0|49|1,2026|2121|4008|3|0|49|1,,2026,,2121,4008,3,0,49,1,
2026|2121|3|0|60|1,2026|2121|4008|3|0|60|1,,2026,,2121,4008,3,0,60,1,
2026|2121|3|0|50|1,2026|2121|4008|3|0|50|1,,2026,,2121,4008,3,0,50,1,
2026|2121|4|0|60|1,2026|2121|4008|4|0|60|1,,2026,,2121,4008,4,0,60,1,
2026|2121|1|0|50|1,2026|2121|4011|1|0|50|1,,2026,,2121,4011,1,0,50,1,
2026|2121|3|0|50|7,2026|2121|4011|3|0|50|7,,2026,,2121,4011,3,0,50,7,
2026|2121|3|0|60|1,2026|2121|4011|3|0|60|1,,2026,,2121,4011,3,0,60,1,
2026|2121|1|0|50|1,2026|2121|4010|1|0|50|1,,2026,,2121,4010,1,0,50,1,
2026|2121|3|0|50|7,2026|2121|4010|3|0|50|7,,2026,,2121,4010,3,0,50,7,
2026|2121|3|0|49|1,2026|2121|4010|3|0|49|1,,2026,,2121,4010,3,0,49,1,
2026|2121|3|0|49|1,2026|2121|2018|3|0|49|1,,2026,,2121,2018,3,0,49,1,
2026|2121|4|0|60|1,2026|2121|2018|4|0|60|1,,2026,,2121,2018,4,0,60,1,
2026|2121|4|0|47|1,2026|2121|2018|4|0|47|1,,2026,,2121,2018,4,0,47,1,
2026|2121|3|0|60|1,2026|2121|2017|3|0|60|1,,2026,,2121,2017,3,0,60,1,
2026|2121|4|0|60|1,2026|2121|2017|4|0|60|1,,2026,,2121,2017,4,0,60,1,
2026|2121|1|0|49|9,2026|2121|7004|1|0|49|9,,2026,,2121,7004,1,0,49,9,
2026|2121|3|0|49|9,2026|2121|7004|3|0|49|9,,2026,,2121,7004,3,0,49,9,
2026|2121|1|0|50|1,2026|2121|7002|1|0|50|1,,2026,,2121,7002,1,0,50,1,
2026|2121|1|0|49|1,2026|2121|7002|1|0|49|1,,2026,,2121,7002,1,0,49,1,
2026|2121|1|0|57|2,2026|2121|2417|1|0|57|2,,2026,,2121,2417,1,0,57,2,
2026|2121|1|0|50|1,2026|2121|2417|1|0|50|1,,2026,,2121,2417,1,0,50,1,
2026|2121|3|0|60|1,2026|2121|2417|3|0|60|1,,2026,,2121,2417,3,0,60,1,
2026|2121|3|0|50|7,2026|2121|2417|3|0|50|7,,2026,,2121,2417,3,0,50,7,
2026|2151|3|0|10|1,2026|2151|4232|3|0|10|1,,2026,,2151,4232,3,0,10,1,
2026|2151|3|0|10|1,2026|2151|4075|3|0|10|1,,2026,,2151,4075,3,0,10,1,
2026|2151|3|0|10|1,2026|2151|4175|3|0|10|1,,2026,,2151,4175,3,0,10,1,
2026|2151|3|0|10|1,2026|2151|4077|3|0|10|1,,2026,,2151,4077,3,0,10,1,
2026|2151|1|0|10|1,2026|2151|4080|1|0|10|1,,2026,,2151,4080,1,0,10,1,
2026|2151|3|0|10|1,2026|2151|4080|3|0|10|1,,2026,,2151,4080,3,0,10,1,
2026|2151|3|0|10|7,2026|2151|4080|3|0|10|7,,2026,,2151,4080,3,0,10,7,
2026|2151|4|0|10|1,2026|2151|4080|4|0|10|1,,2026,,2151,4080,4,0,10,1,
2026|2151|3|0|10|1,2026|2151|4076|3|0|10|1,,2026,,2151,4076,3,0,10,1,
2026|2151|1|0|10|1,2026|2151|4078|1|0|10|1,,2026,,2151,4078,1,0,10,1,
2026|2151|3|0|10|7,2026|2151|4078|3|0|10|7,,2026,,2151,4078,3,0,10,7,
2026|2151|3|0|10|1,2026|2151|4078|3|0|10|1,,2026,,2151,4078,3,0,10,1,
2026|2151|4|0|10|1,2026|2151|4078|4|0|10|1,,2026,,2151,4078,4,0,10,1,
2026|2151|3|0|10|1,2026|2151|2022|3|0|10|1,,2026,,2151,2022,3,0,10,1,
2026|2151|3|0|10|1,2026|2151|4092|3|0|10|1,,2026,,2151,4092,3,0,10,1,
2026|2151|1|0|10|1,2026|2151|2015|1|0|10|1,,2026,,2151,2015,1,0,10,1,
2026|2151|3|0|10|1,2026|2151|2015|3|0|10|1,,2026,,2151,2015,3,0,10,1,
2026|2151|3|0|10|7,2026|2151|2015|3|0|10|7,,2026,,2151,2015,3,0,10,7,
2026|2151|1|0|10|1,2026|2151|4093|1|0|10|1,,2026,,2151,4093,1,0,10,1,
2026|2151|3|0|10|1,2026|2151|4093|3|0|10|1,,2026,,2151,4093,3,0,10,1,
2026|2151|3|0|10|7,2026|2151|4093|3|0|10|7,,2026,,2151,4093,3,0,10,7,
2026|2151|4|0|10|1,2026|2151|1023|4|0|10|1,,2026,,2151,1023,4,0,10,1,
2026|2151|3|0|10|1,2026|2151|1024|3|0|10|1,,2026,,2151,1024,3,0,10,1,
2026|2151|4|0|10|1,2026|2151|2027|4|0|10|1,,2026,,2151,2027,4,0,10,1,
2026|2151|1|0|10|1,2026|2151|4198|1|0|10|1,,2026,,2151,4198,1,0,10,1,
2026|2151|3|0|10|1,2026|2151|4198|3|0|10|1,,2026,,2151,4198,3,0,10,1,
2026|2151|3|0|10|7,2026|2151|4198|3|0|10|7,,2026,,2151,4198,3,0,10,7,
2026|2151|4|0|10|1,2026|2151|4198|4|0|10|1,,2026,,2151,4198,4,0,10,1,
2026|2151|1|0|10|1,2026|2151|4199|1|0|10|1,,2026,,2151,4199,1,0,10,1,
2026|2151|3|0|10|1,2026|2151|4199|3|0|10|1,,2026,,2151,4199,3,0,10,1,
2026|2151|3|0|10|7,2026|2151|4199|3|0|10|7,,2026,,2151,4199,3,0,10,7,
2026|2151|1|0|10|1,2026|2151|4234|1|0|10|1,,2026,,2151,4234,1,0,10,1,
2026|2151|3|0|10|7,2026|2151|4234|3|0|10|7,,2026,,2151,4234,3,0,10,7,
2026|2151|4|0|10|1,2026|2151|4234|4|0|10|1,,2026,,2151,4234,4,0,10,1,
2026|2151|1|0|10|1,2026|2151|4233|1|0|10|1,,2026,,2151,4233,1,0,10,1,
2026|2151|3|0|10|1,2026|2151|4233|3|0|10|1,,2026,,2151,4233,3,0,10,1,
2026|2151|3|0|10|7,2026|2151|4233|3|0|10|7,,2026,,2151,4233,3,0,10,7,
2026|2151|3|0|60|1,2026|2151|2130|3|0|60|1,,2026,,2151,2130,3,0,60,1,
2026|2151|3|0|10|1,2026|2151|2130|3|0|10|1,,2026,,2151,2130,3,0,10,1,
2026|2151|3|0|60|9,2026|2151|7004|3|0|60|9,,2026,,2151,7004,3,0,60,9,
2026|2151|1|0|10|1,2026|2151|2500|1|0|10|1,,2026,,2151,2500,1,0,10,1,
2026|2151|3|0|10|7,2026|2151|2500|3|0|10|7,,2026,,2151,2500,3,0,10,7,
2026|2151|3|0|10|1,2026|2151|2500|3|0|10|1,,2026,,2151,2500,3,0,10,1,
2026|2151|4|0|10|1,2026|2151|2500|4|0|10|1,,2026,,2151,2500,4,0,10,1,
2026|2161|3|0|10|1,2026|2161|1011|3|0|10|1,,2026,,2161,1011,3,0,10,1,
2026|2161|3|0|10|1,2026|2161|1030|3|0|10|1,,2026,,2161,1030,3,0,10,1,
2026|2161|3|0|10|1,2026|2161|4282|3|0|10|1,,2026,,2161,4282,3,0,10,1,
2026|2161|3|0|10|1,2026|2161|4277|3|0|10|1,,2026,,2161,4277,3,0,10,1,
2026|2161|3|0|10|1,2026|2161|4285|3|0|10|1,,2026,,2161,4285,3,0,10,1,
2026|2161|3|0|10|1,2026|2161|4515|3|0|10|1,,2026,,2161,4515,3,0,10,1,
2026|2161|1|0|10|1,2026|2161|4283|1|0|10|1,,2026,,2161,4283,1,0,10,1,
2026|2161|3|0|10|7,2026|2161|4283|3|0|10|7,,2026,,2161,4283,3,0,10,7,
2026|2161|3|0|10|1,2026|2161|4283|3|0|10|1,,2026,,2161,4283,3,0,10,1,
2026|2161|4|0|10|1,2026|2161|4283|4|0|10|1,,2026,,2161,4283,4,0,10,1,
2026|2161|1|0|10|9,2026|2161|7004|1|0|10|9,,2026,,2161,7004,1,0,10,9,
2026|2161|3|0|10|1,2026|2161|2500|3|0|10|1,,2026,,2161,2500,3,0,10,1,
2026|2161|1|0|10|1,2026|2161|2417|1|0|10|1,,2026,,2161,2417,1,0,10,1,
2026|2161|3|0|10|7,2026|2161|2417|3|0|10|7,,2026,,2161,2417,3,0,10,7,
2026|2171|3|0|60|1,2026|2171|1058|3|0|60|1,,2026,,2171,1058,3,0,60,1,
2026|2171|4|0|10|1,2026|2171|1058|4|0|10|1,,2026,,2171,1058,4,0,10,1,
2026|2171|3|1|10|1,2026|2171|1001|3|1|10|1,,2026,,2171,1001,3,1,10,1,
2026|2171|4|0|24|1,2026|2171|1061|4|0|24|1,,2026,,2171,1061,4,0,24,1,
2026|2171|3|0|60|1,2026|2171|1062|3|0|60|1,,2026,,2171,1062,3,0,60,1,
2026|2171|3|0|60|1,2026|2171|1066|3|0|60|1,,2026,,2171,1066,3,0,60,1,
2026|2171|1|0|10|9,2026|2171|7004|1|0|10|9,,2026,,2171,7004,1,0,10,9,
2026|2171|3|0|60|1,2026|2171|2500|3|0|60|1,,2026,,2171,2500,3,0,60,1,
2026|2171|3|0|10|1,2026|2171|2500|3|0|10|1,,2026,,2171,2500,3,0,10,1,
2026|2171|4|0|10|1,2026|2171|2500|4|0|10|1,,2026,,2171,2500,4,0,10,1,
2026|2171|1|0|10|1,2026|2171|2417|1|0|10|1,,2026,,2171,2417,1,0,10,1,
2026|2171|3|0|10|1,2026|2171|2417|3|0|10|1,,2026,,2171,2417,3,0,10,1,
2026|2171|3|0|10|7,2026|2171|2417|3|0|10|7,,2026,,2171,2417,3,0,10,7,
2026|2181|3|0|10|1,2026|2181|4369|3|0|10|1,,2026,,2181,4369,3,0,10,1,
2026|2181|3|1|10|1,2026|2181|4172|3|1|10|1,,2026,,2181,4172,3,1,10,1,
2026|2181|3|0|60|1,2026|2181|4423|3|0|60|1,,2026,,2181,4423,3,0,60,1,
2026|2181|3|0|10|1,2026|2181|4423|3|0|10|1,,2026,,2181,4423,3,0,10,1,
2026|2181|3|0|60|1,2026|2181|4417|3|0|60|1,,2026,,2181,4417,3,0,60,1,
2026|2181|3|0|10|1,2026|2181|4417|3|0|10|1,,2026,,2181,4417,3,0,10,1,
2026|2181|3|0|60|1,2026|2181|4421|3|0|60|1,,2026,,2181,4421,3,0,60,1,
2026|2181|3|0|10|1,2026|2181|4421|3|0|10|1,,2026,,2181,4421,3,0,10,1,
2026|2181|3|0|60|1,2026|2181|4422|3|0|60|1,,2026,,2181,4422,3,0,60,1,
2026|2181|3|0|10|1,2026|2181|4422|3|0|10|1,,2026,,2181,4422,3,0,10,1,
2026|2181|1|0|10|1,2026|2181|4425|1|0|10|1,,2026,,2181,4425,1,0,10,1,
2026|2181|3|0|60|1,2026|2181|4425|3|0|60|1,,2026,,2181,4425,3,0,60,1,
2026|2181|3|0|10|1,2026|2181|4425|3|0|10|1,,2026,,2181,4425,3,0,10,1,
2026|2181|3|0|10|7,2026|2181|4425|3|0|10|7,,2026,,2181,4425,3,0,10,7,
2026|2181|1|0|10|9,2026|2181|7004|1|0|10|9,,2026,,2181,7004,1,0,10,9,
2026|2181|3|0|10|9,2026|2181|7004|3|0|10|9,,2026,,2181,7004,3,0,10,9,
2026|2181|3|0|60|1,2026|2181|2500|3|0|60|1,,2026,,2181,2500,3,0,60,1,
2026|2181|3|0|10|1,2026|2181|2500|3|0|10|1,,2026,,2181,2500,3,0,10,1,
2026|2181|4|0|47|1,2026|2181|2500|4|0|47|1,,2026,,2181,2500,4,0,47,1,
2026|2181|1|0|10|1,2026|2181|2417|1|0|10|1,,2026,,2181,2417,1,0,10,1,
2026|2181|3|0|10|7,2026|2181|2417|3|0|10|7,,2026,,2181,2417,3,0,10,7,
2026|2201|3|0|10|1,2026|2201|4269|3|0|10|1,,2026,,2201,4269,3,0,10,1,
2026|2201|3|0|10|1,2026|2201|4267|3|0|10|1,,2026,,2201,4267,3,0,10,1,
2026|2201|3|0|10|1,2026|2201|4484|3|0|10|1,,2026,,2201,4484,3,0,10,1,
2026|2201|3|0|10|1,2026|2201|4274|3|0|10|1,,2026,,2201,4274,3,0,10,1,
2026|2201|3|0|10|1,2026|2201|4271|3|0|10|1,,2026,,2201,4271,3,0,10,1,
2026|2201|3|0|10|1,2026|2201|4281|3|0|10|1,,2026,,2201,4281,3,0,10,1,
2026|2201|3|0|10|1,2026|2201|4276|3|0|10|1,,2026,,2201,4276,3,0,10,1,
2026|2201|3|0|10|8,2026|2201|4276|3|0|10|8,,2026,,2201,4276,3,0,10,8,
2026|2201|3|0|1|1,2026|2201|4278|3|0|1|1,,2026,,2201,4278,3,0,1,1,
2026|2201|3|0|10|3,2026|2201|4278|3|0|10|3,,2026,,2201,4278,3,0,10,3,
2026|2201|3|0|10|1,2026|2201|4278|3|0|10|1,,2026,,2201,4278,3,0,10,1,
2026|2201|3|0|45|1,2026|2201|4278|3|0|45|1,,2026,,2201,4278,3,0,45,1,
2026|2201|3|0|24|1,2026|2201|4278|3|0|24|1,,2026,,2201,4278,3,0,24,1,
2026|2201|3|0|10|8,2026|2201|4278|3|0|10|8,,2026,,2201,4278,3,0,10,8,
2026|2201|3|0|1|1,2026|2201|4279|3|0|1|1,,2026,,2201,4279,3,0,1,1,
2026|2201|3|0|45|1,2026|2201|4279|3|0|45|1,,2026,,2201,4279,3,0,45,1,
2026|2201|3|0|24|1,2026|2201|4279|3|0|24|1,,2026,,2201,4279,3,0,24,1,
2026|2201|3|0|10|1,2026|2201|4279|3|0|10|1,,2026,,2201,4279,3,0,10,1,
2026|2201|4|0|10|3,2026|2201|4279|4|0|10|3,,2026,,2201,4279,4,0,10,3,
2026|2201|4|0|1|1,2026|2201|4279|4|0|1|1,,2026,,2201,4279,4,0,1,1,
2026|2201|4|0|24|1,2026|2201|4279|4|0|24|1,,2026,,2201,4279,4,0,24,1,
2026|2201|1|0|10|9,2026|2201|7004|1|0|10|9,,2026,,2201,7004,1,0,10,9,
2026|2201|1|0|95|1,2026|2201|2500|1|0|95|1,,2026,,2201,2500,1,0,95,1,
2026|2201|3|0|60|1,2026|2201|2500|3|0|60|1,,2026,,2201,2500,3,0,60,1,
2026|2201|3|0|95|1,2026|2201|2500|3|0|95|1,,2026,,2201,2500,3,0,95,1,
2026|2201|3|0|10|1,2026|2201|2500|3|0|10|1,,2026,,2201,2500,3,0,10,1,
2026|2201|4|0|9|1,2026|2201|2500|4|0|9|1,,2026,,2201,2500,4,0,9,1,
2026|2201|1|0|10|1,2026|2201|2417|1|0|10|1,,2026,,2201,2417,1,0,10,1,
2026|2201|3|0|10|7,2026|2201|2417|3|0|10|7,,2026,,2201,2417,3,0,10,7,
2026|2211|3|0|60|2,2026|2211|4298|3|0|60|2,,2026,,2211,4298,3,0,60,2,
2026|2211|3|0|10|1,2026|2211|4298|3|0|10|1,,2026,,2211,4298,3,0,10,1,
2026|2211|3|0|10|1,2026|2211|4299|3|0|10|1,,2026,,2211,4299,3,0,10,1,
2026|2211|3|0|10|1,2026|2211|4302|3|0|10|1,,2026,,2211,4302,3,0,10,1,
2026|2211|1|0|60|9,2026|2211|7004|1|0|60|9,,2026,,2211,7004,1,0,60,9,
2026|2211|3|0|60|9,2026|2211|7004|3|0|60|9,,2026,,2211,7004,3,0,60,9,
2026|2211|3|0|60|1,2026|2211|2500|3|0|60|1,,2026,,2211,2500,3,0,60,1,
2026|2211|3|0|10|1,2026|2211|2500|3|0|10|1,,2026,,2211,2500,3,0,10,1,
2026|2211|1|0|10|1,2026|2211|2417|1|0|10|1,,2026,,2211,2417,1,0,10,1,
2026|2211|3|0|10|7,2026|2211|2417|3|0|10|7,,2026,,2211,2417,3,0,10,7,
2026|2241|3|0|72|1,2026|2241|4200|3|0|72|1,,2026,,2241,4200,3,0,72,1,
2026|2241|3|0|73|1,2026|2241|4192|3|0|73|1,,2026,,2241,4192,3,0,73,1,
2026|2241|3|0|72|1,2026|2241|4192|3|0|72|1,,2026,,2241,4192,3,0,72,1,
2026|2241|3|0|80|1,2026|2241|4192|3|0|80|1,,2026,,2241,4192,3,0,80,1,
2026|2241|4|0|73|1,2026|2241|4192|4|0|73|1,,2026,,2241,4192,4,0,73,1,
2026|2241|4|0|72|1,2026|2241|4192|4|0|72|1,,2026,,2241,4192,4,0,72,1,
2026|2241|3|0|73|1,2026|2241|4187|3|0|73|1,,2026,,2241,4187,3,0,73,1,
2026|2241|3|0|72|1,2026|2241|4187|3|0|72|1,,2026,,2241,4187,3,0,72,1,
2026|2241|4|0|73|1,2026|2241|4187|4|0|73|1,,2026,,2241,4187,4,0,73,1,
2026|2241|3|0|72|1,2026|2241|4194|3|0|72|1,,2026,,2241,4194,3,0,72,1,
2026|2241|3|0|73|1,2026|2241|4194|3|0|73|1,,2026,,2241,4194,3,0,73,1,
2026|2241|4|0|73|1,2026|2241|4194|4|0|73|1,,2026,,2241,4194,4,0,73,1,
2026|2241|3|0|73|1,2026|2241|4190|3|0|73|1,,2026,,2241,4190,3,0,73,1,
2026|2241|3|0|72|1,2026|2241|4190|3|0|72|1,,2026,,2241,4190,3,0,72,1,
2026|2241|3|0|72|3,2026|2241|4195|3|0|72|3,,2026,,2241,4195,3,0,72,3,
2026|2241|3|0|72|1,2026|2241|4195|3|0|72|1,,2026,,2241,4195,3,0,72,1,
2026|2241|3|0|24|1,2026|2241|4195|3|0|24|1,,2026,,2241,4195,3,0,24,1,
2026|2241|3|0|73|1,2026|2241|4188|3|0|73|1,,2026,,2241,4188,3,0,73,1,
2026|2241|3|0|72|1,2026|2241|4188|3|0|72|1,,2026,,2241,4188,3,0,72,1,
2026|2241|4|0|73|1,2026|2241|4188|4|0|73|1,,2026,,2241,4188,4,0,73,1,
2026|2241|4|0|72|1,2026|2241|4188|4|0|72|1,,2026,,2241,4188,4,0,72,1,
2026|2241|3|0|73|1,2026|2241|4191|3|0|73|1,,2026,,2241,4191,3,0,73,1,
2026|2241|3|0|72|1,2026|2241|4191|3|0|72|1,,2026,,2241,4191,3,0,72,1,
2026|2241|3|0|80|1,2026|2241|4191|3|0|80|1,,2026,,2241,4191,3,0,80,1,
2026|2241|4|0|73|1,2026|2241|4191|4|0|73|1,,2026,,2241,4191,4,0,73,1,
2026|2241|4|0|80|1,2026|2241|4191|4|0|80|1,,2026,,2241,4191,4,0,80,1,
2026|2241|3|0|73|1,2026|2241|4189|3|0|73|1,,2026,,2241,4189,3,0,73,1,
2026|2241|3|0|72|1,2026|2241|4189|3|0|72|1,,2026,,2241,4189,3,0,72,1,
2026|2241|3|0|61|1,2026|2241|4189|3|0|61|1,,2026,,2241,4189,3,0,61,1,
2026|2241|1|0|91|9,2026|2241|7004|1|0|91|9,,2026,,2241,7004,1,0,91,9,
2026|2241|3|0|91|9,2026|2241|7004|3|0|91|9,,2026,,2241,7004,3,0,91,9,
2026|2241|3|0|60|1,2026|2241|2500|3|0|60|1,,2026,,2241,2500,3,0,60,1,
2026|2241|3|0|73|1,2026|2241|2500|3|0|73|1,,2026,,2241,2500,3,0,73,1,
2026|2241|3|0|72|1,2026|2241|2500|3|0|72|1,,2026,,2241,2500,3,0,72,1,
2026|2241|4|0|47|1,2026|2241|2500|4|0|47|1,,2026,,2241,2500,4,0,47,1,
2026|2241|4|0|73|1,2026|2241|2500|4|0|73|1,,2026,,2241,2500,4,0,73,1,
2026|2241|1|0|72|1,2026|2241|2417|1|0|72|1,,2026,,2241,2417,1,0,72,1,
2026|2241|3|0|72|7,2026|2241|2417|3|0|72|7,,2026,,2241,2417,3,0,72,7,
2026|2251|3|0|60|1,2026|2251|4052|3|0|60|1,,2026,,2251,4052,3,0,60,1,
2026|2251|4|0|60|1,2026|2251|4052|4|0|60|1,,2026,,2251,4052,4,0,60,1,
2026|2251|3|0|60|1,2026|2251|4051|3|0|60|1,,2026,,2251,4051,3,0,60,1,
2026|2251|4|0|60|1,2026|2251|4051|4|0|60|1,,2026,,2251,4051,4,0,60,1,
2026|2251|1|0|60|9,2026|2251|7004|1|0|60|9,,2026,,2251,7004,1,0,60,9,
2026|2251|3|0|60|9,2026|2251|7004|3|0|60|9,,2026,,2251,7004,3,0,60,9,
2026|2251|3|0|60|1,2026|2251|2500|3|0|60|1,,2026,,2251,2500,3,0,60,1,
2026|2251|1|0|60|1,2026|2251|2417|1|0|60|1,,2026,,2251,2417,1,0,60,1,
2026|2251|3|0|60|7,2026|2251|2417|3|0|60|7,,2026,,2251,2417,3,0,60,7,
2026|2261|3|0|10|1,2026|2261|4455|3|0|10|1,,2026,,2261,4455,3,0,10,1,
2026|2261|4|0|10|1,2026|2261|4455|4|0|10|1,,2026,,2261,4455,4,0,10,1,
2026|2261|3|0|10|1,2026|2261|4456|3|0|10|1,,2026,,2261,4456,3,0,10,1,
2026|2261|4|0|10|1,2026|2261|4456|4|0|10|1,,2026,,2261,4456,4,0,10,1,
2026|2261|3|0|10|1,2026|2261|4457|3|0|10|1,,2026,,2261,4457,3,0,10,1,
2026|2261|4|0|10|1,2026|2261|4457|4|0|10|1,,2026,,2261,4457,4,0,10,1,
2026|2261|3|0|10|1,2026|2261|4460|3|0|10|1,,2026,,2261,4460,3,0,10,1,
2026|2261|4|0|10|1,2026|2261|4460|4|0|10|1,,2026,,2261,4460,4,0,10,1,
2026|2261|4|0|24|1,2026|2261|4460|4|0|24|1,,2026,,2261,4460,4,0,24,1,
2026|2261|3|0|10|1,2026|2261|4459|3|0|10|1,,2026,,2261,4459,3,0,10,1,
2026|2261|4|0|10|1,2026|2261|4459|4|0|10|1,,2026,,2261,4459,4,0,10,1,
2026|2261|1|0|60|9,2026|2261|7004|1|0|60|9,,2026,,2261,7004,1,0,60,9,
2026|2261|3|0|60|9,2026|2261|7004|3|0|60|9,,2026,,2261,7004,3,0,60,9,
2026|2261|3|0|10|1,2026|2261|2500|3|0|10|1,,2026,,2261,2500,3,0,10,1,
2026|2261|4|0|10|1,2026|2261|2500|4|0|10|1,,2026,,2261,2500,4,0,10,1,
2026|2261|1|0|57|2,2026|2261|2417|1|0|57|2,,2026,,2261,2417,1,0,57,2,
2026|2261|1|0|10|1,2026|2261|2417|1|0|10|1,,2026,,2261,2417,1,0,10,1,
2026|2261|3|0|10|1,2026|2261|2417|3|0|10|1,,2026,,2261,2417,3,0,10,1,
2026|2261|3|0|10|7,2026|2261|2417|3|0|10|7,,2026,,2261,2417,3,0,10,7,
2026|2271|3|0|10|1,2026|2271|4029|3|0|10|1,,2026,,2271,4029,3,0,10,1,
2026|2271|4|0|10|1,2026|2271|4029|4|0|10|1,,2026,,2271,4029,4,0,10,1,
2026|2271|3|0|10|1,2026|2271|4032|3|0|10|1,,2026,,2271,4032,3,0,10,1,
2026|2271|4|0|10|1,2026|2271|4032|4|0|10|1,,2026,,2271,4032,4,0,10,1,
2026|2271|3|0|70|1,2026|2271|4034|3|0|70|1,,2026,,2271,4034,3,0,70,1,
2026|2271|3|0|10|1,2026|2271|4034|3|0|10|1,,2026,,2271,4034,3,0,10,1,
2026|2271|4|0|10|1,2026|2271|4034|4|0|10|1,,2026,,2271,4034,4,0,10,1,
2026|2271|3|0|70|1,2026|2271|4030|3|0|70|1,,2026,,2271,4030,3,0,70,1,
2026|2271|3|0|10|1,2026|2271|4030|3|0|10|1,,2026,,2271,4030,3,0,10,1,
2026|2271|4|0|10|1,2026|2271|4030|4|0|10|1,,2026,,2271,4030,4,0,10,1,
2026|2271|3|0|45|1,2026|2271|4035|3|0|45|1,,2026,,2271,4035,3,0,45,1,
2026|2271|3|0|70|1,2026|2271|4035|3|0|70|1,,2026,,2271,4035,3,0,70,1,
2026|2271|3|0|10|1,2026|2271|4035|3|0|10|1,,2026,,2271,4035,3,0,10,1,
2026|2271|4|0|70|1,2026|2271|4035|4|0|70|1,,2026,,2271,4035,4,0,70,1,
2026|2271|4|0|10|1,2026|2271|4035|4|0|10|1,,2026,,2271,4035,4,0,10,1,
2026|2271|4|0|95|1,2026|2271|4035|4|0|95|1,,2026,,2271,4035,4,0,95,1,
2026|2271|3|0|10|8,2026|2271|4031|3|0|10|8,,2026,,2271,4031,3,0,10,8,
2026|2271|3|0|70|1,2026|2271|4031|3|0|70|1,,2026,,2271,4031,3,0,70,1,
2026|2271|3|0|10|1,2026|2271|4031|3|0|10|1,,2026,,2271,4031,3,0,10,1,
2026|2271|4|0|70|1,2026|2271|4031|4|0|70|1,,2026,,2271,4031,4,0,70,1,
2026|2271|4|0|10|8,2026|2271|4031|4|0|10|8,,2026,,2271,4031,4,0,10,8,
2026|2271|4|0|10|1,2026|2271|4031|4|0|10|1,,2026,,2271,4031,4,0,10,1,
2026|2271|4|0|95|1,2026|2271|4031|4|0|95|1,,2026,,2271,4031,4,0,95,1,
2026|2271|4|0|24|1,2026|2271|4031|4|0|24|1,,2026,,2271,4031,4,0,24,1,
2026|2271|3|0|10|8,2026|2271|4036|3|0|10|8,,2026,,2271,4036,3,0,10,8,
2026|2271|3|0|70|1,2026|2271|4036|3|0|70|1,,2026,,2271,4036,3,0,70,1,
2026|2271|3|0|10|1,2026|2271|4036|3|0|10|1,,2026,,2271,4036,3,0,10,1,
2026|2271|4|0|70|1,2026|2271|4036|4|0|70|1,,2026,,2271,4036,4,0,70,1,
2026|2271|4|0|10|1,2026|2271|4036|4|0|10|1,,2026,,2271,4036,4,0,10,1,
2026|2271|1|0|10|9,2026|2271|7004|1|0|10|9,,2026,,2271,7004,1,0,10,9,
2026|2271|3|0|10|9,2026|2271|7004|3|0|10|9,,2026,,2271,7004,3,0,10,9,
2026|2271|3|0|68|1,2026|2271|2500|3|0|68|1,,2026,,2271,2500,3,0,68,1,
2026|2271|3|0|10|1,2026|2271|2500|3|0|10|1,,2026,,2271,2500,3,0,10,1,
2026|2271|4|0|68|1,2026|2271|2500|4|0|68|1,,2026,,2271,2500,4,0,68,1,
2026|2271|4|0|47|1,2026|2271|2500|4|0|47|1,,2026,,2271,2500,4,0,47,1,
2026|2271|4|0|10|1,2026|2271|2500|4|0|10|1,,2026,,2271,2500,4,0,10,1,
2026|2271|1|0|57|2,2026|2271|2417|1|0|57|2,,2026,,2271,2417,1,0,57,2,
2026|2271|1|0|10|1,2026|2271|2417|1|0|10|1,,2026,,2271,2417,1,0,10,1,
2026|2271|3|0|10|1,2026|2271|2417|3|0|10|1,,2026,,2271,2417,3,0,10,1,
2026|2271|3|0|10|7,2026|2271|2417|3|0|10|7,,2026,,2271,2417,3,0,10,7,
2026|2281|3|0|36|1,2026|2281|4300|3|0|36|1,,2026,,2281,4300,3,0,36,1,
2026|2281|3|0|10|1,2026|2281|4300|3|0|10|1,,2026,,2281,4300,3,0,10,1,
2026|2281|1|0|10|9,2026|2281|7004|1|0|10|9,,2026,,2281,7004,1,0,10,9,
2026|2281|3|0|10|9,2026|2281|7004|3|0|10|9,,2026,,2281,7004,3,0,10,9,
2026|2281|3|0|10|1,2026|2281|2500|3|0|10|1,,2026,,2281,2500,3,0,10,1,
2026|2281|1|0|10|1,2026|2281|2417|1|0|10|1,,2026,,2281,2417,1,0,10,1,
2026|2281|3|0|10|7,2026|2281|2417|3|0|10|7,,2026,,2281,2417,3,0,10,7,
2026|2301|4|0|10|0,2026|2301|4280|4|0|10|0,,2026,,2301,4280,4,0,10,0,
2026|2301|4|0|89|1,2026|2301|4280|4|0|89|1,,2026,,2301,4280,4,0,89,1,
2026|2301|3|0|10|1,2026|2301|4530|3|0|10|1,,2026,,2301,4530,3,0,10,1,
2026|2301|3|0|10|1,2026|2301|4284|3|0|10|1,,2026,,2301,4284,3,0,10,1,
2026|2301|4|0|10|0,2026|2301|4284|4|0|10|0,,2026,,2301,4284,4,0,10,0,
2026|2301|4|0|89|1,2026|2301|4284|4|0|89|1,,2026,,2301,4284,4,0,89,1,
2026|2301|4|0|95|1,2026|2301|4287|4|0|95|1,,2026,,2301,4287,4,0,95,1,
2026|2301|3|0|10|1,2026|2301|4162|3|0|10|1,,2026,,2301,4162,3,0,10,1,
2026|2301|4|0|10|0,2026|2301|4162|4|0|10|0,,2026,,2301,4162,4,0,10,0,
2026|2301|4|0|89|1,2026|2301|4272|4|0|89|1,,2026,,2301,4272,4,0,89,1,
2026|2301|4|0|10|0,2026|2301|4272|4|0|10|0,,2026,,2301,4272,4,0,10,0,
2026|2301|4|0|10|1,2026|2301|4272|4|0|10|1,,2026,,2301,4272,4,0,10,1,
2026|2301|4|0|33|1,2026|2301|4272|4|0|33|1,,2026,,2301,4272,4,0,33,1,
2026|2301|4|0|33|0,2026|2301|4268|4|0|33|0,,2026,,2301,4268,4,0,33,0,
2026|2301|4|0|10|8,2026|2301|4268|4|0|10|8,,2026,,2301,4268,4,0,10,8,
2026|2301|4|0|10|0,2026|2301|4268|4|0|10|0,,2026,,2301,4268,4,0,10,0,
2026|2301|4|0|80|1,2026|2301|4268|4|0|80|1,,2026,,2301,4268,4,0,80,1,
2026|2301|4|0|10|1,2026|2301|4268|4|0|10|1,,2026,,2301,4268,4,0,10,1,
2026|2301|3|0|10|1,2026|2301|4275|3|0|10|1,,2026,,2301,4275,3,0,10,1,
2026|2301|4|0|97|1,2026|2301|4275|4|0|97|1,,2026,,2301,4275,4,0,97,1,
2026|2301|4|0|10|8,2026|2301|4275|4|0|10|8,,2026,,2301,4275,4,0,10,8,
2026|2301|4|0|69|1,2026|2301|4275|4|0|69|1,,2026,,2301,4275,4,0,69,1,
2026|2301|4|0|10|3,2026|2301|4275|4|0|10|3,,2026,,2301,4275,4,0,10,3,
2026|2301|4|0|25|1,2026|2301|4275|4|0|25|1,,2026,,2301,4275,4,0,25,1,
2026|2301|4|0|10|1,2026|2301|4275|4|0|10|1,,2026,,2301,4275,4,0,10,1,
2026|2301|4|0|68|1,2026|2301|4275|4|0|68|1,,2026,,2301,4275,4,0,68,1,
2026|2301|4|0|70|1,2026|2301|4275|4|0|70|1,,2026,,2301,4275,4,0,70,1,
2026|2301|4|0|33|0,2026|2301|4275|4|0|33|0,,2026,,2301,4275,4,0,33,0,
2026|2301|4|0|74|1,2026|2301|4275|4|0|74|1,,2026,,2301,4275,4,0,74,1,
2026|2301|4|0|33|1,2026|2301|4275|4|0|33|1,,2026,,2301,4275,4,0,33,1,
2026|2301|4|0|80|1,2026|2301|4275|4|0|80|1,,2026,,2301,4275,4,0,80,1,
2026|2301|4|0|10|0,2026|2301|4275|4|0|10|0,,2026,,2301,4275,4,0,10,0,
2026|2301|4|0|95|1,2026|2301|4289|4|0|95|1,,2026,,2301,4289,4,0,95,1,
2026|2301|4|0|32|0,2026|2301|4385|4|0|32|0,,2026,,2301,4385,4,0,32,0,
2026|2301|4|0|10|0,2026|2301|4385|4|0|10|0,,2026,,2301,4385,4,0,10,0,
2026|2301|4|0|33|1,2026|2301|4385|4|0|33|1,,2026,,2301,4385,4,0,33,1,
2026|2301|4|0|33|0,2026|2301|4385|4|0|33|0,,2026,,2301,4385,4,0,33,0,
2026|2301|4|0|80|1,2026|2301|4385|4|0|80|1,,2026,,2301,4385,4,0,80,1,
2026|2301|4|0|10|1,2026|2301|4385|4|0|10|1,,2026,,2301,4385,4,0,10,1,
2026|2301|3|0|10|1,2026|2301|4293|3|0|10|1,,2026,,2301,4293,3,0,10,1,
2026|2301|4|0|89|1,2026|2301|4293|4|0|89|1,,2026,,2301,4293,4,0,89,1,
2026|2301|4|0|10|8,2026|2301|4293|4|0|10|8,,2026,,2301,4293,4,0,10,8,
2026|2301|4|0|80|1,2026|2301|4293|4|0|80|1,,2026,,2301,4293,4,0,80,1,
2026|2301|4|0|51|1,2026|2301|4293|4|0|51|1,,2026,,2301,4293,4,0,51,1,
2026|2301|4|0|32|0,2026|2301|4293|4|0|32|0,,2026,,2301,4293,4,0,32,0,
2026|2301|1|0|10|9,2026|2301|7004|1|0|10|9,,2026,,2301,7004,1,0,10,9,
2026|2301|3|0|10|9,2026|2301|7004|3|0|10|9,,2026,,2301,7004,3,0,10,9,
2026|2301|4|0|10|9,2026|2301|7004|4|0|10|9,,2026,,2301,7004,4,0,10,9,
2026|2301|3|0|91|1,2026|2301|2500|3|0|91|1,,2026,,2301,2500,3,0,91,1,
2026|2301|3|0|10|1,2026|2301|2500|3|0|10|1,,2026,,2301,2500,3,0,10,1,
2026|2301|4|0|10|1,2026|2301|2500|4|0|10|1,,2026,,2301,2500,4,0,10,1,
2026|2301|1|0|10|1,2026|2301|2417|1|0|10|1,,2026,,2301,2417,1,0,10,1,
2026|2301|3|0|10|1,2026|2301|2417|3|0|10|1,,2026,,2301,2417,3,0,10,1,
2026|2301|3|0|10|7,2026|2301|2417|3|0|10|7,,2026,,2301,2417,3,0,10,7,
2026|2311|3|0|10|8,2026|2311|4004|3|0|10|8,,2026,,2311,4004,3,0,10,8,
2026|2311|3|0|10|1,2026|2311|4004|3|0|10|1,,2026,,2311,4004,3,0,10,1,
2026|2311|4|0|10|8,2026|2311|4004|4|0|10|8,,2026,,2311,4004,4,0,10,8,
2026|2311|3|0|10|8,2026|2311|4002|3|0|10|8,,2026,,2311,4002,3,0,10,8,
2026|2311|3|0|10|1,2026|2311|4002|3|0|10|1,,2026,,2311,4002,3,0,10,1,
2026|2311|3|0|68|1,2026|2311|4002|3|0|68|1,,2026,,2311,4002,3,0,68,1,
2026|2311|3|0|10|8,2026|2311|4005|3|0|10|8,,2026,,2311,4005,3,0,10,8,
2026|2311|3|0|10|1,2026|2311|4005|3|0|10|1,,2026,,2311,4005,3,0,10,1,
2026|2311|4|0|10|8,2026|2311|4005|4|0|10|8,,2026,,2311,4005,4,0,10,8,
2026|2311|3|0|60|1,2026|2311|4550|3|0|60|1,,2026,,2311,4550,3,0,60,1,
2026|2311|3|0|10|3,2026|2311|4411|3|0|10|3,,2026,,2311,4411,3,0,10,3,
2026|2311|3|0|10|8,2026|2311|4411|3|0|10|8,,2026,,2311,4411,3,0,10,8,
2026|2311|3|0|70|1,2026|2311|4411|3|0|70|1,,2026,,2311,4411,3,0,70,1,
2026|2311|3|0|10|1,2026|2311|4411|3|0|10|1,,2026,,2311,4411,3,0,10,1,
2026|2311|4|0|10|3,2026|2311|4411|4|0|10|3,,2026,,2311,4411,4,0,10,3,
2026|2311|4|0|10|1,2026|2311|4411|4|0|10|1,,2026,,2311,4411,4,0,10,1,
2026|2311|4|0|1|1,2026|2311|4411|4|0|1|1,,2026,,2311,4411,4,0,1,1,
2026|2311|4|0|70|1,2026|2311|4411|4|0|70|1,,2026,,2311,4411,4,0,70,1,
2026|2311|3|0|10|3,2026|2311|4006|3|0|10|3,,2026,,2311,4006,3,0,10,3,
2026|2311|3|0|36|1,2026|2311|4006|3|0|36|1,,2026,,2311,4006,3,0,36,1,
2026|2311|3|0|10|1,2026|2311|4006|3|0|10|1,,2026,,2311,4006,3,0,10,1,
2026|2311|4|0|10|1,2026|2311|4006|4|0|10|1,,2026,,2311,4006,4,0,10,1,
2026|2311|4|0|36|1,2026|2311|4006|4|0|36|1,,2026,,2311,4006,4,0,36,1,
2026|2311|4|0|24|1,2026|2311|4006|4|0|24|1,,2026,,2311,4006,4,0,24,1,
2026|2311|3|0|10|8,2026|2311|4001|3|0|10|8,,2026,,2311,4001,3,0,10,8,
2026|2311|3|0|60|3,2026|2311|4001|3|0|60|3,,2026,,2311,4001,3,0,60,3,
2026|2311|3|0|10|3,2026|2311|4001|3|0|10|3,,2026,,2311,4001,3,0,10,3,
2026|2311|3|0|10|1,2026|2311|4001|3|0|10|1,,2026,,2311,4001,3,0,10,1,
2026|2311|3|0|24|1,2026|2311|4001|3|0|24|1,,2026,,2311,4001,3,0,24,1,
2026|2311|4|0|10|8,2026|2311|4001|4|0|10|8,,2026,,2311,4001,4,0,10,8,
2026|2311|4|0|24|1,2026|2311|4001|4|0|24|1,,2026,,2311,4001,4,0,24,1,
2026|2311|4|0|10|1,2026|2311|4001|4|0|10|1,,2026,,2311,4001,4,0,10,1,
2026|2311|3|0|10|3,2026|2311|4017|3|0|10|3,,2026,,2311,4017,3,0,10,3,
2026|2311|3|0|70|1,2026|2311|4017|3|0|70|1,,2026,,2311,4017,3,0,70,1,
2026|2311|3|0|10|1,2026|2311|4017|3|0|10|1,,2026,,2311,4017,3,0,10,1,
2026|2311|4|0|1|1,2026|2311|4017|4|0|1|1,,2026,,2311,4017,4,0,1,1,
2026|2311|4|0|10|1,2026|2311|4017|4|0|10|1,,2026,,2311,4017,4,0,10,1,
2026|2311|4|0|70|1,2026|2311|4017|4|0|70|1,,2026,,2311,4017,4,0,70,1,
2026|2311|1|0|60|9,2026|2311|7004|1|0|60|9,,2026,,2311,7004,1,0,60,9,
2026|2311|3|0|60|9,2026|2311|7004|3|0|60|9,,2026,,2311,7004,3,0,60,9,
2026|2311|3|0|10|8,2026|2311|2500|3|0|10|8,,2026,,2311,2500,3,0,10,8,
2026|2311|3|0|10|1,2026|2311|2500|3|0|10|1,,2026,,2311,2500,3,0,10,1,
2026|2311|4|0|10|1,2026|2311|2500|4|0|10|1,,2026,,2311,2500,4,0,10,1,
2026|2311|1|0|60|1,2026|2311|2417|1|0|60|1,,2026,,2311,2417,1,0,60,1,
2026|2311|1|0|57|2,2026|2311|2417|1|0|57|2,,2026,,2311,2417,1,0,57,2,
2026|2311|1|0|10|1,2026|2311|2417|1|0|10|1,,2026,,2311,2417,1,0,10,1,
2026|2311|3|0|10|1,2026|2311|2417|3|0|10|1,,2026,,2311,2417,3,0,10,1,
2026|2311|3|0|10|7,2026|2311|2417|3|0|10|7,,2026,,2311,2417,3,0,10,7,
2026|2321|3|0|10|1,2026|2321|4237|3|0|10|1,,2026,,2321,4237,3,0,10,1,
2026|2321|4|0|10|1,2026|2321|4237|4|0|10|1,,2026,,2321,4237,4,0,10,1,
2026|2321|3|0|24|1,2026|2321|4222|3|0|24|1,,2026,,2321,4222,3,0,24,1,
2026|2321|3|0|10|1,2026|2321|4222|3|0|10|1,,2026,,2321,4222,3,0,10,1,
2026|2321|4|0|47|1,2026|2321|4222|4|0|47|1,,2026,,2321,4222,4,0,47,1,
2026|2321|4|0|10|8,2026|2321|4222|4|0|10|8,,2026,,2321,4222,4,0,10,8,
2026|2321|4|0|10|3,2026|2321|4222|4|0|10|3,,2026,,2321,4222,4,0,10,3,
2026|2321|4|0|24|1,2026|2321|4222|4|0|24|1,,2026,,2321,4222,4,0,24,1,
2026|2321|4|0|1|1,2026|2321|4222|4|0|1|1,,2026,,2321,4222,4,0,1,1,
2026|2321|4|0|10|1,2026|2321|4222|4|0|10|1,,2026,,2321,4222,4,0,10,1,
2026|2321|3|0|10|1,2026|2321|4212|3|0|10|1,,2026,,2321,4212,3,0,10,1,
2026|2321|1|0|60|9,2026|2321|7004|1|0|60|9,,2026,,2321,7004,1,0,60,9,
2026|2321|3|0|60|9,2026|2321|7004|3|0|60|9,,2026,,2321,7004,3,0,60,9,
2026|2321|1|0|57|2,2026|2321|2417|1|0|57|2,,2026,,2321,2417,1,0,57,2,
2026|2321|1|0|10|1,2026|2321|2417|1|0|10|1,,2026,,2321,2417,1,0,10,1,
2026|2321|3|0|10|7,2026|2321|2417|3|0|10|7,,2026,,2321,2417,3,0,10,7,
2026|2331|3|0|73|1,2026|2331|4026|3|0|73|1,,2026,,2331,4026,3,0,73,1,
2026|2331|4|0|73|1,2026|2331|4026|4|0|73|1,,2026,,2331,4026,4,0,73,1,
2026|2331|3|0|73|1,2026|2331|4024|3|0|73|1,,2026,,2331,4024,3,0,73,1,
2026|2331|4|0|73|1,2026|2331|4024|4|0|73|1,,2026,,2331,4024,4,0,73,1,
2026|2331|1|0|73|9,2026|2331|7004|1|0|73|9,,2026,,2331,7004,1,0,73,9,
2026|2331|3|0|73|1,2026|2331|2500|3|0|73|1,,2026,,2331,2500,3,0,73,1,
2026|2331|4|0|73|1,2026|2331|2500|4|0|73|1,,2026,,2331,2500,4,0,73,1,
2026|2331|1|0|10|1,2026|2331|2417|1|0|10|1,,2026,,2331,2417,1,0,10,1,
2026|2331|1|0|73|1,2026|2331|2417|1|0|73|1,,2026,,2331,2417,1,0,73,1,
2026|2331|3|0|73|7,2026|2331|2417|3|0|73|7,,2026,,2331,2417,3,0,73,7,
2026|2351|3|0|10|1,2026|2351|1018|3|0|10|1,,2026,,2351,1018,3,0,10,1,
2026|2351|3|0|10|1,2026|2351|4088|3|0|10|1,,2026,,2351,4088,3,0,10,1,
2026|2351|4|0|10|1,2026|2351|4088|4|0|10|1,,2026,,2351,4088,4,0,10,1,
2026|2351|3|0|70|1,2026|2351|4089|3|0|70|1,,2026,,2351,4089,3,0,70,1,
2026|2351|3|0|10|3,2026|2351|4089|3|0|10|3,,2026,,2351,4089,3,0,10,3,
2026|2351|3|0|1|1,2026|2351|4089|3|0|1|1,,2026,,2351,4089,3,0,1,1,
2026|2351|3|0|10|1,2026|2351|4089|3|0|10|1,,2026,,2351,4089,3,0,10,1,
2026|2351|3|0|10|8,2026|2351|4089|3|0|10|8,,2026,,2351,4089,3,0,10,8,
2026|2351|4|0|68|1,2026|2351|4089|4|0|68|1,,2026,,2351,4089,4,0,68,1,
2026|2351|4|0|10|3,2026|2351|4089|4|0|10|3,,2026,,2351,4089,4,0,10,3,
2026|2351|4|0|10|1,2026|2351|4089|4|0|10|1,,2026,,2351,4089,4,0,10,1,
2026|2351|4|0|1|1,2026|2351|4089|4|0|1|1,,2026,,2351,4089,4,0,1,1,
2026|2351|4|0|3|1,2026|2351|4089|4|0|3|1,,2026,,2351,4089,4,0,3,1,
2026|2351|4|0|36|1,2026|2351|4089|4|0|36|1,,2026,,2351,4089,4,0,36,1,
2026|2351|4|0|10|8,2026|2351|4089|4|0|10|8,,2026,,2351,4089,4,0,10,8,
2026|2351|3|0|10|1,2026|2351|4087|3|0|10|1,,2026,,2351,4087,3,0,10,1,
2026|2351|4|0|10|8,2026|2351|4087|4|0|10|8,,2026,,2351,4087,4,0,10,8,
2026|2351|3|0|10|8,2026|2351|4090|3|0|10|8,,2026,,2351,4090,3,0,10,8,
2026|2351|3|0|10|1,2026|2351|4090|3|0|10|1,,2026,,2351,4090,3,0,10,1,
2026|2351|3|0|60|1,2026|2351|4086|3|0|60|1,,2026,,2351,4086,3,0,60,1,
2026|2351|3|0|10|3,2026|2351|4086|3|0|10|3,,2026,,2351,4086,3,0,10,3,
2026|2351|3|0|10|8,2026|2351|4086|3|0|10|8,,2026,,2351,4086,3,0,10,8,
2026|2351|3|0|24|1,2026|2351|4086|3|0|24|1,,2026,,2351,4086,3,0,24,1,
2026|2351|3|0|10|1,2026|2351|4086|3|0|10|1,,2026,,2351,4086,3,0,10,1,
2026|2351|4|0|60|1,2026|2351|4086|4|0|60|1,,2026,,2351,4086,4,0,60,1,
2026|2351|4|0|10|3,2026|2351|4086|4|0|10|3,,2026,,2351,4086,4,0,10,3,
2026|2351|4|0|24|1,2026|2351|4086|4|0|24|1,,2026,,2351,4086,4,0,24,1,
2026|2351|4|0|97|1,2026|2351|4086|4|0|97|1,,2026,,2351,4086,4,0,97,1,
2026|2351|4|0|10|8,2026|2351|4086|4|0|10|8,,2026,,2351,4086,4,0,10,8,
2026|2351|4|0|10|1,2026|2351|4086|4|0|10|1,,2026,,2351,4086,4,0,10,1,
2026|2351|1|0|60|9,2026|2351|7004|1|0|60|9,,2026,,2351,7004,1,0,60,9,
2026|2351|1|0|10|9,2026|2351|7004|1|0|10|9,,2026,,2351,7004,1,0,10,9,
2026|2351|3|0|10|9,2026|2351|7004|3|0|10|9,,2026,,2351,7004,3,0,10,9,
2026|2351|3|0|10|1,2026|2351|2500|3|0|10|1,,2026,,2351,2500,3,0,10,1,
2026|2351|1|0|10|1,2026|2351|2417|1|0|10|1,,2026,,2351,2417,1,0,10,1,
2026|2351|3|0|10|1,2026|2351|2417|3|0|10|1,,2026,,2351,2417,3,0,10,1,
2026|2351|3|0|10|7,2026|2351|2417|3|0|10|7,,2026,,2351,2417,3,0,10,7,
2026|2361|3|0|60|1,2026|2361|7208|3|0|60|1,,2026,,2361,7208,3,0,60,1,
2026|2361|3|0|60|9,2026|2361|7004|3|0|60|9,,2026,,2361,7004,3,0,60,9,
2026|2361|1|0|60|1,2026|2361|2009|1|0|60|1,,2026,,2361,2009,1,0,60,1,
2026|2361|3|0|60|1,2026|2361|2009|3|0|60|1,,2026,,2361,2009,3,0,60,1,
2026|2361|4|0|60|1,2026|2361|2009|4|0|60|1,,2026,,2361,2009,4,0,60,1,
2026|2361|3|0|60|1,2026|2361|2113|3|0|60|1,,2026,,2361,2113,3,0,60,1,
2026|2361|4|0|60|1,2026|2361|2114|4|0|60|1,,2026,,2361,2114,4,0,60,1,
2026|2361|5|0|60|1,2026|2361|2114|5|0|60|1,,2026,,2361,2114,5,0,60,1,
2026|2371|3|0|80|1,2026|2371|4238|3|0|80|1,,2026,,2371,4238,3,0,80,1,
2026|2371|4|0|80|1,2026|2371|4238|4|0|80|1,,2026,,2371,4238,4,0,80,1,
2026|2371|3|0|91|1,2026|2371|4252|3|0|91|1,,2026,,2371,4252,3,0,91,1,
2026|2371|3|0|91|1,2026|2371|4203|3|0|91|1,,2026,,2371,4203,3,0,91,1,
2026|2371|3|1|1|1,2026|2371|4228|3|1|1|1,,2026,,2371,4228,3,1,1,1,
2026|2371|3|1|95|1,2026|2371|4228|3|1|95|1,,2026,,2371,4228,3,1,95,1,
2026|2371|3|0|91|1,2026|2371|4206|3|0|91|1,,2026,,2371,4206,3,0,91,1,
2026|2371|3|0|1|1,2026|2371|4202|3|0|1|1,,2026,,2371,4202,3,0,1,1,
2026|2371|3|0|91|1,2026|2371|4202|3|0|91|1,,2026,,2371,4202,3,0,91,1,
2026|2371|4|0|47|1,2026|2371|4202|4|0|47|1,,2026,,2371,4202,4,0,47,1,
2026|2371|3|0|91|1,2026|2371|4318|3|0|91|1,,2026,,2371,4318,3,0,91,1,
2026|2371|3|0|60|1,2026|2371|4317|3|0|60|1,,2026,,2371,4317,3,0,60,1,
2026|2371|3|0|91|1,2026|2371|4317|3|0|91|1,,2026,,2371,4317,3,0,91,1,
2026|2371|3|0|91|1,2026|2371|4319|3|0|91|1,,2026,,2371,4319,3,0,91,1,
2026|2371|4|0|47|1,2026|2371|4319|4|0|47|1,,2026,,2371,4319,4,0,47,1,
2026|2371|3|0|91|1,2026|2371|4498|3|0|91|1,,2026,,2371,4498,3,0,91,1,
2026|2371|3|0|91|1,2026|2371|4440|3|0|91|1,,2026,,2371,4440,3,0,91,1,
2026|2371|4|0|24|1,2026|2371|4440|4|0|24|1,,2026,,2371,4440,4,0,24,1,
2026|2371|3|0|91|1,2026|2371|4439|3|0|91|1,,2026,,2371,4439,3,0,91,1,
2026|2371|1|0|91|9,2026|2371|7004|1|0|91|9,,2026,,2371,7004,1,0,91,9,
2026|2371|3|0|91|9,2026|2371|7004|3|0|91|9,,2026,,2371,7004,3,0,91,9,
2026|2371|3|0|91|1,2026|2371|2500|3|0|91|1,,2026,,2371,2500,3,0,91,1,
2026|2371|3|0|60|1,2026|2371|2500|3|0|60|1,,2026,,2371,2500,3,0,60,1,
2026|2371|4|0|47|1,2026|2371|2500|4|0|47|1,,2026,,2371,2500,4,0,47,1,
2026|2371|4|0|91|1,2026|2371|2500|4|0|91|1,,2026,,2371,2500,4,0,91,1,
2026|2371|1|0|60|1,2026|2371|2417|1|0|60|1,,2026,,2371,2417,1,0,60,1,
2026|2371|1|0|91|1,2026|2371|2417|1|0|91|1,,2026,,2371,2417,1,0,91,1,
2026|2371|1|0|10|1,2026|2371|2417|1|0|10|1,,2026,,2371,2417,1,0,10,1,
2026|2371|3|0|60|1,2026|2371|2417|3|0|60|1,,2026,,2371,2417,3,0,60,1,
2026|2371|3|0|10|7,2026|2371|2417|3|0|10|7,,2026,,2371,2417,3,0,10,7,
2026|2421|3|0|71|1,2026|2421|1043|3|0|71|1,,2026,,2421,1043,3,0,71,1,
2026|2421|3|0|10|3,2026|2421|1095|3|0|10|3,,2026,,2421,1095,3,0,10,3,
2026|2421|3|0|71|1,2026|2421|1095|3|0|71|1,,2026,,2421,1095,3,0,71,1,
2026|2421|3|0|24|1,2026|2421|1095|3|0|24|1,,2026,,2421,1095,3,0,24,1,
2026|2421|4|0|10|3,2026|2421|1095|4|0|10|3,,2026,,2421,1095,4,0,10,3,
2026|2421|4|0|24|1,2026|2421|1095|4|0|24|1,,2026,,2421,1095,4,0,24,1,
2026|2421|1|0|71|1,2026|2421|1016|1|0|71|1,,2026,,2421,1016,1,0,71,1,
2026|2421|3|0|10|4,2026|2421|1016|3|0|10|4,,2026,,2421,1016,3,0,10,4,
2026|2421|3|0|71|7,2026|2421|1016|3|0|71|7,,2026,,2421,1016,3,0,71,7,
2026|2421|3|0|71|1,2026|2421|1016|3|0|71|1,,2026,,2421,1016,3,0,71,1,
2026|2421|4|0|10|8,2026|2421|1016|4|0|10|8,,2026,,2421,1016,4,0,10,8,
2026|2421|4|0|10|4,2026|2421|1016|4|0|10|4,,2026,,2421,1016,4,0,10,4,
2026|2421|4|0|71|1,2026|2421|1016|4|0|71|1,,2026,,2421,1016,4,0,71,1,
2026|2421|4|0|24|1,2026|2421|1016|4|0|24|1,,2026,,2421,1016,4,0,24,1,
2026|2421|3|0|71|3,2026|2421|1032|3|0|71|3,,2026,,2421,1032,3,0,71,3,
2026|2421|3|0|1|1,2026|2421|1032|3|0|1|1,,2026,,2421,1032,3,0,1,1,
2026|2421|3|0|71|1,2026|2421|1032|3|0|71|1,,2026,,2421,1032,3,0,71,1,
2026|2421|3|0|24|1,2026|2421|1032|3|0|24|1,,2026,,2421,1032,3,0,24,1,
2026|2421|3|0|10|8,2026|2421|1032|3|0|10|8,,2026,,2421,1032,3,0,10,8,
2026|2421|4|0|15|1,2026|2421|1032|4|0|15|1,,2026,,2421,1032,4,0,15,1,
2026|2421|3|0|71|1,2026|2421|4323|3|0|71|1,,2026,,2421,4323,3,0,71,1,
2026|2421|1|0|71|1,2026|2421|4325|1|0|71|1,,2026,,2421,4325,1,0,71,1,
2026|2421|3|0|10|3,2026|2421|4325|3|0|10|3,,2026,,2421,4325,3,0,10,3,
2026|2421|3|0|71|1,2026|2421|4325|3|0|71|1,,2026,,2421,4325,3,0,71,1,
2026|2421|3|0|71|7,2026|2421|4325|3|0|71|7,,2026,,2421,4325,3,0,71,7,
2026|2421|3|0|24|1,2026|2421|4325|3|0|24|1,,2026,,2421,4325,3,0,24,1,
2026|2421|4|0|10|8,2026|2421|4325|4|0|10|8,,2026,,2421,4325,4,0,10,8,
2026|2421|1|0|71|1,2026|2421|4516|1|0|71|1,,2026,,2421,4516,1,0,71,1,
2026|2421|3|0|71|1,2026|2421|4516|3|0|71|1,,2026,,2421,4516,3,0,71,1,
2026|2421|3|0|71|7,2026|2421|4516|3|0|71|7,,2026,,2421,4516,3,0,71,7,
2026|2421|4|0|10|8,2026|2421|4516|4|0|10|8,,2026,,2421,4516,4,0,10,8,
2026|2421|4|0|71|1,2026|2421|4516|4|0|71|1,,2026,,2421,4516,4,0,71,1,
2026|2421|4|0|15|1,2026|2421|4516|4|0|15|1,,2026,,2421,4516,4,0,15,1,
2026|2421|3|0|71|3,2026|2421|4320|3|0|71|3,,2026,,2421,4320,3,0,71,3,
2026|2421|3|0|71|1,2026|2421|4320|3|0|71|1,,2026,,2421,4320,3,0,71,1,
2026|2421|3|0|24|1,2026|2421|4320|3|0|24|1,,2026,,2421,4320,3,0,24,1,
2026|2421|1|0|10|9,2026|2421|7004|1|0|10|9,,2026,,2421,7004,1,0,10,9,
2026|2421|3|0|10|9,2026|2421|7004|3|0|10|9,,2026,,2421,7004,3,0,10,9,
2026|2421|1|0|71|1,2026|2421|2500|1|0|71|1,,2026,,2421,2500,1,0,71,1,
2026|2421|3|0|71|7,2026|2421|2500|3|0|71|7,,2026,,2421,2500,3,0,71,7,
2026|2421|3|0|71|1,2026|2421|2500|3|0|71|1,,2026,,2421,2500,3,0,71,1,
2026|2431|3|0|60|1,2026|2431|4446|3|0|60|1,,2026,,2431,4446,3,0,60,1,
2026|2431|4|0|24|1,2026|2431|4447|4|0|24|1,,2026,,2431,4447,4,0,24,1,
2026|2431|1|0|10|9,2026|2431|7004|1|0|10|9,,2026,,2431,7004,1,0,10,9,
2026|2431|3|0|10|1,2026|2431|2500|3|0|10|1,,2026,,2431,2500,3,0,10,1,
2026|2431|3|0|60|1,2026|2431|2500|3|0|60|1,,2026,,2431,2500,3,0,60,1,
2026|2431|4|0|10|1,2026|2431|2500|4|0|10|1,,2026,,2431,2500,4,0,10,1,
2026|2431|1|0|10|1,2026|2431|2417|1|0|10|1,,2026,,2431,2417,1,0,10,1,
2026|2431|3|0|10|7,2026|2431|2417|3|0|10|7,,2026,,2431,2417,3,0,10,7,
2026|2441|3|0|59|1,2026|2441|4015|3|0|59|1,,2026,,2441,4015,3,0,59,1,
2026|2441|3|0|59|1,2026|2441|4013|3|0|59|1,,2026,,2441,4013,3,0,59,1,
2026|2441|3|0|59|1,2026|2441|4014|3|0|59|1,,2026,,2441,4014,3,0,59,1,
2026|2441|1|0|59|9,2026|2441|7004|1|0|59|9,,2026,,2441,7004,1,0,59,9,
2026|2441|3|0|59|1,2026|2441|2500|3|0|59|1,,2026,,2441,2500,3,0,59,1,
2026|2441|1|0|59|1,2026|2441|2417|1|0|59|1,,2026,,2441,2417,1,0,59,1,
2026|2441|3|0|59|7,2026|2441|2417|3|0|59|7,,2026,,2441,2417,3,0,59,7,
2026|2461|3|0|32|1,2026|2461|4286|3|0|32|1,,2026,,2461,4286,3,0,32,1,
2026|2461|3|0|10|1,2026|2461|4286|3|0|10|1,,2026,,2461,4286,3,0,10,1,
2026|2461|4|0|32|1,2026|2461|4286|4|0|32|1,,2026,,2461,4286,4,0,32,1,
2026|2461|3|0|60|1,2026|2461|4273|3|0|60|1,,2026,,2461,4273,3,0,60,1,
2026|2461|3|0|32|1,2026|2461|4273|3|0|32|1,,2026,,2461,4273,3,0,32,1,
2026|2461|3|1|10|3,2026|2461|4528|3|1|10|3,,2026,,2461,4528,3,1,10,3,
2026|2461|3|1|32|1,2026|2461|4528|3|1|32|1,,2026,,2461,4528,3,1,32,1,
2026|2461|3|1|24|1,2026|2461|4528|3|1|24|1,,2026,,2461,4528,3,1,24,1,
2026|2461|1|0|10|9,2026|2461|7004|1|0|10|9,,2026,,2461,7004,1,0,10,9,
2026|2461|3|0|10|1,2026|2461|2500|3|0|10|1,,2026,,2461,2500,3,0,10,1,
2026|2461|1|0|10|1,2026|2461|2417|1|0|10|1,,2026,,2461,2417,1,0,10,1,
2026|2461|3|0|10|7,2026|2461|2417|3|0|10|7,,2026,,2461,2417,3,0,10,7,
2026|2471|3|0|60|2,2026|2471|4406|3|0|60|2,,2026,,2471,4406,3,0,60,2,
2026|2471|3|0|10|1,2026|2471|4406|3|0|10|1,,2026,,2471,4406,3,0,10,1,
2026|2471|4|0|10|1,2026|2471|4406|4|0|10|1,,2026,,2471,4406,4,0,10,1,
2026|2471|4|0|60|2,2026|2471|4406|4|0|60|2,,2026,,2471,4406,4,0,60,2,
2026|2471|3|0|10|1,2026|2471|2500|3|0|10|1,,2026,,2471,2500,3,0,10,1,
2026|2471|4|0|10|1,2026|2471|2500|4|0|10|1,,2026,,2471,2500,4,0,10,1,
2026|2471|1|0|10|1,2026|2471|2417|1|0|10|1,,2026,,2471,2417,1,0,10,1,
2026|2471|3|0|10|7,2026|2471|2417|3|0|10|7,,2026,,2471,2417,3,0,10,7,
2026|2481|3|0|15|1,2026|2481|4492|3|0|15|1,,2026,,2481,4492,3,0,15,1,
2026|2481|3|0|82|1,2026|2481|4492|3|0|82|1,,2026,,2481,4492,3,0,82,1,
2026|2481|3|0|15|1,2026|2481|4495|3|0|15|1,,2026,,2481,4495,3,0,15,1,
2026|2481|3|0|82|1,2026|2481|4495|3|0|82|1,,2026,,2481,4495,3,0,82,1,
2026|2481|3|0|82|1,2026|2481|4496|3|0|82|1,,2026,,2481,4496,3,0,82,1,
2026|2481|3|0|15|1,2026|2481|4496|3|0|15|1,,2026,,2481,4496,3,0,15,1,
2026|2481|4|0|15|1,2026|2481|4496|4|0|15|1,,2026,,2481,4496,4,0,15,1,
2026|2481|4|0|82|1,2026|2481|4496|4|0|82|1,,2026,,2481,4496,4,0,82,1,
2026|2481|3|0|82|1,2026|2481|4494|3|0|82|1,,2026,,2481,4494,3,0,82,1,
2026|2481|3|0|15|1,2026|2481|4494|3|0|15|1,,2026,,2481,4494,3,0,15,1,
2026|2481|1|0|10|1,2026|2481|4491|1|0|10|1,,2026,,2481,4491,1,0,10,1,
2026|2481|3|0|82|1,2026|2481|4491|3|0|82|1,,2026,,2481,4491,3,0,82,1,
2026|2481|3|0|10|7,2026|2481|4491|3|0|10|7,,2026,,2481,4491,3,0,10,7,
2026|2481|3|0|15|1,2026|2481|4491|3|0|15|1,,2026,,2481,4491,3,0,15,1,
2026|3041|3|0|10|8,2026|3041|4235|3|0|10|8,,2026,,3041,4235,3,0,10,8,
2026|3041|3|0|60|1,2026|3041|4235|3|0|60|1,,2026,,3041,4235,3,0,60,1,
2026|3041|3|0|67|1,2026|3041|4235|3|0|67|1,,2026,,3041,4235,3,0,67,1,
2026|3041|4|0|10|8,2026|3041|4235|4|0|10|8,,2026,,3041,4235,4,0,10,8,
2026|3041|4|0|60|1,2026|3041|4235|4|0|60|1,,2026,,3041,4235,4,0,60,1,
2026|3041|3|0|15|1,2026|3041|4236|3|0|15|1,,2026,,3041,4236,3,0,15,1,
2026|3041|3|0|10|4,2026|3041|4236|3|0|10|4,,2026,,3041,4236,3,0,10,4,
2026|3041|3|0|60|3,2026|3041|4236|3|0|60|3,,2026,,3041,4236,3,0,60,3,
2026|3041|3|0|1|1,2026|3041|4236|3|0|1|1,,2026,,3041,4236,3,0,1,1,
2026|3041|3|0|24|1,2026|3041|4236|3|0|24|1,,2026,,3041,4236,3,0,24,1,
2026|3041|3|0|10|8,2026|3041|4236|3|0|10|8,,2026,,3041,4236,3,0,10,8,
2026|3041|3|0|2|1,2026|3041|4236|3|0|2|1,,2026,,3041,4236,3,0,2,1,
2026|3041|3|0|80|1,2026|3041|4236|3|0|80|1,,2026,,3041,4236,3,0,80,1,
2026|3041|4|0|10|4,2026|3041|4236|4|0|10|4,,2026,,3041,4236,4,0,10,4,
2026|3041|4|0|1|1,2026|3041|4236|4|0|1|1,,2026,,3041,4236,4,0,1,1,
2026|3041|4|0|60|3,2026|3041|4236|4|0|60|3,,2026,,3041,4236,4,0,60,3,
2026|3041|4|0|97|1,2026|3041|4236|4|0|97|1,,2026,,3041,4236,4,0,97,1,
2026|3041|4|0|15|1,2026|3041|4236|4|0|15|1,,2026,,3041,4236,4,0,15,1,
2026|3041|4|0|2|1,2026|3041|4236|4|0|2|1,,2026,,3041,4236,4,0,2,1,
2026|3041|4|0|10|8,2026|3041|4236|4|0|10|8,,2026,,3041,4236,4,0,10,8,
2026|3041|4|0|24|1,2026|3041|4236|4|0|24|1,,2026,,3041,4236,4,0,24,1,
2026|3041|3|0|67|1,2026|3041|1044|3|0|67|1,,2026,,3041,1044,3,0,67,1,
2026|3041|3|0|67|1,2026|3041|1045|3|0|67|1,,2026,,3041,1045,3,0,67,1,
2026|3041|1|0|60|9,2026|3041|7004|1|0|60|9,,2026,,3041,7004,1,0,60,9,
2026|3041|3|0|67|1,2026|3041|2500|3|0|67|1,,2026,,3041,2500,3,0,67,1,
2026|3041|4|0|10|8,2026|3041|2500|4|0|10|8,,2026,,3041,2500,4,0,10,8,
2026|3041|1|0|60|1,2026|3041|2417|1|0|60|1,,2026,,3041,2417,1,0,60,1,
2026|3041|1|0|67|1,2026|3041|2417|1|0|67|1,,2026,,3041,2417,1,0,67,1,
2026|3041|1|0|10|1,2026|3041|2417|1|0|10|1,,2026,,3041,2417,1,0,10,1,
2026|3051|3|0|10|1,2026|3051|4370|3|0|10|1,,2026,,3051,4370,3,0,10,1,
2026|3051|3|0|10|1,2026|3051|4371|3|0|10|1,,2026,,3051,4371,3,0,10,1,
2026|3051|1|0|10|1,2026|3051|4016|1|0|10|1,,2026,,3051,4016,1,0,10,1,
2026|3051|3|0|60|1,2026|3051|4016|3|0|60|1,,2026,,3051,4016,3,0,60,1,
2026|3051|3|0|10|1,2026|3051|4016|3|0|10|1,,2026,,3051,4016,3,0,10,1,
2026|3051|4|0|10|1,2026|3051|4016|4|0|10|1,,2026,,3051,4016,4,0,10,1,
2026|3051|3|0|60|1,2026|3051|4023|3|0|60|1,,2026,,3051,4023,3,0,60,1,
2026|3051|3|0|60|1,2026|3051|4020|3|0|60|1,,2026,,3051,4020,3,0,60,1,
2026|3051|3|0|60|1,2026|3051|4021|3|0|60|1,,2026,,3051,4021,3,0,60,1,
2026|3051|3|0|60|1,2026|3051|4022|3|0|60|1,,2026,,3051,4022,3,0,60,1,
2026|3051|3|0|60|1,2026|3051|4019|3|0|60|1,,2026,,3051,4019,3,0,60,1,
2026|3051|3|0|59|1,2026|3051|4018|3|0|59|1,,2026,,3051,4018,3,0,59,1,
2026|3051|3|0|1|1,2026|3051|4018|3|0|1|1,,2026,,3051,4018,3,0,1,1,
2026|3051|3|0|68|1,2026|3051|4018|3|0|68|1,,2026,,3051,4018,3,0,68,1,
2026|3051|3|0|60|3,2026|3051|4018|3|0|60|3,,2026,,3051,4018,3,0,60,3,
2026|3051|3|0|2|1,2026|3051|4018|3|0|2|1,,2026,,3051,4018,3,0,2,1,
2026|3051|3|0|10|3,2026|3051|4018|3|0|10|3,,2026,,3051,4018,3,0,10,3,
2026|3051|3|0|70|1,2026|3051|4018|3|0|70|1,,2026,,3051,4018,3,0,70,1,
2026|3051|3|0|24|1,2026|3051|4018|3|0|24|1,,2026,,3051,4018,3,0,24,1,
2026|3051|3|0|60|1,2026|3051|4018|3|0|60|1,,2026,,3051,4018,3,0,60,1,
2026|3051|3|0|10|1,2026|3051|4018|3|0|10|1,,2026,,3051,4018,3,0,10,1,
2026|3051|4|0|59|1,2026|3051|4018|4|0|59|1,,2026,,3051,4018,4,0,59,1,
2026|3051|4|0|70|1,2026|3051|4018|4|0|70|1,,2026,,3051,4018,4,0,70,1,
2026|3051|4|0|10|3,2026|3051|4018|4|0|10|3,,2026,,3051,4018,4,0,10,3,
2026|3051|4|0|47|1,2026|3051|4018|4|0|47|1,,2026,,3051,4018,4,0,47,1,
2026|3051|4|0|2|1,2026|3051|4018|4|0|2|1,,2026,,3051,4018,4,0,2,1,
2026|3051|4|0|10|8,2026|3051|4018|4|0|10|8,,2026,,3051,4018,4,0,10,8,
2026|3051|4|0|60|1,2026|3051|4018|4|0|60|1,,2026,,3051,4018,4,0,60,1,
2026|3051|4|0|24|1,2026|3051|4018|4|0|24|1,,2026,,3051,4018,4,0,24,1,
2026|3051|1|0|10|9,2026|3051|7004|1|0|10|9,,2026,,3051,7004,1,0,10,9,
2026|3051|3|0|10|1,2026|3051|2500|3|0|10|1,,2026,,3051,2500,3,0,10,1,
2026|3051|3|0|60|1,2026|3051|2500|3|0|60|1,,2026,,3051,2500,3,0,60,1,
2026|3051|1|0|10|1,2026|3051|2417|1|0|10|1,,2026,,3051,2417,1,0,10,1,
2026|3151|3|1|59|2,2026|3151|4424|3|1|59|2,,2026,,3151,4424,3,1,59,2,
2026|3151|3|0|10|1,2026|3151|4333|3|0|10|1,,2026,,3151,4333,3,0,10,1,
2026|3151|1|0|10|1,2026|3151|2031|1|0|10|1,,2026,,3151,2031,1,0,10,1,
2026|3151|3|0|10|1,2026|3151|2031|3|0|10|1,,2026,,3151,2031,3,0,10,1,
2026|3151|1|0|10|1,2026|3151|4295|1|0|10|1,,2026,,3151,4295,1,0,10,1,
2026|3151|3|0|10|1,2026|3151|4295|3|0|10|1,,2026,,3151,4295,3,0,10,1,
2026|3151|3|0|10|1,2026|3151|4296|3|0|10|1,,2026,,3151,4296,3,0,10,1,
2026|3151|1|0|10|1,2026|3151|4294|1|0|10|1,,2026,,3151,4294,1,0,10,1,
2026|3151|3|0|10|1,2026|3151|4294|3|0|10|1,,2026,,3151,4294,3,0,10,1,
2026|3151|3|0|60|1,2026|3151|4297|3|0|60|1,,2026,,3151,4297,3,0,60,1,
2026|3151|3|0|10|1,2026|3151|4297|3|0|10|1,,2026,,3151,4297,3,0,10,1,
2026|3151|1|0|10|1,2026|3151|4315|1|0|10|1,,2026,,3151,4315,1,0,10,1,
2026|3151|3|0|60|1,2026|3151|4315|3|0|60|1,,2026,,3151,4315,3,0,60,1,
2026|3151|3|0|10|1,2026|3151|4315|3|0|10|1,,2026,,3151,4315,3,0,10,1,
2026|3151|3|0|10|1,2026|3151|2052|3|0|10|1,,2026,,3151,2052,3,0,10,1,
2026|3151|1|0|10|1,2026|3151|4316|1|0|10|1,,2026,,3151,4316,1,0,10,1,
2026|3151|3|0|60|1,2026|3151|4316|3|0|60|1,,2026,,3151,4316,3,0,60,1,
2026|3151|3|0|10|1,2026|3151|4316|3|0|10|1,,2026,,3151,4316,3,0,10,1,
2026|3151|3|0|10|9,2026|3151|7004|3|0|10|9,,2026,,3151,7004,3,0,10,9,
2026|3151|1|0|10|1,2026|3151|2500|1|0|10|1,,2026,,3151,2500,1,0,10,1,
2026|3151|3|0|10|1,2026|3151|2500|3|0|10|1,,2026,,3151,2500,3,0,10,1,
2026|4031|3|0|77|1,2026|4031|2109|3|0|77|1,,2026,,4031,2109,3,0,77,1,
2026|4031|3|0|60|7,2026|4031|2055|3|0|60|7,,2026,,4031,2055,3,0,60,7,
2026|4031|3|0|77|1,2026|4031|2025|3|0|77|1,,2026,,4031,2025,3,0,77,1,
2026|4031|4|0|77|1,2026|4031|2025|4|0|77|1,,2026,,4031,2025,4,0,77,1,
2026|4031|3|0|77|1,2026|4031|2091|3|0|77|1,,2026,,4031,2091,3,0,77,1,
2026|4031|4|0|60|1,2026|4031|2091|4|0|60|1,,2026,,4031,2091,4,0,60,1,
2026|4031|4|0|77|1,2026|4031|2091|4|0|77|1,,2026,,4031,2091,4,0,77,1,
2026|4031|5|0|60|1,2026|4031|2091|5|0|60|1,,2026,,4031,2091,5,0,60,1,
2026|4031|3|0|60|2,2026|4031|4395|3|0|60|2,,2026,,4031,4395,3,0,60,2,
2026|4031|3|0|70|1,2026|4031|4395|3|0|70|1,,2026,,4031,4395,3,0,70,1,
2026|4031|3|0|61|1,2026|4031|4395|3|0|61|1,,2026,,4031,4395,3,0,61,1,
2026|4031|3|0|60|1,2026|4031|4395|3|0|60|1,,2026,,4031,4395,3,0,60,1,
2026|4031|3|0|77|1,2026|4031|4395|3|0|77|1,,2026,,4031,4395,3,0,77,1,
2026|4031|4|0|47|1,2026|4031|4395|4|0|47|1,,2026,,4031,4395,4,0,47,1,
2026|4031|4|0|77|1,2026|4031|4395|4|0|77|1,,2026,,4031,4395,4,0,77,1,
2026|4031|4|0|60|1,2026|4031|4395|4|0|60|1,,2026,,4031,4395,4,0,60,1,
2026|4091|3|0|45|1,2026|4091|4207|3|0|45|1,,2026,,4091,4207,3,0,45,1,
2026|4091|4|0|45|1,2026|4091|4207|4|0|45|1,,2026,,4091,4207,4,0,45,1,
2026|4091|3|0|45|1,2026|4091|4428|3|0|45|1,,2026,,4091,4428,3,0,45,1,
2026|4101|3|0|60|1,2026|4101|4427|3|0|60|1,,2026,,4101,4427,3,0,60,1,
2026|4101|3|0|60|1,2026|4101|2075|3|0|60|1,,2026,,4101,2075,3,0,60,1,
2026|4101|5|0|60|1,2026|4101|2075|5|0|60|1,,2026,,4101,2075,5,0,60,1,
2026|4111|5|0|60|1,2026|4111|4043|5|0|60|1,,2026,,4111,4043,5,0,60,1,
2026|4111|5|0|60|1,2026|4111|4041|5|0|60|1,,2026,,4111,4041,5,0,60,1,
2026|4111|5|0|60|1,2026|4111|4042|5|0|60|1,,2026,,4111,4042,5,0,60,1,
2026|4121|3|0|60|1,2026|4121|2013|3|0|60|1,,2026,,4121,2013,3,0,60,1,
2026|4121|3|0|60|1,2026|4121|4539|3|0|60|1,,2026,,4121,4539,3,0,60,1,
2026|4121|5|0|60|1,2026|4121|4084|5|0|60|1,,2026,,4121,4084,5,0,60,1,
2026|4141|3|0|57|1,2026|4141|1046|3|0|57|1,,2026,,4141,1046,3,0,57,1,
2026|4141|3|0|39|1,2026|4141|1046|3|0|39|1,,2026,,4141,1046,3,0,39,1,
2026|4141|4|0|39|1,2026|4141|1046|4|0|39|1,,2026,,4141,1046,4,0,39,1,
2026|4141|4|0|57|1,2026|4141|1046|4|0|57|1,,2026,,4141,1046,4,0,57,1,
2026|4151|3|0|10|1,2026|4151|4497|3|0|10|1,,2026,,4151,4497,3,0,10,1,
2026|4251|3|0|80|1,2026|4251|4402|3|0|80|1,,2026,,4251,4402,3,0,80,1,
2026|4251|4|0|80|1,2026|4251|4402|4|0|80|1,,2026,,4251,4402,4,0,80,1,
2026|4251|3|0|10|8,2026|4251|2074|3|0|10|8,,2026,,4251,2074,3,0,10,8,
2026|4251|3|0|71|1,2026|4251|2074|3|0|71|1,,2026,,4251,2074,3,0,71,1,
2026|4251|3|0|56|1,2026|4251|2074|3|0|56|1,,2026,,4251,2074,3,0,56,1,
2026|4251|4|0|6|1,2026|4251|2074|4|0|6|1,,2026,,4251,2074,4,0,6,1,
2026|4251|4|0|5|1,2026|4251|2074|4|0|5|1,,2026,,4251,2074,4,0,5,1,
2026|4251|3|0|71|1,2026|4251|4435|3|0|71|1,,2026,,4251,4435,3,0,71,1,
2026|4251|3|0|56|1,2026|4251|4435|3|0|56|1,,2026,,4251,4435,3,0,56,1,
2026|4251|4|0|71|1,2026|4251|4435|4|0|71|1,,2026,,4251,4435,4,0,71,1,
2026|4251|3|0|71|1,2026|4251|4434|3|0|71|1,,2026,,4251,4434,3,0,71,1,
2026|4251|3|0|56|1,2026|4251|4434|3|0|56|1,,2026,,4251,4434,3,0,56,1,
2026|4251|3|0|71|1,2026|4251|4433|3|0|71|1,,2026,,4251,4433,3,0,71,1,
2026|4251|3|0|80|1,2026|4251|4433|3|0|80|1,,2026,,4251,4433,3,0,80,1,
2026|4251|3|0|56|1,2026|4251|4433|3|0|56|1,,2026,,4251,4433,3,0,56,1,
2026|4251|4|0|56|1,2026|4251|4433|4|0|56|1,,2026,,4251,4433,4,0,56,1,
2026|4251|4|0|71|1,2026|4251|4433|4|0|71|1,,2026,,4251,4433,4,0,71,1,
2026|4251|3|0|56|1,2026|4251|4430|3|0|56|1,,2026,,4251,4430,3,0,56,1,
2026|4251|3|0|71|1,2026|4251|4430|3|0|71|1,,2026,,4251,4430,3,0,71,1,
2026|4251|3|0|56|1,2026|4251|4429|3|0|56|1,,2026,,4251,4429,3,0,56,1,
2026|4251|3|0|71|1,2026|4251|4429|3|0|71|1,,2026,,4251,4429,3,0,71,1,
2026|4251|4|0|71|1,2026|4251|4429|4|0|71|1,,2026,,4251,4429,4,0,71,1,
2026|4251|4|0|56|1,2026|4251|4429|4|0|56|1,,2026,,4251,4429,4,0,56,1,
2026|4251|3|0|71|1,2026|4251|4025|3|0|71|1,,2026,,4251,4025,3,0,71,1,
2026|4251|3|0|71|1,2026|4251|4431|3|0|71|1,,2026,,4251,4431,3,0,71,1,
2026|4251|3|0|71|1,2026|4251|1096|3|0|71|1,,2026,,4251,1096,3,0,71,1,
2026|4291|3|0|10|8,2026|4291|4123|3|0|10|8,,2026,,4291,4123,3,0,10,8,
2026|4291|4|0|95|1,2026|4291|4123|4|0|95|1,,2026,,4291,4123,4,0,95,1,
2026|4291|4|0|10|8,2026|4291|4123|4|0|10|8,,2026,,4291,4123,4,0,10,8,
2026|4291|4|0|10|1,2026|4291|4123|4|0|10|1,,2026,,4291,4123,4,0,10,1,
2026|4291|4|0|80|1,2026|4291|4123|4|0|80|1,,2026,,4291,4123,4,0,80,1,
2026|4291|3|1|95|1,2026|4291|1020|3|1|95|1,,2026,,4291,1020,3,1,95,1,
2026|4291|3|1|10|1,2026|4291|1020|3|1|10|1,,2026,,4291,1020,3,1,10,1,
2026|4291|4|1|95|1,2026|4291|1020|4|1|95|1,,2026,,4291,1020,4,1,95,1,
2026|4291|4|1|80|1,2026|4291|1020|4|1|80|1,,2026,,4291,1020,4,1,80,1,
2026|4291|3|0|10|1,2026|4291|4122|3|0|10|1,,2026,,4291,4122,3,0,10,1,
2026|4291|3|0|10|8,2026|4291|4122|3|0|10|8,,2026,,4291,4122,3,0,10,8,
2026|4291|3|0|80|1,2026|4291|4121|3|0|80|1,,2026,,4291,4121,3,0,80,1,
2026|4291|3|0|63|1,2026|4291|4121|3|0|63|1,,2026,,4291,4121,3,0,63,1,
2026|4291|3|0|92|1,2026|4291|4121|3|0|92|1,,2026,,4291,4121,3,0,92,1,
2026|4291|3|0|62|1,2026|4291|4121|3|0|62|1,,2026,,4291,4121,3,0,62,1,
2026|4291|3|0|10|1,2026|4291|4121|3|0|10|1,,2026,,4291,4121,3,0,10,1,
2026|4291|3|0|10|8,2026|4291|4121|3|0|10|8,,2026,,4291,4121,3,0,10,8,
2026|4291|4|0|10|8,2026|4291|4121|4|0|10|8,,2026,,4291,4121,4,0,10,8,
2026|4291|3|0|92|1,2026|4291|2026|3|0|92|1,,2026,,4291,2026,3,0,92,1,
2026|4291|3|0|10|1,2026|4291|2026|3|0|10|1,,2026,,4291,2026,3,0,10,1,
2026|4291|4|0|98|1,2026|4291|2026|4|0|98|1,,2026,,4291,2026,4,0,98,1,
2026|4291|3|0|10|8,2026|4291|4458|3|0|10|8,,2026,,4291,4458,3,0,10,8,
2026|4291|3|0|10|1,2026|4291|4458|3|0|10|1,,2026,,4291,4458,3,0,10,1,
2026|4291|4|0|10|1,2026|4291|4458|4|0|10|1,,2026,,4291,4458,4,0,10,1,
2026|4291|4|0|10|8,2026|4291|4458|4|0|10|8,,2026,,4291,4458,4,0,10,8,
2026|4291|3|0|92|1,2026|4291|2023|3|0|92|1,,2026,,4291,2023,3,0,92,1,
2026|4291|3|0|10|1,2026|4291|2023|3|0|10|1,,2026,,4291,2023,3,0,10,1,
2026|4291|4|0|10|1,2026|4291|2023|4|0|10|1,,2026,,4291,2023,4,0,10,1,
2026|4291|3|0|92|1,2026|4291|2024|3|0|92|1,,2026,,4291,2024,3,0,92,1,
2026|4291|3|0|10|1,2026|4291|2024|3|0|10|1,,2026,,4291,2024,3,0,10,1,
2026|4291|4|0|10|1,2026|4291|2024|4|0|10|1,,2026,,4291,2024,4,0,10,1,
2026|4291|3|0|10|1,2026|4291|1022|3|0|10|1,,2026,,4291,1022,3,0,10,1,
2026|4291|3|0|92|1,2026|4291|4126|3|0|92|1,,2026,,4291,4126,3,0,92,1,
2026|4291|3|0|10|8,2026|4291|4126|3|0|10|8,,2026,,4291,4126,3,0,10,8,
2026|4291|3|0|10|1,2026|4291|4126|3|0|10|1,,2026,,4291,4126,3,0,10,1,
2026|4291|4|0|10|1,2026|4291|4126|4|0|10|1,,2026,,4291,4126,4,0,10,1,
2026|4291|4|0|10|8,2026|4291|4126|4|0|10|8,,2026,,4291,4126,4,0,10,8,
2026|4291|3|0|10|8,2026|4291|4127|3|0|10|8,,2026,,4291,4127,3,0,10,8,
2026|4291|4|0|80|1,2026|4291|4127|4|0|80|1,,2026,,4291,4127,4,0,80,1,
2026|4291|4|0|10|1,2026|4291|4127|4|0|10|1,,2026,,4291,4127,4,0,10,1,
2026|4291|4|0|10|8,2026|4291|4127|4|0|10|8,,2026,,4291,4127,4,0,10,8,
2026|4291|3|0|10|8,2026|4291|4125|3|0|10|8,,2026,,4291,4125,3,0,10,8,
2026|4291|3|0|10|1,2026|4291|4125|3|0|10|1,,2026,,4291,4125,3,0,10,1,
2026|4291|4|0|10|8,2026|4291|4125|4|0|10|8,,2026,,4291,4125,4,0,10,8,
2026|4291|3|0|10|8,2026|4291|4132|3|0|10|8,,2026,,4291,4132,3,0,10,8,
2026|4291|3|0|10|1,2026|4291|4132|3|0|10|1,,2026,,4291,4132,3,0,10,1,
2026|4291|4|0|80|1,2026|4291|4132|4|0|80|1,,2026,,4291,4132,4,0,80,1,
2026|4291|4|0|10|1,2026|4291|4132|4|0|10|1,,2026,,4291,4132,4,0,10,1,
2026|4291|3|0|10|1,2026|4291|4130|3|0|10|1,,2026,,4291,4130,3,0,10,1,
2026|4291|3|0|10|8,2026|4291|4130|3|0|10|8,,2026,,4291,4130,3,0,10,8,
2026|4291|4|0|10|8,2026|4291|4130|4|0|10|8,,2026,,4291,4130,4,0,10,8,
2026|4291|4|0|10|1,2026|4291|4130|4|0|10|1,,2026,,4291,4130,4,0,10,1,
2026|4291|4|0|80|1,2026|4291|4130|4|0|80|1,,2026,,4291,4130,4,0,80,1,
2026|4291|3|0|10|8,2026|4291|4129|3|0|10|8,,2026,,4291,4129,3,0,10,8,
2026|4291|3|0|71|1,2026|4291|4129|3|0|71|1,,2026,,4291,4129,3,0,71,1,
2026|4291|3|0|92|1,2026|4291|4129|3|0|92|1,,2026,,4291,4129,3,0,92,1,
2026|4291|3|0|10|1,2026|4291|4129|3|0|10|1,,2026,,4291,4129,3,0,10,1,
2026|4291|4|0|10|1,2026|4291|4129|4|0|10|1,,2026,,4291,4129,4,0,10,1,
2026|4291|4|0|10|8,2026|4291|4129|4|0|10|8,,2026,,4291,4129,4,0,10,8,
2026|4291|4|0|80|1,2026|4291|4129|4|0|80|1,,2026,,4291,4129,4,0,80,1,
2026|4291|3|0|71|1,2026|4291|4131|3|0|71|1,,2026,,4291,4131,3,0,71,1,
2026|4291|3|0|63|1,2026|4291|4131|3|0|63|1,,2026,,4291,4131,3,0,63,1,
2026|4291|3|0|62|1,2026|4291|4131|3|0|62|1,,2026,,4291,4131,3,0,62,1,
2026|4291|3|0|10|8,2026|4291|4131|3|0|10|8,,2026,,4291,4131,3,0,10,8,
2026|4291|3|0|10|1,2026|4291|4131|3|0|10|1,,2026,,4291,4131,3,0,10,1,
2026|4291|4|0|64|1,2026|4291|4131|4|0|64|1,,2026,,4291,4131,4,0,64,1,
2026|4291|4|0|65|1,2026|4291|4131|4|0|65|1,,2026,,4291,4131,4,0,65,1,
2026|4291|4|0|10|8,2026|4291|4131|4|0|10|8,,2026,,4291,4131,4,0,10,8,
2026|4291|4|0|80|1,2026|4291|4131|4|0|80|1,,2026,,4291,4131,4,0,80,1,
2026|4291|4|0|10|1,2026|4291|4131|4|0|10|1,,2026,,4291,4131,4,0,10,1,
2026|4291|3|0|92|1,2026|4291|4134|3|0|92|1,,2026,,4291,4134,3,0,92,1,
2026|4291|3|0|10|1,2026|4291|4134|3|0|10|1,,2026,,4291,4134,3,0,10,1,
2026|4291|4|0|10|1,2026|4291|4134|4|0|10|1,,2026,,4291,4134,4,0,10,1,
2026|4291|3|0|10|1,2026|4291|4137|3|0|10|1,,2026,,4291,4137,3,0,10,1,
2026|4291|3|0|37|1,2026|4291|4137|3|0|37|1,,2026,,4291,4137,3,0,37,1,
2026|4291|3|0|92|1,2026|4291|4137|3|0|92|1,,2026,,4291,4137,3,0,92,1,
2026|4291|4|0|93|1,2026|4291|4137|4|0|93|1,,2026,,4291,4137,4,0,93,1,
2026|4291|3|0|10|1,2026|4291|4135|3|0|10|1,,2026,,4291,4135,3,0,10,1,
2026|4291|4|0|10|8,2026|4291|4135|4|0|10|8,,2026,,4291,4135,4,0,10,8,
2026|4291|4|0|10|1,2026|4291|4135|4|0|10|1,,2026,,4291,4135,4,0,10,1,
2026|4291|3|0|10|8,2026|4291|4136|3|0|10|8,,2026,,4291,4136,3,0,10,8,
2026|4291|3|0|10|1,2026|4291|4136|3|0|10|1,,2026,,4291,4136,3,0,10,1,
2026|4291|3|0|92|1,2026|4291|4136|3|0|92|1,,2026,,4291,4136,3,0,92,1,
2026|4291|4|0|80|1,2026|4291|4136|4|0|80|1,,2026,,4291,4136,4,0,80,1,
2026|4291|4|0|10|1,2026|4291|4136|4|0|10|1,,2026,,4291,4136,4,0,10,1,
2026|4291|3|0|10|1,2026|4291|4133|3|0|10|1,,2026,,4291,4133,3,0,10,1,
2026|4291|4|0|10|1,2026|4291|4133|4|0|10|1,,2026,,4291,4133,4,0,10,1,
2026|4291|3|0|92|1,2026|4291|4144|3|0|92|1,,2026,,4291,4144,3,0,92,1,
2026|4291|3|0|10|1,2026|4291|4144|3|0|10|1,,2026,,4291,4144,3,0,10,1,
2026|4291|4|0|80|1,2026|4291|4144|4|0|80|1,,2026,,4291,4144,4,0,80,1,
2026|4291|3|0|80|1,2026|4291|4146|3|0|80|1,,2026,,4291,4146,3,0,80,1,
2026|4291|3|0|10|8,2026|4291|4146|3|0|10|8,,2026,,4291,4146,3,0,10,8,
2026|4291|3|0|10|1,2026|4291|4146|3|0|10|1,,2026,,4291,4146,3,0,10,1,
2026|4291|4|0|80|1,2026|4291|4146|4|0|80|1,,2026,,4291,4146,4,0,80,1,
2026|4291|3|0|10|1,2026|4291|4147|3|0|10|1,,2026,,4291,4147,3,0,10,1,
2026|4291|3|0|92|1,2026|4291|4147|3|0|92|1,,2026,,4291,4147,3,0,92,1,
2026|4291|4|0|10|1,2026|4291|4147|4|0|10|1,,2026,,4291,4147,4,0,10,1,
2026|4291|3|0|10|8,2026|4291|1021|3|0|10|8,,2026,,4291,1021,3,0,10,8,
2026|4291|3|0|92|1,2026|4291|1021|3|0|92|1,,2026,,4291,1021,3,0,92,1,
2026|4291|3|0|10|1,2026|4291|1021|3|0|10|1,,2026,,4291,1021,3,0,10,1,
2026|4291|4|0|10|8,2026|4291|1021|4|0|10|8,,2026,,4291,1021,4,0,10,8,
2026|4291|4|0|10|1,2026|4291|1021|4|0|10|1,,2026,,4291,1021,4,0,10,1,
2026|4291|3|0|80|1,2026|4291|4143|3|0|80|1,,2026,,4291,4143,3,0,80,1,
2026|4291|3|0|60|1,2026|4291|4143|3|0|60|1,,2026,,4291,4143,3,0,60,1,
2026|4291|3|0|92|1,2026|4291|4143|3|0|92|1,,2026,,4291,4143,3,0,92,1,
2026|4291|3|0|10|1,2026|4291|4143|3|0|10|1,,2026,,4291,4143,3,0,10,1,
2026|4291|4|0|93|1,2026|4291|4143|4|0|93|1,,2026,,4291,4143,4,0,93,1,
2026|4291|4|0|10|8,2026|4291|4143|4|0|10|8,,2026,,4291,4143,4,0,10,8,
2026|4291|3|0|10|1,2026|4291|4145|3|0|10|1,,2026,,4291,4145,3,0,10,1,
2026|4291|4|0|10|8,2026|4291|4145|4|0|10|8,,2026,,4291,4145,4,0,10,8,
2026|4291|4|0|10|1,2026|4291|4145|4|0|10|1,,2026,,4291,4145,4,0,10,1,
2026|4291|3|0|10|1,2026|4291|4149|3|0|10|1,,2026,,4291,4149,3,0,10,1,
2026|4291|4|0|80|1,2026|4291|4149|4|0|80|1,,2026,,4291,4149,4,0,80,1,
2026|4291|4|0|10|8,2026|4291|4149|4|0|10|8,,2026,,4291,4149,4,0,10,8,
2026|4291|4|0|10|1,2026|4291|4149|4|0|10|1,,2026,,4291,4149,4,0,10,1,
2026|4291|3|0|10|1,2026|4291|4148|3|0|10|1,,2026,,4291,4148,3,0,10,1,
2026|4291|3|0|92|1,2026|4291|4148|3|0|92|1,,2026,,4291,4148,3,0,92,1,
2026|4291|3|0|71|1,2026|4291|4490|3|0|71|1,,2026,,4291,4490,3,0,71,1,
2026|4291|3|0|10|1,2026|4291|4241|3|0|10|1,,2026,,4291,4241,3,0,10,1,
2026|4291|3|0|10|1,2026|4291|2137|3|0|10|1,,2026,,4291,2137,3,0,10,1,
2026|4291|3|0|10|1,2026|4291|2115|3|0|10|1,,2026,,4291,2115,3,0,10,1,
2026|4291|3|0|10|1,2026|4291|2110|3|0|10|1,,2026,,4291,2110,3,0,10,1,
2026|4291|3|0|10|1,2026|4291|2112|3|0|10|1,,2026,,4291,2112,3,0,10,1,
2026|4291|3|0|10|1,2026|4291|2135|3|0|10|1,,2026,,4291,2135,3,0,10,1,
2026|4291|3|0|10|1,2026|4291|2136|3|0|10|1,,2026,,4291,2136,3,0,10,1,
2026|4291|3|0|10|1,2026|4291|2111|3|0|10|1,,2026,,4291,2111,3,0,10,1,
2026|4291|4|0|10|1,2026|4291|2087|4|0|10|1,,2026,,4291,2087,4,0,10,1,
2026|4291|3|0|10|8,2026|4291|2500|3|0|10|8,,2026,,4291,2500,3,0,10,8,
2026|4291|3|0|80|1,2026|4291|2500|3|0|80|1,,2026,,4291,2500,3,0,80,1,
2026|4291|3|0|60|1,2026|4291|2500|3|0|60|1,,2026,,4291,2500,3,0,60,1,
2026|4291|3|0|24|1,2026|4291|2500|3|0|24|1,,2026,,4291,2500,3,0,24,1,
2026|4291|3|0|57|1,2026|4291|2500|3|0|57|1,,2026,,4291,2500,3,0,57,1,
2026|4291|3|0|10|1,2026|4291|2500|3|0|10|1,,2026,,4291,2500,3,0,10,1,
2026|4291|4|0|10|8,2026|4291|2500|4|0|10|8,,2026,,4291,2500,4,0,10,8,
2026|4291|4|0|10|1,2026|4291|2500|4|0|10|1,,2026,,4291,2500,4,0,10,1,
2026|4291|1|0|57|1,2026|4291|2417|1|0|57|1,,2026,,4291,2417,1,0,57,1,
2026|4291|1|0|10|1,2026|4291|2417|1|0|10|1,,2026,,4291,2417,1,0,10,1,
2026|4291|3|0|10|1,2026|4291|2417|3|0|10|1,,2026,,4291,2417,3,0,10,1,
2026|4291|3|0|92|1,2026|4291|2417|3|0|92|1,,2026,,4291,2417,3,0,92,1,
2026|4291|3|0|10|7,2026|4291|2417|3|0|10|7,,2026,,4291,2417,3,0,10,7,
2026|4291|3|0|10|1,2026|4291|0|3|0|10|1,,2026,,4291,0,3,0,10,1,
2026|4291|4|0|10|1,2026|4291|0|4|0|10|1,,2026,,4291,0,4,0,10,1,
2026|4321|3|0|10|1,2026|4321|4436|3|0|10|1,,2026,,4321,4436,3,0,10,1,
2026|4331|3|0|59|1,2026|4331|4529|3|0|59|1,,2026,,4331,4529,3,0,59,1,
2026|4331|3|0|10|1,2026|4331|4518|3|0|10|1,,2026,,4331,4518,3,0,10,1,
2026|4331|3|0|59|1,2026|4331|4518|3|0|59|1,,2026,,4331,4518,3,0,59,1,
2026|4331|3|0|59|1,2026|4331|4471|3|0|59|1,,2026,,4331,4471,3,0,59,1,
2026|4331|3|0|10|1,2026|4331|4471|3|0|10|1,,2026,,4331,4471,3,0,10,1,
2026|4341|3|0|31|1,2026|4341|4258|3|0|31|1,,2026,,4341,4258,3,0,31,1,
2026|4341|3|0|31|1,2026|4341|4413|3|0|31|1,,2026,,4341,4413,3,0,31,1,
2026|4341|3|0|31|1,2026|4341|4392|3|0|31|1,,2026,,4341,4392,3,0,31,1,
2026|4341|3|0|31|1,2026|4341|4064|3|0|31|1,,2026,,4341,4064,3,0,31,1,
2026|4341|3|0|31|1,2026|4341|4151|3|0|31|1,,2026,,4341,4151,3,0,31,1,
2026|4341|4|0|31|1,2026|4341|4264|4|0|31|1,,2026,,4341,4264,4,0,31,1,
2026|4341|3|0|31|1,2026|4341|4263|3|0|31|1,,2026,,4341,4263,3,0,31,1,
2026|4341|3|0|31|1,2026|4341|2500|3|0|31|1,,2026,,4341,2500,3,0,31,1,
2026|4381|4|0|83|1,2026|4381|4211|4|0|83|1,,2026,,4381,4211,4,0,83,1,
2026|4381|3|0|83|1,2026|4381|4209|3|0|83|1,,2026,,4381,4209,3,0,83,1,
2026|4381|4|0|83|0,2026|4381|4209|4|0|83|0,,2026,,4381,4209,4,0,83,0,
2026|4381|4|0|54|0,2026|4381|4210|4|0|54|0,,2026,,4381,4210,4,0,54,0,
2026|4381|3|0|83|1,2026|4381|4382|3|0|83|1,,2026,,4381,4382,3,0,83,1,
2026|4381|4|0|83|1,2026|4381|4382|4|0|83|1,,2026,,4381,4382,4,0,83,1,
2026|4381|4|0|83|0,2026|4381|4382|4|0|83|0,,2026,,4381,4382,4,0,83,0,
2026|4381|4|0|83|1,2026|4381|4201|4|0|83|1,,2026,,4381,4201,4,0,83,1,
2026|4381|4|0|83|1,2026|4381|4526|4|0|83|1,,2026,,4381,4526,4,0,83,1,
2026|4381|3|0|83|1,2026|4381|2029|3|0|83|1,,2026,,4381,2029,3,0,83,1,
2026|4381|4|0|83|1,2026|4381|2029|4|0|83|1,,2026,,4381,2029,4,0,83,1,
2026|4421|3|0|39|1,2026|4421|4179|3|0|39|1,,2026,,4421,4179,3,0,39,1,
2026|4421|4|0|39|1,2026|4421|4179|4|0|39|1,,2026,,4421,4179,4,0,39,1,
2026|4441|3|0|60|1,2026|4441|1009|3|0|60|1,,2026,,4441,1009,3,0,60,1,
2026|4441|4|0|47|1,2026|4441|1009|4|0|47|1,,2026,,4441,1009,4,0,47,1,
2026|4441|4|0|60|1,2026|4441|1009|4|0|60|1,,2026,,4441,1009,4,0,60,1,
2026|4451|3|0|60|1,2026|4451|4256|3|0|60|1,,2026,,4451,4256,3,0,60,1,
2026|4451|4|0|47|1,2026|4451|4256|4|0|47|1,,2026,,4451,4256,4,0,47,1,
2026|4451|4|0|60|1,2026|4451|4256|4|0|60|1,,2026,,4451,4256,4,0,60,1,
2026|4491|3|1|10|8,2026|4491|4360|3|1|10|8,,2026,,4491,4360,3,1,10,8,
2026|4491|3|1|59|1,2026|4491|4360|3|1|59|1,,2026,,4491,4360,3,1,59,1,
2026|4491|4|1|59|1,2026|4491|4360|4|1|59|1,,2026,,4491,4360,4,1,59,1,
2026|4541|3|0|60|1,2026|4541|4349|3|0|60|1,,2026,,4541,4349,3,0,60,1,
2026|4541|5|0|60|1,2026|4541|4349|5|0|60|1,,2026,,4541,4349,5,0,60,1,
2026|4551|3|0|10|1,2026|4551|4404|3|0|10|1,,2026,,4551,4404,3,0,10,1,
2026|4551|3|0|59|1,2026|4551|4404|3|0|59|1,,2026,,4551,4404,3,0,59,1,
2026|4551|3|0|59|9,2026|4551|7004|3|0|59|9,,2026,,4551,7004,3,0,59,9,
2026|4601|3|0|45|1,2026|4601|4180|3|0|45|1,,2026,,4601,4180,3,0,45,1,
2026|4601|4|0|45|1,2026|4601|4180|4|0|45|1,,2026,,4601,4180,4,0,45,1,
2026|4611|3|0|60|1,2026|4611|2056|3|0|60|1,,2026,,4611,2056,3,0,60,1,
2026|4611|4|0|60|1,2026|4611|2056|4|0|60|1,,2026,,4611,2056,4,0,60,1,
2026|4621|3|0|60|1,2026|4621|4444|3|0|60|1,,2026,,4621,4444,3,0,60,1,
2026|4621|5|0|60|1,2026|4621|4444|5|0|60|1,,2026,,4621,4444,5,0,60,1,
2026|4621|3|0|60|1,2026|4621|4408|3|0|60|1,,2026,,4621,4408,3,0,60,1,
2026|4631|5|0|10|1,2026|4631|4224|5|0|10|1,,2026,,4631,4224,5,0,10,1,
2026|4631|5|0|10|1,2026|4631|4334|5|0|10|1,,2026,,4631,4334,5,0,10,1,
2026|4631|5|0|80|1,2026|4631|4128|5|0|80|1,,2026,,4631,4128,5,0,80,1,
2026|4631|5|0|10|1,2026|4631|4401|5|0|10|1,,2026,,4631,4401,5,0,10,1,
2026|4631|5|0|10|1,2026|4631|4225|5|0|10|1,,2026,,4631,4225,5,0,10,1,
2026|4631|5|0|10|1,2026|4631|4221|5|0|10|1,,2026,,4631,4221,5,0,10,1,
2026|4631|5|0|10|1,2026|4631|4226|5|0|10|1,,2026,,4631,4226,5,0,10,1,
2026|4631|5|0|10|1,2026|4631|4139|5|0|10|1,,2026,,4631,4139,5,0,10,1,
2026|4631|3|0|59|2,2026|4631|4213|3|0|59|2,,2026,,4631,4213,3,0,59,2,
2026|4631|3|0|10|1,2026|4631|4213|3|0|10|1,,2026,,4631,4213,3,0,10,1,
2026|4631|3|0|10|1,2026|4631|4219|3|0|10|1,,2026,,4631,4219,3,0,10,1,
2026|4631|5|0|10|1,2026|4631|4216|5|0|10|1,,2026,,4631,4216,5,0,10,1,
2026|4631|5|0|10|0,2026|4631|4216|5|0|10|0,,2026,,4631,4216,5,0,10,0,
2026|4631|3|0|10|1,2026|4631|4217|3|0|10|1,,2026,,4631,4217,3,0,10,1,
2026|4631|3|0|10|1,2026|4631|4218|3|0|10|1,,2026,,4631,4218,3,0,10,1,
2026|4631|5|0|10|1,2026|4631|4214|5|0|10|1,,2026,,4631,4214,5,0,10,1,
2026|4631|5|0|95|1,2026|4631|4220|5|0|95|1,,2026,,4631,4220,5,0,95,1,
2026|4631|5|0|89|1,2026|4631|4223|5|0|89|1,,2026,,4631,4223,5,0,89,1,
2026|4631|5|0|60|2,2026|4631|4223|5|0|60|2,,2026,,4631,4223,5,0,60,2,
2026|4631|3|0|10|1,2026|4631|4215|3|0|10|1,,2026,,4631,4215,3,0,10,1,
2026|4631|5|0|10|1,2026|4631|4215|5|0|10|1,,2026,,4631,4215,5,0,10,1,
2026|4641|3|0|10|1,2026|4641|4432|3|0|10|1,,2026,,4641,4432,3,0,10,1,
2026|4651|3|0|10|1,2026|4651|4502|3|0|10|1,,2026,,4651,4502,3,0,10,1,
2026|4651|3|0|10|1,2026|4651|7038|3|0|10|1,,2026,,4651,7038,3,0,10,1,
2026|4661|3|0|60|1,2026|4661|4541|3|0|60|1,,2026,,4661,4541,3,0,60,1,
2026|4671|3|0|10|1,2026|4671|4549|3|0|10|1,,2026,,4671,4549,3,0,10,1,
2026|4691|3|0|57|1,2026|4691|2071|3|0|57|1,,2026,,4691,2071,3,0,57,1,
2026|4691|4|0|57|1,2026|4691|2071|4|0|57|1,,2026,,4691,2071,4,0,57,1,
2026|4701|3|0|10|3,2026|4701|4152|3|0|10|3,,2026,,4701,4152,3,0,10,3,
2026|4701|3|0|57|1,2026|4701|4152|3|0|57|1,,2026,,4701,4152,3,0,57,1,
2026|4701|4|0|57|1,2026|4701|4152|4|0|57|1,,2026,,4701,4152,4,0,57,1,
2026|4701|3|1|57|1,2026|4701|4159|3|1|57|1,,2026,,4701,4159,3,1,57,1,
2026|4711|1|0|10|1,2026|4711|7009|1|0|10|1,,2026,,4711,7009,1,0,10,1,
2026|4711|1|0|10|1,2026|4711|7015|1|0|10|1,,2026,,4711,7015,1,0,10,1,
2026|4711|1|0|10|1,2026|4711|7027|1|0|10|1,,2026,,4711,7027,1,0,10,1,
2026|4711|1|0|10|1,2026|4711|7034|1|0|10|1,,2026,,4711,7034,1,0,10,1,
2026|4711|1|0|10|1,2026|4711|7031|1|0|10|1,,2026,,4711,7031,1,0,10,1,
2026|4711|1|0|10|1,2026|4711|7105|1|0|10|1,,2026,,4711,7105,1,0,10,1,
2026|4711|1|0|10|1,2026|4711|7028|1|0|10|1,,2026,,4711,7028,1,0,10,1,
2026|4711|1|0|10|1,2026|4711|7033|1|0|10|1,,2026,,4711,7033,1,0,10,1,
2026|4711|1|0|10|1,2026|4711|7039|1|0|10|1,,2026,,4711,7039,1,0,10,1,
2026|4711|1|0|10|1,2026|4711|7032|1|0|10|1,,2026,,4711,7032,1,0,10,1,
2026|4711|1|0|10|1,2026|4711|7011|1|0|10|1,,2026,,4711,7011,1,0,10,1,
2026|4711|1|0|10|1,2026|4711|7065|1|0|10|1,,2026,,4711,7065,1,0,10,1,
2026|4711|1|0|10|1,2026|4711|7020|1|0|10|1,,2026,,4711,7020,1,0,10,1,
2026|4711|1|0|10|1,2026|4711|7005|1|0|10|1,,2026,,4711,7005,1,0,10,1,
2026|4711|1|0|10|1,2026|4711|7040|1|0|10|1,,2026,,4711,7040,1,0,10,1,
2026|4711|1|0|10|1,2026|4711|7094|1|0|10|1,,2026,,4711,7094,1,0,10,1,
2026|4711|1|0|10|1,2026|4711|7055|1|0|10|1,,2026,,4711,7055,1,0,10,1,
2026|4711|1|0|10|1,2026|4711|7063|1|0|10|1,,2026,,4711,7063,1,0,10,1,
2026|4711|1|0|10|1,2026|4711|7586|1|0|10|1,,2026,,4711,7586,1,0,10,1,
2026|4711|1|0|60|2,2026|4711|7022|1|0|60|2,,2026,,4711,7022,1,0,60,2,
2026|4711|1|0|42|1,2026|4711|7022|1|0|42|1,,2026,,4711,7022,1,0,42,1,
2026|4711|1|0|43|1,2026|4711|7022|1|0|43|1,,2026,,4711,7022,1,0,43,1,
2026|4711|1|0|10|1,2026|4711|7012|1|0|10|1,,2026,,4711,7012,1,0,10,1,
2026|4711|1|0|10|1,2026|4711|7089|1|0|10|1,,2026,,4711,7089,1,0,10,1,
2026|4711|1|0|10|1,2026|4711|7044|1|0|10|1,,2026,,4711,7044,1,0,10,1,
2026|4711|1|0|43|1,2026|4711|7617|1|0|43|1,,2026,,4711,7617,1,0,43,1,
2026|4711|1|0|42|1,2026|4711|7617|1|0|42|1,,2026,,4711,7617,1,0,42,1,
2026|4711|1|0|60|2,2026|4711|7617|1|0|60|2,,2026,,4711,7617,1,0,60,2,
2026|4711|1|0|10|1,2026|4711|7939|1|0|10|1,,2026,,4711,7939,1,0,10,1,
2026|4711|1|0|43|1,2026|4711|7840|1|0|43|1,,2026,,4711,7840,1,0,43,1,
2026|4711|1|0|60|2,2026|4711|7840|1|0|60|2,,2026,,4711,7840,1,0,60,2,
2026|4711|1|0|42|1,2026|4711|7840|1|0|42|1,,2026,,4711,7840,1,0,42,1,
2026|4711|1|0|10|1,2026|4711|7091|1|0|10|1,,2026,,4711,7091,1,0,10,1,
2026|4711|1|0|10|1,2026|4711|7484|1|0|10|1,,2026,,4711,7484,1,0,10,1,
2026|4711|1|0|10|1,2026|4711|7017|1|0|10|1,,2026,,4711,7017,1,0,10,1,
2026|4711|1|0|10|1,2026|4711|7061|1|0|10|1,,2026,,4711,7061,1,0,10,1,
2026|4711|1|0|10|1,2026|4711|7104|1|0|10|1,,2026,,4711,7104,1,0,10,1,
2026|4711|1|0|10|1,2026|4711|7096|1|0|10|1,,2026,,4711,7096,1,0,10,1,
2026|4711|1|0|43|1,2026|4711|7529|1|0|43|1,,2026,,4711,7529,1,0,43,1,
2026|4711|1|0|42|1,2026|4711|7529|1|0|42|1,,2026,,4711,7529,1,0,42,1,
2026|4711|1|0|60|2,2026|4711|7529|1|0|60|2,,2026,,4711,7529,1,0,60,2,
2026|4711|1|0|10|1,2026|4711|7047|1|0|10|1,,2026,,4711,7047,1,0,10,1,
2026|4711|1|0|10|1,2026|4711|7059|1|0|10|1,,2026,,4711,7059,1,0,10,1,
2026|4711|1|0|42|1,2026|4711|7428|1|0|42|1,,2026,,4711,7428,1,0,42,1,
2026|4711|1|0|43|1,2026|4711|7428|1|0|43|1,,2026,,4711,7428,1,0,43,1,
2026|4711|1|0|52|2,2026|4711|7428|1|0|52|2,,2026,,4711,7428,1,0,52,2,
2026|4711|1|0|10|1,2026|4711|7064|1|0|10|1,,2026,,4711,7064,1,0,10,1,
2026|4711|1|0|10|1,2026|4711|7060|1|0|10|1,,2026,,4711,7060,1,0,10,1,
2026|4711|1|0|10|1,2026|4711|7058|1|0|10|1,,2026,,4711,7058,1,0,10,1,
2026|4711|1|0|60|2,2026|4711|7312|1|0|60|2,,2026,,4711,7312,1,0,60,2,
2026|4711|1|0|10|1,2026|4711|7722|1|0|10|1,,2026,,4711,7722,1,0,10,1,
2026|4711|1|0|10|1,2026|4711|7056|1|0|10|1,,2026,,4711,7056,1,0,10,1,
2026|4711|1|0|60|2,2026|4711|7209|1|0|60|2,,2026,,4711,7209,1,0,60,2,
2026|4711|1|0|10|1,2026|4711|7473|1|0|10|1,,2026,,4711,7473,1,0,10,1,
2026|4711|3|0|10|1,2026|4711|7016|3|0|10|1,,2026,,4711,7016,3,0,10,1,
2026|4711|1|0|10|1,2026|4711|7046|1|0|10|1,,2026,,4711,7046,1,0,10,1,
2026|4711|1|0|10|1,2026|4711|7052|1|0|10|1,,2026,,4711,7052,1,0,10,1,
2026|4711|1|0|10|1,2026|4711|7088|1|0|10|1,,2026,,4711,7088,1,0,10,1,
2026|4711|1|0|10|1,2026|4711|7051|1|0|10|1,,2026,,4711,7051,1,0,10,1,
2026|4711|1|0|10|1,2026|4711|7014|1|0|10|1,,2026,,4711,7014,1,0,10,1,
2026|4711|1|0|10|1,2026|4711|7018|1|0|10|1,,2026,,4711,7018,1,0,10,1,
2026|4711|1|0|10|1,2026|4711|7023|1|0|10|1,,2026,,4711,7023,1,0,10,1,
2026|4711|1|0|61|1,2026|4711|7023|1|0|61|1,,2026,,4711,7023,1,0,61,1,
2026|4711|1|0|10|1,2026|4711|7049|1|0|10|1,,2026,,4711,7049,1,0,10,1,
2026|4711|1|0|10|1,2026|4711|7725|1|0|10|1,,2026,,4711,7725,1,0,10,1,
2026|4711|1|0|10|1,2026|4711|7205|1|0|10|1,,2026,,4711,7205,1,0,10,1,
2026|4711|1|0|10|1,2026|4711|7225|1|0|10|1,,2026,,4711,7225,1,0,10,1,
2026|4711|1|0|60|2,2026|4711|7225|1|0|60|2,,2026,,4711,7225,1,0,60,2,
2026|4711|1|0|10|1,2026|4711|7959|1|0|10|1,,2026,,4711,7959,1,0,10,1,
2026|4711|1|0|10|9,2026|4711|7004|1|0|10|9,,2026,,4711,7004,1,0,10,9,
2026|4711|1|0|10|1,2026|4711|7037|1|0|10|1,,2026,,4711,7037,1,0,10,1,
2026|4711|1|0|43|1,2026|4711|7037|1|0|43|1,,2026,,4711,7037,1,0,43,1,
2026|4711|1|0|10|1,2026|4711|7048|1|0|10|1,,2026,,4711,7048,1,0,10,1,
2026|4711|1|0|10|1,2026|4711|7008|1|0|10|1,,2026,,4711,7008,1,0,10,1,
2026|4711|1|0|42|1,2026|4711|7008|1|0|42|1,,2026,,4711,7008,1,0,42,1,
2026|4711|1|0|44|1,2026|4711|7957|1|0|44|1,,2026,,4711,7957,1,0,44,1,
2026|4711|1|0|43|1,2026|4711|7957|1|0|43|1,,2026,,4711,7957,1,0,43,1,
2026|4711|1|0|42|1,2026|4711|7957|1|0|42|1,,2026,,4711,7957,1,0,42,1,
2026|4711|1|0|10|1,2026|4711|7957|1|0|10|1,,2026,,4711,7957,1,0,10,1,
2026|4711|1|0|15|1,2026|4711|7957|1|0|15|1,,2026,,4711,7957,1,0,15,1,
2026|4721|3|0|10|1,2026|4721|7001|3|0|10|1,,2026,,4721,7001,3,0,10,1,
2026|4731|3|0|59|1,2026|4731|2072|3|0|59|1,,2026,,4731,2072,3,0,59,1,
2026|4731|4|0|59|1,2026|4731|2072|4|0|59|1,,2026,,4731,2072,4,0,59,1,
2026|4741|3|0|60|1,2026|4741|2069|3|0|60|1,,2026,,4741,2069,3,0,60,1,
2026|4741|3|0|59|1,2026|4741|2069|3|0|59|1,,2026,,4741,2069,3,0,59,1,
2026|4741|4|0|60|1,2026|4741|2069|4|0|60|1,,2026,,4741,2069,4,0,60,1,
2026|4741|4|0|59|1,2026|4741|2069|4|0|59|1,,2026,,4741,2069,4,0,59,1,
2026|4751|3|0|59|1,2026|4751|2073|3|0|59|1,,2026,,4751,2073,3,0,59,1,
2026|4751|4|0|59|1,2026|4751|2073|4|0|59|1,,2026,,4751,2073,4,0,59,1,
2025|1011|1|0|10|9,2025|1011|7004|1|0|10|9,,2025,,1011,7004,1,0,10,9,
2025|1011|3|0|10|9,2025|1011|7004|3|0|10|9,,2025,,1011,7004,3,0,10,9,
2025|1011|1|0|10|1,2025|1011|7006|1|0|10|1,,2025,,1011,7006,1,0,10,1,
2025|1011|1|0|42|5,2025|1011|7006|1|0|42|5,,2025,,1011,7006,1,0,42,5,
2025|1011|1|0|43|5,2025|1011|7006|1|0|43|5,,2025,,1011,7006,1,0,43,5,
2025|1011|1|0|10|5,2025|1011|7006|1|0|10|5,,2025,,1011,7006,1,0,10,5,
2025|1011|1|0|10|1,2025|1011|4239|1|0|10|1,,2025,,1011,4239,1,0,10,1,
2025|1011|3|0|60|1,2025|1011|4239|3|0|60|1,,2025,,1011,4239,3,0,60,1,
2025|1011|3|0|10|7,2025|1011|4239|3|0|10|7,,2025,,1011,4239,3,0,10,7,
2025|1011|3|0|10|1,2025|1011|4239|3|0|10|1,,2025,,1011,4239,3,0,10,1,
2025|1011|4|0|10|1,2025|1011|4239|4|0|10|1,,2025,,1011,4239,4,0,10,1,
2025|1011|5|0|10|1,2025|1011|4239|5|0|10|1,,2025,,1011,4239,5,0,10,1,
2025|1021|3|0|10|1,2025|1021|2157|3|0|10|1,,2025,,1021,2157,3,0,10,1,
2025|1021|3|0|10|7,2025|1021|2157|3|0|10|7,,2025,,1021,2157,3,0,10,7,
2025|1021|3|0|10|9,2025|1021|7004|3|0|10|9,,2025,,1021,7004,3,0,10,9,
2025|1021|1|0|10|1,2025|1021|7006|1|0|10|1,,2025,,1021,7006,1,0,10,1,
2025|1021|1|0|60|5,2025|1021|7006|1|0|60|5,,2025,,1021,7006,1,0,60,5,
2025|1021|1|0|42|5,2025|1021|7006|1|0|42|5,,2025,,1021,7006,1,0,42,5,
2025|1021|1|0|43|5,2025|1021|7006|1|0|43|5,,2025,,1021,7006,1,0,43,5,
2025|1021|1|0|10|5,2025|1021|7006|1|0|10|5,,2025,,1021,7006,1,0,10,5,
2025|1021|1|0|60|1,2025|1021|4445|1|0|60|1,,2025,,1021,4445,1,0,60,1,
2025|1021|1|0|10|1,2025|1021|4445|1|0|10|1,,2025,,1021,4445,1,0,10,1,
2025|1021|3|0|60|1,2025|1021|4445|3|0|60|1,,2025,,1021,4445,3,0,60,1,
2025|1021|3|0|10|1,2025|1021|4445|3|0|10|1,,2025,,1021,4445,3,0,10,1,
2025|1021|3|0|60|1,2025|1021|2009|3|0|60|1,,2025,,1021,2009,3,0,60,1,
2025|1021|3|0|10|1,2025|1021|2009|3|0|10|1,,2025,,1021,2009,3,0,10,1,
2025|1021|4|0|60|1,2025|1021|2009|4|0|60|1,,2025,,1021,2009,4,0,60,1,
2025|1021|4|0|10|1,2025|1021|2009|4|0|10|1,,2025,,1021,2009,4,0,10,1,
2025|1021|3|0|10|1,2025|1021|2145|3|0|10|1,,2025,,1021,2145,3,0,10,1,
2025|1031|1|0|10|9,2025|1031|7004|1|0|10|9,,2025,,1031,7004,1,0,10,9,
2025|1031|1|0|10|1,2025|1031|7006|1|0|10|1,,2025,,1031,7006,1,0,10,1,
2025|1031|1|0|43|5,2025|1031|7006|1|0|43|5,,2025,,1031,7006,1,0,43,5,
2025|1031|1|0|10|5,2025|1031|7006|1|0|10|5,,2025,,1031,7006,1,0,10,5,
2025|1031|1|0|42|5,2025|1031|7006|1|0|42|5,,2025,,1031,7006,1,0,42,5,
2025|1031|3|0|10|7,2025|1031|7006|3|0|10|7,,2025,,1031,7006,3,0,10,7,
2025|1031|1|0|10|1,2025|1031|2053|1|0|10|1,,2025,,1031,2053,1,0,10,1,
2025|1031|3|0|60|7,2025|1031|2053|3|0|60|7,,2025,,1031,2053,3,0,60,7,
2025|1031|3|0|10|7,2025|1031|2053|3|0|10|7,,2025,,1031,2053,3,0,10,7,
2025|1031|1|0|10|1,2025|1031|2054|1|0|10|1,,2025,,1031,2054,1,0,10,1,
2025|1031|3|0|60|7,2025|1031|2054|3|0|60|7,,2025,,1031,2054,3,0,60,7,
2025|1031|3|0|10|7,2025|1031|2054|3|0|10|7,,2025,,1031,2054,3,0,10,7,
2025|1051|1|0|10|9,2025|1051|7004|1|0|10|9,,2025,,1051,7004,1,0,10,9,
2025|1051|1|0|10|1,2025|1051|7006|1|0|10|1,,2025,,1051,7006,1,0,10,1,
2025|1051|1|0|43|5,2025|1051|7006|1|0|43|5,,2025,,1051,7006,1,0,43,5,
2025|1051|1|0|42|5,2025|1051|7006|1|0|42|5,,2025,,1051,7006,1,0,42,5,
2025|1051|1|0|10|5,2025|1051|7006|1|0|10|5,,2025,,1051,7006,1,0,10,5,
2025|1051|1|0|10|1,2025|1051|7007|1|0|10|1,,2025,,1051,7007,1,0,10,1,
2025|1051|3|0|60|1,2025|1051|4003|3|0|60|1,,2025,,1051,4003,3,0,60,1,
2025|1051|4|0|60|1,2025|1051|4003|4|0|60|1,,2025,,1051,4003,4,0,60,1,
2025|1051|4|0|60|1,2025|1051|1019|4|0|60|1,,2025,,1051,1019,4,0,60,1,
2025|1051|3|0|10|7,2025|1051|2047|3|0|10|7,,2025,,1051,2047,3,0,10,7,
2025|1051|3|0|60|1,2025|1051|4355|3|0|60|1,,2025,,1051,4355,3,0,60,1,
2025|1051|3|0|10|1,2025|1051|4355|3|0|10|1,,2025,,1051,4355,3,0,10,1,
2025|1051|4|0|60|1,2025|1051|4355|4|0|60|1,,2025,,1051,4355,4,0,60,1,
2025|1051|4|0|10|1,2025|1051|4355|4|0|10|1,,2025,,1051,4355,4,0,10,1,
2025|1051|1|0|10|1,2025|1051|2077|1|0|10|1,,2025,,1051,2077,1,0,10,1,
2025|1051|1|0|10|1,2025|1051|2078|1|0|10|1,,2025,,1051,2078,1,0,10,1,
2025|1071|3|0|10|1,2025|1071|4341|3|0|10|1,,2025,,1071,4341,3,0,10,1,
2025|1071|3|0|10|1,2025|1071|4426|3|0|10|1,,2025,,1071,4426,3,0,10,1,
2025|1071|4|0|95|1,2025|1071|4426|4|0|95|1,,2025,,1071,4426,4,0,95,1,
2025|1071|3|0|10|1,2025|1071|4381|3|0|10|1,,2025,,1071,4381,3,0,10,1,
2025|1071|3|0|57|1,2025|1071|4381|3|0|57|1,,2025,,1071,4381,3,0,57,1,
2025|1071|3|0|10|1,2025|1071|4390|3|0|10|1,,2025,,1071,4390,3,0,10,1,
2025|1071|3|0|57|1,2025|1071|4390|3|0|57|1,,2025,,1071,4390,3,0,57,1,
2025|1071|4|0|10|1,2025|1071|4390|4|0|10|1,,2025,,1071,4390,4,0,10,1,
2025|1071|3|0|10|1,2025|1071|1089|3|0|10|1,,2025,,1071,1089,3,0,10,1,
2025|1071|3|0|95|1,2025|1071|1089|3|0|95|1,,2025,,1071,1089,3,0,95,1,
2025|1071|4|0|15|1,2025|1071|1089|4|0|15|1,,2025,,1071,1089,4,0,15,1,
2025|1071|4|0|95|1,2025|1071|1089|4|0|95|1,,2025,,1071,1089,4,0,95,1,
2025|1071|4|0|10|4,2025|1071|1089|4|0|10|4,,2025,,1071,1089,4,0,10,4,
2025|1071|3|1|15|1,2025|1071|4155|3|1|15|1,,2025,,1071,4155,3,1,15,1,
2025|1071|3|1|10|8,2025|1071|4155|3|1|10|8,,2025,,1071,4155,3,1,10,8,
2025|1071|3|1|10|1,2025|1071|4155|3|1|10|1,,2025,,1071,4155,3,1,10,1,
2025|1071|4|1|15|1,2025|1071|4155|4|1|15|1,,2025,,1071,4155,4,1,15,1,
2025|1071|4|1|10|8,2025|1071|4155|4|1|10|8,,2025,,1071,4155,4,1,10,8,
2025|1071|4|1|25|1,2025|1071|4155|4|1|25|1,,2025,,1071,4155,4,1,25,1,
2025|1071|3|0|95|1,2025|1071|4356|3|0|95|1,,2025,,1071,4356,3,0,95,1,
2025|1071|3|0|10|1,2025|1071|4356|3|0|10|1,,2025,,1071,4356,3,0,10,1,
2025|1071|3|0|57|1,2025|1071|4356|3|0|57|1,,2025,,1071,4356,3,0,57,1,
2025|1071|4|0|10|1,2025|1071|4356|4|0|10|1,,2025,,1071,4356,4,0,10,1,
2025|1071|3|0|10|1,2025|1071|4354|3|0|10|1,,2025,,1071,4354,3,0,10,1,
2025|1071|4|0|95|1,2025|1071|4354|4|0|95|1,,2025,,1071,4354,4,0,95,1,
2025|1071|4|0|10|1,2025|1071|4354|4|0|10|1,,2025,,1071,4354,4,0,10,1,
2025|1071|3|0|95|1,2025|1071|4335|3|0|95|1,,2025,,1071,4335,3,0,95,1,
2025|1071|3|0|10|1,2025|1071|4335|3|0|10|1,,2025,,1071,4335,3,0,10,1,
2025|1071|4|0|95|1,2025|1071|4335|4|0|95|1,,2025,,1071,4335,4,0,95,1,
2025|1071|3|0|10|1,2025|1071|2500|3|0|10|1,,2025,,1071,2500,3,0,10,1,
2025|1071|1|0|10|1,2025|1071|2417|1|0|10|1,,2025,,1071,2417,1,0,10,1,
2025|1071|3|0|10|7,2025|1071|2417|3|0|10|7,,2025,,1071,2417,3,0,10,7,
2025|1071|3|0|57|1,2025|1071|0|3|0|57|1,,2025,,1071,0,3,0,57,1,
2025|1071|3|0|98|1,2025|1071|0|3|0|98|1,,2025,,1071,0,3,0,98,1,
2025|1081|3|0|10|1,2025|1081|1010|3|0|10|1,,2025,,1081,1010,3,0,10,1,
2025|1081|3|0|10|1,2025|1081|2030|3|0|10|1,,2025,,1081,2030,3,0,10,1,
2025|1081|3|0|10|1,2025|1081|1014|3|0|10|1,,2025,,1081,1014,3,0,10,1,
2025|1081|3|0|95|1,2025|1081|1014|3|0|95|1,,2025,,1081,1014,3,0,95,1,
2025|1081|4|0|95|1,2025|1081|1014|4|0|95|1,,2025,,1081,1014,4,0,95,1,
2025|1081|3|0|10|1,2025|1081|1012|3|0|10|1,,2025,,1081,1012,3,0,10,1,
2025|1081|4|0|9|1,2025|1081|1012|4|0|9|1,,2025,,1081,1012,4,0,9,1,
2025|1081|4|0|10|1,2025|1081|1012|4|0|10|1,,2025,,1081,1012,4,0,10,1,
2025|1081|3|0|60|2,2025|1081|1013|3|0|60|2,,2025,,1081,1013,3,0,60,2,
2025|1081|3|0|10|1,2025|1081|1013|3|0|10|1,,2025,,1081,1013,3,0,10,1,
2025|1081|3|0|9|1,2025|1081|1013|3|0|9|1,,2025,,1081,1013,3,0,9,1,
2025|1081|4|0|57|1,2025|1081|1013|4|0|57|1,,2025,,1081,1013,4,0,57,1,
2025|1081|4|0|60|2,2025|1081|1013|4|0|60|2,,2025,,1081,1013,4,0,60,2,
2025|1081|4|0|9|1,2025|1081|1013|4|0|9|1,,2025,,1081,1013,4,0,9,1,
2025|1081|1|0|10|9,2025|1081|7803|1|0|10|9,,2025,,1081,7803,1,0,10,9,
2025|1081|3|0|10|9,2025|1081|7803|3|0|10|9,,2025,,1081,7803,3,0,10,9,
2025|1081|3|0|10|1,2025|1081|2500|3|0|10|1,,2025,,1081,2500,3,0,10,1,
2025|1081|3|0|9|1,2025|1081|2500|3|0|9|1,,2025,,1081,2500,3,0,9,1,
2025|1081|4|0|9|1,2025|1081|2500|4|0|9|1,,2025,,1081,2500,4,0,9,1,
2025|1081|1|0|10|1,2025|1081|2417|1|0|10|1,,2025,,1081,2417,1,0,10,1,
2025|1081|3|0|60|2,2025|1081|2417|3|0|60|2,,2025,,1081,2417,3,0,60,2,
2025|1081|3|0|10|1,2025|1081|2417|3|0|10|1,,2025,,1081,2417,3,0,10,1,
2025|1081|3|0|10|7,2025|1081|2417|3|0|10|7,,2025,,1081,2417,3,0,10,7,
2025|1081|4|0|57|1,2025|1081|0|4|0|57|1,,2025,,1081,0,4,0,57,1,
2025|1081|4|0|9|1,2025|1081|0|4|0|9|1,,2025,,1081,0,4,0,9,1,
2025|1091|1|0|60|1,2025|1091|2028|1|0|60|1,,2025,,1091,2028,1,0,60,1,
2025|1091|3|0|60|1,2025|1091|2028|3|0|60|1,,2025,,1091,2028,3,0,60,1,
2025|1091|4|0|60|1,2025|1091|2028|4|0|60|1,,2025,,1091,2028,4,0,60,1,
2025|1091|1|0|10|1,2025|1091|4493|1|0|10|1,,2025,,1091,4493,1,0,10,1,
2025|1091|3|0|60|7,2025|1091|4493|3|0|60|7,,2025,,1091,4493,3,0,60,7,
2025|1091|3|0|10|7,2025|1091|4493|3|0|10|7,,2025,,1091,4493,3,0,10,7,
2025|1091|1|0|10|1,2025|1091|2009|1|0|10|1,,2025,,1091,2009,1,0,10,1,
2025|1091|3|0|60|7,2025|1091|2009|3|0|60|7,,2025,,1091,2009,3,0,60,7,
2025|1091|3|0|60|1,2025|1091|2009|3|0|60|1,,2025,,1091,2009,3,0,60,1,
2025|1091|3|0|10|7,2025|1091|2009|3|0|10|7,,2025,,1091,2009,3,0,10,7,
2025|1091|3|0|10|1,2025|1091|2009|3|0|10|1,,2025,,1091,2009,3,0,10,1,
2025|1091|4|0|47|1,2025|1091|2009|4|0|47|1,,2025,,1091,2009,4,0,47,1,
2025|1091|4|0|10|1,2025|1091|2009|4|0|10|1,,2025,,1091,2009,4,0,10,1,
2025|1091|1|0|10|9,2025|1091|7004|1|0|10|9,,2025,,1091,7004,1,0,10,9,
2025|1091|1|0|10|1,2025|1091|7006|1|0|10|1,,2025,,1091,7006,1,0,10,1,
2025|1091|1|0|10|5,2025|1091|7006|1|0|10|5,,2025,,1091,7006,1,0,10,5,
2025|1091|1|0|43|5,2025|1091|7006|1|0|43|5,,2025,,1091,7006,1,0,43,5,
2025|1091|1|0|42|5,2025|1091|7006|1|0|42|5,,2025,,1091,7006,1,0,42,5,
2025|1091|3|0|60|7,2025|1091|7006|3|0|60|7,,2025,,1091,7006,3,0,60,7,
2025|1091|3|0|10|7,2025|1091|7006|3|0|10|7,,2025,,1091,7006,3,0,10,7,
2025|1091|3|0|10|1,2025|1091|1064|3|0|10|1,,2025,,1091,1064,3,0,10,1,
2025|1091|4|0|70|1,2025|1091|1064|4|0|70|1,,2025,,1091,1064,4,0,70,1,
2025|1091|4|0|10|1,2025|1091|1064|4|0|10|1,,2025,,1091,1064,4,0,10,1,
2025|1091|5|0|10|1,2025|1091|1064|5|0|10|1,,2025,,1091,1064,5,0,10,1,
2025|1101|3|0|10|1,2025|1101|2020|3|0|10|1,,2025,,1101,2020,3,0,10,1,
2025|1101|3|0|10|1,2025|1101|4104|3|0|10|1,,2025,,1101,4104,3,0,10,1,
2025|1101|3|0|10|1,2025|1101|4109|3|0|10|1,,2025,,1101,4109,3,0,10,1,
2025|1101|3|0|10|1,2025|1101|4012|3|0|10|1,,2025,,1101,4012,3,0,10,1,
2025|1101|3|0|10|1,2025|1101|4101|3|0|10|1,,2025,,1101,4101,3,0,10,1,
2025|1101|4|0|10|1,2025|1101|1017|4|0|10|1,,2025,,1101,1017,4,0,10,1,
2025|1101|3|0|10|1,2025|1101|4102|3|0|10|1,,2025,,1101,4102,3,0,10,1,
2025|1101|4|0|10|1,2025|1101|4102|4|0|10|1,,2025,,1101,4102,4,0,10,1,
2025|1101|3|0|10|1,2025|1101|4110|3|0|10|1,,2025,,1101,4110,3,0,10,1,
2025|1101|3|0|10|1,2025|1101|2500|3|0|10|1,,2025,,1101,2500,3,0,10,1,
2025|1101|4|0|10|1,2025|1101|2500|4|0|10|1,,2025,,1101,2500,4,0,10,1,
2025|1101|1|0|10|1,2025|1101|2417|1|0|10|1,,2025,,1101,2417,1,0,10,1,
2025|1101|3|0|10|7,2025|1101|2417|3|0|10|7,,2025,,1101,2417,3,0,10,7,
2025|1191|3|1|10|1,2025|1191|1002|3|1|10|1,,2025,,1191,1002,3,1,10,1,
2025|1191|3|0|10|1,2025|1191|2004|3|0|10|1,,2025,,1191,2004,3,0,10,1,
2025|1191|3|0|9|1,2025|1191|2005|3|0|9|1,,2025,,1191,2005,3,0,9,1,
2025|1191|4|0|9|1,2025|1191|2005|4|0|9|1,,2025,,1191,2005,4,0,9,1,
2025|1191|4|0|74|1,2025|1191|2005|4|0|74|1,,2025,,1191,2005,4,0,74,1,
2025|1191|3|0|29|1,2025|1191|2007|3|0|29|1,,2025,,1191,2007,3,0,29,1,
2025|1191|3|0|10|1,2025|1191|2007|3|0|10|1,,2025,,1191,2007,3,0,10,1,
2025|1191|4|0|10|1,2025|1191|2007|4|0|10|1,,2025,,1191,2007,4,0,10,1,
2025|1191|3|0|10|1,2025|1191|2006|3|0|10|1,,2025,,1191,2006,3,0,10,1,
2025|1191|3|0|29|1,2025|1191|2006|3|0|29|1,,2025,,1191,2006,3,0,29,1,
2025|1191|4|0|10|1,2025|1191|2006|4|0|10|1,,2025,,1191,2006,4,0,10,1,
2025|1191|3|0|10|1,2025|1191|2016|3|0|10|1,,2025,,1191,2016,3,0,10,1,
2025|1191|3|0|10|1,2025|1191|2032|3|0|10|1,,2025,,1191,2032,3,0,10,1,
2025|1191|3|0|10|1,2025|1191|4107|3|0|10|1,,2025,,1191,4107,3,0,10,1,
2025|1191|4|0|10|1,2025|1191|4107|4|0|10|1,,2025,,1191,4107,4,0,10,1,
2025|1191|3|0|10|1,2025|1191|2019|3|0|10|1,,2025,,1191,2019,3,0,10,1,
2025|1191|3|0|10|1,2025|1191|4096|3|0|10|1,,2025,,1191,4096,3,0,10,1,
2025|1191|3|0|10|1,2025|1191|4106|3|0|10|1,,2025,,1191,4106,3,0,10,1,
2025|1191|3|0|10|1,2025|1191|4097|3|0|10|1,,2025,,1191,4097,3,0,10,1,
2025|1191|3|0|10|1,2025|1191|4105|3|0|10|1,,2025,,1191,4105,3,0,10,1,
2025|1191|5|0|10|1,2025|1191|4105|5|0|10|1,,2025,,1191,4105,5,0,10,1,
2025|1191|3|0|10|1,2025|1191|4098|3|0|10|1,,2025,,1191,4098,3,0,10,1,
2025|1191|3|0|10|1,2025|1191|4103|3|0|10|1,,2025,,1191,4103,3,0,10,1,
2025|1191|4|0|10|1,2025|1191|4103|4|0|10|1,,2025,,1191,4103,4,0,10,1,
2025|1191|3|0|83|2,2025|1191|4095|3|0|83|2,,2025,,1191,4095,3,0,83,2,
2025|1191|3|0|27|1,2025|1191|4095|3|0|27|1,,2025,,1191,4095,3,0,27,1,
2025|1191|3|0|10|1,2025|1191|4095|3|0|10|1,,2025,,1191,4095,3,0,10,1,
2025|1191|4|0|74|1,2025|1191|4085|4|0|74|1,,2025,,1191,4085,4,0,74,1,
2025|1191|3|0|10|1,2025|1191|1015|3|0|10|1,,2025,,1191,1015,3,0,10,1,
2025|1191|4|0|10|1,2025|1191|1015|4|0|10|1,,2025,,1191,1015,4,0,10,1,
2025|1191|4|0|9|1,2025|1191|1015|4|0|9|1,,2025,,1191,1015,4,0,9,1,
2025|1191|3|0|10|1,2025|1191|4079|3|0|10|1,,2025,,1191,4079,3,0,10,1,
2025|1191|3|0|10|1,2025|1191|4081|3|0|10|1,,2025,,1191,4081,3,0,10,1,
2025|1191|3|0|29|1,2025|1191|4083|3|0|29|1,,2025,,1191,4083,3,0,29,1,
2025|1191|3|0|10|1,2025|1191|4083|3|0|10|1,,2025,,1191,4083,3,0,10,1,
2025|1191|4|0|10|1,2025|1191|4083|4|0|10|1,,2025,,1191,4083,4,0,10,1,
2025|1191|3|0|10|1,2025|1191|4082|3|0|10|1,,2025,,1191,4082,3,0,10,1,
2025|1191|3|0|29|1,2025|1191|4082|3|0|29|1,,2025,,1191,4082,3,0,29,1,
2025|1191|3|0|9|1,2025|1191|2500|3|0|9|1,,2025,,1191,2500,3,0,9,1,
2025|1191|3|0|29|1,2025|1191|2500|3|0|29|1,,2025,,1191,2500,3,0,29,1,
2025|1191|3|0|10|1,2025|1191|2500|3|0|10|1,,2025,,1191,2500,3,0,10,1,
2025|1191|4|0|9|1,2025|1191|2500|4|0|9|1,,2025,,1191,2500,4,0,9,1,
2025|1191|1|0|15|1,2025|1191|2417|1|0|15|1,,2025,,1191,2417,1,0,15,1,
2025|1191|1|0|10|1,2025|1191|2417|1|0|10|1,,2025,,1191,2417,1,0,10,1,
2025|1191|3|0|10|1,2025|1191|2417|3|0|10|1,,2025,,1191,2417,3,0,10,1,
2025|1191|3|0|10|7,2025|1191|2417|3|0|10|7,,2025,,1191,2417,3,0,10,7,
2025|1191|3|0|9|1,2025|1191|0|3|0|9|1,,2025,,1191,0,3,0,9,1,
2025|1191|4|0|74|1,2025|1191|0|4|0|74|1,,2025,,1191,0,4,0,74,1,
2025|1221|3|0|36|1,2025|1221|1100|3|0|36|1,,2025,,1221,1100,3,0,36,1,
2025|1221|3|0|24|1,2025|1221|1100|3|0|24|1,,2025,,1221,1100,3,0,24,1,
2025|1221|4|0|71|3,2025|1221|1100|4|0|71|3,,2025,,1221,1100,4,0,71,3,
2025|1221|4|0|24|1,2025|1221|1100|4|0|24|1,,2025,,1221,1100,4,0,24,1,
2025|1221|3|0|10|1,2025|1221|4544|3|0|10|1,,2025,,1221,4544,3,0,10,1,
2025|1221|3|0|10|1,2025|1221|1083|3|0|10|1,,2025,,1221,1083,3,0,10,1,
2025|1221|3|0|10|1,2025|1221|4482|3|0|10|1,,2025,,1221,4482,3,0,10,1,
2025|1221|3|0|10|1,2025|1221|1082|3|0|10|1,,2025,,1221,1082,3,0,10,1,
2025|1221|3|1|10|1,2025|1221|1082|3|1|10|1,,2025,,1221,1082,3,1,10,1,
2025|1221|3|1|32|1,2025|1221|1082|3|1|32|1,,2025,,1221,1082,3,1,32,1,
2025|1221|3|1|80|1,2025|1221|1082|3|1|80|1,,2025,,1221,1082,3,1,80,1,
2025|1221|3|0|10|1,2025|1221|1097|3|0|10|1,,2025,,1221,1097,3,0,10,1,
2025|1221|3|0|95|1,2025|1221|1097|3|0|95|1,,2025,,1221,1097,3,0,95,1,
2025|1221|4|0|95|1,2025|1221|1097|4|0|95|1,,2025,,1221,1097,4,0,95,1,
2025|1221|3|0|32|1,2025|1221|1072|3|0|32|1,,2025,,1221,1072,3,0,32,1,
2025|1221|3|1|10|1,2025|1221|1071|3|1|10|1,,2025,,1221,1071,3,1,10,1,
2025|1221|3|1|32|1,2025|1221|1071|3|1|32|1,,2025,,1221,1071,3,1,32,1,
2025|1221|3|0|32|1,2025|1221|4474|3|0|32|1,,2025,,1221,4474,3,0,32,1,
2025|1221|3|0|98|1,2025|1221|4474|3|0|98|1,,2025,,1221,4474,3,0,98,1,
2025|1221|3|0|10|4,2025|1221|4474|3|0|10|4,,2025,,1221,4474,3,0,10,4,
2025|1221|3|0|10|8,2025|1221|1073|3|0|10|8,,2025,,1221,1073,3,0,10,8,
2025|1221|3|0|32|1,2025|1221|1073|3|0|32|1,,2025,,1221,1073,3,0,32,1,
2025|1221|3|0|80|1,2025|1221|1073|3|0|80|1,,2025,,1221,1073,3,0,80,1,
2025|1221|3|1|10|1,2025|1221|1081|3|1|10|1,,2025,,1221,1081,3,1,10,1,
2025|1221|3|0|10|1,2025|1221|4499|3|0|10|1,,2025,,1221,4499,3,0,10,1,
2025|1221|3|0|32|1,2025|1221|1078|3|0|32|1,,2025,,1221,1078,3,0,32,1,
2025|1221|3|0|32|1,2025|1221|1079|3|0|32|1,,2025,,1221,1079,3,0,32,1,
2025|1221|3|0|10|1,2025|1221|1091|3|0|10|1,,2025,,1221,1091,3,0,10,1,
2025|1221|3|0|32|1,2025|1221|1091|3|0|32|1,,2025,,1221,1091,3,0,32,1,
2025|1221|3|0|32|1,2025|1221|1076|3|0|32|1,,2025,,1221,1076,3,0,32,1,
2025|1221|3|0|10|1,2025|1221|1077|3|0|10|1,,2025,,1221,1077,3,0,10,1,
2025|1221|3|0|32|1,2025|1221|1077|3|0|32|1,,2025,,1221,1077,3,0,32,1,
2025|1221|3|0|10|1,2025|1221|1090|3|0|10|1,,2025,,1221,1090,3,0,10,1,
2025|1221|3|0|10|1,2025|1221|1075|3|0|10|1,,2025,,1221,1075,3,0,10,1,
2025|1221|3|0|32|1,2025|1221|1075|3|0|32|1,,2025,,1221,1075,3,0,32,1,
2025|1221|4|0|32|1,2025|1221|1075|4|0|32|1,,2025,,1221,1075,4,0,32,1,
2025|1221|3|0|10|1,2025|1221|4449|3|0|10|1,,2025,,1221,4449,3,0,10,1,
2025|1221|3|0|10|1,2025|1221|4472|3|0|10|1,,2025,,1221,4472,3,0,10,1,
2025|1221|3|0|10|1,2025|1221|2500|3|0|10|1,,2025,,1221,2500,3,0,10,1,
2025|1221|4|0|10|1,2025|1221|2500|4|0|10|1,,2025,,1221,2500,4,0,10,1,
2025|1221|1|0|95|1,2025|1221|2417|1|0|95|1,,2025,,1221,2417,1,0,95,1,
2025|1221|1|0|10|1,2025|1221|2417|1|0|10|1,,2025,,1221,2417,1,0,10,1,
2025|1221|3|0|95|7,2025|1221|2417|3|0|95|7,,2025,,1221,2417,3,0,95,7,
2025|1221|3|0|10|7,2025|1221|2417|3|0|10|7,,2025,,1221,2417,3,0,10,7,
2025|1221|3|0|98|1,2025|1221|0|3|0|98|1,,2025,,1221,0,3,0,98,1,
2025|1231|3|0|10|1,2025|1231|4357|3|0|10|1,,2025,,1231,4357,3,0,10,1,
2025|1231|3|0|10|1,2025|1231|4361|3|0|10|1,,2025,,1231,4361,3,0,10,1,
2025|1231|4|0|10|8,2025|1231|4361|4|0|10|8,,2025,,1231,4361,4,0,10,8,
2025|1231|3|0|10|1,2025|1231|4359|3|0|10|1,,2025,,1231,4359,3,0,10,1,
2025|1231|4|0|98|1,2025|1231|4359|4|0|98|1,,2025,,1231,4359,4,0,98,1,
2025|1231|3|0|10|8,2025|1231|4358|3|0|10|8,,2025,,1231,4358,3,0,10,8,
2025|1231|3|0|10|1,2025|1231|4358|3|0|10|1,,2025,,1231,4358,3,0,10,1,
2025|1231|3|0|69|1,2025|1231|4358|3|0|69|1,,2025,,1231,4358,3,0,69,1,
2025|1231|4|0|10|8,2025|1231|4358|4|0|10|8,,2025,,1231,4358,4,0,10,8,
2025|1231|4|0|10|4,2025|1231|4358|4|0|10|4,,2025,,1231,4358,4,0,10,4,
2025|1231|1|1|71|1,2025|1231|4363|1|1|71|1,,2025,,1231,4363,1,1,71,1,
2025|1231|3|1|10|8,2025|1231|4363|3|1|10|8,,2025,,1231,4363,3,1,10,8,
2025|1231|3|1|71|1,2025|1231|4363|3|1|71|1,,2025,,1231,4363,3,1,71,1,
2025|1231|3|1|71|7,2025|1231|4363|3|1|71|7,,2025,,1231,4363,3,1,71,7,
2025|1231|3|1|95|1,2025|1231|4363|3|1|95|1,,2025,,1231,4363,3,1,95,1,
2025|1231|3|1|80|1,2025|1231|4363|3|1|80|1,,2025,,1231,4363,3,1,80,1,
2025|1231|3|0|59|1,2025|1231|1053|3|0|59|1,,2025,,1231,1053,3,0,59,1,
2025|1231|4|0|59|1,2025|1231|1053|4|0|59|1,,2025,,1231,1053,4,0,59,1,
2025|1231|3|0|10|8,2025|1231|4383|3|0|10|8,,2025,,1231,4383,3,0,10,8,
2025|1231|3|0|98|1,2025|1231|4383|3|0|98|1,,2025,,1231,4383,3,0,98,1,
2025|1231|3|0|10|1,2025|1231|4383|3|0|10|1,,2025,,1231,4383,3,0,10,1,
2025|1231|3|0|10|4,2025|1231|4383|3|0|10|4,,2025,,1231,4383,3,0,10,4,
2025|1231|4|0|10|8,2025|1231|4383|4|0|10|8,,2025,,1231,4383,4,0,10,8,
2025|1231|4|0|10|4,2025|1231|4383|4|0|10|4,,2025,,1231,4383,4,0,10,4,
2025|1231|4|0|98|1,2025|1231|4383|4|0|98|1,,2025,,1231,4383,4,0,98,1,
2025|1231|3|0|10|8,2025|1231|4420|3|0|10|8,,2025,,1231,4420,3,0,10,8,
2025|1231|3|0|10|1,2025|1231|4420|3|0|10|1,,2025,,1231,4420,3,0,10,1,
2025|1231|4|0|98|1,2025|1231|4420|4|0|98|1,,2025,,1231,4420,4,0,98,1,
2025|1231|4|0|10|4,2025|1231|4420|4|0|10|4,,2025,,1231,4420,4,0,10,4,
2025|1231|4|0|10|8,2025|1231|4420|4|0|10|8,,2025,,1231,4420,4,0,10,8,
2025|1231|4|0|15|1,2025|1231|4420|4|0|15|1,,2025,,1231,4420,4,0,15,1,
2025|1231|4|0|80|1,2025|1231|4420|4|0|80|1,,2025,,1231,4420,4,0,80,1,
2025|1231|4|0|24|1,2025|1231|4420|4|0|24|1,,2025,,1231,4420,4,0,24,1,
2025|1231|3|0|10|1,2025|1231|4397|3|0|10|1,,2025,,1231,4397,3,0,10,1,
2025|1231|3|0|10|1,2025|1231|4407|3|0|10|1,,2025,,1231,4407,3,0,10,1,
2025|1231|3|0|10|1,2025|1231|4403|3|0|10|1,,2025,,1231,4403,3,0,10,1,
2025|1231|3|0|10|1,2025|1231|4400|3|0|10|1,,2025,,1231,4400,3,0,10,1,
2025|1231|3|0|71|1,2025|1231|4399|3|0|71|1,,2025,,1231,4399,3,0,71,1,
2025|1231|3|0|10|1,2025|1231|4399|3|0|10|1,,2025,,1231,4399,3,0,10,1,
2025|1231|3|0|10|1,2025|1231|4394|3|0|10|1,,2025,,1231,4394,3,0,10,1,
2025|1231|4|0|10|1,2025|1231|4394|4|0|10|1,,2025,,1231,4394,4,0,10,1,
2025|1231|3|0|79|2,2025|1231|4396|3|0|79|2,,2025,,1231,4396,3,0,79,2,
2025|1231|3|0|10|3,2025|1231|4396|3|0|10|3,,2025,,1231,4396,3,0,10,3,
2025|1231|3|0|10|1,2025|1231|4396|3|0|10|1,,2025,,1231,4396,3,0,10,1,
2025|1231|3|0|80|1,2025|1231|4396|3|0|80|1,,2025,,1231,4396,3,0,80,1,
2025|1231|4|0|79|2,2025|1231|4396|4|0|79|2,,2025,,1231,4396,4,0,79,2,
2025|1231|4|0|24|1,2025|1231|4396|4|0|24|1,,2025,,1231,4396,4,0,24,1,
2025|1231|4|0|10|4,2025|1231|4396|4|0|10|4,,2025,,1231,4396,4,0,10,4,
2025|1231|3|0|71|1,2025|1231|4393|3|0|71|1,,2025,,1231,4393,3,0,71,1,
2025|1231|3|0|10|1,2025|1231|4393|3|0|10|1,,2025,,1231,4393,3,0,10,1,
2025|1231|3|1|24|1,2025|1231|4398|3|1|24|1,,2025,,1231,4398,3,1,24,1,
2025|1231|3|1|10|3,2025|1231|4398|3|1|10|3,,2025,,1231,4398,3,1,10,3,
2025|1231|3|1|10|8,2025|1231|4398|3|1|10|8,,2025,,1231,4398,3,1,10,8,
2025|1231|3|1|1|1,2025|1231|4398|3|1|1|1,,2025,,1231,4398,3,1,1,1,
2025|1231|3|1|71|1,2025|1231|4398|3|1|71|1,,2025,,1231,4398,3,1,71,1,
2025|1231|3|1|71|7,2025|1231|4398|3|1|71|7,,2025,,1231,4398,3,1,71,7,
2025|1231|3|1|10|4,2025|1231|4398|3|1|10|4,,2025,,1231,4398,3,1,10,4,
2025|1231|4|1|71|1,2025|1231|4398|4|1|71|1,,2025,,1231,4398,4,1,71,1,
2025|1231|3|0|10|1,2025|1231|4419|3|0|10|1,,2025,,1231,4419,3,0,10,1,
2025|1231|4|0|24|1,2025|1231|4419|4|0|24|1,,2025,,1231,4419,4,0,24,1,
2025|1231|4|0|10|3,2025|1231|4419|4|0|10|3,,2025,,1231,4419,4,0,10,3,
2025|1231|4|0|15|1,2025|1231|4419|4|0|15|1,,2025,,1231,4419,4,0,15,1,
2025|1231|4|0|10|8,2025|1231|4419|4|0|10|8,,2025,,1231,4419,4,0,10,8,
2025|1231|3|0|10|1,2025|1231|4391|3|0|10|1,,2025,,1231,4391,3,0,10,1,
2025|1231|3|0|10|1,2025|1231|4386|3|0|10|1,,2025,,1231,4386,3,0,10,1,
2025|1231|3|0|71|1,2025|1231|4405|3|0|71|1,,2025,,1231,4405,3,0,71,1,
2025|1231|3|0|10|1,2025|1231|2500|3|0|10|1,,2025,,1231,2500,3,0,10,1,
2025|1231|3|0|80|1,2025|1231|2500|3|0|80|1,,2025,,1231,2500,3,0,80,1,
2025|1231|4|0|10|1,2025|1231|2500|4|0|10|1,,2025,,1231,2500,4,0,10,1,
2025|1231|1|0|10|1,2025|1231|2417|1|0|10|1,,2025,,1231,2417,1,0,10,1,
2025|1231|3|0|10|1,2025|1231|2417|3|0|10|1,,2025,,1231,2417,3,0,10,1,
2025|1231|3|0|10|7,2025|1231|2417|3|0|10|7,,2025,,1231,2417,3,0,10,7,
2025|1231|3|0|69|1,2025|1231|0|3|0|69|1,,2025,,1231,0,3,0,69,1,
2025|1231|4|0|98|1,2025|1231|0|4|0|98|1,,2025,,1231,0,4,0,98,1,
2025|1231|4|0|24|1,2025|1231|0|4|0|24|1,,2025,,1231,0,4,0,24,1,
2025|1251|1|0|10|1,2025|1251|4372|1|0|10|1,,2025,,1251,4372,1,0,10,1,
2025|1251|3|0|60|1,2025|1251|4372|3|0|60|1,,2025,,1251,4372,3,0,60,1,
2025|1251|3|0|60|2,2025|1251|4372|3|0|60|2,,2025,,1251,4372,3,0,60,2,
2025|1251|3|0|10|1,2025|1251|4372|3|0|10|1,,2025,,1251,4372,3,0,10,1,
2025|1251|3|0|70|1,2025|1251|4372|3|0|70|1,,2025,,1251,4372,3,0,70,1,
2025|1251|3|0|69|1,2025|1251|4372|3|0|69|1,,2025,,1251,4372,3,0,69,1,
2025|1251|3|0|10|7,2025|1251|4372|3|0|10|7,,2025,,1251,4372,3,0,10,7,
2025|1251|4|0|60|2,2025|1251|4372|4|0|60|2,,2025,,1251,4372,4,0,60,2,
2025|1251|4|0|69|1,2025|1251|4372|4|0|69|1,,2025,,1251,4372,4,0,69,1,
2025|1251|4|0|70|1,2025|1251|4372|4|0|70|1,,2025,,1251,4372,4,0,70,1,
2025|1251|3|0|10|1,2025|1251|2065|3|0|10|1,,2025,,1251,2065,3,0,10,1,
2025|1251|3|0|10|1,2025|1251|2057|3|0|10|1,,2025,,1251,2057,3,0,10,1,
2025|1251|1|0|10|1,2025|1251|2060|1|0|10|1,,2025,,1251,2060,1,0,10,1,
2025|1251|3|0|60|2,2025|1251|2060|3|0|60|2,,2025,,1251,2060,3,0,60,2,
2025|1251|3|0|10|7,2025|1251|2060|3|0|10|7,,2025,,1251,2060,3,0,10,7,
2025|1251|4|0|60|2,2025|1251|2060|4|0|60|2,,2025,,1251,2060,4,0,60,2,
2025|1251|4|0|95|1,2025|1251|2060|4|0|95|1,,2025,,1251,2060,4,0,95,1,
2025|1251|1|0|10|1,2025|1251|2058|1|0|10|1,,2025,,1251,2058,1,0,10,1,
2025|1251|3|0|70|1,2025|1251|2058|3|0|70|1,,2025,,1251,2058,3,0,70,1,
2025|1251|3|0|60|1,2025|1251|2058|3|0|60|1,,2025,,1251,2058,3,0,60,1,
2025|1251|3|0|10|1,2025|1251|2058|3|0|10|1,,2025,,1251,2058,3,0,10,1,
2025|1251|3|0|10|7,2025|1251|2058|3|0|10|7,,2025,,1251,2058,3,0,10,7,
2025|1251|1|0|10|1,2025|1251|2059|1|0|10|1,,2025,,1251,2059,1,0,10,1,
2025|1251|3|0|70|1,2025|1251|2059|3|0|70|1,,2025,,1251,2059,3,0,70,1,
2025|1251|3|0|10|1,2025|1251|2059|3|0|10|1,,2025,,1251,2059,3,0,10,1,
2025|1251|3|0|10|7,2025|1251|2059|3|0|10|7,,2025,,1251,2059,3,0,10,7,
2025|1251|3|0|10|1,2025|1251|4373|3|0|10|1,,2025,,1251,4373,3,0,10,1,
2025|1251|3|0|10|1,2025|1251|2063|3|0|10|1,,2025,,1251,2063,3,0,10,1,
2025|1251|3|0|68|1,2025|1251|2063|3|0|68|1,,2025,,1251,2063,3,0,68,1,
2025|1251|4|0|70|1,2025|1251|2063|4|0|70|1,,2025,,1251,2063,4,0,70,1,
2025|1251|4|0|68|1,2025|1251|2063|4|0|68|1,,2025,,1251,2063,4,0,68,1,
2025|1251|3|1|10|1,2025|1251|4366|3|1|10|1,,2025,,1251,4366,3,1,10,1,
2025|1251|3|1|10|8,2025|1251|4366|3|1|10|8,,2025,,1251,4366,3,1,10,8,
2025|1251|4|1|15|0,2025|1251|4366|4|1|15|0,,2025,,1251,4366,4,1,15,0,
2025|1251|4|1|15|1,2025|1251|4366|4|1|15|1,,2025,,1251,4366,4,1,15,1,
2025|1251|4|1|10|8,2025|1251|4366|4|1|10|8,,2025,,1251,4366,4,1,10,8,
2025|1251|1|0|10|1,2025|1251|2061|1|0|10|1,,2025,,1251,2061,1,0,10,1,
2025|1251|3|0|60|1,2025|1251|2061|3|0|60|1,,2025,,1251,2061,3,0,60,1,
2025|1251|3|0|10|1,2025|1251|2061|3|0|10|1,,2025,,1251,2061,3,0,10,1,
2025|1251|3|0|69|1,2025|1251|2061|3|0|69|1,,2025,,1251,2061,3,0,69,1,
2025|1251|3|0|24|1,2025|1251|2061|3|0|24|1,,2025,,1251,2061,3,0,24,1,
2025|1251|3|0|10|7,2025|1251|2061|3|0|10|7,,2025,,1251,2061,3,0,10,7,
2025|1251|4|0|60|1,2025|1251|2061|4|0|60|1,,2025,,1251,2061,4,0,60,1,
2025|1251|4|0|24|1,2025|1251|2061|4|0|24|1,,2025,,1251,2061,4,0,24,1,
2025|1251|4|0|69|1,2025|1251|2061|4|0|69|1,,2025,,1251,2061,4,0,69,1,
2025|1251|1|0|10|1,2025|1251|4374|1|0|10|1,,2025,,1251,4374,1,0,10,1,
2025|1251|1|0|27|1,2025|1251|4374|1|0|27|1,,2025,,1251,4374,1,0,27,1,
2025|1251|3|0|60|1,2025|1251|4374|3|0|60|1,,2025,,1251,4374,3,0,60,1,
2025|1251|3|0|10|1,2025|1251|4374|3|0|10|1,,2025,,1251,4374,3,0,10,1,
2025|1251|3|0|24|1,2025|1251|4374|3|0|24|1,,2025,,1251,4374,3,0,24,1,
2025|1251|3|0|68|1,2025|1251|4374|3|0|68|1,,2025,,1251,4374,3,0,68,1,
2025|1251|3|0|10|7,2025|1251|4374|3|0|10|7,,2025,,1251,4374,3,0,10,7,
2025|1251|3|0|52|2,2025|1251|4374|3|0|52|2,,2025,,1251,4374,3,0,52,2,
2025|1251|3|0|83|2,2025|1251|4374|3|0|83|2,,2025,,1251,4374,3,0,83,2,
2025|1251|3|0|70|1,2025|1251|4374|3|0|70|1,,2025,,1251,4374,3,0,70,1,
2025|1251|3|0|73|1,2025|1251|4374|3|0|73|1,,2025,,1251,4374,3,0,73,1,
2025|1251|4|0|24|1,2025|1251|4374|4|0|24|1,,2025,,1251,4374,4,0,24,1,
2025|1251|4|0|68|1,2025|1251|4374|4|0|68|1,,2025,,1251,4374,4,0,68,1,
2025|1251|4|0|70|1,2025|1251|4374|4|0|70|1,,2025,,1251,4374,4,0,70,1,
2025|1251|4|0|73|1,2025|1251|4374|4|0|73|1,,2025,,1251,4374,4,0,73,1,
2025|1251|1|0|10|1,2025|1251|4365|1|0|10|1,,2025,,1251,4365,1,0,10,1,
2025|1251|3|0|45|1,2025|1251|4365|3|0|45|1,,2025,,1251,4365,3,0,45,1,
2025|1251|3|0|95|1,2025|1251|4365|3|0|95|1,,2025,,1251,4365,3,0,95,1,
2025|1251|3|0|10|3,2025|1251|4365|3|0|10|3,,2025,,1251,4365,3,0,10,3,
2025|1251|3|0|97|1,2025|1251|4365|3|0|97|1,,2025,,1251,4365,3,0,97,1,
2025|1251|3|0|15|1,2025|1251|4365|3|0|15|1,,2025,,1251,4365,3,0,15,1,
2025|1251|3|0|82|1,2025|1251|4365|3|0|82|1,,2025,,1251,4365,3,0,82,1,
2025|1251|3|0|80|1,2025|1251|4365|3|0|80|1,,2025,,1251,4365,3,0,80,1,
2025|1251|3|0|60|1,2025|1251|4365|3|0|60|1,,2025,,1251,4365,3,0,60,1,
2025|1251|3|0|68|1,2025|1251|4365|3|0|68|1,,2025,,1251,4365,3,0,68,1,
2025|1251|3|0|24|1,2025|1251|4365|3|0|24|1,,2025,,1251,4365,3,0,24,1,
2025|1251|3|0|69|1,2025|1251|4365|3|0|69|1,,2025,,1251,4365,3,0,69,1,
2025|1251|3|0|10|1,2025|1251|4365|3|0|10|1,,2025,,1251,4365,3,0,10,1,
2025|1251|3|0|1|1,2025|1251|4365|3|0|1|1,,2025,,1251,4365,3,0,1,1,
2025|1251|3|0|2|1,2025|1251|4365|3|0|2|1,,2025,,1251,4365,3,0,2,1,
2025|1251|3|0|9|1,2025|1251|4365|3|0|9|1,,2025,,1251,4365,3,0,9,1,
2025|1251|3|0|70|1,2025|1251|4365|3|0|70|1,,2025,,1251,4365,3,0,70,1,
2025|1251|3|0|10|7,2025|1251|4365|3|0|10|7,,2025,,1251,4365,3,0,10,7,
2025|1251|4|0|15|1,2025|1251|4365|4|0|15|1,,2025,,1251,4365,4,0,15,1,
2025|1251|4|0|10|8,2025|1251|4365|4|0|10|8,,2025,,1251,4365,4,0,10,8,
2025|1251|4|0|10|3,2025|1251|4365|4|0|10|3,,2025,,1251,4365,4,0,10,3,
2025|1251|4|0|95|1,2025|1251|4365|4|0|95|1,,2025,,1251,4365,4,0,95,1,
2025|1251|4|0|45|1,2025|1251|4365|4|0|45|1,,2025,,1251,4365,4,0,45,1,
2025|1251|4|0|15|0,2025|1251|4365|4|0|15|0,,2025,,1251,4365,4,0,15,0,
2025|1251|4|0|98|1,2025|1251|4365|4|0|98|1,,2025,,1251,4365,4,0,98,1,
2025|1251|4|0|97|1,2025|1251|4365|4|0|97|1,,2025,,1251,4365,4,0,97,1,
2025|1251|4|0|10|4,2025|1251|4365|4|0|10|4,,2025,,1251,4365,4,0,10,4,
2025|1251|4|0|10|1,2025|1251|4365|4|0|10|1,,2025,,1251,4365,4,0,10,1,
2025|1251|4|0|68|1,2025|1251|4365|4|0|68|1,,2025,,1251,4365,4,0,68,1,
2025|1251|4|0|69|1,2025|1251|4365|4|0|69|1,,2025,,1251,4365,4,0,69,1,
2025|1251|4|0|70|1,2025|1251|4365|4|0|70|1,,2025,,1251,4365,4,0,70,1,
2025|1251|4|0|9|1,2025|1251|4365|4|0|9|1,,2025,,1251,4365,4,0,9,1,
2025|1251|4|0|80|1,2025|1251|4365|4|0|80|1,,2025,,1251,4365,4,0,80,1,
2025|1251|4|0|1|1,2025|1251|4365|4|0|1|1,,2025,,1251,4365,4,0,1,1,
2025|1251|4|0|24|1,2025|1251|4365|4|0|24|1,,2025,,1251,4365,4,0,24,1,
2025|1251|4|0|2|1,2025|1251|4365|4|0|2|1,,2025,,1251,4365,4,0,2,1,
2025|1251|5|0|10|1,2025|1251|4365|5|0|10|1,,2025,,1251,4365,5,0,10,1,
2025|1251|3|0|10|7,2025|1251|7010|3|0|10|7,,2025,,1251,7010,3,0,10,7,
2025|1251|1|0|10|1,2025|1251|2500|1|0|10|1,,2025,,1251,2500,1,0,10,1,
2025|1251|3|0|10|1,2025|1251|2500|3|0|10|1,,2025,,1251,2500,3,0,10,1,
2025|1251|3|0|60|1,2025|1251|2500|3|0|60|1,,2025,,1251,2500,3,0,60,1,
2025|1251|3|0|10|7,2025|1251|2500|3|0|10|7,,2025,,1251,2500,3,0,10,7,
2025|1251|1|0|75|1,2025|1251|7007|1|0|75|1,,2025,,1251,7007,1,0,75,1,
2025|1251|1|0|30|1,2025|1251|7007|1|0|30|1,,2025,,1251,7007,1,0,30,1,
2025|1251|1|0|10|1,2025|1251|7007|1|0|10|1,,2025,,1251,7007,1,0,10,1,
2025|1251|3|0|73|1,2025|1251|0|3|0|73|1,,2025,,1251,0,3,0,73,1,
2025|1251|3|0|69|1,2025|1251|0|3|0|69|1,,2025,,1251,0,3,0,69,1,
2025|1251|4|0|68|1,2025|1251|0|4|0|68|1,,2025,,1251,0,4,0,68,1,
2025|1251|4|0|1|1,2025|1251|0|4|0|1|1,,2025,,1251,0,4,0,1,1,
2025|1251|4|0|98|1,2025|1251|0|4|0|98|1,,2025,,1251,0,4,0,98,1,
2025|1251|4|0|2|1,2025|1251|0|4|0|2|1,,2025,,1251,0,4,0,2,1,
2025|1251|4|0|70|1,2025|1251|0|4|0|70|1,,2025,,1251,0,4,0,70,1,
2025|1251|4|0|9|1,2025|1251|0|4|0|9|1,,2025,,1251,0,4,0,9,1,
2025|1251|4|0|24|1,2025|1251|0|4|0|24|1,,2025,,1251,0,4,0,24,1,
2025|1261|3|1|10|8,2025|1261|2067|3|1|10|8,,2025,,1261,2067,3,1,10,8,
2025|1261|3|1|10|1,2025|1261|2067|3|1|10|1,,2025,,1261,2067,3,1,10,1,
2025|1261|4|1|10|8,2025|1261|2067|4|1|10|8,,2025,,1261,2067,4,1,10,8,
2025|1261|4|1|15|1,2025|1261|2067|4|1|15|1,,2025,,1261,2067,4,1,15,1,
2025|1261|4|1|10|1,2025|1261|2067|4|1|10|1,,2025,,1261,2067,4,1,10,1,
2025|1261|3|0|10|1,2025|1261|2133|3|0|10|1,,2025,,1261,2133,3,0,10,1,
2025|1261|3|0|10|1,2025|1261|2040|3|0|10|1,,2025,,1261,2040,3,0,10,1,
2025|1261|1|0|10|1,2025|1261|2092|1|0|10|1,,2025,,1261,2092,1,0,10,1,
2025|1261|3|0|10|7,2025|1261|2092|3|0|10|7,,2025,,1261,2092,3,0,10,7,
2025|1261|1|0|10|1,2025|1261|2098|1|0|10|1,,2025,,1261,2098,1,0,10,1,
2025|1261|3|0|10|7,2025|1261|2098|3|0|10|7,,2025,,1261,2098,3,0,10,7,
2025|1261|3|0|10|1,2025|1261|2038|3|0|10|1,,2025,,1261,2038,3,0,10,1,
2025|1261|4|0|10|1,2025|1261|2038|4|0|10|1,,2025,,1261,2038,4,0,10,1,
2025|1261|3|1|10|1,2025|1261|2099|3|1|10|1,,2025,,1261,2099,3,1,10,1,
2025|1261|3|0|10|1,2025|1261|2095|3|0|10|1,,2025,,1261,2095,3,0,10,1,
2025|1261|4|0|10|1,2025|1261|2095|4|0|10|1,,2025,,1261,2095,4,0,10,1,
2025|1261|1|0|23|1,2025|1261|2080|1|0|23|1,,2025,,1261,2080,1,0,23,1,
2025|1261|1|0|10|1,2025|1261|2080|1|0|10|1,,2025,,1261,2080,1,0,10,1,
2025|1261|3|0|10|7,2025|1261|2080|3|0|10|7,,2025,,1261,2080,3,0,10,7,
2025|1261|3|0|23|7,2025|1261|2080|3|0|23|7,,2025,,1261,2080,3,0,23,7,
2025|1261|1|0|10|1,2025|1261|2096|1|0|10|1,,2025,,1261,2096,1,0,10,1,
2025|1261|1|0|23|1,2025|1261|2096|1|0|23|1,,2025,,1261,2096,1,0,23,1,
2025|1261|3|0|23|1,2025|1261|2096|3|0|23|1,,2025,,1261,2096,3,0,23,1,
2025|1261|3|0|10|7,2025|1261|2096|3|0|10|7,,2025,,1261,2096,3,0,10,7,
2025|1261|3|0|23|7,2025|1261|2096|3|0|23|7,,2025,,1261,2096,3,0,23,7,
2025|1261|3|0|10|1,2025|1261|2096|3|0|10|1,,2025,,1261,2096,3,0,10,1,
2025|1261|1|0|10|1,2025|1261|2093|1|0|10|1,,2025,,1261,2093,1,0,10,1,
2025|1261|1|0|23|1,2025|1261|2093|1|0|23|1,,2025,,1261,2093,1,0,23,1,
2025|1261|3|0|10|7,2025|1261|2093|3|0|10|7,,2025,,1261,2093,3,0,10,7,
2025|1261|3|0|23|7,2025|1261|2093|3|0|23|7,,2025,,1261,2093,3,0,23,7,
2025|1261|1|0|10|1,2025|1261|2082|1|0|10|1,,2025,,1261,2082,1,0,10,1,
2025|1261|1|0|23|1,2025|1261|2082|1|0|23|1,,2025,,1261,2082,1,0,23,1,
2025|1261|3|0|10|7,2025|1261|2082|3|0|10|7,,2025,,1261,2082,3,0,10,7,
2025|1261|3|0|23|7,2025|1261|2082|3|0|23|7,,2025,,1261,2082,3,0,23,7,
2025|1261|1|0|10|1,2025|1261|2094|1|0|10|1,,2025,,1261,2094,1,0,10,1,
2025|1261|1|0|23|1,2025|1261|2094|1|0|23|1,,2025,,1261,2094,1,0,23,1,
2025|1261|3|0|10|7,2025|1261|2094|3|0|10|7,,2025,,1261,2094,3,0,10,7,
2025|1261|3|0|23|7,2025|1261|2094|3|0|23|7,,2025,,1261,2094,3,0,23,7,
2025|1261|1|0|10|1,2025|1261|2088|1|0|10|1,,2025,,1261,2088,1,0,10,1,
2025|1261|1|0|23|1,2025|1261|2088|1|0|23|1,,2025,,1261,2088,1,0,23,1,
2025|1261|3|0|10|7,2025|1261|2088|3|0|10|7,,2025,,1261,2088,3,0,10,7,
2025|1261|3|0|23|7,2025|1261|2088|3|0|23|7,,2025,,1261,2088,3,0,23,7,
2025|1261|1|0|10|1,2025|1261|2089|1|0|10|1,,2025,,1261,2089,1,0,10,1,
2025|1261|1|0|23|1,2025|1261|2089|1|0|23|1,,2025,,1261,2089,1,0,23,1,
2025|1261|3|0|10|7,2025|1261|2089|3|0|10|7,,2025,,1261,2089,3,0,10,7,
2025|1261|3|0|23|7,2025|1261|2089|3|0|23|7,,2025,,1261,2089,3,0,23,7,
2025|1261|1|0|23|1,2025|1261|2097|1|0|23|1,,2025,,1261,2097,1,0,23,1,
2025|1261|1|0|10|1,2025|1261|2097|1|0|10|1,,2025,,1261,2097,1,0,10,1,
2025|1261|3|0|10|7,2025|1261|2097|3|0|10|7,,2025,,1261,2097,3,0,10,7,
2025|1261|3|0|23|7,2025|1261|2097|3|0|23|7,,2025,,1261,2097,3,0,23,7,
2025|1261|1|0|10|1,2025|1261|2086|1|0|10|1,,2025,,1261,2086,1,0,10,1,
2025|1261|1|0|23|1,2025|1261|2086|1|0|23|1,,2025,,1261,2086,1,0,23,1,
2025|1261|3|0|10|7,2025|1261|2086|3|0|10|7,,2025,,1261,2086,3,0,10,7,
2025|1261|3|0|23|7,2025|1261|2086|3|0|23|7,,2025,,1261,2086,3,0,23,7,
2025|1261|1|0|10|1,2025|1261|2083|1|0|10|1,,2025,,1261,2083,1,0,10,1,
2025|1261|1|0|23|1,2025|1261|2083|1|0|23|1,,2025,,1261,2083,1,0,23,1,
2025|1261|3|0|10|7,2025|1261|2083|3|0|10|7,,2025,,1261,2083,3,0,10,7,
2025|1261|3|0|23|7,2025|1261|2083|3|0|23|7,,2025,,1261,2083,3,0,23,7,
2025|1261|1|0|10|1,2025|1261|2081|1|0|10|1,,2025,,1261,2081,1,0,10,1,
2025|1261|1|0|23|1,2025|1261|2081|1|0|23|1,,2025,,1261,2081,1,0,23,1,
2025|1261|3|0|10|7,2025|1261|2081|3|0|10|7,,2025,,1261,2081,3,0,10,7,
2025|1261|3|0|23|7,2025|1261|2081|3|0|23|7,,2025,,1261,2081,3,0,23,7,
2025|1261|1|0|10|1,2025|1261|2090|1|0|10|1,,2025,,1261,2090,1,0,10,1,
2025|1261|1|0|23|1,2025|1261|2090|1|0|23|1,,2025,,1261,2090,1,0,23,1,
2025|1261|3|0|10|7,2025|1261|2090|3|0|10|7,,2025,,1261,2090,3,0,10,7,
2025|1261|3|0|23|7,2025|1261|2090|3|0|23|7,,2025,,1261,2090,3,0,23,7,
2025|1261|1|0|90|1,2025|1261|2085|1|0|90|1,,2025,,1261,2085,1,0,90,1,
2025|1261|1|0|23|1,2025|1261|2085|1|0|23|1,,2025,,1261,2085,1,0,23,1,
2025|1261|1|0|10|1,2025|1261|2085|1|0|10|1,,2025,,1261,2085,1,0,10,1,
2025|1261|3|0|10|7,2025|1261|2085|3|0|10|7,,2025,,1261,2085,3,0,10,7,
2025|1261|3|0|10|1,2025|1261|2085|3|0|10|1,,2025,,1261,2085,3,0,10,1,
2025|1261|3|0|23|7,2025|1261|2085|3|0|23|7,,2025,,1261,2085,3,0,23,7,
2025|1261|3|0|36|1,2025|1261|2102|3|0|36|1,,2025,,1261,2102,3,0,36,1,
2025|1261|3|0|21|1,2025|1261|2101|3|0|21|1,,2025,,1261,2101,3,0,21,1,
2025|1261|3|0|10|1,2025|1261|2127|3|0|10|1,,2025,,1261,2127,3,0,10,1,
2025|1261|3|0|21|3,2025|1261|2127|3|0|21|3,,2025,,1261,2127,3,0,21,3,
2025|1261|3|0|24|1,2025|1261|2127|3|0|24|1,,2025,,1261,2127,3,0,24,1,
2025|1261|3|0|10|3,2025|1261|2127|3|0|10|3,,2025,,1261,2127,3,0,10,3,
2025|1261|3|0|10|1,2025|1261|1094|3|0|10|1,,2025,,1261,1094,3,0,10,1,
2025|1261|3|1|21|1,2025|1261|2105|3|1|21|1,,2025,,1261,2105,3,1,21,1,
2025|1261|3|0|21|1,2025|1261|2107|3|0|21|1,,2025,,1261,2107,3,0,21,1,
2025|1261|3|0|10|1,2025|1261|2107|3|0|10|1,,2025,,1261,2107,3,0,10,1,
2025|1261|3|0|10|1,2025|1261|4505|3|0|10|1,,2025,,1261,4505,3,0,10,1,
2025|1261|3|0|10|1,2025|1261|2116|3|0|10|1,,2025,,1261,2116,3,0,10,1,
2025|1261|3|0|10|1,2025|1261|4506|3|0|10|1,,2025,,1261,4506,3,0,10,1,
2025|1261|3|0|15|1,2025|1261|4507|3|0|15|1,,2025,,1261,4507,3,0,15,1,
2025|1261|3|0|10|1,2025|1261|4507|3|0|10|1,,2025,,1261,4507,3,0,10,1,
2025|1261|3|0|10|1,2025|1261|1033|3|0|10|1,,2025,,1261,1033,3,0,10,1,
2025|1261|3|0|10|1,2025|1261|4509|3|0|10|1,,2025,,1261,4509,3,0,10,1,
2025|1261|3|0|10|1,2025|1261|1093|3|0|10|1,,2025,,1261,1093,3,0,10,1,
2025|1261|3|0|10|1,2025|1261|2119|3|0|10|1,,2025,,1261,2119,3,0,10,1,
2025|1261|4|0|10|1,2025|1261|2119|4|0|10|1,,2025,,1261,2119,4,0,10,1,
2025|1261|3|0|10|1,2025|1261|2123|3|0|10|1,,2025,,1261,2123,3,0,10,1,
2025|1261|3|0|10|3,2025|1261|2123|3|0|10|3,,2025,,1261,2123,3,0,10,3,
2025|1261|3|0|36|1,2025|1261|2123|3|0|36|1,,2025,,1261,2123,3,0,36,1,
2025|1261|3|0|21|1,2025|1261|1092|3|0|21|1,,2025,,1261,1092,3,0,21,1,
2025|1261|3|0|10|1,2025|1261|1092|3|0|10|1,,2025,,1261,1092,3,0,10,1,
2025|1261|3|0|10|8,2025|1261|4508|3|0|10|8,,2025,,1261,4508,3,0,10,8,
2025|1261|3|0|10|1,2025|1261|4508|3|0|10|1,,2025,,1261,4508,3,0,10,1,
2025|1261|3|0|36|1,2025|1261|4508|3|0|36|1,,2025,,1261,4508,3,0,36,1,
2025|1261|4|0|10|8,2025|1261|4508|4|0|10|8,,2025,,1261,4508,4,0,10,8,
2025|1261|4|0|36|1,2025|1261|4508|4|0|36|1,,2025,,1261,4508,4,0,36,1,
2025|1261|3|0|15|1,2025|1261|2122|3|0|15|1,,2025,,1261,2122,3,0,15,1,
2025|1261|3|0|98|1,2025|1261|2122|3|0|98|1,,2025,,1261,2122,3,0,98,1,
2025|1261|3|0|10|1,2025|1261|2122|3|0|10|1,,2025,,1261,2122,3,0,10,1,
2025|1261|4|0|98|1,2025|1261|2122|4|0|98|1,,2025,,1261,2122,4,0,98,1,
2025|1261|4|0|10|8,2025|1261|2122|4|0|10|8,,2025,,1261,2122,4,0,10,8,
2025|1261|4|0|10|1,2025|1261|2122|4|0|10|1,,2025,,1261,2122,4,0,10,1,
2025|1261|3|0|21|1,2025|1261|4512|3|0|21|1,,2025,,1261,4512,3,0,21,1,
2025|1261|3|0|10|1,2025|1261|4512|3|0|10|1,,2025,,1261,4512,3,0,10,1,
2025|1261|3|0|36|1,2025|1261|4512|3|0|36|1,,2025,,1261,4512,3,0,36,1,
2025|1261|4|0|10|1,2025|1261|4512|4|0|10|1,,2025,,1261,4512,4,0,10,1,
2025|1261|3|0|10|8,2025|1261|4511|3|0|10|8,,2025,,1261,4511,3,0,10,8,
2025|1261|3|0|15|1,2025|1261|4511|3|0|15|1,,2025,,1261,4511,3,0,15,1,
2025|1261|3|0|21|1,2025|1261|4511|3|0|21|1,,2025,,1261,4511,3,0,21,1,
2025|1261|3|0|98|1,2025|1261|4511|3|0|98|1,,2025,,1261,4511,3,0,98,1,
2025|1261|3|0|10|1,2025|1261|4511|3|0|10|1,,2025,,1261,4511,3,0,10,1,
2025|1261|4|0|10|0,2025|1261|4511|4|0|10|0,,2025,,1261,4511,4,0,10,0,
2025|1261|4|0|10|1,2025|1261|4511|4|0|10|1,,2025,,1261,4511,4,0,10,1,
2025|1261|3|1|15|1,2025|1261|2118|3|1|15|1,,2025,,1261,2118,3,1,15,1,
2025|1261|3|1|71|1,2025|1261|2118|3|1|71|1,,2025,,1261,2118,3,1,71,1,
2025|1261|3|1|23|1,2025|1261|2118|3|1|23|1,,2025,,1261,2118,3,1,23,1,
2025|1261|3|1|10|1,2025|1261|2118|3|1|10|1,,2025,,1261,2118,3,1,10,1,
2025|1261|3|0|10|1,2025|1261|4525|3|0|10|1,,2025,,1261,4525,3,0,10,1,
2025|1261|3|0|21|1,2025|1261|4510|3|0|21|1,,2025,,1261,4510,3,0,21,1,
2025|1261|3|0|10|1,2025|1261|4510|3|0|10|1,,2025,,1261,4510,3,0,10,1,
2025|1261|4|0|10|4,2025|1261|4510|4|0|10|4,,2025,,1261,4510,4,0,10,4,
2025|1261|3|0|36|1,2025|1261|2126|3|0|36|1,,2025,,1261,2126,3,0,36,1,
2025|1261|4|0|10|0,2025|1261|2126|4|0|10|0,,2025,,1261,2126,4,0,10,0,
2025|1261|4|0|21|1,2025|1261|2126|4|0|21|1,,2025,,1261,2126,4,0,21,1,
2025|1261|4|0|36|1,2025|1261|2126|4|0|36|1,,2025,,1261,2126,4,0,36,1,
2025|1261|4|0|98|1,2025|1261|2126|4|0|98|1,,2025,,1261,2126,4,0,98,1,
2025|1261|4|0|10|3,2025|1261|2126|4|0|10|3,,2025,,1261,2126,4,0,10,3,
2025|1261|4|0|10|8,2025|1261|2126|4|0|10|8,,2025,,1261,2126,4,0,10,8,
2025|1261|4|0|3|1,2025|1261|2126|4|0|3|1,,2025,,1261,2126,4,0,3,1,
2025|1261|4|0|10|1,2025|1261|2126|4|0|10|1,,2025,,1261,2126,4,0,10,1,
2025|1261|4|0|24|1,2025|1261|2126|4|0|24|1,,2025,,1261,2126,4,0,24,1,
2025|1261|3|0|10|8,2025|1261|4524|3|0|10|8,,2025,,1261,4524,3,0,10,8,
2025|1261|3|0|21|1,2025|1261|4524|3|0|21|1,,2025,,1261,4524,3,0,21,1,
2025|1261|3|0|10|1,2025|1261|4524|3|0|10|1,,2025,,1261,4524,3,0,10,1,
2025|1261|4|0|10|8,2025|1261|4524|4|0|10|8,,2025,,1261,4524,4,0,10,8,
2025|1261|4|0|10|1,2025|1261|4524|4|0|10|1,,2025,,1261,4524,4,0,10,1,
2025|1261|3|1|21|1,2025|1261|4519|3|1|21|1,,2025,,1261,4519,3,1,21,1,
2025|1261|3|1|10|1,2025|1261|4519|3|1|10|1,,2025,,1261,4519,3,1,10,1,
2025|1261|4|1|98|1,2025|1261|4519|4|1|98|1,,2025,,1261,4519,4,1,98,1,
2025|1261|4|1|10|0,2025|1261|4519|4|1|10|0,,2025,,1261,4519,4,1,10,0,
2025|1261|4|1|10|8,2025|1261|4519|4|1|10|8,,2025,,1261,4519,4,1,10,8,
2025|1261|4|1|21|1,2025|1261|4519|4|1|21|1,,2025,,1261,4519,4,1,21,1,
2025|1261|4|1|10|3,2025|1261|4519|4|1|10|3,,2025,,1261,4519,4,1,10,3,
2025|1261|4|1|24|1,2025|1261|4519|4|1|24|1,,2025,,1261,4519,4,1,24,1,
2025|1261|4|1|10|1,2025|1261|4519|4|1|10|1,,2025,,1261,4519,4,1,10,1,
2025|1261|4|1|36|1,2025|1261|4519|4|1|36|1,,2025,,1261,4519,4,1,36,1,
2025|1261|3|0|98|1,2025|1261|4527|3|0|98|1,,2025,,1261,4527,3,0,98,1,
2025|1261|3|0|15|1,2025|1261|4527|3|0|15|1,,2025,,1261,4527,3,0,15,1,
2025|1261|3|0|21|1,2025|1261|4527|3|0|21|1,,2025,,1261,4527,3,0,21,1,
2025|1261|3|0|36|1,2025|1261|4527|3|0|36|1,,2025,,1261,4527,3,0,36,1,
2025|1261|3|0|10|1,2025|1261|4527|3|0|10|1,,2025,,1261,4527,3,0,10,1,
2025|1261|4|0|98|1,2025|1261|4527|4|0|98|1,,2025,,1261,4527,4,0,98,1,
2025|1261|4|0|36|1,2025|1261|4527|4|0|36|1,,2025,,1261,4527,4,0,36,1,
2025|1261|3|0|10|1,2025|1261|2129|3|0|10|1,,2025,,1261,2129,3,0,10,1,
2025|1261|4|0|10|1,2025|1261|2129|4|0|10|1,,2025,,1261,2129,4,0,10,1,
2025|1261|3|0|15|1,2025|1261|2064|3|0|15|1,,2025,,1261,2064,3,0,15,1,
2025|1261|3|0|21|1,2025|1261|2064|3|0|21|1,,2025,,1261,2064,3,0,21,1,
2025|1261|3|0|10|1,2025|1261|2064|3|0|10|1,,2025,,1261,2064,3,0,10,1,
2025|1261|4|0|21|1,2025|1261|2064|4|0|21|1,,2025,,1261,2064,4,0,21,1,
2025|1261|4|0|10|1,2025|1261|2064|4|0|10|1,,2025,,1261,2064,4,0,10,1,
2025|1261|3|0|21|1,2025|1261|2128|3|0|21|1,,2025,,1261,2128,3,0,21,1,
2025|1261|3|0|13|1,2025|1261|2128|3|0|13|1,,2025,,1261,2128,3,0,13,1,
2025|1261|3|0|10|1,2025|1261|2128|3|0|10|1,,2025,,1261,2128,3,0,10,1,
2025|1261|4|0|21|1,2025|1261|2128|4|0|21|1,,2025,,1261,2128,4,0,21,1,
2025|1261|4|0|10|1,2025|1261|2128|4|0|10|1,,2025,,1261,2128,4,0,10,1,
2025|1261|5|0|10|1,2025|1261|2128|5|0|10|1,,2025,,1261,2128,5,0,10,1,
2025|1261|3|1|36|1,2025|1261|4543|3|1|36|1,,2025,,1261,4543,3,1,36,1,
2025|1261|3|1|21|1,2025|1261|4543|3|1|21|1,,2025,,1261,4543,3,1,21,1,
2025|1261|3|1|10|1,2025|1261|4543|3|1|10|1,,2025,,1261,4543,3,1,10,1,
2025|1261|4|1|15|1,2025|1261|4543|4|1|15|1,,2025,,1261,4543,4,1,15,1,
2025|1261|4|1|10|1,2025|1261|4543|4|1|10|1,,2025,,1261,4543,4,1,10,1,
2025|1261|4|0|15|1,2025|1261|4545|4|0|15|1,,2025,,1261,4545,4,0,15,1,
2025|1261|4|0|21|1,2025|1261|4545|4|0|21|1,,2025,,1261,4545,4,0,21,1,
2025|1261|4|0|10|8,2025|1261|4545|4|0|10|8,,2025,,1261,4545,4,0,10,8,
2025|1261|4|0|10|1,2025|1261|4545|4|0|10|1,,2025,,1261,4545,4,0,10,1,
2025|1261|3|0|15|1,2025|1261|4547|3|0|15|1,,2025,,1261,4547,3,0,15,1,
2025|1261|3|0|21|1,2025|1261|4547|3|0|21|1,,2025,,1261,4547,3,0,21,1,
2025|1261|3|0|10|1,2025|1261|4547|3|0|10|1,,2025,,1261,4547,3,0,10,1,
2025|1261|3|0|70|1,2025|1261|0|3|0|70|1,,2025,,1261,0,3,0,70,1,
2025|1261|3|0|98|1,2025|1261|0|3|0|98|1,,2025,,1261,0,3,0,98,1,
2025|1261|3|0|36|1,2025|1261|0|3|0|36|1,,2025,,1261,0,3,0,36,1,
2025|1261|3|0|10|1,2025|1261|0|3|0|10|1,,2025,,1261,0,3,0,10,1,
2025|1261|3|1|10|1,2025|1261|0|3|1|10|1,,2025,,1261,0,3,1,10,1,
2025|1261|4|0|10|1,2025|1261|0|4|0|10|1,,2025,,1261,0,4,0,10,1,
2025|1261|4|0|24|1,2025|1261|0|4|0|24|1,,2025,,1261,0,4,0,24,1,
2025|1261|4|0|3|1,2025|1261|0|4|0|3|1,,2025,,1261,0,4,0,3,1,
2025|1261|4|1|10|1,2025|1261|0|4|1|10|1,,2025,,1261,0,4,1,10,1,
2025|1271|3|1|10|1,2025|1271|4328|3|1|10|1,,2025,,1271,4328,3,1,10,1,
2025|1271|3|0|10|1,2025|1271|4479|3|0|10|1,,2025,,1271,4479,3,0,10,1,
2025|1271|4|0|10|8,2025|1271|4479|4|0|10|8,,2025,,1271,4479,4,0,10,8,
2025|1271|3|0|10|1,2025|1271|4327|3|0|10|1,,2025,,1271,4327,3,0,10,1,
2025|1271|3|0|10|1,2025|1271|4330|3|0|10|1,,2025,,1271,4330,3,0,10,1,
2025|1271|3|0|95|1,2025|1271|4330|3|0|95|1,,2025,,1271,4330,3,0,95,1,
2025|1271|4|0|95|1,2025|1271|4330|4|0|95|1,,2025,,1271,4330,4,0,95,1,
2025|1271|3|0|80|1,2025|1271|4324|3|0|80|1,,2025,,1271,4324,3,0,80,1,
2025|1271|3|0|10|1,2025|1271|4324|3|0|10|1,,2025,,1271,4324,3,0,10,1,
2025|1271|3|0|95|1,2025|1271|4324|3|0|95|1,,2025,,1271,4324,3,0,95,1,
2025|1271|3|0|69|1,2025|1271|4324|3|0|69|1,,2025,,1271,4324,3,0,69,1,
2025|1271|4|0|69|1,2025|1271|4324|4|0|69|1,,2025,,1271,4324,4,0,69,1,
2025|1271|3|0|10|8,2025|1271|4331|3|0|10|8,,2025,,1271,4331,3,0,10,8,
2025|1271|3|0|10|1,2025|1271|4331|3|0|10|1,,2025,,1271,4331,3,0,10,1,
2025|1271|3|0|15|1,2025|1271|4332|3|0|15|1,,2025,,1271,4332,3,0,15,1,
2025|1271|3|0|10|8,2025|1271|4332|3|0|10|8,,2025,,1271,4332,3,0,10,8,
2025|1271|3|0|10|1,2025|1271|4332|3|0|10|1,,2025,,1271,4332,3,0,10,1,
2025|1271|3|0|24|1,2025|1271|4332|3|0|24|1,,2025,,1271,4332,3,0,24,1,
2025|1271|3|0|10|4,2025|1271|4332|3|0|10|4,,2025,,1271,4332,3,0,10,4,
2025|1271|4|0|10|8,2025|1271|4332|4|0|10|8,,2025,,1271,4332,4,0,10,8,
2025|1271|4|0|24|1,2025|1271|4332|4|0|24|1,,2025,,1271,4332,4,0,24,1,
2025|1271|3|0|57|1,2025|1271|4343|3|0|57|1,,2025,,1271,4343,3,0,57,1,
2025|1271|3|0|80|1,2025|1271|4343|3|0|80|1,,2025,,1271,4343,3,0,80,1,
2025|1271|3|0|10|1,2025|1271|4343|3|0|10|1,,2025,,1271,4343,3,0,10,1,
2025|1271|3|0|17|1,2025|1271|4343|3|0|17|1,,2025,,1271,4343,3,0,17,1,
2025|1271|3|0|16|1,2025|1271|4343|3|0|16|1,,2025,,1271,4343,3,0,16,1,
2025|1271|3|0|10|1,2025|1271|4326|3|0|10|1,,2025,,1271,4326,3,0,10,1,
2025|1271|3|0|10|8,2025|1271|4322|3|0|10|8,,2025,,1271,4322,3,0,10,8,
2025|1271|3|0|10|1,2025|1271|4322|3|0|10|1,,2025,,1271,4322,3,0,10,1,
2025|1271|4|0|10|8,2025|1271|4322|4|0|10|8,,2025,,1271,4322,4,0,10,8,
2025|1271|4|0|10|1,2025|1271|4322|4|0|10|1,,2025,,1271,4322,4,0,10,1,
2025|1271|3|0|10|1,2025|1271|4329|3|0|10|1,,2025,,1271,4329,3,0,10,1,
2025|1271|3|0|10|1,2025|1271|4337|3|0|10|1,,2025,,1271,4337,3,0,10,1,
2025|1271|3|0|10|1,2025|1271|4336|3|0|10|1,,2025,,1271,4336,3,0,10,1,
2025|1271|3|0|10|1,2025|1271|4342|3|0|10|1,,2025,,1271,4342,3,0,10,1,
2025|1271|3|0|10|1,2025|1271|4339|3|0|10|1,,2025,,1271,4339,3,0,10,1,
2025|1271|3|0|10|1,2025|1271|4338|3|0|10|1,,2025,,1271,4338,3,0,10,1,
2025|1271|3|0|10|1,2025|1271|2500|3|0|10|1,,2025,,1271,2500,3,0,10,1,
2025|1271|1|0|10|1,2025|1271|2417|1|0|10|1,,2025,,1271,2417,1,0,10,1,
2025|1271|3|0|10|7,2025|1271|2417|3|0|10|7,,2025,,1271,2417,3,0,10,7,
2025|1271|3|0|16|1,2025|1271|0|3|0|16|1,,2025,,1271,0,3,0,16,1,
2025|1271|3|0|17|1,2025|1271|0|3|0|17|1,,2025,,1271,0,3,0,17,1,
2025|1271|3|0|57|1,2025|1271|0|3|0|57|1,,2025,,1271,0,3,0,57,1,
2025|1271|3|0|69|1,2025|1271|0|3|0|69|1,,2025,,1271,0,3,0,69,1,
2025|1301|4|0|10|1,2025|1301|4266|4|0|10|1,,2025,,1301,4266,4,0,10,1,
2025|1301|3|0|24|1,2025|1301|1037|3|0|24|1,,2025,,1301,1037,3,0,24,1,
2025|1301|3|0|98|1,2025|1301|1037|3|0|98|1,,2025,,1301,1037,3,0,98,1,
2025|1301|4|0|15|3,2025|1301|1037|4|0|15|3,,2025,,1301,1037,4,0,15,3,
2025|1301|4|0|32|1,2025|1301|1037|4|0|32|1,,2025,,1301,1037,4,0,32,1,
2025|1301|4|0|10|1,2025|1301|1037|4|0|10|1,,2025,,1301,1037,4,0,10,1,
2025|1301|4|0|10|3,2025|1301|1037|4|0|10|3,,2025,,1301,1037,4,0,10,3,
2025|1301|4|0|24|1,2025|1301|1037|4|0|24|1,,2025,,1301,1037,4,0,24,1,
2025|1301|4|0|10|1,2025|1301|4156|4|0|10|1,,2025,,1301,4156,4,0,10,1,
2025|1301|3|0|10|1,2025|1301|4503|3|0|10|1,,2025,,1301,4503,3,0,10,1,
2025|1301|4|0|10|1,2025|1301|4503|4|0|10|1,,2025,,1301,4503,4,0,10,1,
2025|1301|3|0|10|1,2025|1301|4346|3|0|10|1,,2025,,1301,4346,3,0,10,1,
2025|1301|4|0|10|3,2025|1301|4346|4|0|10|3,,2025,,1301,4346,4,0,10,3,
2025|1301|4|0|24|1,2025|1301|4346|4|0|24|1,,2025,,1301,4346,4,0,24,1,
2025|1301|3|0|10|1,2025|1301|4345|3|0|10|1,,2025,,1301,4345,3,0,10,1,
2025|1301|4|0|60|2,2025|1301|4345|4|0|60|2,,2025,,1301,4345,4,0,60,2,
2025|1301|4|0|95|1,2025|1301|4345|4|0|95|1,,2025,,1301,4345,4,0,95,1,
2025|1301|3|0|10|1,2025|1301|4253|3|0|10|1,,2025,,1301,4253,3,0,10,1,
2025|1301|4|0|10|1,2025|1301|4253|4|0|10|1,,2025,,1301,4253,4,0,10,1,
2025|1301|3|0|74|1,2025|1301|4205|3|0|74|1,,2025,,1301,4205,3,0,74,1,
2025|1301|3|0|10|1,2025|1301|4205|3|0|10|1,,2025,,1301,4205,3,0,10,1,
2025|1301|4|0|10|1,2025|1301|4205|4|0|10|1,,2025,,1301,4205,4,0,10,1,
2025|1301|3|0|59|1,2025|1301|4208|3|0|59|1,,2025,,1301,4208,3,0,59,1,
2025|1301|3|0|10|1,2025|1301|4208|3|0|10|1,,2025,,1301,4208,3,0,10,1,
2025|1301|3|0|60|2,2025|1301|4208|3|0|60|2,,2025,,1301,4208,3,0,60,2,
2025|1301|4|0|10|1,2025|1301|4208|4|0|10|1,,2025,,1301,4208,4,0,10,1,
2025|1301|4|0|60|2,2025|1301|4208|4|0|60|2,,2025,,1301,4208,4,0,60,2,
2025|1301|4|0|10|1,2025|1301|1042|4|0|10|1,,2025,,1301,1042,4,0,10,1,
2025|1301|3|0|10|1,2025|1301|4261|3|0|10|1,,2025,,1301,4261,3,0,10,1,
2025|1301|3|0|70|1,2025|1301|4261|3|0|70|1,,2025,,1301,4261,3,0,70,1,
2025|1301|4|0|10|1,2025|1301|4261|4|0|10|1,,2025,,1301,4261,4,0,10,1,
2025|1301|4|0|70|1,2025|1301|4261|4|0|70|1,,2025,,1301,4261,4,0,70,1,
2025|1301|4|0|95|1,2025|1301|1040|4|0|95|1,,2025,,1301,1040,4,0,95,1,
2025|1301|4|0|10|1,2025|1301|1040|4|0|10|1,,2025,,1301,1040,4,0,10,1,
2025|1301|3|0|10|1,2025|1301|1038|3|0|10|1,,2025,,1301,1038,3,0,10,1,
2025|1301|3|0|24|1,2025|1301|1038|3|0|24|1,,2025,,1301,1038,3,0,24,1,
2025|1301|4|0|32|1,2025|1301|1038|4|0|32|1,,2025,,1301,1038,4,0,32,1,
2025|1301|4|0|10|1,2025|1301|1038|4|0|10|1,,2025,,1301,1038,4,0,10,1,
2025|1301|4|0|24|1,2025|1301|1038|4|0|24|1,,2025,,1301,1038,4,0,24,1,
2025|1301|3|0|10|1,2025|1301|1039|3|0|10|1,,2025,,1301,1039,3,0,10,1,
2025|1301|4|0|10|1,2025|1301|1039|4|0|10|1,,2025,,1301,1039,4,0,10,1,
2025|1301|4|0|24|1,2025|1301|1039|4|0|24|1,,2025,,1301,1039,4,0,24,1,
2025|1301|4|0|32|1,2025|1301|1039|4|0|32|1,,2025,,1301,1039,4,0,32,1,
2025|1301|3|0|10|1,2025|1301|4265|3|0|10|1,,2025,,1301,4265,3,0,10,1,
2025|1301|4|0|74|1,2025|1301|4265|4|0|74|1,,2025,,1301,4265,4,0,74,1,
2025|1301|4|0|10|1,2025|1301|4265|4|0|10|1,,2025,,1301,4265,4,0,10,1,
2025|1301|4|0|95|1,2025|1301|4265|4|0|95|1,,2025,,1301,4265,4,0,95,1,
2025|1301|3|0|24|1,2025|1301|1035|3|0|24|1,,2025,,1301,1035,3,0,24,1,
2025|1301|4|0|10|1,2025|1301|1035|4|0|10|1,,2025,,1301,1035,4,0,10,1,
2025|1301|4|0|24|1,2025|1301|1035|4|0|24|1,,2025,,1301,1035,4,0,24,1,
2025|1301|4|0|32|1,2025|1301|1035|4|0|32|1,,2025,,1301,1035,4,0,32,1,
2025|1301|4|0|10|1,2025|1301|1036|4|0|10|1,,2025,,1301,1036,4,0,10,1,
2025|1301|4|0|24|1,2025|1301|1036|4|0|24|1,,2025,,1301,1036,4,0,24,1,
2025|1301|4|0|25|1,2025|1301|1041|4|0|25|1,,2025,,1301,1041,4,0,25,1,
2025|1301|4|0|32|1,2025|1301|1041|4|0|32|1,,2025,,1301,1041,4,0,32,1,
2025|1301|4|0|70|1,2025|1301|1041|4|0|70|1,,2025,,1301,1041,4,0,70,1,
2025|1301|4|0|95|1,2025|1301|4262|4|0|95|1,,2025,,1301,4262,4,0,95,1,
2025|1301|4|0|59|1,2025|1301|4262|4|0|59|1,,2025,,1301,4262,4,0,59,1,
2025|1301|4|0|10|8,2025|1301|4262|4|0|10|8,,2025,,1301,4262,4,0,10,8,
2025|1301|4|0|15|1,2025|1301|4262|4|0|15|1,,2025,,1301,4262,4,0,15,1,
2025|1301|4|0|10|1,2025|1301|4262|4|0|10|1,,2025,,1301,4262,4,0,10,1,
2025|1301|4|0|32|1,2025|1301|4262|4|0|32|1,,2025,,1301,4262,4,0,32,1,
2025|1301|4|0|60|2,2025|1301|4262|4|0|60|2,,2025,,1301,4262,4,0,60,2,
2025|1301|4|0|10|1,2025|1301|4501|4|0|10|1,,2025,,1301,4501,4,0,10,1,
2025|1301|3|0|73|1,2025|1301|4292|3|0|73|1,,2025,,1301,4292,3,0,73,1,
2025|1301|4|0|10|1,2025|1301|4292|4|0|10|1,,2025,,1301,4292,4,0,10,1,
2025|1301|3|0|10|4,2025|1301|4291|3|0|10|4,,2025,,1301,4291,3,0,10,4,
2025|1301|4|0|10|1,2025|1301|4291|4|0|10|1,,2025,,1301,4291,4,0,10,1,
2025|1301|3|0|57|1,2025|1301|4290|3|0|57|1,,2025,,1301,4290,3,0,57,1,
2025|1301|3|0|10|1,2025|1301|4290|3|0|10|1,,2025,,1301,4290,3,0,10,1,
2025|1301|3|0|95|1,2025|1301|4290|3|0|95|1,,2025,,1301,4290,3,0,95,1,
2025|1301|4|0|10|1,2025|1301|4290|4|0|10|1,,2025,,1301,4290,4,0,10,1,
2025|1301|4|0|10|8,2025|1301|4290|4|0|10|8,,2025,,1301,4290,4,0,10,8,
2025|1301|4|0|10|3,2025|1301|4290|4|0|10|3,,2025,,1301,4290,4,0,10,3,
2025|1301|4|0|24|1,2025|1301|4290|4|0|24|1,,2025,,1301,4290,4,0,24,1,
2025|1301|3|0|10|1,2025|1301|2500|3|0|10|1,,2025,,1301,2500,3,0,10,1,
2025|1301|4|0|10|1,2025|1301|2500|4|0|10|1,,2025,,1301,2500,4,0,10,1,
2025|1301|4|0|74|1,2025|1301|2500|4|0|74|1,,2025,,1301,2500,4,0,74,1,
2025|1301|1|0|10|1,2025|1301|2417|1|0|10|1,,2025,,1301,2417,1,0,10,1,
2025|1301|3|0|10|1,2025|1301|2417|3|0|10|1,,2025,,1301,2417,3,0,10,1,
2025|1301|3|0|10|7,2025|1301|2417|3|0|10|7,,2025,,1301,2417,3,0,10,7,
2025|1301|3|0|57|1,2025|1301|0|3|0|57|1,,2025,,1301,0,3,0,57,1,
2025|1301|3|0|73|1,2025|1301|0|3|0|73|1,,2025,,1301,0,3,0,73,1,
2025|1301|4|0|24|1,2025|1301|0|4|0|24|1,,2025,,1301,0,4,0,24,1,
2025|1301|4|0|98|1,2025|1301|0|4|0|98|1,,2025,,1301,0,4,0,98,1,
2025|1301|4|0|74|1,2025|1301|0|4|0|74|1,,2025,,1301,0,4,0,74,1,
2025|1301|4|0|70|1,2025|1301|0|4|0|70|1,,2025,,1301,0,4,0,70,1,
2025|1371|3|0|29|1,2025|1371|4044|3|0|29|1,,2025,,1371,4044,3,0,29,1,
2025|1371|3|0|72|1,2025|1371|4044|3|0|72|1,,2025,,1371,4044,3,0,72,1,
2025|1371|3|0|10|8,2025|1371|4044|3|0|10|8,,2025,,1371,4044,3,0,10,8,
2025|1371|3|0|94|1,2025|1371|4037|3|0|94|1,,2025,,1371,4037,3,0,94,1,
2025|1371|3|0|72|1,2025|1371|4037|3|0|72|1,,2025,,1371,4037,3,0,72,1,
2025|1371|3|0|10|8,2025|1371|4037|3|0|10|8,,2025,,1371,4037,3,0,10,8,
2025|1371|3|0|72|3,2025|1371|4037|3|0|72|3,,2025,,1371,4037,3,0,72,3,
2025|1371|4|0|10|8,2025|1371|4037|4|0|10|8,,2025,,1371,4037,4,0,10,8,
2025|1371|4|0|15|1,2025|1371|4037|4|0|15|1,,2025,,1371,4037,4,0,15,1,
2025|1371|4|0|72|3,2025|1371|4037|4|0|72|3,,2025,,1371,4037,4,0,72,3,
2025|1371|4|0|79|1,2025|1371|4037|4|0|79|1,,2025,,1371,4037,4,0,79,1,
2025|1371|4|0|24|1,2025|1371|4037|4|0|24|1,,2025,,1371,4037,4,0,24,1,
2025|1371|3|0|94|1,2025|1371|4028|3|0|94|1,,2025,,1371,4028,3,0,94,1,
2025|1371|3|0|10|8,2025|1371|4028|3|0|10|8,,2025,,1371,4028,3,0,10,8,
2025|1371|3|0|72|1,2025|1371|4028|3|0|72|1,,2025,,1371,4028,3,0,72,1,
2025|1371|3|0|24|1,2025|1371|4028|3|0|24|1,,2025,,1371,4028,3,0,24,1,
2025|1371|3|0|72|3,2025|1371|4028|3|0|72|3,,2025,,1371,4028,3,0,72,3,
2025|1371|4|0|9|1,2025|1371|4028|4|0|9|1,,2025,,1371,4028,4,0,9,1,
2025|1371|4|0|10|8,2025|1371|4028|4|0|10|8,,2025,,1371,4028,4,0,10,8,
2025|1371|4|0|10|4,2025|1371|4028|4|0|10|4,,2025,,1371,4028,4,0,10,4,
2025|1371|4|0|72|3,2025|1371|4028|4|0|72|3,,2025,,1371,4028,4,0,72,3,
2025|1371|4|0|95|1,2025|1371|4028|4|0|95|1,,2025,,1371,4028,4,0,95,1,
2025|1371|4|0|24|1,2025|1371|4028|4|0|24|1,,2025,,1371,4028,4,0,24,1,
2025|1371|3|0|10|8,2025|1371|4040|3|0|10|8,,2025,,1371,4040,3,0,10,8,
2025|1371|3|0|72|1,2025|1371|4040|3|0|72|1,,2025,,1371,4040,3,0,72,1,
2025|1371|3|0|10|8,2025|1371|4053|3|0|10|8,,2025,,1371,4053,3,0,10,8,
2025|1371|3|0|94|1,2025|1371|4053|3|0|94|1,,2025,,1371,4053,3,0,94,1,
2025|1371|3|0|72|1,2025|1371|4053|3|0|72|1,,2025,,1371,4053,3,0,72,1,
2025|1371|3|0|72|3,2025|1371|4053|3|0|72|3,,2025,,1371,4053,3,0,72,3,
2025|1371|4|0|72|3,2025|1371|4053|4|0|72|3,,2025,,1371,4053,4,0,72,3,
2025|1371|4|0|24|1,2025|1371|4053|4|0|24|1,,2025,,1371,4053,4,0,24,1,
2025|1371|3|0|10|8,2025|1371|4039|3|0|10|8,,2025,,1371,4039,3,0,10,8,
2025|1371|3|0|72|1,2025|1371|4039|3|0|72|1,,2025,,1371,4039,3,0,72,1,
2025|1371|3|0|52|2,2025|1371|4038|3|0|52|2,,2025,,1371,4038,3,0,52,2,
2025|1371|3|0|10|8,2025|1371|4038|3|0|10|8,,2025,,1371,4038,3,0,10,8,
2025|1371|3|0|94|1,2025|1371|4038|3|0|94|1,,2025,,1371,4038,3,0,94,1,
2025|1371|3|0|72|1,2025|1371|4038|3|0|72|1,,2025,,1371,4038,3,0,72,1,
2025|1371|3|0|9|1,2025|1371|4038|3|0|9|1,,2025,,1371,4038,3,0,9,1,
2025|1371|4|0|72|1,2025|1371|4038|4|0|72|1,,2025,,1371,4038,4,0,72,1,
2025|1371|3|1|80|1,2025|1371|4046|3|1|80|1,,2025,,1371,4046,3,1,80,1,
2025|1371|3|1|72|1,2025|1371|4046|3|1|72|1,,2025,,1371,4046,3,1,72,1,
2025|1371|3|1|10|8,2025|1371|4046|3|1|10|8,,2025,,1371,4046,3,1,10,8,
2025|1371|3|1|94|1,2025|1371|4046|3|1|94|1,,2025,,1371,4046,3,1,94,1,
2025|1371|3|0|10|8,2025|1371|4045|3|0|10|8,,2025,,1371,4045,3,0,10,8,
2025|1371|3|0|72|1,2025|1371|4045|3|0|72|1,,2025,,1371,4045,3,0,72,1,
2025|1371|3|0|10|4,2025|1371|4045|3|0|10|4,,2025,,1371,4045,3,0,10,4,
2025|1371|3|0|94|1,2025|1371|4045|3|0|94|1,,2025,,1371,4045,3,0,94,1,
2025|1371|3|0|80|1,2025|1371|4045|3|0|80|1,,2025,,1371,4045,3,0,80,1,
2025|1371|4|0|10|8,2025|1371|4045|4|0|10|8,,2025,,1371,4045,4,0,10,8,
2025|1371|3|0|15|1,2025|1371|4047|3|0|15|1,,2025,,1371,4047,3,0,15,1,
2025|1371|3|0|10|8,2025|1371|4047|3|0|10|8,,2025,,1371,4047,3,0,10,8,
2025|1371|3|0|72|1,2025|1371|4047|3|0|72|1,,2025,,1371,4047,3,0,72,1,
2025|1371|3|0|94|1,2025|1371|4047|3|0|94|1,,2025,,1371,4047,3,0,94,1,
2025|1371|3|0|29|1,2025|1371|4047|3|0|29|1,,2025,,1371,4047,3,0,29,1,
2025|1371|4|0|15|1,2025|1371|4047|4|0|15|1,,2025,,1371,4047,4,0,15,1,
2025|1371|4|0|97|1,2025|1371|4047|4|0|97|1,,2025,,1371,4047,4,0,97,1,
2025|1371|4|0|72|1,2025|1371|4047|4|0|72|1,,2025,,1371,4047,4,0,72,1,
2025|1371|4|0|10|8,2025|1371|4047|4|0|10|8,,2025,,1371,4047,4,0,10,8,
2025|1371|3|0|72|1,2025|1371|1074|3|0|72|1,,2025,,1371,1074,3,0,72,1,
2025|1371|4|0|95|1,2025|1371|1074|4|0|95|1,,2025,,1371,1074,4,0,95,1,
2025|1371|3|0|80|1,2025|1371|2500|3|0|80|1,,2025,,1371,2500,3,0,80,1,
2025|1371|3|0|9|1,2025|1371|2500|3|0|9|1,,2025,,1371,2500,3,0,9,1,
2025|1371|3|0|94|1,2025|1371|2500|3|0|94|1,,2025,,1371,2500,3,0,94,1,
2025|1371|3|0|72|1,2025|1371|2500|3|0|72|1,,2025,,1371,2500,3,0,72,1,
2025|1371|4|0|1|1,2025|1371|2500|4|0|1|1,,2025,,1371,2500,4,0,1,1,
2025|1371|4|0|2|1,2025|1371|2500|4|0|2|1,,2025,,1371,2500,4,0,2,1,
2025|1371|4|0|72|1,2025|1371|2500|4|0|72|1,,2025,,1371,2500,4,0,72,1,
2025|1371|4|0|9|1,2025|1371|2500|4|0|9|1,,2025,,1371,2500,4,0,9,1,
2025|1371|1|0|72|1,2025|1371|2417|1|0|72|1,,2025,,1371,2417,1,0,72,1,
2025|1371|3|0|31|7,2025|1371|2417|3|0|31|7,,2025,,1371,2417,3,0,31,7,
2025|1371|3|0|9|1,2025|1371|0|3|0|9|1,,2025,,1371,0,3,0,9,1,
2025|1401|3|0|27|1,2025|1401|4142|3|0|27|1,,2025,,1401,4142,3,0,27,1,
2025|1401|3|0|70|1,2025|1401|4142|3|0|70|1,,2025,,1401,4142,3,0,70,1,
2025|1401|3|0|10|1,2025|1401|4142|3|0|10|1,,2025,,1401,4142,3,0,10,1,
2025|1401|3|0|10|1,2025|1401|4117|3|0|10|1,,2025,,1401,4117,3,0,10,1,
2025|1401|3|0|60|1,2025|1401|4117|3|0|60|1,,2025,,1401,4117,3,0,60,1,
2025|1401|3|0|27|1,2025|1401|4117|3|0|27|1,,2025,,1401,4117,3,0,27,1,
2025|1401|3|0|60|1,2025|1401|4116|3|0|60|1,,2025,,1401,4116,3,0,60,1,
2025|1401|3|0|10|1,2025|1401|4141|3|0|10|1,,2025,,1401,4141,3,0,10,1,
2025|1401|4|0|95|1,2025|1401|4141|4|0|95|1,,2025,,1401,4141,4,0,95,1,
2025|1401|3|0|10|1,2025|1401|4140|3|0|10|1,,2025,,1401,4140,3,0,10,1,
2025|1401|3|0|95|1,2025|1401|4140|3|0|95|1,,2025,,1401,4140,3,0,95,1,
2025|1401|4|0|95|1,2025|1401|4140|4|0|95|1,,2025,,1401,4140,4,0,95,1,
2025|1401|3|1|27|1,2025|1401|1098|3|1|27|1,,2025,,1401,1098,3,1,27,1,
2025|1401|4|1|27|1,2025|1401|1098|4|1|27|1,,2025,,1401,1098,4,1,27,1,
2025|1401|3|0|10|8,2025|1401|4120|3|0|10|8,,2025,,1401,4120,3,0,10,8,
2025|1401|3|0|70|1,2025|1401|4120|3|0|70|1,,2025,,1401,4120,3,0,70,1,
2025|1401|3|0|66|1,2025|1401|4120|3|0|66|1,,2025,,1401,4120,3,0,66,1,
2025|1401|3|0|10|1,2025|1401|4120|3|0|10|1,,2025,,1401,4120,3,0,10,1,
2025|1401|3|0|24|1,2025|1401|4120|3|0|24|1,,2025,,1401,4120,3,0,24,1,
2025|1401|4|0|27|1,2025|1401|4120|4|0|27|1,,2025,,1401,4120,4,0,27,1,
2025|1401|4|0|10|4,2025|1401|4120|4|0|10|4,,2025,,1401,4120,4,0,10,4,
2025|1401|4|0|70|1,2025|1401|4120|4|0|70|1,,2025,,1401,4120,4,0,70,1,
2025|1401|4|0|10|8,2025|1401|4120|4|0|10|8,,2025,,1401,4120,4,0,10,8,
2025|1401|4|0|97|1,2025|1401|4120|4|0|97|1,,2025,,1401,4120,4,0,97,1,
2025|1401|4|0|10|1,2025|1401|4120|4|0|10|1,,2025,,1401,4120,4,0,10,1,
2025|1401|4|0|66|1,2025|1401|4120|4|0|66|1,,2025,,1401,4120,4,0,66,1,
2025|1401|4|0|98|1,2025|1401|4120|4|0|98|1,,2025,,1401,4120,4,0,98,1,
2025|1401|4|0|74|1,2025|1401|4120|4|0|74|1,,2025,,1401,4120,4,0,74,1,
2025|1401|4|0|24|1,2025|1401|4120|4|0|24|1,,2025,,1401,4120,4,0,24,1,
2025|1401|4|0|25|1,2025|1401|4120|4|0|25|1,,2025,,1401,4120,4,0,25,1,
2025|1401|4|0|80|1,2025|1401|4120|4|0|80|1,,2025,,1401,4120,4,0,80,1,
2025|1401|3|0|60|1,2025|1401|4113|3|0|60|1,,2025,,1401,4113,3,0,60,1,
2025|1401|3|0|95|1,2025|1401|4113|3|0|95|1,,2025,,1401,4113,3,0,95,1,
2025|1401|3|0|10|1,2025|1401|4113|3|0|10|1,,2025,,1401,4113,3,0,10,1,
2025|1401|3|0|66|1,2025|1401|4113|3|0|66|1,,2025,,1401,4113,3,0,66,1,
2025|1401|3|0|70|1,2025|1401|4113|3|0|70|1,,2025,,1401,4113,3,0,70,1,
2025|1401|3|0|24|1,2025|1401|4113|3|0|24|1,,2025,,1401,4113,3,0,24,1,
2025|1401|4|0|27|1,2025|1401|4113|4|0|27|1,,2025,,1401,4113,4,0,27,1,
2025|1401|4|0|60|1,2025|1401|4113|4|0|60|1,,2025,,1401,4113,4,0,60,1,
2025|1401|4|0|10|8,2025|1401|4113|4|0|10|8,,2025,,1401,4113,4,0,10,8,
2025|1401|4|0|98|1,2025|1401|4113|4|0|98|1,,2025,,1401,4113,4,0,98,1,
2025|1401|4|0|95|1,2025|1401|4113|4|0|95|1,,2025,,1401,4113,4,0,95,1,
2025|1401|4|0|10|1,2025|1401|4113|4|0|10|1,,2025,,1401,4113,4,0,10,1,
2025|1401|4|0|66|1,2025|1401|4113|4|0|66|1,,2025,,1401,4113,4,0,66,1,
2025|1401|4|0|70|1,2025|1401|4113|4|0|70|1,,2025,,1401,4113,4,0,70,1,
2025|1401|4|0|24|1,2025|1401|4113|4|0|24|1,,2025,,1401,4113,4,0,24,1,
2025|1401|1|0|10|1,2025|1401|4138|1|0|10|1,,2025,,1401,4138,1,0,10,1,
2025|1401|3|0|60|2,2025|1401|4138|3|0|60|2,,2025,,1401,4138,3,0,60,2,
2025|1401|3|0|10|1,2025|1401|4138|3|0|10|1,,2025,,1401,4138,3,0,10,1,
2025|1401|3|0|27|1,2025|1401|4138|3|0|27|1,,2025,,1401,4138,3,0,27,1,
2025|1401|3|0|10|7,2025|1401|4138|3|0|10|7,,2025,,1401,4138,3,0,10,7,
2025|1401|4|0|10|1,2025|1401|4138|4|0|10|1,,2025,,1401,4138,4,0,10,1,
2025|1401|1|0|10|1,2025|1401|2021|1|0|10|1,,2025,,1401,2021,1,0,10,1,
2025|1401|3|0|60|2,2025|1401|2021|3|0|60|2,,2025,,1401,2021,3,0,60,2,
2025|1401|3|0|10|1,2025|1401|2021|3|0|10|1,,2025,,1401,2021,3,0,10,1,
2025|1401|3|0|27|1,2025|1401|2021|3|0|27|1,,2025,,1401,2021,3,0,27,1,
2025|1401|3|0|10|7,2025|1401|2021|3|0|10|7,,2025,,1401,2021,3,0,10,7,
2025|1401|4|0|60|2,2025|1401|2021|4|0|60|2,,2025,,1401,2021,4,0,60,2,
2025|1401|1|0|10|1,2025|1401|4119|1|0|10|1,,2025,,1401,4119,1,0,10,1,
2025|1401|3|0|27|1,2025|1401|4119|3|0|27|1,,2025,,1401,4119,3,0,27,1,
2025|1401|3|0|60|1,2025|1401|4119|3|0|60|1,,2025,,1401,4119,3,0,60,1,
2025|1401|3|0|70|1,2025|1401|4119|3|0|70|1,,2025,,1401,4119,3,0,70,1,
2025|1401|3|0|10|7,2025|1401|4119|3|0|10|7,,2025,,1401,4119,3,0,10,7,
2025|1401|3|0|66|1,2025|1401|4119|3|0|66|1,,2025,,1401,4119,3,0,66,1,
2025|1401|3|0|10|1,2025|1401|4119|3|0|10|1,,2025,,1401,4119,3,0,10,1,
2025|1401|4|0|66|1,2025|1401|4119|4|0|66|1,,2025,,1401,4119,4,0,66,1,
2025|1401|4|0|70|1,2025|1401|4119|4|0|70|1,,2025,,1401,4119,4,0,70,1,
2025|1401|1|0|10|1,2025|1401|4114|1|0|10|1,,2025,,1401,4114,1,0,10,1,
2025|1401|3|0|60|1,2025|1401|4114|3|0|60|1,,2025,,1401,4114,3,0,60,1,
2025|1401|3|0|10|8,2025|1401|4114|3|0|10|8,,2025,,1401,4114,3,0,10,8,
2025|1401|3|0|70|1,2025|1401|4114|3|0|70|1,,2025,,1401,4114,3,0,70,1,
2025|1401|3|0|27|1,2025|1401|4114|3|0|27|1,,2025,,1401,4114,3,0,27,1,
2025|1401|3|0|10|1,2025|1401|4114|3|0|10|1,,2025,,1401,4114,3,0,10,1,
2025|1401|3|0|10|7,2025|1401|4114|3|0|10|7,,2025,,1401,4114,3,0,10,7,
2025|1401|4|0|15|1,2025|1401|4114|4|0|15|1,,2025,,1401,4114,4,0,15,1,
2025|1401|4|0|15|0,2025|1401|4114|4|0|15|0,,2025,,1401,4114,4,0,15,0,
2025|1401|4|0|98|1,2025|1401|4114|4|0|98|1,,2025,,1401,4114,4,0,98,1,
2025|1401|4|0|10|8,2025|1401|4114|4|0|10|8,,2025,,1401,4114,4,0,10,8,
2025|1401|4|0|60|1,2025|1401|4114|4|0|60|1,,2025,,1401,4114,4,0,60,1,
2025|1401|4|0|70|1,2025|1401|4114|4|0|70|1,,2025,,1401,4114,4,0,70,1,
2025|1401|1|0|10|1,2025|1401|4115|1|0|10|1,,2025,,1401,4115,1,0,10,1,
2025|1401|3|0|66|1,2025|1401|4115|3|0|66|1,,2025,,1401,4115,3,0,66,1,
2025|1401|3|0|10|1,2025|1401|4115|3|0|10|1,,2025,,1401,4115,3,0,10,1,
2025|1401|3|0|27|1,2025|1401|4115|3|0|27|1,,2025,,1401,4115,3,0,27,1,
2025|1401|3|0|70|1,2025|1401|4115|3|0|70|1,,2025,,1401,4115,3,0,70,1,
2025|1401|3|0|10|7,2025|1401|4115|3|0|10|7,,2025,,1401,4115,3,0,10,7,
2025|1401|3|0|24|1,2025|1401|4115|3|0|24|1,,2025,,1401,4115,3,0,24,1,
2025|1401|4|0|27|1,2025|1401|4115|4|0|27|1,,2025,,1401,4115,4,0,27,1,
2025|1401|4|0|80|1,2025|1401|4115|4|0|80|1,,2025,,1401,4115,4,0,80,1,
2025|1401|4|0|97|1,2025|1401|4115|4|0|97|1,,2025,,1401,4115,4,0,97,1,
2025|1401|4|0|10|3,2025|1401|4115|4|0|10|3,,2025,,1401,4115,4,0,10,3,
2025|1401|4|0|98|1,2025|1401|4115|4|0|98|1,,2025,,1401,4115,4,0,98,1,
2025|1401|4|0|1|1,2025|1401|4115|4|0|1|1,,2025,,1401,4115,4,0,1,1,
2025|1401|4|0|66|1,2025|1401|4115|4|0|66|1,,2025,,1401,4115,4,0,66,1,
2025|1401|4|0|70|1,2025|1401|4115|4|0|70|1,,2025,,1401,4115,4,0,70,1,
2025|1401|4|0|24|1,2025|1401|4115|4|0|24|1,,2025,,1401,4115,4,0,24,1,
2025|1401|4|0|2|1,2025|1401|4115|4|0|2|1,,2025,,1401,4115,4,0,2,1,
2025|1401|3|0|10|8,2025|1401|4094|3|0|10|8,,2025,,1401,4094,3,0,10,8,
2025|1401|3|0|70|1,2025|1401|4094|3|0|70|1,,2025,,1401,4094,3,0,70,1,
2025|1401|3|0|10|1,2025|1401|4094|3|0|10|1,,2025,,1401,4094,3,0,10,1,
2025|1401|4|0|27|1,2025|1401|4094|4|0|27|1,,2025,,1401,4094,4,0,27,1,
2025|1401|4|0|10|8,2025|1401|4094|4|0|10|8,,2025,,1401,4094,4,0,10,8,
2025|1401|4|0|70|1,2025|1401|4094|4|0|70|1,,2025,,1401,4094,4,0,70,1,
2025|1401|3|0|10|1,2025|1401|4556|3|0|10|1,,2025,,1401,4556,3,0,10,1,
2025|1401|3|0|10|7,2025|1401|7010|3|0|10|7,,2025,,1401,7010,3,0,10,7,
2025|1401|1|0|10|1,2025|1401|2500|1|0|10|1,,2025,,1401,2500,1,0,10,1,
2025|1401|3|0|27|1,2025|1401|2500|3|0|27|1,,2025,,1401,2500,3,0,27,1,
2025|1401|3|0|10|7,2025|1401|2500|3|0|10|7,,2025,,1401,2500,3,0,10,7,
2025|1401|3|0|10|1,2025|1401|2500|3|0|10|1,,2025,,1401,2500,3,0,10,1,
2025|1401|1|0|10|1,2025|1401|7007|1|0|10|1,,2025,,1401,7007,1,0,10,1,
2025|1401|3|0|24|1,2025|1401|0|3|0|24|1,,2025,,1401,0,3,0,24,1,
2025|1401|4|0|70|1,2025|1401|0|4|0|70|1,,2025,,1401,0,4,0,70,1,
2025|1401|4|0|98|1,2025|1401|0|4|0|98|1,,2025,,1401,0,4,0,98,1,
2025|1441|1|0|10|9,2025|1441|7004|1|0|10|9,,2025,,1441,7004,1,0,10,9,
2025|1441|1|0|10|5,2025|1441|7006|1|0|10|5,,2025,,1441,7006,1,0,10,5,
2025|1441|1|0|43|5,2025|1441|7006|1|0|43|5,,2025,,1441,7006,1,0,43,5,
2025|1441|1|0|42|5,2025|1441|7006|1|0|42|5,,2025,,1441,7006,1,0,42,5,
2025|1441|3|0|10|1,2025|1441|1099|3|0|10|1,,2025,,1441,1099,3,0,10,1,
2025|1441|3|0|10|1,2025|1441|1050|3|0|10|1,,2025,,1441,1050,3,0,10,1,
2025|1441|3|0|10|1,2025|1441|4033|3|0|10|1,,2025,,1441,4033,3,0,10,1,
2025|1441|3|0|10|1,2025|1441|2068|3|0|10|1,,2025,,1441,2068,3,0,10,1,
2025|1441|3|0|60|1,2025|1441|4150|3|0|60|1,,2025,,1441,4150,3,0,60,1,
2025|1441|3|0|10|1,2025|1441|4150|3|0|10|1,,2025,,1441,4150,3,0,10,1,
2025|1441|4|0|47|1,2025|1441|4150|4|0|47|1,,2025,,1441,4150,4,0,47,1,
2025|1441|4|0|60|1,2025|1441|4150|4|0|60|1,,2025,,1441,4150,4,0,60,1,
2025|1441|4|0|10|1,2025|1441|4150|4|0|10|1,,2025,,1441,4150,4,0,10,1,
2025|1441|1|0|10|1,2025|1441|4193|1|0|10|1,,2025,,1441,4193,1,0,10,1,
2025|1441|3|0|10|7,2025|1441|4193|3|0|10|7,,2025,,1441,4193,3,0,10,7,
2025|1451|3|0|10|3,2025|1451|4347|3|0|10|3,,2025,,1451,4347,3,0,10,3,
2025|1451|3|0|24|1,2025|1451|4347|3|0|24|1,,2025,,1451,4347,3,0,24,1,
2025|1451|4|0|1|1,2025|1451|4347|4|0|1|1,,2025,,1451,4347,4,0,1,1,
2025|1451|3|0|10|8,2025|1451|4344|3|0|10|8,,2025,,1451,4344,3,0,10,8,
2025|1451|3|0|10|3,2025|1451|4344|3|0|10|3,,2025,,1451,4344,3,0,10,3,
2025|1451|3|0|60|2,2025|1451|4344|3|0|60|2,,2025,,1451,4344,3,0,60,2,
2025|1451|3|0|10|1,2025|1451|4344|3|0|10|1,,2025,,1451,4344,3,0,10,1,
2025|1451|3|0|24|1,2025|1451|4344|3|0|24|1,,2025,,1451,4344,3,0,24,1,
2025|1451|4|0|10|3,2025|1451|4344|4|0|10|3,,2025,,1451,4344,4,0,10,3,
2025|1451|4|0|1|1,2025|1451|4344|4|0|1|1,,2025,,1451,4344,4,0,1,1,
2025|1451|3|0|95|1,2025|1451|1047|3|0|95|1,,2025,,1451,1047,3,0,95,1,
2025|1451|3|0|10|1,2025|1451|1047|3|0|10|1,,2025,,1451,1047,3,0,10,1,
2025|1451|3|0|60|2,2025|1451|4350|3|0|60|2,,2025,,1451,4350,3,0,60,2,
2025|1451|3|0|10|3,2025|1451|4350|3|0|10|3,,2025,,1451,4350,3,0,10,3,
2025|1451|3|0|24|1,2025|1451|4350|3|0|24|1,,2025,,1451,4350,3,0,24,1,
2025|1451|3|0|10|1,2025|1451|4350|3|0|10|1,,2025,,1451,4350,3,0,10,1,
2025|1451|4|0|10|3,2025|1451|4350|4|0|10|3,,2025,,1451,4350,4,0,10,3,
2025|1451|4|0|24|1,2025|1451|4350|4|0|24|1,,2025,,1451,4350,4,0,24,1,
2025|1451|3|1|10|8,2025|1451|1048|3|1|10|8,,2025,,1451,1048,3,1,10,8,
2025|1451|3|1|10|1,2025|1451|1048|3|1|10|1,,2025,,1451,1048,3,1,10,1,
2025|1451|3|1|10|3,2025|1451|1048|3|1|10|3,,2025,,1451,1048,3,1,10,3,
2025|1451|3|1|2|1,2025|1451|1048|3|1|2|1,,2025,,1451,1048,3,1,2,1,
2025|1451|3|1|60|2,2025|1451|1048|3|1|60|2,,2025,,1451,1048,3,1,60,2,
2025|1451|3|1|24|1,2025|1451|1048|3|1|24|1,,2025,,1451,1048,3,1,24,1,
2025|1451|4|1|15|0,2025|1451|1048|4|1|15|0,,2025,,1451,1048,4,1,15,0,
2025|1451|4|1|10|8,2025|1451|1048|4|1|10|8,,2025,,1451,1048,4,1,10,8,
2025|1451|4|1|97|1,2025|1451|1048|4|1|97|1,,2025,,1451,1048,4,1,97,1,
2025|1451|4|1|10|3,2025|1451|1048|4|1|10|3,,2025,,1451,1048,4,1,10,3,
2025|1451|4|1|98|1,2025|1451|1048|4|1|98|1,,2025,,1451,1048,4,1,98,1,
2025|1451|4|1|60|2,2025|1451|1048|4|1|60|2,,2025,,1451,1048,4,1,60,2,
2025|1451|4|1|10|1,2025|1451|1048|4|1|10|1,,2025,,1451,1048,4,1,10,1,
2025|1451|4|1|1|1,2025|1451|1048|4|1|1|1,,2025,,1451,1048,4,1,1,1,
2025|1451|4|1|2|1,2025|1451|1048|4|1|2|1,,2025,,1451,1048,4,1,2,1,
2025|1451|4|1|24|1,2025|1451|1048|4|1|24|1,,2025,,1451,1048,4,1,24,1,
2025|1451|3|0|60|2,2025|1451|4351|3|0|60|2,,2025,,1451,4351,3,0,60,2,
2025|1451|3|0|10|1,2025|1451|4351|3|0|10|1,,2025,,1451,4351,3,0,10,1,
2025|1451|4|0|10|4,2025|1451|4351|4|0|10|4,,2025,,1451,4351,4,0,10,4,
2025|1451|4|0|24|1,2025|1451|4351|4|0|24|1,,2025,,1451,4351,4,0,24,1,
2025|1451|1|0|57|2,2025|1451|4353|1|0|57|2,,2025,,1451,4353,1,0,57,2,
2025|1451|1|0|10|1,2025|1451|4353|1|0|10|1,,2025,,1451,4353,1,0,10,1,
2025|1451|3|0|10|7,2025|1451|4353|3|0|10|7,,2025,,1451,4353,3,0,10,7,
2025|1451|3|0|10|1,2025|1451|4353|3|0|10|1,,2025,,1451,4353,3,0,10,1,
2025|1451|4|0|10|1,2025|1451|4353|4|0|10|1,,2025,,1451,4353,4,0,10,1,
2025|1451|3|0|10|3,2025|1451|4348|3|0|10|3,,2025,,1451,4348,3,0,10,3,
2025|1451|3|0|60|2,2025|1451|4348|3|0|60|2,,2025,,1451,4348,3,0,60,2,
2025|1451|3|0|1|1,2025|1451|4348|3|0|1|1,,2025,,1451,4348,3,0,1,1,
2025|1451|3|0|61|1,2025|1451|4348|3|0|61|1,,2025,,1451,4348,3,0,61,1,
2025|1451|3|0|24|1,2025|1451|4348|3|0|24|1,,2025,,1451,4348,3,0,24,1,
2025|1451|3|0|10|1,2025|1451|4348|3|0|10|1,,2025,,1451,4348,3,0,10,1,
2025|1451|3|0|60|1,2025|1451|4348|3|0|60|1,,2025,,1451,4348,3,0,60,1,
2025|1451|4|0|10|3,2025|1451|4348|4|0|10|3,,2025,,1451,4348,4,0,10,3,
2025|1451|4|0|60|2,2025|1451|4348|4|0|60|2,,2025,,1451,4348,4,0,60,2,
2025|1451|4|0|60|1,2025|1451|4348|4|0|60|1,,2025,,1451,4348,4,0,60,1,
2025|1451|4|0|10|1,2025|1451|4348|4|0|10|1,,2025,,1451,4348,4,0,10,1,
2025|1451|4|0|1|1,2025|1451|4348|4|0|1|1,,2025,,1451,4348,4,0,1,1,
2025|1451|4|0|24|1,2025|1451|4348|4|0|24|1,,2025,,1451,4348,4,0,24,1,
2025|1451|3|0|10|1,2025|1451|4375|3|0|10|1,,2025,,1451,4375,3,0,10,1,
2025|1451|3|0|10|1,2025|1451|4377|3|0|10|1,,2025,,1451,4377,3,0,10,1,
2025|1451|3|0|10|1,2025|1451|1054|3|0|10|1,,2025,,1451,1054,3,0,10,1,
2025|1451|3|0|10|1,2025|1451|4379|3|0|10|1,,2025,,1451,4379,3,0,10,1,
2025|1451|3|0|24|1,2025|1451|4379|3|0|24|1,,2025,,1451,4379,3,0,24,1,
2025|1451|4|0|10|1,2025|1451|4379|4|0|10|1,,2025,,1451,4379,4,0,10,1,
2025|1451|4|0|10|3,2025|1451|4379|4|0|10|3,,2025,,1451,4379,4,0,10,3,
2025|1451|4|0|24|1,2025|1451|4379|4|0|24|1,,2025,,1451,4379,4,0,24,1,
2025|1451|3|1|10|1,2025|1451|4378|3|1|10|1,,2025,,1451,4378,3,1,10,1,
2025|1451|4|1|10|1,2025|1451|4378|4|1|10|1,,2025,,1451,4378,4,1,10,1,
2025|1451|4|1|10|3,2025|1451|4378|4|1|10|3,,2025,,1451,4378,4,1,10,3,
2025|1451|4|1|1|1,2025|1451|4378|4|1|1|1,,2025,,1451,4378,4,1,1,1,
2025|1451|4|1|2|1,2025|1451|4378|4|1|2|1,,2025,,1451,4378,4,1,2,1,
2025|1451|3|0|10|1,2025|1451|4376|3|0|10|1,,2025,,1451,4376,3,0,10,1,
2025|1451|3|0|10|8,2025|1451|4438|3|0|10|8,,2025,,1451,4438,3,0,10,8,
2025|1451|3|0|10|1,2025|1451|4438|3|0|10|1,,2025,,1451,4438,3,0,10,1,
2025|1451|4|0|10|8,2025|1451|4438|4|0|10|8,,2025,,1451,4438,4,0,10,8,
2025|1451|3|0|10|8,2025|1451|4437|3|0|10|8,,2025,,1451,4437,3,0,10,8,
2025|1451|3|0|10|1,2025|1451|4437|3|0|10|1,,2025,,1451,4437,3,0,10,1,
2025|1451|4|0|10|8,2025|1451|4437|4|0|10|8,,2025,,1451,4437,4,0,10,8,
2025|1451|1|0|57|2,2025|1451|4443|1|0|57|2,,2025,,1451,4443,1,0,57,2,
2025|1451|1|0|10|1,2025|1451|4443|1|0|10|1,,2025,,1451,4443,1,0,10,1,
2025|1451|3|0|10|7,2025|1451|4443|3|0|10|7,,2025,,1451,4443,3,0,10,7,
2025|1451|3|0|10|1,2025|1451|4443|3|0|10|1,,2025,,1451,4443,3,0,10,1,
2025|1451|4|0|10|1,2025|1451|4443|4|0|10|1,,2025,,1451,4443,4,0,10,1,
2025|1451|3|1|10|1,2025|1451|4441|3|1|10|1,,2025,,1451,4441,3,1,10,1,
2025|1451|4|1|10|8,2025|1451|4441|4|1|10|8,,2025,,1451,4441,4,1,10,8,
2025|1451|4|1|10|1,2025|1451|4441|4|1|10|1,,2025,,1451,4441,4,1,10,1,
2025|1451|4|1|95|1,2025|1451|4441|4|1|95|1,,2025,,1451,4441,4,1,95,1,
2025|1451|4|1|24|1,2025|1451|4441|4|1|24|1,,2025,,1451,4441,4,1,24,1,
2025|1451|3|0|24|1,2025|1451|4442|3|0|24|1,,2025,,1451,4442,3,0,24,1,
2025|1451|3|0|10|1,2025|1451|4442|3|0|10|1,,2025,,1451,4442,3,0,10,1,
2025|1451|3|0|10|3,2025|1451|2500|3|0|10|3,,2025,,1451,2500,3,0,10,3,
2025|1451|3|0|24|1,2025|1451|2500|3|0|24|1,,2025,,1451,2500,3,0,24,1,
2025|1451|3|0|10|1,2025|1451|2500|3|0|10|1,,2025,,1451,2500,3,0,10,1,
2025|1451|1|0|57|2,2025|1451|2417|1|0|57|2,,2025,,1451,2417,1,0,57,2,
2025|1451|1|0|27|1,2025|1451|2417|1|0|27|1,,2025,,1451,2417,1,0,27,1,
2025|1451|1|0|10|1,2025|1451|2417|1|0|10|1,,2025,,1451,2417,1,0,10,1,
2025|1451|3|0|10|1,2025|1451|2417|3|0|10|1,,2025,,1451,2417,3,0,10,1,
2025|1451|3|0|10|7,2025|1451|2417|3|0|10|7,,2025,,1451,2417,3,0,10,7,
2025|1451|3|0|27|7,2025|1451|2417|3|0|27|7,,2025,,1451,2417,3,0,27,7,
2025|1451|4|0|9|1,2025|1451|0|4|0|9|1,,2025,,1451,0,4,0,9,1,
2025|1451|4|0|1|1,2025|1451|0|4|0|1|1,,2025,,1451,0,4,0,1,1,
2025|1451|4|0|24|1,2025|1451|0|4|0|24|1,,2025,,1451,0,4,0,24,1,
2025|1451|4|1|98|1,2025|1451|0|4|1|98|1,,2025,,1451,0,4,1,98,1,
2025|1451|4|1|2|1,2025|1451|0|4|1|2|1,,2025,,1451,0,4,1,2,1,
2025|1481|3|0|71|1,2025|1481|4480|3|0|71|1,,2025,,1481,4480,3,0,71,1,
2025|1481|3|0|71|1,2025|1481|4301|3|0|71|1,,2025,,1481,4301,3,0,71,1,
2025|1481|3|0|71|1,2025|1481|4270|3|0|71|1,,2025,,1481,4270,3,0,71,1,
2025|1481|3|0|71|1,2025|1481|4352|3|0|71|1,,2025,,1481,4352,3,0,71,1,
2025|1481|3|0|71|1,2025|1481|4321|3|0|71|1,,2025,,1481,4321,3,0,71,1,
2025|1481|3|0|71|3,2025|1481|4186|3|0|71|3,,2025,,1481,4186,3,0,71,3,
2025|1481|3|0|24|1,2025|1481|4186|3|0|24|1,,2025,,1481,4186,3,0,24,1,
2025|1481|4|0|71|3,2025|1481|4186|4|0|71|3,,2025,,1481,4186,4,0,71,3,
2025|1481|1|0|71|1,2025|1481|4154|1|0|71|1,,2025,,1481,4154,1,0,71,1,
2025|1481|3|0|1|1,2025|1481|4154|3|0|1|1,,2025,,1481,4154,3,0,1,1,
2025|1481|3|0|10|8,2025|1481|4154|3|0|10|8,,2025,,1481,4154,3,0,10,8,
2025|1481|3|0|71|1,2025|1481|4154|3|0|71|1,,2025,,1481,4154,3,0,71,1,
2025|1481|3|0|71|7,2025|1481|4154|3|0|71|7,,2025,,1481,4154,3,0,71,7,
2025|1481|3|0|10|4,2025|1481|4154|3|0|10|4,,2025,,1481,4154,3,0,10,4,
2025|1481|3|0|80|1,2025|1481|4154|3|0|80|1,,2025,,1481,4154,3,0,80,1,
2025|1481|4|0|10|4,2025|1481|4154|4|0|10|4,,2025,,1481,4154,4,0,10,4,
2025|1481|4|0|10|8,2025|1481|4154|4|0|10|8,,2025,,1481,4154,4,0,10,8,
2025|1481|3|1|71|1,2025|1481|4157|3|1|71|1,,2025,,1481,4157,3,1,71,1,
2025|1481|3|1|10|4,2025|1481|4157|3|1|10|4,,2025,,1481,4157,3,1,10,4,
2025|1481|1|0|71|1,2025|1481|4153|1|0|71|1,,2025,,1481,4153,1,0,71,1,
2025|1481|3|0|10|8,2025|1481|4153|3|0|10|8,,2025,,1481,4153,3,0,10,8,
2025|1481|3|0|71|1,2025|1481|4153|3|0|71|1,,2025,,1481,4153,3,0,71,1,
2025|1481|3|0|71|7,2025|1481|4153|3|0|71|7,,2025,,1481,4153,3,0,71,7,
2025|1481|1|1|71|1,2025|1481|4158|1|1|71|1,,2025,,1481,4158,1,1,71,1,
2025|1481|3|1|71|7,2025|1481|4158|3|1|71|7,,2025,,1481,4158,3,1,71,7,
2025|1481|3|1|71|1,2025|1481|4158|3|1|71|1,,2025,,1481,4158,3,1,71,1,
2025|1481|3|1|10|8,2025|1481|4158|3|1|10|8,,2025,,1481,4158,3,1,10,8,
2025|1481|3|1|10|4,2025|1481|4158|3|1|10|4,,2025,,1481,4158,3,1,10,4,
2025|1481|3|1|80|1,2025|1481|4158|3|1|80|1,,2025,,1481,4158,3,1,80,1,
2025|1481|4|1|10|8,2025|1481|4158|4|1|10|8,,2025,,1481,4158,4,1,10,8,
2025|1481|3|0|71|1,2025|1481|4367|3|0|71|1,,2025,,1481,4367,3,0,71,1,
2025|1481|3|0|71|1,2025|1481|4368|3|0|71|1,,2025,,1481,4368,3,0,71,1,
2025|1481|3|1|71|1,2025|1481|4364|3|1|71|1,,2025,,1481,4364,3,1,71,1,
2025|1481|3|0|10|1,2025|1481|4165|3|0|10|1,,2025,,1481,4165,3,0,10,1,
2025|1481|3|1|10|1,2025|1481|4163|3|1|10|1,,2025,,1481,4163,3,1,10,1,
2025|1481|3|1|2|1,2025|1481|4163|3|1|2|1,,2025,,1481,4163,3,1,2,1,
2025|1481|3|1|38|1,2025|1481|4163|3|1|38|1,,2025,,1481,4163,3,1,38,1,
2025|1481|3|0|10|1,2025|1481|4164|3|0|10|1,,2025,,1481,4164,3,0,10,1,
2025|1481|3|0|59|1,2025|1481|4164|3|0|59|1,,2025,,1481,4164,3,0,59,1,
2025|1481|3|0|38|1,2025|1481|4167|3|0|38|1,,2025,,1481,4167,3,0,38,1,
2025|1481|3|0|10|1,2025|1481|4167|3|0|10|1,,2025,,1481,4167,3,0,10,1,
2025|1481|4|0|10|1,2025|1481|4167|4|0|10|1,,2025,,1481,4167,4,0,10,1,
2025|1481|3|0|10|1,2025|1481|4514|3|0|10|1,,2025,,1481,4514,3,0,10,1,
2025|1481|3|0|38|1,2025|1481|4514|3|0|38|1,,2025,,1481,4514,3,0,38,1,
2025|1481|3|0|24|1,2025|1481|4514|3|0|24|1,,2025,,1481,4514,3,0,24,1,
2025|1481|3|0|38|1,2025|1481|4169|3|0|38|1,,2025,,1481,4169,3,0,38,1,
2025|1481|3|0|10|1,2025|1481|4169|3|0|10|1,,2025,,1481,4169,3,0,10,1,
2025|1481|3|0|38|1,2025|1481|4166|3|0|38|1,,2025,,1481,4166,3,0,38,1,
2025|1481|3|0|38|1,2025|1481|4168|3|0|38|1,,2025,,1481,4168,3,0,38,1,
2025|1481|3|0|38|1,2025|1481|4170|3|0|38|1,,2025,,1481,4170,3,0,38,1,
2025|1481|3|0|97|1,2025|1481|4170|3|0|97|1,,2025,,1481,4170,3,0,97,1,
2025|1481|3|0|10|1,2025|1481|4170|3|0|10|1,,2025,,1481,4170,3,0,10,1,
2025|1481|3|0|10|8,2025|1481|4170|3|0|10|8,,2025,,1481,4170,3,0,10,8,
2025|1481|3|0|10|4,2025|1481|4170|3|0|10|4,,2025,,1481,4170,3,0,10,4,
2025|1481|4|0|1|1,2025|1481|4170|4|0|1|1,,2025,,1481,4170,4,0,1,1,
2025|1481|4|0|97|1,2025|1481|4170|4|0|97|1,,2025,,1481,4170,4,0,97,1,
2025|1481|4|0|15|1,2025|1481|4170|4|0|15|1,,2025,,1481,4170,4,0,15,1,
2025|1481|4|0|10|8,2025|1481|4170|4|0|10|8,,2025,,1481,4170,4,0,10,8,
2025|1481|4|0|38|1,2025|1481|4170|4|0|38|1,,2025,,1481,4170,4,0,38,1,
2025|1481|3|0|71|1,2025|1481|4183|3|0|71|1,,2025,,1481,4183,3,0,71,1,
2025|1481|3|0|10|8,2025|1481|4183|3|0|10|8,,2025,,1481,4183,3,0,10,8,
2025|1481|3|0|71|1,2025|1481|4181|3|0|71|1,,2025,,1481,4181,3,0,71,1,
2025|1481|3|0|71|1,2025|1481|4171|3|0|71|1,,2025,,1481,4171,3,0,71,1,
2025|1481|4|0|71|1,2025|1481|4171|4|0|71|1,,2025,,1481,4171,4,0,71,1,
2025|1481|3|0|71|3,2025|1481|4173|3|0|71|3,,2025,,1481,4173,3,0,71,3,
2025|1481|3|0|24|1,2025|1481|4173|3|0|24|1,,2025,,1481,4173,3,0,24,1,
2025|1481|4|0|71|3,2025|1481|4173|4|0|71|3,,2025,,1481,4173,4,0,71,3,
2025|1481|3|0|10|3,2025|1481|4176|3|0|10|3,,2025,,1481,4176,3,0,10,3,
2025|1481|3|0|24|1,2025|1481|4176|3|0|24|1,,2025,,1481,4176,3,0,24,1,
2025|1481|4|0|24|1,2025|1481|4176|4|0|24|1,,2025,,1481,4176,4,0,24,1,
2025|1481|1|0|71|1,2025|1481|4178|1|0|71|1,,2025,,1481,4178,1,0,71,1,
2025|1481|3|0|71|1,2025|1481|4178|3|0|71|1,,2025,,1481,4178,3,0,71,1,
2025|1481|3|0|71|7,2025|1481|4178|3|0|71|7,,2025,,1481,4178,3,0,71,7,
2025|1481|3|0|10|8,2025|1481|4174|3|0|10|8,,2025,,1481,4174,3,0,10,8,
2025|1481|3|0|1|1,2025|1481|4174|3|0|1|1,,2025,,1481,4174,3,0,1,1,
2025|1481|3|0|24|1,2025|1481|4174|3|0|24|1,,2025,,1481,4174,3,0,24,1,
2025|1481|3|0|10|4,2025|1481|4174|3|0|10|4,,2025,,1481,4174,3,0,10,4,
2025|1481|4|0|10|8,2025|1481|4174|4|0|10|8,,2025,,1481,4174,4,0,10,8,
2025|1481|4|0|15|1,2025|1481|4174|4|0|15|1,,2025,,1481,4174,4,0,15,1,
2025|1481|4|0|97|1,2025|1481|4174|4|0|97|1,,2025,,1481,4174,4,0,97,1,
2025|1481|5|0|97|1,2025|1481|4174|5|0|97|1,,2025,,1481,4174,5,0,97,1,
2025|1481|1|0|71|1,2025|1481|4182|1|0|71|1,,2025,,1481,4182,1,0,71,1,
2025|1481|3|0|71|7,2025|1481|4182|3|0|71|7,,2025,,1481,4182,3,0,71,7,
2025|1481|3|0|71|1,2025|1481|4182|3|0|71|1,,2025,,1481,4182,3,0,71,1,
2025|1481|3|0|71|1,2025|1481|4184|3|0|71|1,,2025,,1481,4184,3,0,71,1,
2025|1481|3|0|10|4,2025|1481|4184|3|0|10|4,,2025,,1481,4184,3,0,10,4,
2025|1481|3|0|71|1,2025|1481|4185|3|0|71|1,,2025,,1481,4185,3,0,71,1,
2025|1481|4|0|71|1,2025|1481|4185|4|0|71|1,,2025,,1481,4185,4,0,71,1,
2025|1481|4|0|24|1,2025|1481|4185|4|0|24|1,,2025,,1481,4185,4,0,24,1,
2025|1481|3|1|71|1,2025|1481|4388|3|1|71|1,,2025,,1481,4388,3,1,71,1,
2025|1481|4|1|98|1,2025|1481|4388|4|1|98|1,,2025,,1481,4388,4,1,98,1,
2025|1481|4|1|10|8,2025|1481|4388|4|1|10|8,,2025,,1481,4388,4,1,10,8,
2025|1481|4|1|71|1,2025|1481|4388|4|1|71|1,,2025,,1481,4388,4,1,71,1,
2025|1481|3|0|71|1,2025|1481|2033|3|0|71|1,,2025,,1481,2033,3,0,71,1,
2025|1481|1|0|71|1,2025|1481|4197|1|0|71|1,,2025,,1481,4197,1,0,71,1,
2025|1481|3|0|71|1,2025|1481|4197|3|0|71|1,,2025,,1481,4197,3,0,71,1,
2025|1481|3|0|10|8,2025|1481|4197|3|0|10|8,,2025,,1481,4197,3,0,10,8,
2025|1481|3|0|71|7,2025|1481|4197|3|0|71|7,,2025,,1481,4197,3,0,71,7,
2025|1481|1|0|71|1,2025|1481|4196|1|0|71|1,,2025,,1481,4196,1,0,71,1,
2025|1481|3|0|10|8,2025|1481|4196|3|0|10|8,,2025,,1481,4196,3,0,10,8,
2025|1481|3|0|71|1,2025|1481|4196|3|0|71|1,,2025,,1481,4196,3,0,71,1,
2025|1481|3|0|71|7,2025|1481|4196|3|0|71|7,,2025,,1481,4196,3,0,71,7,
2025|1481|4|0|10|8,2025|1481|4196|4|0|10|8,,2025,,1481,4196,4,0,10,8,
2025|1481|4|0|10|4,2025|1481|4196|4|0|10|4,,2025,,1481,4196,4,0,10,4,
2025|1481|3|1|10|8,2025|1481|4416|3|1|10|8,,2025,,1481,4416,3,1,10,8,
2025|1481|3|1|71|1,2025|1481|4416|3|1|71|1,,2025,,1481,4416,3,1,71,1,
2025|1481|4|1|10|8,2025|1481|4416|4|1|10|8,,2025,,1481,4416,4,1,10,8,
2025|1481|1|0|71|1,2025|1481|2035|1|0|71|1,,2025,,1481,2035,1,0,71,1,
2025|1481|3|0|71|1,2025|1481|2035|3|0|71|1,,2025,,1481,2035,3,0,71,1,
2025|1481|3|0|71|7,2025|1481|2035|3|0|71|7,,2025,,1481,2035,3,0,71,7,
2025|1481|3|1|71|1,2025|1481|4412|3|1|71|1,,2025,,1481,4412,3,1,71,1,
2025|1481|3|0|10|1,2025|1481|2036|3|0|10|1,,2025,,1481,2036,3,0,10,1,
2025|1481|3|0|71|1,2025|1481|2036|3|0|71|1,,2025,,1481,2036,3,0,71,1,
2025|1481|1|0|71|1,2025|1481|2037|1|0|71|1,,2025,,1481,2037,1,0,71,1,
2025|1481|3|0|71|1,2025|1481|2037|3|0|71|1,,2025,,1481,2037,3,0,71,1,
2025|1481|3|0|71|7,2025|1481|2037|3|0|71|7,,2025,,1481,2037,3,0,71,7,
2025|1481|3|0|71|1,2025|1481|4204|3|0|71|1,,2025,,1481,4204,3,0,71,1,
2025|1481|1|0|71|1,2025|1481|4414|1|0|71|1,,2025,,1481,4414,1,0,71,1,
2025|1481|3|0|10|8,2025|1481|4414|3|0|10|8,,2025,,1481,4414,3,0,10,8,
2025|1481|3|0|71|1,2025|1481|4414|3|0|71|1,,2025,,1481,4414,3,0,71,1,
2025|1481|3|0|71|7,2025|1481|4414|3|0|71|7,,2025,,1481,4414,3,0,71,7,
2025|1481|4|0|10|8,2025|1481|4414|4|0|10|8,,2025,,1481,4414,4,0,10,8,
2025|1481|1|0|71|1,2025|1481|4415|1|0|71|1,,2025,,1481,4415,1,0,71,1,
2025|1481|3|0|24|1,2025|1481|4415|3|0|24|1,,2025,,1481,4415,3,0,24,1,
2025|1481|3|0|10|8,2025|1481|4415|3|0|10|8,,2025,,1481,4415,3,0,10,8,
2025|1481|3|0|71|1,2025|1481|4415|3|0|71|1,,2025,,1481,4415,3,0,71,1,
2025|1481|3|0|71|7,2025|1481|4415|3|0|71|7,,2025,,1481,4415,3,0,71,7,
2025|1481|4|0|10|3,2025|1481|4415|4|0|10|3,,2025,,1481,4415,4,0,10,3,
2025|1481|4|0|24|1,2025|1481|4415|4|0|24|1,,2025,,1481,4415,4,0,24,1,
2025|1481|4|0|10|8,2025|1481|4415|4|0|10|8,,2025,,1481,4415,4,0,10,8,
2025|1481|3|0|10|1,2025|1481|2076|3|0|10|1,,2025,,1481,2076,3,0,10,1,
2025|1481|3|0|1|1,2025|1481|2079|3|0|1|1,,2025,,1481,2079,3,0,1,1,
2025|1481|3|0|80|1,2025|1481|2079|3|0|80|1,,2025,,1481,2079,3,0,80,1,
2025|1481|3|0|71|1,2025|1481|2079|3|0|71|1,,2025,,1481,2079,3,0,71,1,
2025|1481|3|0|10|4,2025|1481|2079|3|0|10|4,,2025,,1481,2079,3,0,10,4,
2025|1481|3|0|10|8,2025|1481|2079|3|0|10|8,,2025,,1481,2079,3,0,10,8,
2025|1481|4|0|10|8,2025|1481|2079|4|0|10|8,,2025,,1481,2079,4,0,10,8,
2025|1481|4|0|10|4,2025|1481|2079|4|0|10|4,,2025,,1481,2079,4,0,10,4,
2025|1481|3|0|71|1,2025|1481|2500|3|0|71|1,,2025,,1481,2500,3,0,71,1,
2025|1481|3|0|10|1,2025|1481|2500|3|0|10|1,,2025,,1481,2500,3,0,10,1,
2025|1481|4|0|71|1,2025|1481|2500|4|0|71|1,,2025,,1481,2500,4,0,71,1,
2025|1481|1|0|10|1,2025|1481|2417|1|0|10|1,,2025,,1481,2417,1,0,10,1,
2025|1481|3|0|10|7,2025|1481|2417|3|0|10|7,,2025,,1481,2417,3,0,10,7,
2025|1481|4|1|98|1,2025|1481|0|4|1|98|1,,2025,,1481,0,4,1,98,1,
2025|1491|3|0|10|1,2025|1491|2041|3|0|10|1,,2025,,1491,2041,3,0,10,1,
2025|1491|4|0|10|1,2025|1491|2041|4|0|10|1,,2025,,1491,2041,4,0,10,1,
2025|1491|3|0|10|1,2025|1491|2042|3|0|10|1,,2025,,1491,2042,3,0,10,1,
2025|1491|3|0|10|1,2025|1491|2043|3|0|10|1,,2025,,1491,2043,3,0,10,1,
2025|1491|3|0|10|1,2025|1491|2045|3|0|10|1,,2025,,1491,2045,3,0,10,1,
2025|1491|4|0|80|1,2025|1491|2045|4|0|80|1,,2025,,1491,2045,4,0,80,1,
2025|1491|4|0|15|1,2025|1491|2045|4|0|15|1,,2025,,1491,2045,4,0,15,1,
2025|1491|4|0|10|8,2025|1491|2045|4|0|10|8,,2025,,1491,2045,4,0,10,8,
2025|1491|4|0|10|4,2025|1491|2045|4|0|10|4,,2025,,1491,2045,4,0,10,4,
2025|1491|3|1|10|1,2025|1491|2048|3|1|10|1,,2025,,1491,2048,3,1,10,1,
2025|1491|3|1|10|8,2025|1491|2048|3|1|10|8,,2025,,1491,2048,3,1,10,8,
2025|1491|4|1|10|8,2025|1491|2048|4|1|10|8,,2025,,1491,2048,4,1,10,8,
2025|1491|3|0|10|1,2025|1491|2044|3|0|10|1,,2025,,1491,2044,3,0,10,1,
2025|1491|3|0|10|1,2025|1491|2138|3|0|10|1,,2025,,1491,2138,3,0,10,1,
2025|1491|3|0|10|1,2025|1491|2051|3|0|10|1,,2025,,1491,2051,3,0,10,1,
2025|1491|4|0|15|1,2025|1491|2051|4|0|15|1,,2025,,1491,2051,4,0,15,1,
2025|1491|4|0|10|1,2025|1491|2051|4|0|10|1,,2025,,1491,2051,4,0,10,1,
2025|1491|3|0|10|1,2025|1491|2050|3|0|10|1,,2025,,1491,2050,3,0,10,1,
2025|1491|4|0|15|1,2025|1491|2050|4|0|15|1,,2025,,1491,2050,4,0,15,1,
2025|1491|4|0|10|1,2025|1491|2050|4|0|10|1,,2025,,1491,2050,4,0,10,1,
2025|1491|3|0|24|1,2025|1491|2500|3|0|24|1,,2025,,1491,2500,3,0,24,1,
2025|1491|3|0|10|1,2025|1491|2500|3|0|10|1,,2025,,1491,2500,3,0,10,1,
2025|1491|4|0|10|8,2025|1491|2500|4|0|10|8,,2025,,1491,2500,4,0,10,8,
2025|1491|4|0|15|1,2025|1491|2500|4|0|15|1,,2025,,1491,2500,4,0,15,1,
2025|1491|4|0|10|1,2025|1491|2500|4|0|10|1,,2025,,1491,2500,4,0,10,1,
2025|1491|1|0|10|1,2025|1491|2417|1|0|10|1,,2025,,1491,2417,1,0,10,1,
2025|1491|3|0|10|7,2025|1491|2417|3|0|10|7,,2025,,1491,2417,3,0,10,7,
2025|1501|3|1|10|1,2025|1501|4478|3|1|10|1,,2025,,1501,4478,3,1,10,1,
2025|1501|3|0|10|1,2025|1501|4468|3|0|10|1,,2025,,1501,4468,3,0,10,1,
2025|1501|3|0|10|1,2025|1501|4477|3|0|10|1,,2025,,1501,4477,3,0,10,1,
2025|1501|4|0|10|1,2025|1501|4477|4|0|10|1,,2025,,1501,4477,4,0,10,1,
2025|1501|3|0|60|2,2025|1501|4475|3|0|60|2,,2025,,1501,4475,3,0,60,2,
2025|1501|3|0|10|1,2025|1501|4475|3|0|10|1,,2025,,1501,4475,3,0,10,1,
2025|1501|4|0|25|1,2025|1501|4475|4|0|25|1,,2025,,1501,4475,4,0,25,1,
2025|1501|4|0|10|1,2025|1501|4475|4|0|10|1,,2025,,1501,4475,4,0,10,1,
2025|1501|3|0|10|1,2025|1501|4476|3|0|10|1,,2025,,1501,4476,3,0,10,1,
2025|1501|4|0|97|1,2025|1501|4476|4|0|97|1,,2025,,1501,4476,4,0,97,1,
2025|1501|4|0|10|1,2025|1501|4476|4|0|10|1,,2025,,1501,4476,4,0,10,1,
2025|1501|3|0|10|1,2025|1501|4483|3|0|10|1,,2025,,1501,4483,3,0,10,1,
2025|1501|4|0|25|1,2025|1501|4483|4|0|25|1,,2025,,1501,4483,4,0,25,1,
2025|1501|4|0|95|1,2025|1501|4483|4|0|95|1,,2025,,1501,4483,4,0,95,1,
2025|1501|3|0|10|1,2025|1501|4450|3|0|10|1,,2025,,1501,4450,3,0,10,1,
2025|1501|4|0|10|1,2025|1501|4450|4|0|10|1,,2025,,1501,4450,4,0,10,1,
2025|1501|3|0|10|1,2025|1501|4451|3|0|10|1,,2025,,1501,4451,3,0,10,1,
2025|1501|4|0|10|1,2025|1501|4451|4|0|10|1,,2025,,1501,4451,4,0,10,1,
2025|1501|4|0|25|1,2025|1501|4451|4|0|25|1,,2025,,1501,4451,4,0,25,1,
2025|1501|3|0|95|1,2025|1501|4452|3|0|95|1,,2025,,1501,4452,3,0,95,1,
2025|1501|3|0|10|1,2025|1501|4452|3|0|10|1,,2025,,1501,4452,3,0,10,1,
2025|1501|4|0|10|1,2025|1501|4452|4|0|10|1,,2025,,1501,4452,4,0,10,1,
2025|1501|3|1|10|1,2025|1501|4380|3|1|10|1,,2025,,1501,4380,3,1,10,1,
2025|1501|4|1|10|1,2025|1501|4380|4|1|10|1,,2025,,1501,4380,4,1,10,1,
2025|1501|3|0|10|1,2025|1501|4453|3|0|10|1,,2025,,1501,4453,3,0,10,1,
2025|1501|3|0|10|1,2025|1501|4454|3|0|10|1,,2025,,1501,4454,3,0,10,1,
2025|1501|3|0|10|1,2025|1501|4462|3|0|10|1,,2025,,1501,4462,3,0,10,1,
2025|1501|3|0|95|1,2025|1501|4462|3|0|95|1,,2025,,1501,4462,3,0,95,1,
2025|1501|3|0|10|1,2025|1501|4461|3|0|10|1,,2025,,1501,4461,3,0,10,1,
2025|1501|3|0|80|1,2025|1501|4461|3|0|80|1,,2025,,1501,4461,3,0,80,1,
2025|1501|4|0|95|1,2025|1501|1085|4|0|95|1,,2025,,1501,1085,4,0,95,1,
2025|1501|4|0|10|1,2025|1501|1085|4|0|10|1,,2025,,1501,1085,4,0,10,1,
2025|1501|3|0|10|1,2025|1501|4467|3|0|10|1,,2025,,1501,4467,3,0,10,1,
2025|1501|4|0|25|1,2025|1501|4467|4|0|25|1,,2025,,1501,4467,4,0,25,1,
2025|1501|4|0|10|1,2025|1501|4467|4|0|10|1,,2025,,1501,4467,4,0,10,1,
2025|1501|3|0|10|1,2025|1501|4466|3|0|10|1,,2025,,1501,4466,3,0,10,1,
2025|1501|3|0|59|2,2025|1501|4466|3|0|59|2,,2025,,1501,4466,3,0,59,2,
2025|1501|3|0|91|2,2025|1501|4466|3|0|91|2,,2025,,1501,4466,3,0,91,2,
2025|1501|3|0|60|2,2025|1501|4466|3|0|60|2,,2025,,1501,4466,3,0,60,2,
2025|1501|3|0|94|1,2025|1501|4466|3|0|94|1,,2025,,1501,4466,3,0,94,1,
2025|1501|4|0|10|1,2025|1501|4466|4|0|10|1,,2025,,1501,4466,4,0,10,1,
2025|1501|3|0|10|1,2025|1501|4465|3|0|10|1,,2025,,1501,4465,3,0,10,1,
2025|1501|4|0|10|1,2025|1501|4465|4|0|10|1,,2025,,1501,4465,4,0,10,1,
2025|1501|3|0|10|1,2025|1501|4463|3|0|10|1,,2025,,1501,4463,3,0,10,1,
2025|1501|3|0|10|1,2025|1501|4464|3|0|10|1,,2025,,1501,4464,3,0,10,1,
2025|1501|4|0|10|1,2025|1501|4464|4|0|10|1,,2025,,1501,4464,4,0,10,1,
2025|1501|3|1|10|1,2025|1501|4470|3|1|10|1,,2025,,1501,4470,3,1,10,1,
2025|1501|3|0|10|1,2025|1501|4473|3|0|10|1,,2025,,1501,4473,3,0,10,1,
2025|1501|4|0|25|1,2025|1501|4473|4|0|25|1,,2025,,1501,4473,4,0,25,1,
2025|1501|4|0|10|1,2025|1501|4473|4|0|10|1,,2025,,1501,4473,4,0,10,1,
2025|1501|3|1|10|1,2025|1501|1084|3|1|10|1,,2025,,1501,1084,3,1,10,1,
2025|1501|3|0|10|1,2025|1501|4486|3|0|10|1,,2025,,1501,4486,3,0,10,1,
2025|1501|5|0|10|1,2025|1501|4486|5|0|10|1,,2025,,1501,4486,5,0,10,1,
2025|1501|3|0|10|1,2025|1501|4487|3|0|10|1,,2025,,1501,4487,3,0,10,1,
2025|1501|4|0|10|1,2025|1501|4487|4|0|10|1,,2025,,1501,4487,4,0,10,1,
2025|1501|3|0|60|2,2025|1501|4485|3|0|60|2,,2025,,1501,4485,3,0,60,2,
2025|1501|3|0|10|1,2025|1501|4485|3|0|10|1,,2025,,1501,4485,3,0,10,1,
2025|1501|4|0|25|1,2025|1501|4485|4|0|25|1,,2025,,1501,4485,4,0,25,1,
2025|1501|4|0|10|1,2025|1501|4485|4|0|10|1,,2025,,1501,4485,4,0,10,1,
2025|1501|3|0|82|1,2025|1501|4492|3|0|82|1,,2025,,1501,4492,3,0,82,1,
2025|1501|3|0|15|1,2025|1501|4492|3|0|15|1,,2025,,1501,4492,3,0,15,1,
2025|1501|4|0|82|1,2025|1501|4492|4|0|82|1,,2025,,1501,4492,4,0,82,1,
2025|1501|3|0|82|1,2025|1501|4495|3|0|82|1,,2025,,1501,4495,3,0,82,1,
2025|1501|3|0|15|1,2025|1501|4495|3|0|15|1,,2025,,1501,4495,3,0,15,1,
2025|1501|4|0|82|1,2025|1501|4495|4|0|82|1,,2025,,1501,4495,4,0,82,1,
2025|1501|3|0|82|1,2025|1501|4496|3|0|82|1,,2025,,1501,4496,3,0,82,1,
2025|1501|3|0|15|1,2025|1501|4496|3|0|15|1,,2025,,1501,4496,3,0,15,1,
2025|1501|4|0|15|1,2025|1501|4496|4|0|15|1,,2025,,1501,4496,4,0,15,1,
2025|1501|4|0|82|1,2025|1501|4496|4|0|82|1,,2025,,1501,4496,4,0,82,1,
2025|1501|4|0|74|1,2025|1501|4496|4|0|74|1,,2025,,1501,4496,4,0,74,1,
2025|1501|3|0|82|1,2025|1501|4494|3|0|82|1,,2025,,1501,4494,3,0,82,1,
2025|1501|3|0|15|1,2025|1501|4494|3|0|15|1,,2025,,1501,4494,3,0,15,1,
2025|1501|4|0|82|1,2025|1501|4494|4|0|82|1,,2025,,1501,4494,4,0,82,1,
2025|1501|4|0|15|1,2025|1501|4494|4|0|15|1,,2025,,1501,4494,4,0,15,1,
2025|1501|1|0|10|1,2025|1501|4491|1|0|10|1,,2025,,1501,4491,1,0,10,1,
2025|1501|3|0|82|1,2025|1501|4491|3|0|82|1,,2025,,1501,4491,3,0,82,1,
2025|1501|3|0|10|7,2025|1501|4491|3|0|10|7,,2025,,1501,4491,3,0,10,7,
2025|1501|3|0|15|1,2025|1501|4491|3|0|15|1,,2025,,1501,4491,3,0,15,1,
2025|1501|3|0|10|1,2025|1501|2500|3|0|10|1,,2025,,1501,2500,3,0,10,1,
2025|1501|4|0|10|1,2025|1501|2500|4|0|10|1,,2025,,1501,2500,4,0,10,1,
2025|1501|1|0|95|1,2025|1501|2417|1|0|95|1,,2025,,1501,2417,1,0,95,1,
2025|1501|1|0|10|1,2025|1501|2417|1|0|10|1,,2025,,1501,2417,1,0,10,1,
2025|1501|3|0|95|1,2025|1501|2417|3|0|95|1,,2025,,1501,2417,3,0,95,1,
2025|1501|3|0|10|1,2025|1501|2417|3|0|10|1,,2025,,1501,2417,3,0,10,1,
2025|1501|3|0|10|7,2025|1501|2417|3|0|10|7,,2025,,1501,2417,3,0,10,7,
2025|1511|3|0|10|1,2025|1511|1052|3|0|10|1,,2025,,1511,1052,3,0,10,1,
2025|1511|3|1|10|1,2025|1511|4067|3|1|10|1,,2025,,1511,4067,3,1,10,1,
2025|1511|4|1|1|1,2025|1511|4067|4|1|1|1,,2025,,1511,4067,4,1,1,1,
2025|1511|3|0|10|1,2025|1511|1005|3|0|10|1,,2025,,1511,1005,3,0,10,1,
2025|1511|4|0|98|1,2025|1511|1005|4|0|98|1,,2025,,1511,1005,4,0,98,1,
2025|1511|3|0|10|1,2025|1511|4063|3|0|10|1,,2025,,1511,4063,3,0,10,1,
2025|1511|4|0|95|1,2025|1511|4063|4|0|95|1,,2025,,1511,4063,4,0,95,1,
2025|1511|3|0|10|1,2025|1511|1051|3|0|10|1,,2025,,1511,1051,3,0,10,1,
2025|1511|3|0|10|1,2025|1511|4062|3|0|10|1,,2025,,1511,4062,3,0,10,1,
2025|1511|3|0|10|1,2025|1511|1006|3|0|10|1,,2025,,1511,1006,3,0,10,1,
2025|1511|4|0|70|1,2025|1511|1006|4|0|70|1,,2025,,1511,1006,4,0,70,1,
2025|1511|4|0|10|4,2025|1511|1006|4|0|10|4,,2025,,1511,1006,4,0,10,4,
2025|1511|4|0|98|1,2025|1511|1006|4|0|98|1,,2025,,1511,1006,4,0,98,1,
2025|1511|4|0|25|1,2025|1511|1006|4|0|25|1,,2025,,1511,1006,4,0,25,1,
2025|1511|3|1|10|8,2025|1511|1007|3|1|10|8,,2025,,1511,1007,3,1,10,8,
2025|1511|3|1|10|1,2025|1511|1007|3|1|10|1,,2025,,1511,1007,3,1,10,1,
2025|1511|4|1|98|1,2025|1511|1007|4|1|98|1,,2025,,1511,1007,4,1,98,1,
2025|1511|4|1|15|1,2025|1511|1007|4|1|15|1,,2025,,1511,1007,4,1,15,1,
2025|1511|4|1|10|8,2025|1511|1007|4|1|10|8,,2025,,1511,1007,4,1,10,8,
2025|1511|3|1|60|2,2025|1511|1003|3|1|60|2,,2025,,1511,1003,3,1,60,2,
2025|1511|3|1|10|1,2025|1511|1003|3|1|10|1,,2025,,1511,1003,3,1,10,1,
2025|1511|4|1|25|1,2025|1511|1003|4|1|25|1,,2025,,1511,1003,4,1,25,1,
2025|1511|4|1|60|2,2025|1511|1003|4|1|60|2,,2025,,1511,1003,4,1,60,2,
2025|1511|3|0|10|8,2025|1511|4061|3|0|10|8,,2025,,1511,4061,3,0,10,8,
2025|1511|3|0|10|1,2025|1511|4061|3|0|10|1,,2025,,1511,4061,3,0,10,1,
2025|1511|4|0|10|8,2025|1511|4061|4|0|10|8,,2025,,1511,4061,4,0,10,8,
2025|1511|4|0|10|1,2025|1511|4061|4|0|10|1,,2025,,1511,4061,4,0,10,1,
2025|1511|4|0|10|3,2025|1511|4061|4|0|10|3,,2025,,1511,4061,4,0,10,3,
2025|1511|4|0|1|1,2025|1511|4061|4|0|1|1,,2025,,1511,4061,4,0,1,1,
2025|1511|3|0|45|1,2025|1511|4060|3|0|45|1,,2025,,1511,4060,3,0,45,1,
2025|1511|3|0|10|8,2025|1511|4060|3|0|10|8,,2025,,1511,4060,3,0,10,8,
2025|1511|3|0|70|1,2025|1511|4060|3|0|70|1,,2025,,1511,4060,3,0,70,1,
2025|1511|3|0|9|1,2025|1511|4060|3|0|9|1,,2025,,1511,4060,3,0,9,1,
2025|1511|3|0|24|1,2025|1511|4060|3|0|24|1,,2025,,1511,4060,3,0,24,1,
2025|1511|3|0|10|1,2025|1511|4060|3|0|10|1,,2025,,1511,4060,3,0,10,1,
2025|1511|3|0|95|1,2025|1511|4060|3|0|95|1,,2025,,1511,4060,3,0,95,1,
2025|1511|4|0|9|1,2025|1511|4060|4|0|9|1,,2025,,1511,4060,4,0,9,1,
2025|1511|4|0|15|1,2025|1511|4060|4|0|15|1,,2025,,1511,4060,4,0,15,1,
2025|1511|4|0|10|8,2025|1511|4060|4|0|10|8,,2025,,1511,4060,4,0,10,8,
2025|1511|4|0|46|1,2025|1511|4060|4|0|46|1,,2025,,1511,4060,4,0,46,1,
2025|1511|4|0|15|0,2025|1511|4060|4|0|15|0,,2025,,1511,4060,4,0,15,0,
2025|1511|4|0|70|1,2025|1511|4060|4|0|70|1,,2025,,1511,4060,4,0,70,1,
2025|1511|4|0|10|3,2025|1511|4060|4|0|10|3,,2025,,1511,4060,4,0,10,3,
2025|1511|4|0|97|1,2025|1511|4060|4|0|97|1,,2025,,1511,4060,4,0,97,1,
2025|1511|4|0|98|1,2025|1511|4060|4|0|98|1,,2025,,1511,4060,4,0,98,1,
2025|1511|4|0|1|1,2025|1511|4060|4|0|1|1,,2025,,1511,4060,4,0,1,1,
2025|1511|4|0|80|1,2025|1511|4060|4|0|80|1,,2025,,1511,4060,4,0,80,1,
2025|1511|4|0|24|1,2025|1511|4060|4|0|24|1,,2025,,1511,4060,4,0,24,1,
2025|1511|4|0|95|1,2025|1511|4060|4|0|95|1,,2025,,1511,4060,4,0,95,1,
2025|1511|4|0|10|1,2025|1511|4060|4|0|10|1,,2025,,1511,4060,4,0,10,1,
2025|1511|4|0|2|1,2025|1511|4060|4|0|2|1,,2025,,1511,4060,4,0,2,1,
2025|1511|3|0|95|1,2025|1511|1004|3|0|95|1,,2025,,1511,1004,3,0,95,1,
2025|1511|3|0|10|1,2025|1511|1004|3|0|10|1,,2025,,1511,1004,3,0,10,1,
2025|1511|3|0|10|1,2025|1511|4065|3|0|10|1,,2025,,1511,4065,3,0,10,1,
2025|1511|4|0|10|1,2025|1511|4065|4|0|10|1,,2025,,1511,4065,4,0,10,1,
2025|1511|4|0|25|1,2025|1511|4065|4|0|25|1,,2025,,1511,4065,4,0,25,1,
2025|1511|1|0|10|1,2025|1511|2011|1|0|10|1,,2025,,1511,2011,1,0,10,1,
2025|1511|3|0|10|1,2025|1511|2011|3|0|10|1,,2025,,1511,2011,3,0,10,1,
2025|1511|3|0|10|7,2025|1511|2011|3|0|10|7,,2025,,1511,2011,3,0,10,7,
2025|1511|4|0|10|1,2025|1511|2011|4|0|10|1,,2025,,1511,2011,4,0,10,1,
2025|1511|3|0|10|1,2025|1511|2008|3|0|10|1,,2025,,1511,2008,3,0,10,1,
2025|1511|4|0|10|1,2025|1511|2008|4|0|10|1,,2025,,1511,2008,4,0,10,1,
2025|1511|3|0|60|1,2025|1511|4066|3|0|60|1,,2025,,1511,4066,3,0,60,1,
2025|1511|3|0|10|1,2025|1511|4066|3|0|10|1,,2025,,1511,4066,3,0,10,1,
2025|1511|4|0|10|1,2025|1511|4066|4|0|10|1,,2025,,1511,4066,4,0,10,1,
2025|1511|4|0|98|1,2025|1511|4066|4|0|98|1,,2025,,1511,4066,4,0,98,1,
2025|1511|4|0|9|1,2025|1511|4066|4|0|9|1,,2025,,1511,4066,4,0,9,1,
2025|1511|3|0|10|7,2025|1511|7010|3|0|10|7,,2025,,1511,7010,3,0,10,7,
2025|1511|3|0|10|1,2025|1511|2500|3|0|10|1,,2025,,1511,2500,3,0,10,1,
2025|1511|4|0|10|1,2025|1511|2500|4|0|10|1,,2025,,1511,2500,4,0,10,1,
2025|1511|1|0|57|2,2025|1511|2417|1|0|57|2,,2025,,1511,2417,1,0,57,2,
2025|1511|1|0|11|1,2025|1511|2417|1|0|11|1,,2025,,1511,2417,1,0,11,1,
2025|1511|1|0|10|1,2025|1511|2417|1|0|10|1,,2025,,1511,2417,1,0,10,1,
2025|1511|3|0|10|7,2025|1511|2417|3|0|10|7,,2025,,1511,2417,3,0,10,7,
2025|1511|3|0|9|1,2025|1511|0|3|0|9|1,,2025,,1511,0,3,0,9,1,
2025|1511|4|0|74|1,2025|1511|0|4|0|74|1,,2025,,1511,0,4,0,74,1,
2025|1511|4|0|1|1,2025|1511|0|4|0|1|1,,2025,,1511,0,4,0,1,1,
2025|1511|4|0|70|1,2025|1511|0|4|0|70|1,,2025,,1511,0,4,0,70,1,
2025|1511|4|0|98|1,2025|1511|0|4|0|98|1,,2025,,1511,0,4,0,98,1,
2025|1511|4|0|2|1,2025|1511|0|4|0|2|1,,2025,,1511,0,4,0,2,1,
2025|1511|4|0|24|1,2025|1511|0|4|0|24|1,,2025,,1511,0,4,0,24,1,
2025|1521|3|0|10|1,2025|1521|4306|3|0|10|1,,2025,,1521,4306,3,0,10,1,
2025|1521|3|0|10|1,2025|1521|4305|3|0|10|1,,2025,,1521,4305,3,0,10,1,
2025|1521|3|0|10|1,2025|1521|4304|3|0|10|1,,2025,,1521,4304,3,0,10,1,
2025|1521|4|0|9|1,2025|1521|4304|4|0|9|1,,2025,,1521,4304,4,0,9,1,
2025|1521|4|0|95|1,2025|1521|4304|4|0|95|1,,2025,,1521,4304,4,0,95,1,
2025|1521|4|0|10|1,2025|1521|4304|4|0|10|1,,2025,,1521,4304,4,0,10,1,
2025|1521|3|0|10|1,2025|1521|4308|3|0|10|1,,2025,,1521,4308,3,0,10,1,
2025|1521|3|0|10|1,2025|1521|4309|3|0|10|1,,2025,,1521,4309,3,0,10,1,
2025|1521|3|0|95|1,2025|1521|4309|3|0|95|1,,2025,,1521,4309,3,0,95,1,
2025|1521|3|0|9|1,2025|1521|4309|3|0|9|1,,2025,,1521,4309,3,0,9,1,
2025|1521|3|0|10|1,2025|1521|4307|3|0|10|1,,2025,,1521,4307,3,0,10,1,
2025|1521|3|0|10|1,2025|1521|4310|3|0|10|1,,2025,,1521,4310,3,0,10,1,
2025|1521|3|0|9|1,2025|1521|4303|3|0|9|1,,2025,,1521,4303,3,0,9,1,
2025|1521|3|0|10|1,2025|1521|4303|3|0|10|1,,2025,,1521,4303,3,0,10,1,
2025|1521|3|0|10|1,2025|1521|4311|3|0|10|1,,2025,,1521,4311,3,0,10,1,
2025|1521|3|0|9|1,2025|1521|4312|3|0|9|1,,2025,,1521,4312,3,0,9,1,
2025|1521|3|0|10|1,2025|1521|4312|3|0|10|1,,2025,,1521,4312,3,0,10,1,
2025|1521|3|0|59|1,2025|1521|4312|3|0|59|1,,2025,,1521,4312,3,0,59,1,
2025|1521|3|0|95|1,2025|1521|4314|3|0|95|1,,2025,,1521,4314,3,0,95,1,
2025|1521|3|0|9|1,2025|1521|4314|3|0|9|1,,2025,,1521,4314,3,0,9,1,
2025|1521|3|0|10|1,2025|1521|4314|3|0|10|1,,2025,,1521,4314,3,0,10,1,
2025|1521|3|0|10|1,2025|1521|4313|3|0|10|1,,2025,,1521,4313,3,0,10,1,
2025|1521|3|0|9|1,2025|1521|2500|3|0|9|1,,2025,,1521,2500,3,0,9,1,
2025|1521|3|0|10|1,2025|1521|2500|3|0|10|1,,2025,,1521,2500,3,0,10,1,
2025|1521|4|0|95|1,2025|1521|2500|4|0|95|1,,2025,,1521,2500,4,0,95,1,
2025|1521|4|0|10|1,2025|1521|2500|4|0|10|1,,2025,,1521,2500,4,0,10,1,
2025|1521|1|0|10|1,2025|1521|2417|1|0|10|1,,2025,,1521,2417,1,0,10,1,
2025|1521|3|0|10|1,2025|1521|2417|3|0|10|1,,2025,,1521,2417,3,0,10,1,
2025|1521|3|0|10|7,2025|1521|2417|3|0|10|7,,2025,,1521,2417,3,0,10,7,
2025|1521|3|0|9|1,2025|1521|0|3|0|9|1,,2025,,1521,0,3,0,9,1,
2025|1541|3|0|10|1,2025|1541|4050|3|0|10|1,,2025,,1541,4050,3,0,10,1,
2025|1541|3|0|10|1,2025|1541|4049|3|0|10|1,,2025,,1541,4049,3,0,10,1,
2025|1541|4|0|10|1,2025|1541|4049|4|0|10|1,,2025,,1541,4049,4,0,10,1,
2025|1541|3|0|10|1,2025|1541|2500|3|0|10|1,,2025,,1541,2500,3,0,10,1,
2025|1541|4|0|10|1,2025|1541|2500|4|0|10|1,,2025,,1541,2500,4,0,10,1,
2025|1541|1|0|10|1,2025|1541|2417|1|0|10|1,,2025,,1541,2417,1,0,10,1,
2025|1541|3|0|10|7,2025|1541|2417|3|0|10|7,,2025,,1541,2417,3,0,10,7,
2025|1631|3|0|10|1,2025|1631|4007|3|0|10|1,,2025,,1631,4007,3,0,10,1,
2025|1631|3|0|10|1,2025|1631|2500|3|0|10|1,,2025,,1631,2500,3,0,10,1,
2025|1631|4|0|10|1,2025|1631|2500|4|0|10|1,,2025,,1631,2500,4,0,10,1,
2025|1631|1|0|10|1,2025|1631|2417|1|0|10|1,,2025,,1631,2417,1,0,10,1,
2025|1631|3|0|10|7,2025|1631|2417|3|0|10|7,,2025,,1631,2417,3,0,10,7,
2025|1711|3|0|10|1,2025|1711|2003|3|0|10|1,,2025,,1711,2003,3,0,10,1,
2025|1711|4|0|10|1,2025|1711|2003|4|0|10|1,,2025,,1711,2003,4,0,10,1,
2025|1711|3|0|69|1,2025|1711|2002|3|0|69|1,,2025,,1711,2002,3,0,69,1,
2025|1711|3|0|10|1,2025|1711|2002|3|0|10|1,,2025,,1711,2002,3,0,10,1,
2025|1711|4|0|10|1,2025|1711|2002|4|0|10|1,,2025,,1711,2002,4,0,10,1,
2025|1711|3|0|10|1,2025|1711|2001|3|0|10|1,,2025,,1711,2001,3,0,10,1,
2025|1711|3|0|95|1,2025|1711|2001|3|0|95|1,,2025,,1711,2001,3,0,95,1,
2025|1711|3|0|10|1,2025|1711|2500|3|0|10|1,,2025,,1711,2500,3,0,10,1,
2025|1711|4|0|10|1,2025|1711|2500|4|0|10|1,,2025,,1711,2500,4,0,10,1,
2025|1711|1|0|10|1,2025|1711|2417|1|0|10|1,,2025,,1711,2417,1,0,10,1,
2025|1711|3|0|10|7,2025|1711|2417|3|0|10|7,,2025,,1711,2417,3,0,10,7,
2025|1711|3|0|69|1,2025|1711|0|3|0|69|1,,2025,,1711,0,3,0,69,1,
2025|1721|3|0|10|1,2025|1721|4111|3|0|10|1,,2025,,1721,4111,3,0,10,1,
2025|1721|3|0|10|1,2025|1721|2010|3|0|10|1,,2025,,1721,2010,3,0,10,1,
2025|1721|3|0|10|1,2025|1721|4100|3|0|10|1,,2025,,1721,4100,3,0,10,1,
2025|1721|3|0|10|1,2025|1721|2066|3|0|10|1,,2025,,1721,2066,3,0,10,1,
2025|1721|3|0|10|1,2025|1721|2062|3|0|10|1,,2025,,1721,2062,3,0,10,1,
2025|1721|3|0|10|1,2025|1721|2070|3|0|10|1,,2025,,1721,2070,3,0,10,1,
2025|1721|4|0|10|1,2025|1721|2070|4|0|10|1,,2025,,1721,2070,4,0,10,1,
2025|1721|3|0|10|1,2025|1721|2500|3|0|10|1,,2025,,1721,2500,3,0,10,1,
2025|1721|1|0|10|1,2025|1721|2417|1|0|10|1,,2025,,1721,2417,1,0,10,1,
2025|1721|3|0|10|7,2025|1721|2417|3|0|10|7,,2025,,1721,2417,3,0,10,7,
2025|1911|3|0|71|1,2025|1911|2049|3|0|71|1,,2025,,1911,2049,3,0,71,1,
2025|1911|3|0|25|1,2025|1911|2049|3|0|25|1,,2025,,1911,2049,3,0,25,1,
2025|1911|3|0|10|1,2025|1911|2049|3|0|10|1,,2025,,1911,2049,3,0,10,1,
2025|1911|5|0|10|1,2025|1911|2049|5|0|10|1,,2025,,1911,2049,5,0,10,1,
2025|1911|3|0|10|1,2025|1911|7663|3|0|10|1,,2025,,1911,7663,3,0,10,1,
2025|1911|3|0|51|1,2025|1911|7663|3|0|51|1,,2025,,1911,7663,3,0,51,1,
2025|1915|5|0|10|1,2025|1915|7723|5|0|10|1,,2025,,1915,7723,5,0,10,1,
2025|1915|5|0|10|1,2025|1915|7541|5|0|10|1,,2025,,1915,7541,5,0,10,1,
2025|1915|5|0|10|1,2025|1915|7054|5|0|10|1,,2025,,1915,7054,5,0,10,1,
2025|1915|5|0|10|1,2025|1915|7758|5|0|10|1,,2025,,1915,7758,5,0,10,1,
2025|1915|5|0|10|1,2025|1915|7707|5|0|10|1,,2025,,1915,7707,5,0,10,1,
2025|1915|5|0|10|1,2025|1915|7700|5|0|10|1,,2025,,1915,7700,5,0,10,1,
2025|1915|5|0|10|1,2025|1915|7737|5|0|10|1,,2025,,1915,7737,5,0,10,1,
2025|1915|5|0|10|1,2025|1915|7759|5|0|10|1,,2025,,1915,7759,5,0,10,1,
2025|1915|5|0|10|1,2025|1915|7734|5|0|10|1,,2025,,1915,7734,5,0,10,1,
2025|1915|5|0|61|2,2025|1915|7752|5|0|61|2,,2025,,1915,7752,5,0,61,2,
2025|1915|5|0|80|1,2025|1915|7752|5|0|80|1,,2025,,1915,7752,5,0,80,1,
2025|1916|5|0|10|1,2025|1916|7013|5|0|10|1,,2025,,1916,7013,5,0,10,1,
2025|1916|2|0|10|1,2025|1916|7658|2|0|10|1,,2025,,1916,7658,2,0,10,1,
2025|1916|6|0|10|1,2025|1916|7658|6|0|10|1,,2025,,1916,7658,6,0,10,1,
2025|1916|2|0|10|1,2025|1916|7043|2|0|10|1,,2025,,1916,7043,2,0,10,1,
2025|1916|6|0|10|1,2025|1916|7043|6|0|10|1,,2025,,1916,7043,6,0,10,1,
2025|1916|2|0|10|1,2025|1916|7030|2|0|10|1,,2025,,1916,7030,2,0,10,1,
2025|1916|6|0|10|1,2025|1916|7030|6|0|10|1,,2025,,1916,7030,6,0,10,1,
2025|1916|2|0|10|1,2025|1916|7896|2|0|10|1,,2025,,1916,7896,2,0,10,1,
2025|1916|6|0|10|1,2025|1916|7896|6|0|10|1,,2025,,1916,7896,6,0,10,1,
2025|1916|6|0|10|1,2025|1916|7003|6|0|10|1,,2025,,1916,7003,6,0,10,1,
2025|1916|2|0|11|1,2025|1916|7886|2|0|11|1,,2025,,1916,7886,2,0,11,1,
2025|1916|2|0|19|1,2025|1916|7886|2|0|19|1,,2025,,1916,7886,2,0,19,1,
2025|1916|2|0|10|1,2025|1916|7886|2|0|10|1,,2025,,1916,7886,2,0,10,1,
2025|1916|6|0|10|1,2025|1916|7886|6|0|10|1,,2025,,1916,7886,6,0,10,1,
2025|1941|3|0|10|1,2025|1941|4489|3|0|10|1,,2025,,1941,4489,3,0,10,1,
2025|1941|3|0|94|1,2025|1941|4488|3|0|94|1,,2025,,1941,4488,3,0,94,1,
2025|1941|3|0|52|2,2025|1941|4488|3|0|52|2,,2025,,1941,4488,3,0,52,2,
2025|1941|3|0|91|2,2025|1941|4488|3|0|91|2,,2025,,1941,4488,3,0,91,2,
2025|1941|3|0|60|2,2025|1941|4488|3|0|60|2,,2025,,1941,4488,3,0,60,2,
2025|1941|3|0|10|1,2025|1941|4488|3|0|10|1,,2025,,1941,4488,3,0,10,1,
2025|1941|1|0|10|1,2025|1941|7024|1|0|10|1,,2025,,1941,7024,1,0,10,1,
2025|1941|1|0|10|1,2025|1941|7441|1|0|10|1,,2025,,1941,7441,1,0,10,1,
2025|1951|3|0|10|3,2025|1951|2132|3|0|10|3,,2025,,1951,2132,3,0,10,3,
2025|1951|3|0|71|3,2025|1951|2132|3|0|71|3,,2025,,1951,2132,3,0,71,3,
2025|1951|4|0|10|3,2025|1951|2132|4|0|10|3,,2025,,1951,2132,4,0,10,3,
2025|1951|3|0|97|1,2025|1951|2131|3|0|97|1,,2025,,1951,2131,3,0,97,1,
2025|1951|3|0|98|1,2025|1951|2131|3|0|98|1,,2025,,1951,2131,3,0,98,1,
2025|1991|3|0|15|8,2025|1991|9999|3|0|15|8,,2025,,1991,9999,3,0,15,8,
2025|1991|9|0|10|1,2025|1991|9999|9|0|10|1,,2025,,1991,9999,9,0,10,1,
2025|2011|3|0|50|1,2025|2011|4068|3|0|50|1,,2025,,2011,4068,3,0,50,1,
2025|2011|3|0|50|1,2025|2011|2012|3|0|50|1,,2025,,2011,2012,3,0,50,1,
2025|2011|4|0|50|1,2025|2011|2012|4|0|50|1,,2025,,2011,2012,4,0,50,1,
2025|2011|3|0|50|1,2025|2011|4410|3|0|50|1,,2025,,2011,4410,3,0,50,1,
2025|2011|3|0|50|1,2025|2011|4074|3|0|50|1,,2025,,2011,4074,3,0,50,1,
2025|2011|3|0|49|1,2025|2011|4074|3|0|49|1,,2025,,2011,4074,3,0,49,1,
2025|2011|3|0|60|1,2025|2011|4073|3|0|60|1,,2025,,2011,4073,3,0,60,1,
2025|2011|3|0|10|1,2025|2011|4073|3|0|10|1,,2025,,2011,4073,3,0,10,1,
2025|2011|3|0|49|1,2025|2011|4073|3|0|49|1,,2025,,2011,4073,3,0,49,1,
2025|2011|3|0|50|1,2025|2011|4073|3|0|50|1,,2025,,2011,4073,3,0,50,1,
2025|2011|3|0|50|1,2025|2011|4230|3|0|50|1,,2025,,2011,4230,3,0,50,1,
2025|2011|4|0|50|1,2025|2011|4230|4|0|50|1,,2025,,2011,4230,4,0,50,1,
2025|2011|3|0|50|1,2025|2011|4229|3|0|50|1,,2025,,2011,4229,3,0,50,1,
2025|2011|4|0|50|1,2025|2011|4229|4|0|50|1,,2025,,2011,4229,4,0,50,1,
2025|2011|3|0|50|1,2025|2011|4231|3|0|50|1,,2025,,2011,4231,3,0,50,1,
2025|2011|4|0|50|1,2025|2011|4231|4|0|50|1,,2025,,2011,4231,4,0,50,1,
2025|2011|3|0|60|1,2025|2011|4409|3|0|60|1,,2025,,2011,4409,3,0,60,1,
2025|2011|3|0|60|1,2025|2011|2014|3|0|60|1,,2025,,2011,2014,3,0,60,1,
2025|2011|3|0|10|1,2025|2011|2014|3|0|10|1,,2025,,2011,2014,3,0,10,1,
2025|2011|4|0|10|1,2025|2011|2014|4|0|10|1,,2025,,2011,2014,4,0,10,1,
2025|2011|3|0|50|1,2025|2011|2039|3|0|50|1,,2025,,2011,2039,3,0,50,1,
2025|2011|4|0|50|1,2025|2011|2039|4|0|50|1,,2025,,2011,2039,4,0,50,1,
2025|2011|1|0|60|9,2025|2011|7004|1|0|60|9,,2025,,2011,7004,1,0,60,9,
2025|2011|1|0|10|9,2025|2011|7004|1|0|10|9,,2025,,2011,7004,1,0,10,9,
2025|2011|3|0|60|9,2025|2011|7004|3|0|60|9,,2025,,2011,7004,3,0,60,9,
2025|2011|3|0|10|9,2025|2011|7004|3|0|10|9,,2025,,2011,7004,3,0,10,9,
2025|2011|3|0|60|1,2025|2011|2500|3|0|60|1,,2025,,2011,2500,3,0,60,1,
2025|2011|3|0|50|1,2025|2011|2500|3|0|50|1,,2025,,2011,2500,3,0,50,1,
2025|2011|4|0|50|1,2025|2011|2500|4|0|50|1,,2025,,2011,2500,4,0,50,1,
2025|2011|4|0|47|1,2025|2011|2500|4|0|47|1,,2025,,2011,2500,4,0,47,1,
2025|2011|1|0|49|1,2025|2011|2417|1|0|49|1,,2025,,2011,2417,1,0,49,1,
2025|2011|1|0|57|2,2025|2011|2417|1|0|57|2,,2025,,2011,2417,1,0,57,2,
2025|2011|3|0|49|7,2025|2011|2417|3|0|49|7,,2025,,2011,2417,3,0,49,7,
2025|2011|3|0|49|1,2025|2011|2417|3|0|49|1,,2025,,2011,2417,3,0,49,1,
2025|2041|3|0|60|1,2025|2041|4340|3|0|60|1,,2025,,2041,4340,3,0,60,1,
2025|2041|3|0|60|9,2025|2041|7004|3|0|60|9,,2025,,2041,7004,3,0,60,9,
2025|2041|3|0|60|1,2025|2041|2500|3|0|60|1,,2025,,2041,2500,3,0,60,1,
2025|2041|4|0|60|1,2025|2041|2500|4|0|60|1,,2025,,2041,2500,4,0,60,1,
2025|2041|1|0|60|1,2025|2041|2417|1|0|60|1,,2025,,2041,2417,1,0,60,1,
2025|2041|3|0|60|7,2025|2041|2417|3|0|60|7,,2025,,2041,2417,3,0,60,7,
2025|2061|3|0|10|1,2025|2061|4242|3|0|10|1,,2025,,2061,4242,3,0,10,1,
2025|2061|3|0|60|1,2025|2061|4242|3|0|60|1,,2025,,2061,4242,3,0,60,1,
2025|2061|3|0|10|1,2025|2061|4247|3|0|10|1,,2025,,2061,4247,3,0,10,1,
2025|2061|3|0|60|1,2025|2061|4247|3|0|60|1,,2025,,2061,4247,3,0,60,1,
2025|2061|3|0|10|1,2025|2061|4244|3|0|10|1,,2025,,2061,4244,3,0,10,1,
2025|2061|3|0|60|1,2025|2061|4244|3|0|60|1,,2025,,2061,4244,3,0,60,1,
2025|2061|4|0|10|1,2025|2061|4244|4|0|10|1,,2025,,2061,4244,4,0,10,1,
2025|2061|3|0|60|1,2025|2061|4240|3|0|60|1,,2025,,2061,4240,3,0,60,1,
2025|2061|3|0|10|1,2025|2061|4240|3|0|10|1,,2025,,2061,4240,3,0,10,1,
2025|2061|1|0|10|1,2025|2061|4246|1|0|10|1,,2025,,2061,4246,1,0,10,1,
2025|2061|3|0|10|1,2025|2061|4246|3|0|10|1,,2025,,2061,4246,3,0,10,1,
2025|2061|3|0|10|7,2025|2061|4246|3|0|10|7,,2025,,2061,4246,3,0,10,7,
2025|2061|1|0|10|1,2025|2061|4245|1|0|10|1,,2025,,2061,4245,1,0,10,1,
2025|2061|3|0|10|1,2025|2061|4245|3|0|10|1,,2025,,2061,4245,3,0,10,1,
2025|2061|3|0|10|7,2025|2061|4245|3|0|10|7,,2025,,2061,4245,3,0,10,7,
2025|2061|4|0|10|1,2025|2061|4245|4|0|10|1,,2025,,2061,4245,4,0,10,1,
2025|2061|1|0|10|1,2025|2061|4243|1|0|10|1,,2025,,2061,4243,1,0,10,1,
2025|2061|3|0|60|1,2025|2061|4243|3|0|60|1,,2025,,2061,4243,3,0,60,1,
2025|2061|3|0|10|7,2025|2061|4243|3|0|10|7,,2025,,2061,4243,3,0,10,7,
2025|2061|3|0|10|1,2025|2061|4243|3|0|10|1,,2025,,2061,4243,3,0,10,1,
2025|2061|4|0|10|1,2025|2061|4243|4|0|10|1,,2025,,2061,4243,4,0,10,1,
2025|2061|3|0|10|1,2025|2061|4248|3|0|10|1,,2025,,2061,4248,3,0,10,1,
2025|2061|3|0|60|1,2025|2061|4248|3|0|60|1,,2025,,2061,4248,3,0,60,1,
2025|2061|3|0|10|1,2025|2061|4250|3|0|10|1,,2025,,2061,4250,3,0,10,1,
2025|2061|3|0|60|1,2025|2061|4250|3|0|60|1,,2025,,2061,4250,3,0,60,1,
2025|2061|3|0|10|1,2025|2061|4251|3|0|10|1,,2025,,2061,4251,3,0,10,1,
2025|2061|3|0|60|1,2025|2061|4251|3|0|60|1,,2025,,2061,4251,3,0,60,1,
2025|2061|3|0|10|1,2025|2061|4249|3|0|10|1,,2025,,2061,4249,3,0,10,1,
2025|2061|3|0|60|1,2025|2061|4249|3|0|60|1,,2025,,2061,4249,3,0,60,1,
2025|2061|3|0|10|1,2025|2061|4257|3|0|10|1,,2025,,2061,4257,3,0,10,1,
2025|2061|3|0|60|1,2025|2061|4257|3|0|60|1,,2025,,2061,4257,3,0,60,1,
2025|2061|3|0|10|1,2025|2061|4254|3|0|10|1,,2025,,2061,4254,3,0,10,1,
2025|2061|3|0|60|1,2025|2061|4254|3|0|60|1,,2025,,2061,4254,3,0,60,1,
2025|2061|3|0|10|1,2025|2061|4255|3|0|10|1,,2025,,2061,4255,3,0,10,1,
2025|2061|3|0|10|3,2025|2061|4255|3|0|10|3,,2025,,2061,4255,3,0,10,3,
2025|2061|3|0|60|1,2025|2061|4255|3|0|60|1,,2025,,2061,4255,3,0,60,1,
2025|2061|3|0|24|1,2025|2061|4255|3|0|24|1,,2025,,2061,4255,3,0,24,1,
2025|2061|4|0|24|1,2025|2061|4255|4|0|24|1,,2025,,2061,4255,4,0,24,1,
2025|2061|1|0|10|9,2025|2061|7004|1|0|10|9,,2025,,2061,7004,1,0,10,9,
2025|2061|3|0|10|9,2025|2061|7004|3|0|10|9,,2025,,2061,7004,3,0,10,9,
2025|2061|3|0|60|1,2025|2061|2500|3|0|60|1,,2025,,2061,2500,3,0,60,1,
2025|2061|3|0|47|1,2025|2061|2500|3|0|47|1,,2025,,2061,2500,3,0,47,1,
2025|2061|3|0|10|1,2025|2061|2500|3|0|10|1,,2025,,2061,2500,3,0,10,1,
2025|2061|4|0|10|1,2025|2061|2500|4|0|10|1,,2025,,2061,2500,4,0,10,1,
2025|2061|1|0|10|1,2025|2061|2417|1|0|10|1,,2025,,2061,2417,1,0,10,1,
2025|2061|3|0|10|1,2025|2061|2417|3|0|10|1,,2025,,2061,2417,3,0,10,1,
2025|2061|3|0|60|1,2025|2061|2417|3|0|60|1,,2025,,2061,2417,3,0,60,1,
2025|2061|3|0|10|7,2025|2061|2417|3|0|10|7,,2025,,2061,2417,3,0,10,7,
2025|2071|3|0|10|1,2025|2071|4362|3|0|10|1,,2025,,2071,4362,3,0,10,1,
2025|2071|3|0|10|1,2025|2071|4389|3|0|10|1,,2025,,2071,4389,3,0,10,1,
2025|2071|4|0|10|1,2025|2071|4389|4|0|10|1,,2025,,2071,4389,4,0,10,1,
2025|2071|3|0|10|3,2025|2071|4387|3|0|10|3,,2025,,2071,4387,3,0,10,3,
2025|2071|3|0|68|1,2025|2071|4387|3|0|68|1,,2025,,2071,4387,3,0,68,1,
2025|2071|3|0|24|1,2025|2071|4387|3|0|24|1,,2025,,2071,4387,3,0,24,1,
2025|2071|3|0|10|1,2025|2071|4387|3|0|10|1,,2025,,2071,4387,3,0,10,1,
2025|2071|4|0|68|1,2025|2071|4387|4|0|68|1,,2025,,2071,4387,4,0,68,1,
2025|2071|4|0|10|1,2025|2071|4387|4|0|10|1,,2025,,2071,4387,4,0,10,1,
2025|2071|5|0|10|1,2025|2071|4387|5|0|10|1,,2025,,2071,4387,5,0,10,1,
2025|2071|3|0|10|1,2025|2071|4048|3|0|10|1,,2025,,2071,4048,3,0,10,1,
2025|2071|3|0|10|8,2025|2071|4513|3|0|10|8,,2025,,2071,4513,3,0,10,8,
2025|2071|3|0|10|3,2025|2071|4513|3|0|10|3,,2025,,2071,4513,3,0,10,3,
2025|2071|3|0|69|1,2025|2071|4513|3|0|69|1,,2025,,2071,4513,3,0,69,1,
2025|2071|3|0|68|1,2025|2071|4513|3|0|68|1,,2025,,2071,4513,3,0,68,1,
2025|2071|3|0|10|1,2025|2071|4513|3|0|10|1,,2025,,2071,4513,3,0,10,1,
2025|2071|3|0|24|1,2025|2071|4513|3|0|24|1,,2025,,2071,4513,3,0,24,1,
2025|2071|4|0|10|3,2025|2071|4513|4|0|10|3,,2025,,2071,4513,4,0,10,3,
2025|2071|4|0|68|1,2025|2071|4513|4|0|68|1,,2025,,2071,4513,4,0,68,1,
2025|2071|4|0|10|1,2025|2071|4513|4|0|10|1,,2025,,2071,4513,4,0,10,1,
2025|2071|4|0|24|1,2025|2071|4513|4|0|24|1,,2025,,2071,4513,4,0,24,1,
2025|2071|3|1|10|1,2025|2071|1069|3|1|10|1,,2025,,2071,1069,3,1,10,1,
2025|2071|4|1|10|1,2025|2071|1069|4|1|10|1,,2025,,2071,1069,4,1,10,1,
2025|2071|3|1|10|1,2025|2071|1068|3|1|10|1,,2025,,2071,1068,3,1,10,1,
2025|2071|4|1|10|1,2025|2071|1068|4|1|10|1,,2025,,2071,1068,4,1,10,1,
2025|2071|3|1|10|1,2025|2071|1088|3|1|10|1,,2025,,2071,1088,3,1,10,1,
2025|2071|4|1|10|1,2025|2071|1088|4|1|10|1,,2025,,2071,1088,4,1,10,1,
2025|2071|3|1|10|1,2025|2071|1087|3|1|10|1,,2025,,2071,1087,3,1,10,1,
2025|2071|4|1|10|1,2025|2071|1087|4|1|10|1,,2025,,2071,1087,4,1,10,1,
2025|2071|1|0|60|9,2025|2071|7004|1|0|60|9,,2025,,2071,7004,1,0,60,9,
2025|2071|3|0|60|9,2025|2071|7004|3|0|60|9,,2025,,2071,7004,3,0,60,9,
2025|2071|3|0|10|1,2025|2071|2500|3|0|10|1,,2025,,2071,2500,3,0,10,1,
2025|2071|4|0|10|1,2025|2071|2500|4|0|10|1,,2025,,2071,2500,4,0,10,1,
2025|2071|4|0|47|1,2025|2071|2500|4|0|47|1,,2025,,2071,2500,4,0,47,1,
2025|2071|1|0|10|1,2025|2071|2417|1|0|10|1,,2025,,2071,2417,1,0,10,1,
2025|2071|3|0|10|7,2025|2071|2417|3|0|10|7,,2025,,2071,2417,3,0,10,7,
2025|2071|3|0|69|1,2025|2071|0|3|0|69|1,,2025,,2071,0,3,0,69,1,
2025|2071|3|0|68|1,2025|2071|0|3|0|68|1,,2025,,2071,0,3,0,68,1,
2025|2071|3|0|10|1,2025|2071|0|3|0|10|1,,2025,,2071,0,3,0,10,1,
2025|2071|4|0|10|1,2025|2071|0|4|0|10|1,,2025,,2071,0,4,0,10,1,
2025|2091|3|0|10|8,2025|2091|4070|3|0|10|8,,2025,,2091,4070,3,0,10,8,
2025|2091|3|0|72|1,2025|2091|4070|3|0|72|1,,2025,,2091,4070,3,0,72,1,
2025|2091|3|0|45|1,2025|2091|4070|3|0|45|1,,2025,,2091,4070,3,0,45,1,
2025|2091|3|0|9|1,2025|2091|4070|3|0|9|1,,2025,,2091,4070,3,0,9,1,
2025|2091|4|0|72|1,2025|2091|4070|4|0|72|1,,2025,,2091,4070,4,0,72,1,
2025|2091|3|0|72|1,2025|2091|4069|3|0|72|1,,2025,,2091,4069,3,0,72,1,
2025|2091|3|0|10|8,2025|2091|4072|3|0|10|8,,2025,,2091,4072,3,0,10,8,
2025|2091|3|0|72|1,2025|2091|4072|3|0|72|1,,2025,,2091,4072,3,0,72,1,
2025|2091|3|0|10|8,2025|2091|4071|3|0|10|8,,2025,,2091,4071,3,0,10,8,
2025|2091|3|0|72|1,2025|2091|4071|3|0|72|1,,2025,,2091,4071,3,0,72,1,
2025|2091|1|0|60|9,2025|2091|7004|1|0|60|9,,2025,,2091,7004,1,0,60,9,
2025|2091|3|0|60|9,2025|2091|7004|3|0|60|9,,2025,,2091,7004,3,0,60,9,
2025|2091|3|0|72|1,2025|2091|2500|3|0|72|1,,2025,,2091,2500,3,0,72,1,
2025|2091|3|0|52|1,2025|2091|2500|3|0|52|1,,2025,,2091,2500,3,0,52,1,
2025|2091|3|0|9|1,2025|2091|2500|3|0|9|1,,2025,,2091,2500,3,0,9,1,
2025|2091|4|0|72|1,2025|2091|2500|4|0|72|1,,2025,,2091,2500,4,0,72,1,
2025|2091|4|0|60|1,2025|2091|2500|4|0|60|1,,2025,,2091,2500,4,0,60,1,
2025|2091|1|0|72|1,2025|2091|2417|1|0|72|1,,2025,,2091,2417,1,0,72,1,
2025|2091|1|0|52|1,2025|2091|2417|1|0|52|1,,2025,,2091,2417,1,0,52,1,
2025|2091|1|0|60|1,2025|2091|2417|1|0|60|1,,2025,,2091,2417,1,0,60,1,
2025|2091|3|0|72|7,2025|2091|2417|3|0|72|7,,2025,,2091,2417,3,0,72,7,
2025|2091|3|0|9|1,2025|2091|0|3|0|9|1,,2025,,2091,0,3,0,9,1,
2025|2101|3|0|72|1,2025|2101|4057|3|0|72|1,,2025,,2101,4057,3,0,72,1,
2025|2101|3|0|10|8,2025|2101|4500|3|0|10|8,,2025,,2101,4500,3,0,10,8,
2025|2101|3|0|95|1,2025|2101|4500|3|0|95|1,,2025,,2101,4500,3,0,95,1,
2025|2101|5|0|61|1,2025|2101|4500|5|0|61|1,,2025,,2101,4500,5,0,61,1,
2025|2101|3|0|10|8,2025|2101|4054|3|0|10|8,,2025,,2101,4054,3,0,10,8,
2025|2101|3|0|72|1,2025|2101|4054|3|0|72|1,,2025,,2101,4054,3,0,72,1,
2025|2101|4|0|10|8,2025|2101|4054|4|0|10|8,,2025,,2101,4054,4,0,10,8,
2025|2101|4|0|72|1,2025|2101|4054|4|0|72|1,,2025,,2101,4054,4,0,72,1,
2025|2101|3|0|10|8,2025|2101|4058|3|0|10|8,,2025,,2101,4058,3,0,10,8,
2025|2101|3|0|72|3,2025|2101|4058|3|0|72|3,,2025,,2101,4058,3,0,72,3,
2025|2101|3|0|72|1,2025|2101|4058|3|0|72|1,,2025,,2101,4058,3,0,72,1,
2025|2101|3|0|24|1,2025|2101|4058|3|0|24|1,,2025,,2101,4058,3,0,24,1,
2025|2101|4|0|95|1,2025|2101|4058|4|0|95|1,,2025,,2101,4058,4,0,95,1,
2025|2101|4|0|72|1,2025|2101|4058|4|0|72|1,,2025,,2101,4058,4,0,72,1,
2025|2101|3|0|72|1,2025|2101|4055|3|0|72|1,,2025,,2101,4055,3,0,72,1,
2025|2101|3|0|10|8,2025|2101|4056|3|0|10|8,,2025,,2101,4056,3,0,10,8,
2025|2101|3|0|61|1,2025|2101|4056|3|0|61|1,,2025,,2101,4056,3,0,61,1,
2025|2101|3|0|9|1,2025|2101|4056|3|0|9|1,,2025,,2101,4056,3,0,9,1,
2025|2101|4|0|61|1,2025|2101|4056|4|0|61|1,,2025,,2101,4056,4,0,61,1,
2025|2101|3|0|91|1,2025|2101|4059|3|0|91|1,,2025,,2101,4059,3,0,91,1,
2025|2101|3|0|10|8,2025|2101|4059|3|0|10|8,,2025,,2101,4059,3,0,10,8,
2025|2101|3|0|72|1,2025|2101|4059|3|0|72|1,,2025,,2101,4059,3,0,72,1,
2025|2101|3|0|61|1,2025|2101|4059|3|0|61|1,,2025,,2101,4059,3,0,61,1,
2025|2101|3|0|95|1,2025|2101|4059|3|0|95|1,,2025,,2101,4059,3,0,95,1,
2025|2101|3|0|80|1,2025|2101|4059|3|0|80|1,,2025,,2101,4059,3,0,80,1,
2025|2101|4|0|10|8,2025|2101|4059|4|0|10|8,,2025,,2101,4059,4,0,10,8,
2025|2101|4|0|72|3,2025|2101|4059|4|0|72|3,,2025,,2101,4059,4,0,72,3,
2025|2101|4|0|24|1,2025|2101|4059|4|0|24|1,,2025,,2101,4059,4,0,24,1,
2025|2101|4|0|61|1,2025|2101|4059|4|0|61|1,,2025,,2101,4059,4,0,61,1,
2025|2101|3|0|72|1,2025|2101|4091|3|0|72|1,,2025,,2101,4091,3,0,72,1,
2025|2101|1|0|60|9,2025|2101|7004|1|0|60|9,,2025,,2101,7004,1,0,60,9,
2025|2101|3|0|60|9,2025|2101|7004|3|0|60|9,,2025,,2101,7004,3,0,60,9,
2025|2101|3|0|9|1,2025|2101|2500|3|0|9|1,,2025,,2101,2500,3,0,9,1,
2025|2101|3|0|68|1,2025|2101|2500|3|0|68|1,,2025,,2101,2500,3,0,68,1,
2025|2101|3|0|74|1,2025|2101|2500|3|0|74|1,,2025,,2101,2500,3,0,74,1,
2025|2101|3|0|72|1,2025|2101|2500|3|0|72|1,,2025,,2101,2500,3,0,72,1,
2025|2101|3|0|69|1,2025|2101|2500|3|0|69|1,,2025,,2101,2500,3,0,69,1,
2025|2101|4|0|72|1,2025|2101|2500|4|0|72|1,,2025,,2101,2500,4,0,72,1,
2025|2101|4|0|9|1,2025|2101|2500|4|0|9|1,,2025,,2101,2500,4,0,9,1,
2025|2101|1|0|26|1,2025|2101|2417|1|0|26|1,,2025,,2101,2417,1,0,26,1,
2025|2101|1|0|72|1,2025|2101|2417|1|0|72|1,,2025,,2101,2417,1,0,72,1,
2025|2101|1|0|91|1,2025|2101|2417|1|0|91|1,,2025,,2101,2417,1,0,91,1,
2025|2101|3|0|26|1,2025|2101|2417|3|0|26|1,,2025,,2101,2417,3,0,26,1,
2025|2101|3|0|72|7,2025|2101|2417|3|0|72|7,,2025,,2101,2417,3,0,72,7,
2025|2101|3|0|68|1,2025|2101|0|3|0|68|1,,2025,,2101,0,3,0,68,1,
2025|2101|4|0|9|1,2025|2101|0|4|0|9|1,,2025,,2101,0,4,0,9,1,
2025|2121|3|0|49|1,2025|2121|4009|3|0|49|1,,2025,,2121,4009,3,0,49,1,
2025|2121|3|0|60|1,2025|2121|4009|3|0|60|1,,2025,,2121,4009,3,0,60,1,
2025|2121|3|0|50|1,2025|2121|4009|3|0|50|1,,2025,,2121,4009,3,0,50,1,
2025|2121|3|0|60|1,2025|2121|4008|3|0|60|1,,2025,,2121,4008,3,0,60,1,
2025|2121|3|0|10|1,2025|2121|4008|3|0|10|1,,2025,,2121,4008,3,0,10,1,
2025|2121|3|0|50|1,2025|2121|4008|3|0|50|1,,2025,,2121,4008,3,0,50,1,
2025|2121|3|0|49|1,2025|2121|4008|3|0|49|1,,2025,,2121,4008,3,0,49,1,
2025|2121|4|0|49|1,2025|2121|4008|4|0|49|1,,2025,,2121,4008,4,0,49,1,
2025|2121|1|0|50|1,2025|2121|4011|1|0|50|1,,2025,,2121,4011,1,0,50,1,
2025|2121|3|0|60|1,2025|2121|4011|3|0|60|1,,2025,,2121,4011,3,0,60,1,
2025|2121|3|0|50|7,2025|2121|4011|3|0|50|7,,2025,,2121,4011,3,0,50,7,
2025|2121|1|0|50|1,2025|2121|4010|1|0|50|1,,2025,,2121,4010,1,0,50,1,
2025|2121|3|0|60|1,2025|2121|4010|3|0|60|1,,2025,,2121,4010,3,0,60,1,
2025|2121|3|0|50|7,2025|2121|4010|3|0|50|7,,2025,,2121,4010,3,0,50,7,
2025|2121|3|0|60|1,2025|2121|2018|3|0|60|1,,2025,,2121,2018,3,0,60,1,
2025|2121|3|0|49|1,2025|2121|2018|3|0|49|1,,2025,,2121,2018,3,0,49,1,
2025|2121|4|0|47|1,2025|2121|2018|4|0|47|1,,2025,,2121,2018,4,0,47,1,
2025|2121|4|0|50|1,2025|2121|2018|4|0|50|1,,2025,,2121,2018,4,0,50,1,
2025|2121|3|0|60|1,2025|2121|2017|3|0|60|1,,2025,,2121,2017,3,0,60,1,
2025|2121|3|0|49|1,2025|2121|2017|3|0|49|1,,2025,,2121,2017,3,0,49,1,
2025|2121|4|0|60|1,2025|2121|2017|4|0|60|1,,2025,,2121,2017,4,0,60,1,
2025|2121|4|0|47|1,2025|2121|2017|4|0|47|1,,2025,,2121,2017,4,0,47,1,
2025|2121|4|0|49|1,2025|2121|2017|4|0|49|1,,2025,,2121,2017,4,0,49,1,
2025|2121|1|0|50|9,2025|2121|7004|1|0|50|9,,2025,,2121,7004,1,0,50,9,
2025|2121|1|0|49|9,2025|2121|7004|1|0|49|9,,2025,,2121,7004,1,0,49,9,
2025|2121|3|0|49|9,2025|2121|7004|3|0|49|9,,2025,,2121,7004,3,0,49,9,
2025|2121|3|0|50|9,2025|2121|7004|3|0|50|9,,2025,,2121,7004,3,0,50,9,
2025|2121|1|0|10|1,2025|2121|7002|1|0|10|1,,2025,,2121,7002,1,0,10,1,
2025|2121|1|0|50|1,2025|2121|7002|1|0|50|1,,2025,,2121,7002,1,0,50,1,
2025|2121|1|0|49|1,2025|2121|7002|1|0|49|1,,2025,,2121,7002,1,0,49,1,
2025|2121|3|0|49|1,2025|2121|7002|3|0|49|1,,2025,,2121,7002,3,0,49,1,
2025|2121|1|0|50|1,2025|2121|2417|1|0|50|1,,2025,,2121,2417,1,0,50,1,
2025|2121|1|0|57|2,2025|2121|2417|1|0|57|2,,2025,,2121,2417,1,0,57,2,
2025|2121|3|0|60|1,2025|2121|2417|3|0|60|1,,2025,,2121,2417,3,0,60,1,
2025|2121|3|0|50|7,2025|2121|2417|3|0|50|7,,2025,,2121,2417,3,0,50,7,
2025|2151|3|0|10|1,2025|2151|4232|3|0|10|1,,2025,,2151,4232,3,0,10,1,
2025|2151|3|0|10|1,2025|2151|4075|3|0|10|1,,2025,,2151,4075,3,0,10,1,
2025|2151|3|0|10|1,2025|2151|4175|3|0|10|1,,2025,,2151,4175,3,0,10,1,
2025|2151|4|0|10|1,2025|2151|4175|4|0|10|1,,2025,,2151,4175,4,0,10,1,
2025|2151|3|0|10|1,2025|2151|4077|3|0|10|1,,2025,,2151,4077,3,0,10,1,
2025|2151|1|0|10|1,2025|2151|4080|1|0|10|1,,2025,,2151,4080,1,0,10,1,
2025|2151|3|0|10|1,2025|2151|4080|3|0|10|1,,2025,,2151,4080,3,0,10,1,
2025|2151|3|0|10|7,2025|2151|4080|3|0|10|7,,2025,,2151,4080,3,0,10,7,
2025|2151|3|0|10|1,2025|2151|4076|3|0|10|1,,2025,,2151,4076,3,0,10,1,
2025|2151|1|0|10|1,2025|2151|4078|1|0|10|1,,2025,,2151,4078,1,0,10,1,
2025|2151|3|0|10|1,2025|2151|4078|3|0|10|1,,2025,,2151,4078,3,0,10,1,
2025|2151|3|0|10|7,2025|2151|4078|3|0|10|7,,2025,,2151,4078,3,0,10,7,
2025|2151|3|0|10|1,2025|2151|4092|3|0|10|1,,2025,,2151,4092,3,0,10,1,
2025|2151|3|0|10|4,2025|2151|4092|3|0|10|4,,2025,,2151,4092,3,0,10,4,
2025|2151|1|0|10|1,2025|2151|2015|1|0|10|1,,2025,,2151,2015,1,0,10,1,
2025|2151|3|0|10|1,2025|2151|2015|3|0|10|1,,2025,,2151,2015,3,0,10,1,
2025|2151|3|0|10|7,2025|2151|2015|3|0|10|7,,2025,,2151,2015,3,0,10,7,
2025|2151|1|0|10|1,2025|2151|4093|1|0|10|1,,2025,,2151,4093,1,0,10,1,
2025|2151|3|0|10|1,2025|2151|4093|3|0|10|1,,2025,,2151,4093,3,0,10,1,
2025|2151|3|0|10|7,2025|2151|4093|3|0|10|7,,2025,,2151,4093,3,0,10,7,
2025|2151|3|0|10|1,2025|2151|1023|3|0|10|1,,2025,,2151,1023,3,0,10,1,
2025|2151|3|0|10|1,2025|2151|1024|3|0|10|1,,2025,,2151,1024,3,0,10,1,
2025|2151|1|0|10|1,2025|2151|4198|1|0|10|1,,2025,,2151,4198,1,0,10,1,
2025|2151|3|0|10|1,2025|2151|4198|3|0|10|1,,2025,,2151,4198,3,0,10,1,
2025|2151|3|0|10|7,2025|2151|4198|3|0|10|7,,2025,,2151,4198,3,0,10,7,
2025|2151|4|0|10|1,2025|2151|4198|4|0|10|1,,2025,,2151,4198,4,0,10,1,
2025|2151|1|0|10|1,2025|2151|4199|1|0|10|1,,2025,,2151,4199,1,0,10,1,
2025|2151|3|0|10|1,2025|2151|4199|3|0|10|1,,2025,,2151,4199,3,0,10,1,
2025|2151|3|0|10|7,2025|2151|4199|3|0|10|7,,2025,,2151,4199,3,0,10,7,
2025|2151|4|0|10|1,2025|2151|4199|4|0|10|1,,2025,,2151,4199,4,0,10,1,
2025|2151|1|0|10|1,2025|2151|4234|1|0|10|1,,2025,,2151,4234,1,0,10,1,
2025|2151|3|0|10|7,2025|2151|4234|3|0|10|7,,2025,,2151,4234,3,0,10,7,
2025|2151|3|0|10|1,2025|2151|4234|3|0|10|1,,2025,,2151,4234,3,0,10,1,
2025|2151|1|0|10|1,2025|2151|4233|1|0|10|1,,2025,,2151,4233,1,0,10,1,
2025|2151|3|0|10|1,2025|2151|4233|3|0|10|1,,2025,,2151,4233,3,0,10,1,
2025|2151|3|0|10|7,2025|2151|4233|3|0|10|7,,2025,,2151,4233,3,0,10,7,
2025|2151|3|0|10|1,2025|2151|2130|3|0|10|1,,2025,,2151,2130,3,0,10,1,
2025|2151|3|0|60|9,2025|2151|7004|3|0|60|9,,2025,,2151,7004,3,0,60,9,
2025|2151|1|0|10|1,2025|2151|2500|1|0|10|1,,2025,,2151,2500,1,0,10,1,
2025|2151|3|0|10|1,2025|2151|2500|3|0|10|1,,2025,,2151,2500,3,0,10,1,
2025|2151|3|0|60|1,2025|2151|2500|3|0|60|1,,2025,,2151,2500,3,0,60,1,
2025|2151|3|0|10|7,2025|2151|2500|3|0|10|7,,2025,,2151,2500,3,0,10,7,
2025|2151|4|0|10|1,2025|2151|2500|4|0|10|1,,2025,,2151,2500,4,0,10,1,
2025|2161|3|0|10|1,2025|2161|1011|3|0|10|1,,2025,,2161,1011,3,0,10,1,
2025|2161|3|0|10|1,2025|2161|1030|3|0|10|1,,2025,,2161,1030,3,0,10,1,
2025|2161|3|0|10|1,2025|2161|4282|3|0|10|1,,2025,,2161,4282,3,0,10,1,
2025|2161|3|0|10|1,2025|2161|4277|3|0|10|1,,2025,,2161,4277,3,0,10,1,
2025|2161|3|0|10|1,2025|2161|4285|3|0|10|1,,2025,,2161,4285,3,0,10,1,
2025|2161|4|0|10|1,2025|2161|4285|4|0|10|1,,2025,,2161,4285,4,0,10,1,
2025|2161|3|0|10|1,2025|2161|4515|3|0|10|1,,2025,,2161,4515,3,0,10,1,
2025|2161|4|0|10|1,2025|2161|4515|4|0|10|1,,2025,,2161,4515,4,0,10,1,
2025|2161|1|0|10|1,2025|2161|4283|1|0|10|1,,2025,,2161,4283,1,0,10,1,
2025|2161|3|0|10|7,2025|2161|4283|3|0|10|7,,2025,,2161,4283,3,0,10,7,
2025|2161|3|0|10|1,2025|2161|4283|3|0|10|1,,2025,,2161,4283,3,0,10,1,
2025|2161|1|0|10|9,2025|2161|7004|1|0|10|9,,2025,,2161,7004,1,0,10,9,
2025|2161|3|0|10|9,2025|2161|7004|3|0|10|9,,2025,,2161,7004,3,0,10,9,
2025|2161|3|0|10|1,2025|2161|2500|3|0|10|1,,2025,,2161,2500,3,0,10,1,
2025|2161|3|0|47|1,2025|2161|2500|3|0|47|1,,2025,,2161,2500,3,0,47,1,
2025|2161|1|0|10|1,2025|2161|2417|1|0|10|1,,2025,,2161,2417,1,0,10,1,
2025|2161|3|0|10|7,2025|2161|2417|3|0|10|7,,2025,,2161,2417,3,0,10,7,
2025|2171|3|0|45|1,2025|2171|1058|3|0|45|1,,2025,,2171,1058,3,0,45,1,
2025|2171|3|0|60|1,2025|2171|1058|3|0|60|1,,2025,,2171,1058,3,0,60,1,
2025|2171|3|0|10|1,2025|2171|1058|3|0|10|1,,2025,,2171,1058,3,0,10,1,
2025|2171|3|0|24|1,2025|2171|1058|3|0|24|1,,2025,,2171,1058,3,0,24,1,
2025|2171|4|0|68|1,2025|2171|1058|4|0|68|1,,2025,,2171,1058,4,0,68,1,
2025|2171|4|0|24|1,2025|2171|1058|4|0|24|1,,2025,,2171,1058,4,0,24,1,
2025|2171|3|1|59|2,2025|2171|1001|3|1|59|2,,2025,,2171,1001,3,1,59,2,
2025|2171|3|1|10|1,2025|2171|1001|3|1|10|1,,2025,,2171,1001,3,1,10,1,
2025|2171|3|0|60|1,2025|2171|1061|3|0|60|1,,2025,,2171,1061,3,0,60,1,
2025|2171|3|0|59|1,2025|2171|1061|3|0|59|1,,2025,,2171,1061,3,0,59,1,
2025|2171|3|0|60|1,2025|2171|1062|3|0|60|1,,2025,,2171,1062,3,0,60,1,
2025|2171|3|0|60|1,2025|2171|1066|3|0|60|1,,2025,,2171,1066,3,0,60,1,
2025|2171|4|0|10|1,2025|2171|1066|4|0|10|1,,2025,,2171,1066,4,0,10,1,
2025|2171|1|0|10|9,2025|2171|7004|1|0|10|9,,2025,,2171,7004,1,0,10,9,
2025|2171|3|0|60|1,2025|2171|2500|3|0|60|1,,2025,,2171,2500,3,0,60,1,
2025|2171|3|0|10|1,2025|2171|2500|3|0|10|1,,2025,,2171,2500,3,0,10,1,
2025|2171|1|0|10|1,2025|2171|2417|1|0|10|1,,2025,,2171,2417,1,0,10,1,
2025|2171|3|0|10|1,2025|2171|2417|3|0|10|1,,2025,,2171,2417,3,0,10,1,
2025|2171|3|0|10|7,2025|2171|2417|3|0|10|7,,2025,,2171,2417,3,0,10,7,
2025|2181|3|0|60|1,2025|2181|4369|3|0|60|1,,2025,,2181,4369,3,0,60,1,
2025|2181|3|1|59|2,2025|2181|4172|3|1|59|2,,2025,,2181,4172,3,1,59,2,
2025|2181|3|1|10|1,2025|2181|4172|3|1|10|1,,2025,,2181,4172,3,1,10,1,
2025|2181|3|0|60|1,2025|2181|4423|3|0|60|1,,2025,,2181,4423,3,0,60,1,
2025|2181|3|0|10|1,2025|2181|4423|3|0|10|1,,2025,,2181,4423,3,0,10,1,
2025|2181|3|0|10|1,2025|2181|4417|3|0|10|1,,2025,,2181,4417,3,0,10,1,
2025|2181|3|0|60|1,2025|2181|4417|3|0|60|1,,2025,,2181,4417,3,0,60,1,
2025|2181|3|0|10|1,2025|2181|4421|3|0|10|1,,2025,,2181,4421,3,0,10,1,
2025|2181|3|0|60|1,2025|2181|4421|3|0|60|1,,2025,,2181,4421,3,0,60,1,
2025|2181|3|0|10|1,2025|2181|4422|3|0|10|1,,2025,,2181,4422,3,0,10,1,
2025|2181|1|0|10|1,2025|2181|4425|1|0|10|1,,2025,,2181,4425,1,0,10,1,
2025|2181|3|0|10|1,2025|2181|4425|3|0|10|1,,2025,,2181,4425,3,0,10,1,
2025|2181|3|0|60|1,2025|2181|4425|3|0|60|1,,2025,,2181,4425,3,0,60,1,
2025|2181|3|0|10|7,2025|2181|4425|3|0|10|7,,2025,,2181,4425,3,0,10,7,
2025|2181|1|0|60|9,2025|2181|7004|1|0|60|9,,2025,,2181,7004,1,0,60,9,
2025|2181|1|0|10|9,2025|2181|7004|1|0|10|9,,2025,,2181,7004,1,0,10,9,
2025|2181|3|0|10|9,2025|2181|7004|3|0|10|9,,2025,,2181,7004,3,0,10,9,
2025|2181|3|0|10|1,2025|2181|2500|3|0|10|1,,2025,,2181,2500,3,0,10,1,
2025|2181|3|0|47|1,2025|2181|2500|3|0|47|1,,2025,,2181,2500,3,0,47,1,
2025|2181|3|0|60|1,2025|2181|2500|3|0|60|1,,2025,,2181,2500,3,0,60,1,
2025|2181|4|0|47|1,2025|2181|2500|4|0|47|1,,2025,,2181,2500,4,0,47,1,
2025|2181|4|0|10|1,2025|2181|2500|4|0|10|1,,2025,,2181,2500,4,0,10,1,
2025|2181|1|0|10|1,2025|2181|2417|1|0|10|1,,2025,,2181,2417,1,0,10,1,
2025|2181|3|0|10|7,2025|2181|2417|3|0|10|7,,2025,,2181,2417,3,0,10,7,
2025|2201|3|0|10|1,2025|2201|4269|3|0|10|1,,2025,,2201,4269,3,0,10,1,
2025|2201|3|0|10|1,2025|2201|4267|3|0|10|1,,2025,,2201,4267,3,0,10,1,
2025|2201|3|0|59|2,2025|2201|4484|3|0|59|2,,2025,,2201,4484,3,0,59,2,
2025|2201|3|0|10|1,2025|2201|4484|3|0|10|1,,2025,,2201,4484,3,0,10,1,
2025|2201|4|0|59|2,2025|2201|4484|4|0|59|2,,2025,,2201,4484,4,0,59,2,
2025|2201|3|0|10|1,2025|2201|4274|3|0|10|1,,2025,,2201,4274,3,0,10,1,
2025|2201|3|0|10|1,2025|2201|4271|3|0|10|1,,2025,,2201,4271,3,0,10,1,
2025|2201|3|0|10|1,2025|2201|4281|3|0|10|1,,2025,,2201,4281,3,0,10,1,
2025|2201|4|0|45|1,2025|2201|4281|4|0|45|1,,2025,,2201,4281,4,0,45,1,
2025|2201|3|0|10|8,2025|2201|4276|3|0|10|8,,2025,,2201,4276,3,0,10,8,
2025|2201|3|0|10|1,2025|2201|4276|3|0|10|1,,2025,,2201,4276,3,0,10,1,
2025|2201|3|0|15|1,2025|2201|4278|3|0|15|1,,2025,,2201,4278,3,0,15,1,
2025|2201|3|0|10|3,2025|2201|4278|3|0|10|3,,2025,,2201,4278,3,0,10,3,
2025|2201|3|0|24|1,2025|2201|4278|3|0|24|1,,2025,,2201,4278,3,0,24,1,
2025|2201|3|0|10|1,2025|2201|4278|3|0|10|1,,2025,,2201,4278,3,0,10,1,
2025|2201|3|0|1|1,2025|2201|4278|3|0|1|1,,2025,,2201,4278,3,0,1,1,
2025|2201|3|0|24|1,2025|2201|4279|3|0|24|1,,2025,,2201,4279,3,0,24,1,
2025|2201|3|0|1|1,2025|2201|4279|3|0|1|1,,2025,,2201,4279,3,0,1,1,
2025|2201|3|0|10|1,2025|2201|4279|3|0|10|1,,2025,,2201,4279,3,0,10,1,
2025|2201|3|0|45|1,2025|2201|4279|3|0|45|1,,2025,,2201,4279,3,0,45,1,
2025|2201|4|0|10|8,2025|2201|4279|4|0|10|8,,2025,,2201,4279,4,0,10,8,
2025|2201|4|0|15|1,2025|2201|4279|4|0|15|1,,2025,,2201,4279,4,0,15,1,
2025|2201|4|0|45|1,2025|2201|4279|4|0|45|1,,2025,,2201,4279,4,0,45,1,
2025|2201|4|0|1|1,2025|2201|4279|4|0|1|1,,2025,,2201,4279,4,0,1,1,
2025|2201|4|0|24|1,2025|2201|4279|4|0|24|1,,2025,,2201,4279,4,0,24,1,
2025|2201|1|0|10|9,2025|2201|7004|1|0|10|9,,2025,,2201,7004,1,0,10,9,
2025|2201|3|0|10|9,2025|2201|7004|3|0|10|9,,2025,,2201,7004,3,0,10,9,
2025|2201|1|0|95|1,2025|2201|2500|1|0|95|1,,2025,,2201,2500,1,0,95,1,
2025|2201|3|0|60|2,2025|2201|2500|3|0|60|2,,2025,,2201,2500,3,0,60,2,
2025|2201|3|0|60|1,2025|2201|2500|3|0|60|1,,2025,,2201,2500,3,0,60,1,
2025|2201|3|0|10|1,2025|2201|2500|3|0|10|1,,2025,,2201,2500,3,0,10,1,
2025|2201|3|0|95|1,2025|2201|2500|3|0|95|1,,2025,,2201,2500,3,0,95,1,
2025|2201|3|0|9|1,2025|2201|2500|3|0|9|1,,2025,,2201,2500,3,0,9,1,
2025|2201|4|0|95|1,2025|2201|2500|4|0|95|1,,2025,,2201,2500,4,0,95,1,
2025|2201|4|0|9|1,2025|2201|2500|4|0|9|1,,2025,,2201,2500,4,0,9,1,
2025|2201|1|0|10|1,2025|2201|2417|1|0|10|1,,2025,,2201,2417,1,0,10,1,
2025|2201|3|0|10|7,2025|2201|2417|3|0|10|7,,2025,,2201,2417,3,0,10,7,
2025|2201|4|0|24|1,2025|2201|0|4|0|24|1,,2025,,2201,0,4,0,24,1,
2025|2211|3|0|60|2,2025|2211|4298|3|0|60|2,,2025,,2211,4298,3,0,60,2,
2025|2211|3|0|10|1,2025|2211|4298|3|0|10|1,,2025,,2211,4298,3,0,10,1,
2025|2211|3|0|10|1,2025|2211|4299|3|0|10|1,,2025,,2211,4299,3,0,10,1,
2025|2211|3|0|10|1,2025|2211|4302|3|0|10|1,,2025,,2211,4302,3,0,10,1,
2025|2211|1|0|10|9,2025|2211|7004|1|0|10|9,,2025,,2211,7004,1,0,10,9,
2025|2211|3|0|10|1,2025|2211|2500|3|0|10|1,,2025,,2211,2500,3,0,10,1,
2025|2211|3|0|60|1,2025|2211|2500|3|0|60|1,,2025,,2211,2500,3,0,60,1,
2025|2211|1|0|10|1,2025|2211|2417|1|0|10|1,,2025,,2211,2417,1,0,10,1,
2025|2211|3|0|10|7,2025|2211|2417|3|0|10|7,,2025,,2211,2417,3,0,10,7,
2025|2241|3|0|72|1,2025|2241|4200|3|0|72|1,,2025,,2241,4200,3,0,72,1,
2025|2241|3|0|73|1,2025|2241|4192|3|0|73|1,,2025,,2241,4192,3,0,73,1,
2025|2241|3|0|72|1,2025|2241|4192|3|0|72|1,,2025,,2241,4192,3,0,72,1,
2025|2241|4|0|73|1,2025|2241|4192|4|0|73|1,,2025,,2241,4192,4,0,73,1,
2025|2241|3|0|10|8,2025|2241|4187|3|0|10|8,,2025,,2241,4187,3,0,10,8,
2025|2241|3|0|72|1,2025|2241|4187|3|0|72|1,,2025,,2241,4187,3,0,72,1,
2025|2241|3|0|73|1,2025|2241|4187|3|0|73|1,,2025,,2241,4187,3,0,73,1,
2025|2241|3|0|72|1,2025|2241|4194|3|0|72|1,,2025,,2241,4194,3,0,72,1,
2025|2241|3|0|10|8,2025|2241|4194|3|0|10|8,,2025,,2241,4194,3,0,10,8,
2025|2241|3|0|73|1,2025|2241|4194|3|0|73|1,,2025,,2241,4194,3,0,73,1,
2025|2241|4|0|73|1,2025|2241|4194|4|0|73|1,,2025,,2241,4194,4,0,73,1,
2025|2241|3|0|10|8,2025|2241|4190|3|0|10|8,,2025,,2241,4190,3,0,10,8,
2025|2241|3|0|72|1,2025|2241|4190|3|0|72|1,,2025,,2241,4190,3,0,72,1,
2025|2241|3|0|73|1,2025|2241|4190|3|0|73|1,,2025,,2241,4190,3,0,73,1,
2025|2241|3|0|31|3,2025|2241|4195|3|0|31|3,,2025,,2241,4195,3,0,31,3,
2025|2241|3|0|60|3,2025|2241|4195|3|0|60|3,,2025,,2241,4195,3,0,60,3,
2025|2241|3|0|10|8,2025|2241|4195|3|0|10|8,,2025,,2241,4195,3,0,10,8,
2025|2241|3|0|72|3,2025|2241|4195|3|0|72|3,,2025,,2241,4195,3,0,72,3,
2025|2241|3|0|24|1,2025|2241|4195|3|0|24|1,,2025,,2241,4195,3,0,24,1,
2025|2241|3|0|72|1,2025|2241|4188|3|0|72|1,,2025,,2241,4188,3,0,72,1,
2025|2241|3|0|73|1,2025|2241|4188|3|0|73|1,,2025,,2241,4188,3,0,73,1,
2025|2241|3|0|95|1,2025|2241|4188|3|0|95|1,,2025,,2241,4188,3,0,95,1,
2025|2241|4|0|72|1,2025|2241|4188|4|0|72|1,,2025,,2241,4188,4,0,72,1,
2025|2241|4|0|73|1,2025|2241|4188|4|0|73|1,,2025,,2241,4188,4,0,73,1,
2025|2241|3|0|10|8,2025|2241|4191|3|0|10|8,,2025,,2241,4191,3,0,10,8,
2025|2241|3|0|72|1,2025|2241|4191|3|0|72|1,,2025,,2241,4191,3,0,72,1,
2025|2241|3|0|95|1,2025|2241|4191|3|0|95|1,,2025,,2241,4191,3,0,95,1,
2025|2241|3|0|73|1,2025|2241|4191|3|0|73|1,,2025,,2241,4191,3,0,73,1,
2025|2241|3|0|80|1,2025|2241|4191|3|0|80|1,,2025,,2241,4191,3,0,80,1,
2025|2241|4|0|72|1,2025|2241|4191|4|0|72|1,,2025,,2241,4191,4,0,72,1,
2025|2241|4|0|73|1,2025|2241|4191|4|0|73|1,,2025,,2241,4191,4,0,73,1,
2025|2241|3|0|73|1,2025|2241|4189|3|0|73|1,,2025,,2241,4189,3,0,73,1,
2025|2241|3|0|72|1,2025|2241|4189|3|0|72|1,,2025,,2241,4189,3,0,72,1,
2025|2241|3|0|61|1,2025|2241|4189|3|0|61|1,,2025,,2241,4189,3,0,61,1,
2025|2241|1|0|91|9,2025|2241|7004|1|0|91|9,,2025,,2241,7004,1,0,91,9,
2025|2241|3|0|91|9,2025|2241|7004|3|0|91|9,,2025,,2241,7004,3,0,91,9,
2025|2241|3|0|73|1,2025|2241|2500|3|0|73|1,,2025,,2241,2500,3,0,73,1,
2025|2241|3|0|72|1,2025|2241|2500|3|0|72|1,,2025,,2241,2500,3,0,72,1,
2025|2241|4|0|73|1,2025|2241|2500|4|0|73|1,,2025,,2241,2500,4,0,73,1,
2025|2241|1|0|60|1,2025|2241|2417|1|0|60|1,,2025,,2241,2417,1,0,60,1,
2025|2241|1|0|72|1,2025|2241|2417|1|0|72|1,,2025,,2241,2417,1,0,72,1,
2025|2241|1|0|91|1,2025|2241|2417|1|0|91|1,,2025,,2241,2417,1,0,91,1,
2025|2241|3|0|72|7,2025|2241|2417|3|0|72|7,,2025,,2241,2417,3,0,72,7,
2025|2251|3|0|60|1,2025|2251|4052|3|0|60|1,,2025,,2251,4052,3,0,60,1,
2025|2251|4|0|60|1,2025|2251|4052|4|0|60|1,,2025,,2251,4052,4,0,60,1,
2025|2251|3|0|60|1,2025|2251|4051|3|0|60|1,,2025,,2251,4051,3,0,60,1,
2025|2251|4|0|60|1,2025|2251|4051|4|0|60|1,,2025,,2251,4051,4,0,60,1,
2025|2251|1|0|60|9,2025|2251|7004|1|0|60|9,,2025,,2251,7004,1,0,60,9,
2025|2251|3|0|60|9,2025|2251|7004|3|0|60|9,,2025,,2251,7004,3,0,60,9,
2025|2251|3|0|60|1,2025|2251|2500|3|0|60|1,,2025,,2251,2500,3,0,60,1,
2025|2251|1|0|60|1,2025|2251|2417|1|0|60|1,,2025,,2251,2417,1,0,60,1,
2025|2251|3|0|60|7,2025|2251|2417|3|0|60|7,,2025,,2251,2417,3,0,60,7,
2025|2261|3|0|10|1,2025|2261|4455|3|0|10|1,,2025,,2261,4455,3,0,10,1,
2025|2261|4|0|10|1,2025|2261|4455|4|0|10|1,,2025,,2261,4455,4,0,10,1,
2025|2261|3|0|10|1,2025|2261|4456|3|0|10|1,,2025,,2261,4456,3,0,10,1,
2025|2261|4|0|10|1,2025|2261|4456|4|0|10|1,,2025,,2261,4456,4,0,10,1,
2025|2261|3|0|10|1,2025|2261|4457|3|0|10|1,,2025,,2261,4457,3,0,10,1,
2025|2261|4|0|10|1,2025|2261|4457|4|0|10|1,,2025,,2261,4457,4,0,10,1,
2025|2261|3|0|10|1,2025|2261|4460|3|0|10|1,,2025,,2261,4460,3,0,10,1,
2025|2261|4|0|10|1,2025|2261|4460|4|0|10|1,,2025,,2261,4460,4,0,10,1,
2025|2261|4|0|24|1,2025|2261|4460|4|0|24|1,,2025,,2261,4460,4,0,24,1,
2025|2261|3|0|10|1,2025|2261|4459|3|0|10|1,,2025,,2261,4459,3,0,10,1,
2025|2261|4|0|10|1,2025|2261|4459|4|0|10|1,,2025,,2261,4459,4,0,10,1,
2025|2261|1|0|60|9,2025|2261|7004|1|0|60|9,,2025,,2261,7004,1,0,60,9,
2025|2261|3|0|60|9,2025|2261|7004|3|0|60|9,,2025,,2261,7004,3,0,60,9,
2025|2261|3|0|10|1,2025|2261|2500|3|0|10|1,,2025,,2261,2500,3,0,10,1,
2025|2261|4|0|10|1,2025|2261|2500|4|0|10|1,,2025,,2261,2500,4,0,10,1,
2025|2261|4|0|47|1,2025|2261|2500|4|0|47|1,,2025,,2261,2500,4,0,47,1,
2025|2261|1|0|57|2,2025|2261|2417|1|0|57|2,,2025,,2261,2417,1,0,57,2,
2025|2261|1|0|10|1,2025|2261|2417|1|0|10|1,,2025,,2261,2417,1,0,10,1,
2025|2261|3|0|10|1,2025|2261|2417|3|0|10|1,,2025,,2261,2417,3,0,10,1,
2025|2261|3|0|10|7,2025|2261|2417|3|0|10|7,,2025,,2261,2417,3,0,10,7,
2025|2261|4|0|24|1,2025|2261|0|4|0|24|1,,2025,,2261,0,4,0,24,1,
2025|2271|3|0|10|1,2025|2271|4029|3|0|10|1,,2025,,2271,4029,3,0,10,1,
2025|2271|3|0|10|1,2025|2271|4032|3|0|10|1,,2025,,2271,4032,3,0,10,1,
2025|2271|3|0|70|1,2025|2271|4032|3|0|70|1,,2025,,2271,4032,3,0,70,1,
2025|2271|3|0|95|1,2025|2271|4032|3|0|95|1,,2025,,2271,4032,3,0,95,1,
2025|2271|4|0|95|1,2025|2271|4032|4|0|95|1,,2025,,2271,4032,4,0,95,1,
2025|2271|4|0|10|1,2025|2271|4032|4|0|10|1,,2025,,2271,4032,4,0,10,1,
2025|2271|3|0|70|1,2025|2271|4034|3|0|70|1,,2025,,2271,4034,3,0,70,1,
2025|2271|3|0|10|1,2025|2271|4034|3|0|10|1,,2025,,2271,4034,3,0,10,1,
2025|2271|3|0|95|1,2025|2271|4034|3|0|95|1,,2025,,2271,4034,3,0,95,1,
2025|2271|3|0|10|3,2025|2271|4034|3|0|10|3,,2025,,2271,4034,3,0,10,3,
2025|2271|4|0|10|1,2025|2271|4034|4|0|10|1,,2025,,2271,4034,4,0,10,1,
2025|2271|4|0|95|1,2025|2271|4034|4|0|95|1,,2025,,2271,4034,4,0,95,1,
2025|2271|4|0|1|1,2025|2271|4034|4|0|1|1,,2025,,2271,4034,4,0,1,1,
2025|2271|3|0|10|1,2025|2271|4030|3|0|10|1,,2025,,2271,4030,3,0,10,1,
2025|2271|3|0|70|1,2025|2271|4030|3|0|70|1,,2025,,2271,4030,3,0,70,1,
2025|2271|4|0|10|1,2025|2271|4030|4|0|10|1,,2025,,2271,4030,4,0,10,1,
2025|2271|3|0|10|1,2025|2271|4035|3|0|10|1,,2025,,2271,4035,3,0,10,1,
2025|2271|3|0|95|1,2025|2271|4035|3|0|95|1,,2025,,2271,4035,3,0,95,1,
2025|2271|3|0|70|1,2025|2271|4035|3|0|70|1,,2025,,2271,4035,3,0,70,1,
2025|2271|4|0|10|1,2025|2271|4035|4|0|10|1,,2025,,2271,4035,4,0,10,1,
2025|2271|4|0|70|1,2025|2271|4035|4|0|70|1,,2025,,2271,4035,4,0,70,1,
2025|2271|4|0|45|1,2025|2271|4035|4|0|45|1,,2025,,2271,4035,4,0,45,1,
2025|2271|4|0|95|1,2025|2271|4035|4|0|95|1,,2025,,2271,4035,4,0,95,1,
2025|2271|3|0|10|1,2025|2271|4031|3|0|10|1,,2025,,2271,4031,3,0,10,1,
2025|2271|3|0|95|1,2025|2271|4031|3|0|95|1,,2025,,2271,4031,3,0,95,1,
2025|2271|3|0|9|1,2025|2271|4031|3|0|9|1,,2025,,2271,4031,3,0,9,1,
2025|2271|3|0|70|1,2025|2271|4031|3|0|70|1,,2025,,2271,4031,3,0,70,1,
2025|2271|4|0|10|8,2025|2271|4031|4|0|10|8,,2025,,2271,4031,4,0,10,8,
2025|2271|4|0|70|1,2025|2271|4031|4|0|70|1,,2025,,2271,4031,4,0,70,1,
2025|2271|4|0|10|1,2025|2271|4031|4|0|10|1,,2025,,2271,4031,4,0,10,1,
2025|2271|4|0|95|1,2025|2271|4031|4|0|95|1,,2025,,2271,4031,4,0,95,1,
2025|2271|4|0|24|1,2025|2271|4031|4|0|24|1,,2025,,2271,4031,4,0,24,1,
2025|2271|3|0|10|1,2025|2271|4036|3|0|10|1,,2025,,2271,4036,3,0,10,1,
2025|2271|3|0|10|8,2025|2271|4036|3|0|10|8,,2025,,2271,4036,3,0,10,8,
2025|2271|3|0|70|1,2025|2271|4036|3|0|70|1,,2025,,2271,4036,3,0,70,1,
2025|2271|3|0|95|1,2025|2271|4036|3|0|95|1,,2025,,2271,4036,3,0,95,1,
2025|2271|4|0|70|1,2025|2271|4036|4|0|70|1,,2025,,2271,4036,4,0,70,1,
2025|2271|4|0|10|1,2025|2271|4036|4|0|10|1,,2025,,2271,4036,4,0,10,1,
2025|2271|4|0|95|1,2025|2271|4036|4|0|95|1,,2025,,2271,4036,4,0,95,1,
2025|2271|1|0|60|9,2025|2271|7004|1|0|60|9,,2025,,2271,7004,1,0,60,9,
2025|2271|3|0|60|9,2025|2271|7004|3|0|60|9,,2025,,2271,7004,3,0,60,9,
2025|2271|3|0|10|1,2025|2271|2500|3|0|10|1,,2025,,2271,2500,3,0,10,1,
2025|2271|3|0|68|1,2025|2271|2500|3|0|68|1,,2025,,2271,2500,3,0,68,1,
2025|2271|4|0|10|1,2025|2271|2500|4|0|10|1,,2025,,2271,2500,4,0,10,1,
2025|2271|4|0|47|1,2025|2271|2500|4|0|47|1,,2025,,2271,2500,4,0,47,1,
2025|2271|1|0|10|1,2025|2271|2417|1|0|10|1,,2025,,2271,2417,1,0,10,1,
2025|2271|1|0|57|2,2025|2271|2417|1|0|57|2,,2025,,2271,2417,1,0,57,2,
2025|2271|3|0|10|1,2025|2271|2417|3|0|10|1,,2025,,2271,2417,3,0,10,1,
2025|2271|3|0|10|7,2025|2271|2417|3|0|10|7,,2025,,2271,2417,3,0,10,7,
2025|2271|3|0|70|1,2025|2271|0|3|0|70|1,,2025,,2271,0,3,0,70,1,
2025|2271|3|0|68|1,2025|2271|0|3|0|68|1,,2025,,2271,0,3,0,68,1,
2025|2281|3|0|10|1,2025|2281|4300|3|0|10|1,,2025,,2281,4300,3,0,10,1,
2025|2281|3|0|36|1,2025|2281|4300|3|0|36|1,,2025,,2281,4300,3,0,36,1,
2025|2281|4|0|10|1,2025|2281|4300|4|0|10|1,,2025,,2281,4300,4,0,10,1,
2025|2281|1|0|10|9,2025|2281|7004|1|0|10|9,,2025,,2281,7004,1,0,10,9,
2025|2281|1|0|60|9,2025|2281|7004|1|0|60|9,,2025,,2281,7004,1,0,60,9,
2025|2281|3|0|10|9,2025|2281|7004|3|0|10|9,,2025,,2281,7004,3,0,10,9,
2025|2281|3|0|10|1,2025|2281|2500|3|0|10|1,,2025,,2281,2500,3,0,10,1,
2025|2281|4|0|47|1,2025|2281|2500|4|0|47|1,,2025,,2281,2500,4,0,47,1,
2025|2281|4|0|10|1,2025|2281|2500|4|0|10|1,,2025,,2281,2500,4,0,10,1,
2025|2281|1|0|10|1,2025|2281|2417|1|0|10|1,,2025,,2281,2417,1,0,10,1,
2025|2281|3|0|10|7,2025|2281|2417|3|0|10|7,,2025,,2281,2417,3,0,10,7,
2025|2281|3|0|36|1,2025|2281|0|3|0|36|1,,2025,,2281,0,3,0,36,1,
2025|2301|4|0|10|1,2025|2301|4280|4|0|10|1,,2025,,2301,4280,4,0,10,1,
2025|2301|4|0|95|1,2025|2301|4288|4|0|95|1,,2025,,2301,4288,4,0,95,1,
2025|2301|3|0|10|1,2025|2301|4530|3|0|10|1,,2025,,2301,4530,3,0,10,1,
2025|2301|3|0|91|1,2025|2301|4284|3|0|91|1,,2025,,2301,4284,3,0,91,1,
2025|2301|3|0|10|1,2025|2301|4284|3|0|10|1,,2025,,2301,4284,3,0,10,1,
2025|2301|4|0|10|1,2025|2301|4284|4|0|10|1,,2025,,2301,4284,4,0,10,1,
2025|2301|4|0|80|1,2025|2301|4287|4|0|80|1,,2025,,2301,4287,4,0,80,1,
2025|2301|4|0|95|1,2025|2301|4287|4|0|95|1,,2025,,2301,4287,4,0,95,1,
2025|2301|3|0|69|1,2025|2301|4162|3|0|69|1,,2025,,2301,4162,3,0,69,1,
2025|2301|3|0|10|1,2025|2301|4162|3|0|10|1,,2025,,2301,4162,3,0,10,1,
2025|2301|4|0|80|1,2025|2301|4162|4|0|80|1,,2025,,2301,4162,4,0,80,1,
2025|2301|4|0|10|1,2025|2301|4162|4|0|10|1,,2025,,2301,4162,4,0,10,1,
2025|2301|3|0|10|1,2025|2301|4272|3|0|10|1,,2025,,2301,4272,3,0,10,1,
2025|2301|4|0|33|1,2025|2301|4272|4|0|33|1,,2025,,2301,4272,4,0,33,1,
2025|2301|4|0|10|3,2025|2301|4272|4|0|10|3,,2025,,2301,4272,4,0,10,3,
2025|2301|4|0|69|1,2025|2301|4272|4|0|69|1,,2025,,2301,4272,4,0,69,1,
2025|2301|4|0|25|1,2025|2301|4272|4|0|25|1,,2025,,2301,4272,4,0,25,1,
2025|2301|4|0|10|1,2025|2301|4272|4|0|10|1,,2025,,2301,4272,4,0,10,1,
2025|2301|3|0|10|1,2025|2301|4268|3|0|10|1,,2025,,2301,4268,3,0,10,1,
2025|2301|4|0|33|1,2025|2301|4268|4|0|33|1,,2025,,2301,4268,4,0,33,1,
2025|2301|4|0|10|8,2025|2301|4268|4|0|10|8,,2025,,2301,4268,4,0,10,8,
2025|2301|4|0|10|1,2025|2301|4268|4|0|10|1,,2025,,2301,4268,4,0,10,1,
2025|2301|4|0|80|1,2025|2301|4268|4|0|80|1,,2025,,2301,4268,4,0,80,1,
2025|2301|3|0|10|1,2025|2301|4275|3|0|10|1,,2025,,2301,4275,3,0,10,1,
2025|2301|4|0|69|1,2025|2301|4275|4|0|69|1,,2025,,2301,4275,4,0,69,1,
2025|2301|4|0|10|0,2025|2301|4275|4|0|10|0,,2025,,2301,4275,4,0,10,0,
2025|2301|4|0|74|1,2025|2301|4275|4|0|74|1,,2025,,2301,4275,4,0,74,1,
2025|2301|4|0|10|8,2025|2301|4275|4|0|10|8,,2025,,2301,4275,4,0,10,8,
2025|2301|4|0|25|1,2025|2301|4275|4|0|25|1,,2025,,2301,4275,4,0,25,1,
2025|2301|4|0|10|3,2025|2301|4275|4|0|10|3,,2025,,2301,4275,4,0,10,3,
2025|2301|4|0|70|1,2025|2301|4275|4|0|70|1,,2025,,2301,4275,4,0,70,1,
2025|2301|4|0|68|1,2025|2301|4275|4|0|68|1,,2025,,2301,4275,4,0,68,1,
2025|2301|4|0|10|1,2025|2301|4275|4|0|10|1,,2025,,2301,4275,4,0,10,1,
2025|2301|4|0|80|1,2025|2301|4275|4|0|80|1,,2025,,2301,4275,4,0,80,1,
2025|2301|4|0|95|1,2025|2301|4289|4|0|95|1,,2025,,2301,4289,4,0,95,1,
2025|2301|4|0|25|1,2025|2301|4385|4|0|25|1,,2025,,2301,4385,4,0,25,1,
2025|2301|4|0|54|2,2025|2301|4385|4|0|54|2,,2025,,2301,4385,4,0,54,2,
2025|2301|4|0|10|1,2025|2301|4385|4|0|10|1,,2025,,2301,4385,4,0,10,1,
2025|2301|4|0|83|2,2025|2301|4385|4|0|83|2,,2025,,2301,4385,4,0,83,2,
2025|2301|4|0|80|1,2025|2301|4385|4|0|80|1,,2025,,2301,4385,4,0,80,1,
2025|2301|3|0|91|1,2025|2301|4293|3|0|91|1,,2025,,2301,4293,3,0,91,1,
2025|2301|3|0|60|1,2025|2301|4293|3|0|60|1,,2025,,2301,4293,3,0,60,1,
2025|2301|3|0|10|1,2025|2301|4293|3|0|10|1,,2025,,2301,4293,3,0,10,1,
2025|2301|4|0|32|1,2025|2301|4293|4|0|32|1,,2025,,2301,4293,4,0,32,1,
2025|2301|4|0|51|1,2025|2301|4293|4|0|51|1,,2025,,2301,4293,4,0,51,1,
2025|2301|4|0|25|1,2025|2301|4293|4|0|25|1,,2025,,2301,4293,4,0,25,1,
2025|2301|4|0|54|2,2025|2301|4293|4|0|54|2,,2025,,2301,4293,4,0,54,2,
2025|2301|4|0|10|0,2025|2301|4293|4|0|10|0,,2025,,2301,4293,4,0,10,0,
2025|2301|4|0|15|1,2025|2301|4293|4|0|15|1,,2025,,2301,4293,4,0,15,1,
2025|2301|4|0|80|1,2025|2301|4293|4|0|80|1,,2025,,2301,4293,4,0,80,1,
2025|2301|4|0|83|2,2025|2301|4293|4|0|83|2,,2025,,2301,4293,4,0,83,2,
2025|2301|4|0|10|1,2025|2301|4293|4|0|10|1,,2025,,2301,4293,4,0,10,1,
2025|2301|1|0|10|9,2025|2301|7004|1|0|10|9,,2025,,2301,7004,1,0,10,9,
2025|2301|3|0|10|9,2025|2301|7004|3|0|10|9,,2025,,2301,7004,3,0,10,9,
2025|2301|4|0|10|9,2025|2301|7004|4|0|10|9,,2025,,2301,7004,4,0,10,9,
2025|2301|3|0|91|2,2025|2301|2500|3|0|91|2,,2025,,2301,2500,3,0,91,2,
2025|2301|3|0|60|1,2025|2301|2500|3|0|60|1,,2025,,2301,2500,3,0,60,1,
2025|2301|3|0|91|1,2025|2301|2500|3|0|91|1,,2025,,2301,2500,3,0,91,1,
2025|2301|3|0|10|1,2025|2301|2500|3|0|10|1,,2025,,2301,2500,3,0,10,1,
2025|2301|4|0|47|1,2025|2301|2500|4|0|47|1,,2025,,2301,2500,4,0,47,1,
2025|2301|4|0|10|1,2025|2301|2500|4|0|10|1,,2025,,2301,2500,4,0,10,1,
2025|2301|1|0|10|1,2025|2301|2417|1|0|10|1,,2025,,2301,2417,1,0,10,1,
2025|2301|3|0|10|1,2025|2301|2417|3|0|10|1,,2025,,2301,2417,3,0,10,1,
2025|2301|3|0|10|7,2025|2301|2417|3|0|10|7,,2025,,2301,2417,3,0,10,7,
2025|2301|3|0|69|1,2025|2301|0|3|0|69|1,,2025,,2301,0,3,0,69,1,
2025|2301|4|0|70|1,2025|2301|0|4|0|70|1,,2025,,2301,0,4,0,70,1,
2025|2301|4|0|68|1,2025|2301|0|4|0|68|1,,2025,,2301,0,4,0,68,1,
2025|2301|4|0|74|1,2025|2301|0|4|0|74|1,,2025,,2301,0,4,0,74,1,
2025|2311|3|0|10|8,2025|2311|4004|3|0|10|8,,2025,,2311,4004,3,0,10,8,
2025|2311|3|0|10|1,2025|2311|4004|3|0|10|1,,2025,,2311,4004,3,0,10,1,
2025|2311|3|0|10|3,2025|2311|4004|3|0|10|3,,2025,,2311,4004,3,0,10,3,
2025|2311|3|0|24|1,2025|2311|4004|3|0|24|1,,2025,,2311,4004,3,0,24,1,
2025|2311|4|0|10|8,2025|2311|4004|4|0|10|8,,2025,,2311,4004,4,0,10,8,
2025|2311|3|0|10|1,2025|2311|4002|3|0|10|1,,2025,,2311,4002,3,0,10,1,
2025|2311|3|0|10|8,2025|2311|4002|3|0|10|8,,2025,,2311,4002,3,0,10,8,
2025|2311|3|0|10|1,2025|2311|4005|3|0|10|1,,2025,,2311,4005,3,0,10,1,
2025|2311|3|0|10|8,2025|2311|4005|3|0|10|8,,2025,,2311,4005,3,0,10,8,
2025|2311|4|0|10|8,2025|2311|4005|4|0|10|8,,2025,,2311,4005,4,0,10,8,
2025|2311|3|0|10|1,2025|2311|4550|3|0|10|1,,2025,,2311,4550,3,0,10,1,
2025|2311|3|0|60|1,2025|2311|4550|3|0|60|1,,2025,,2311,4550,3,0,60,1,
2025|2311|3|0|10|1,2025|2311|4006|3|0|10|1,,2025,,2311,4006,3,0,10,1,
2025|2311|3|0|10|3,2025|2311|4006|3|0|10|3,,2025,,2311,4006,3,0,10,3,
2025|2311|3|0|36|1,2025|2311|4006|3|0|36|1,,2025,,2311,4006,3,0,36,1,
2025|2311|4|0|10|1,2025|2311|4006|4|0|10|1,,2025,,2311,4006,4,0,10,1,
2025|2311|4|0|36|1,2025|2311|4006|4|0|36|1,,2025,,2311,4006,4,0,36,1,
2025|2311|3|0|60|3,2025|2311|4001|3|0|60|3,,2025,,2311,4001,3,0,60,3,
2025|2311|3|0|10|8,2025|2311|4001|3|0|10|8,,2025,,2311,4001,3,0,10,8,
2025|2311|3|0|10|1,2025|2311|4001|3|0|10|1,,2025,,2311,4001,3,0,10,1,
2025|2311|3|0|10|3,2025|2311|4001|3|0|10|3,,2025,,2311,4001,3,0,10,3,
2025|2311|3|0|1|1,2025|2311|4001|3|0|1|1,,2025,,2311,4001,3,0,1,1,
2025|2311|3|0|24|1,2025|2311|4001|3|0|24|1,,2025,,2311,4001,3,0,24,1,
2025|2311|4|0|10|1,2025|2311|4001|4|0|10|1,,2025,,2311,4001,4,0,10,1,
2025|2311|4|0|10|8,2025|2311|4001|4|0|10|8,,2025,,2311,4001,4,0,10,8,
2025|2311|4|0|10|3,2025|2311|4001|4|0|10|3,,2025,,2311,4001,4,0,10,3,
2025|2311|4|0|24|1,2025|2311|4001|4|0|24|1,,2025,,2311,4001,4,0,24,1,
2025|2311|4|0|1|1,2025|2311|4001|4|0|1|1,,2025,,2311,4001,4,0,1,1,
2025|2311|3|0|10|8,2025|2311|4017|3|0|10|8,,2025,,2311,4017,3,0,10,8,
2025|2311|3|0|10|1,2025|2311|4017|3|0|10|1,,2025,,2311,4017,3,0,10,1,
2025|2311|3|0|70|1,2025|2311|4017|3|0|70|1,,2025,,2311,4017,3,0,70,1,
2025|2311|4|0|10|8,2025|2311|4017|4|0|10|8,,2025,,2311,4017,4,0,10,8,
2025|2311|4|0|10|1,2025|2311|4017|4|0|10|1,,2025,,2311,4017,4,0,10,1,
2025|2311|4|0|70|1,2025|2311|4017|4|0|70|1,,2025,,2311,4017,4,0,70,1,
2025|2311|4|0|10|3,2025|2311|4017|4|0|10|3,,2025,,2311,4017,4,0,10,3,
2025|2311|4|0|1|1,2025|2311|4017|4|0|1|1,,2025,,2311,4017,4,0,1,1,
2025|2311|1|0|60|9,2025|2311|7004|1|0|60|9,,2025,,2311,7004,1,0,60,9,
2025|2311|3|0|60|9,2025|2311|7004|3|0|60|9,,2025,,2311,7004,3,0,60,9,
2025|2311|3|0|10|1,2025|2311|2500|3|0|10|1,,2025,,2311,2500,3,0,10,1,
2025|2311|3|0|10|8,2025|2311|2500|3|0|10|8,,2025,,2311,2500,3,0,10,8,
2025|2311|4|0|10|1,2025|2311|2500|4|0|10|1,,2025,,2311,2500,4,0,10,1,
2025|2311|1|0|57|2,2025|2311|2417|1|0|57|2,,2025,,2311,2417,1,0,57,2,
2025|2311|1|0|60|1,2025|2311|2417|1|0|60|1,,2025,,2311,2417,1,0,60,1,
2025|2311|1|0|10|1,2025|2311|2417|1|0|10|1,,2025,,2311,2417,1,0,10,1,
2025|2311|3|0|10|1,2025|2311|2417|3|0|10|1,,2025,,2311,2417,3,0,10,1,
2025|2311|3|0|10|7,2025|2311|2417|3|0|10|7,,2025,,2311,2417,3,0,10,7,
2025|2311|3|0|70|1,2025|2311|0|3|0|70|1,,2025,,2311,0,3,0,70,1,
2025|2321|3|0|10|1,2025|2321|4237|3|0|10|1,,2025,,2321,4237,3,0,10,1,
2025|2321|4|0|10|1,2025|2321|4237|4|0|10|1,,2025,,2321,4237,4,0,10,1,
2025|2321|3|0|10|1,2025|2321|4222|3|0|10|1,,2025,,2321,4222,3,0,10,1,
2025|2321|3|0|10|3,2025|2321|4222|3|0|10|3,,2025,,2321,4222,3,0,10,3,
2025|2321|3|0|24|1,2025|2321|4222|3|0|24|1,,2025,,2321,4222,3,0,24,1,
2025|2321|4|0|10|8,2025|2321|4222|4|0|10|8,,2025,,2321,4222,4,0,10,8,
2025|2321|4|0|10|3,2025|2321|4222|4|0|10|3,,2025,,2321,4222,4,0,10,3,
2025|2321|4|0|47|1,2025|2321|4222|4|0|47|1,,2025,,2321,4222,4,0,47,1,
2025|2321|4|0|10|1,2025|2321|4222|4|0|10|1,,2025,,2321,4222,4,0,10,1,
2025|2321|4|0|1|1,2025|2321|4222|4|0|1|1,,2025,,2321,4222,4,0,1,1,
2025|2321|4|0|24|1,2025|2321|4222|4|0|24|1,,2025,,2321,4222,4,0,24,1,
2025|2321|3|0|24|1,2025|2321|4212|3|0|24|1,,2025,,2321,4212,3,0,24,1,
2025|2321|3|0|70|1,2025|2321|4212|3|0|70|1,,2025,,2321,4212,3,0,70,1,
2025|2321|3|0|10|1,2025|2321|4212|3|0|10|1,,2025,,2321,4212,3,0,10,1,
2025|2321|1|0|60|9,2025|2321|7004|1|0|60|9,,2025,,2321,7004,1,0,60,9,
2025|2321|3|0|60|9,2025|2321|7004|3|0|60|9,,2025,,2321,7004,3,0,60,9,
2025|2321|1|0|57|2,2025|2321|2417|1|0|57|2,,2025,,2321,2417,1,0,57,2,
2025|2321|1|0|10|1,2025|2321|2417|1|0|10|1,,2025,,2321,2417,1,0,10,1,
2025|2321|3|0|10|7,2025|2321|2417|3|0|10|7,,2025,,2321,2417,3,0,10,7,
2025|2331|3|0|73|1,2025|2331|4026|3|0|73|1,,2025,,2331,4026,3,0,73,1,
2025|2331|4|0|73|1,2025|2331|4026|4|0|73|1,,2025,,2331,4026,4,0,73,1,
2025|2331|3|0|73|1,2025|2331|4024|3|0|73|1,,2025,,2331,4024,3,0,73,1,
2025|2331|4|0|73|1,2025|2331|4024|4|0|73|1,,2025,,2331,4024,4,0,73,1,
2025|2331|1|0|73|9,2025|2331|7004|1|0|73|9,,2025,,2331,7004,1,0,73,9,
2025|2331|3|0|73|1,2025|2331|2500|3|0|73|1,,2025,,2331,2500,3,0,73,1,
2025|2331|4|0|73|1,2025|2331|2500|4|0|73|1,,2025,,2331,2500,4,0,73,1,
2025|2331|1|0|10|1,2025|2331|2417|1|0|10|1,,2025,,2331,2417,1,0,10,1,
2025|2331|1|0|73|1,2025|2331|2417|1|0|73|1,,2025,,2331,2417,1,0,73,1,
2025|2331|3|0|73|7,2025|2331|2417|3|0|73|7,,2025,,2331,2417,3,0,73,7,
2025|2331|1|0|73|1,2025|2331|0|1|0|73|1,,2025,,2331,0,1,0,73,1,
2025|2351|3|0|10|1,2025|2351|1018|3|0|10|1,,2025,,2351,1018,3,0,10,1,
2025|2351|3|0|10|1,2025|2351|4088|3|0|10|1,,2025,,2351,4088,3,0,10,1,
2025|2351|4|0|10|1,2025|2351|4088|4|0|10|1,,2025,,2351,4088,4,0,10,1,
2025|2351|3|0|10|1,2025|2351|4089|3|0|10|1,,2025,,2351,4089,3,0,10,1,
2025|2351|3|0|70|1,2025|2351|4089|3|0|70|1,,2025,,2351,4089,3,0,70,1,
2025|2351|3|0|10|8,2025|2351|4089|3|0|10|8,,2025,,2351,4089,3,0,10,8,
2025|2351|3|0|10|3,2025|2351|4089|3|0|10|3,,2025,,2351,4089,3,0,10,3,
2025|2351|3|0|1|1,2025|2351|4089|3|0|1|1,,2025,,2351,4089,3,0,1,1,
2025|2351|3|0|3|1,2025|2351|4089|3|0|3|1,,2025,,2351,4089,3,0,3,1,
2025|2351|4|0|70|1,2025|2351|4089|4|0|70|1,,2025,,2351,4089,4,0,70,1,
2025|2351|4|0|10|8,2025|2351|4089|4|0|10|8,,2025,,2351,4089,4,0,10,8,
2025|2351|4|0|10|1,2025|2351|4089|4|0|10|1,,2025,,2351,4089,4,0,10,1,
2025|2351|4|0|10|3,2025|2351|4089|4|0|10|3,,2025,,2351,4089,4,0,10,3,
2025|2351|4|0|3|1,2025|2351|4089|4|0|3|1,,2025,,2351,4089,4,0,3,1,
2025|2351|4|0|1|1,2025|2351|4089|4|0|1|1,,2025,,2351,4089,4,0,1,1,
2025|2351|3|0|10|1,2025|2351|4087|3|0|10|1,,2025,,2351,4087,3,0,10,1,
2025|2351|4|0|10|1,2025|2351|4087|4|0|10|1,,2025,,2351,4087,4,0,10,1,
2025|2351|3|0|10|8,2025|2351|4090|3|0|10|8,,2025,,2351,4090,3,0,10,8,
2025|2351|3|0|10|1,2025|2351|4090|3|0|10|1,,2025,,2351,4090,3,0,10,1,
2025|2351|4|0|10|8,2025|2351|4090|4|0|10|8,,2025,,2351,4090,4,0,10,8,
2025|2351|4|0|10|1,2025|2351|4090|4|0|10|1,,2025,,2351,4090,4,0,10,1,
2025|2351|3|0|10|1,2025|2351|4086|3|0|10|1,,2025,,2351,4086,3,0,10,1,
2025|2351|3|0|97|1,2025|2351|4086|3|0|97|1,,2025,,2351,4086,3,0,97,1,
2025|2351|3|0|10|8,2025|2351|4086|3|0|10|8,,2025,,2351,4086,3,0,10,8,
2025|2351|3|0|10|3,2025|2351|4086|3|0|10|3,,2025,,2351,4086,3,0,10,3,
2025|2351|3|0|24|1,2025|2351|4086|3|0|24|1,,2025,,2351,4086,3,0,24,1,
2025|2351|4|0|15|1,2025|2351|4086|4|0|15|1,,2025,,2351,4086,4,0,15,1,
2025|2351|4|0|97|1,2025|2351|4086|4|0|97|1,,2025,,2351,4086,4,0,97,1,
2025|2351|4|0|10|1,2025|2351|4086|4|0|10|1,,2025,,2351,4086,4,0,10,1,
2025|2351|4|0|10|8,2025|2351|4086|4|0|10|8,,2025,,2351,4086,4,0,10,8,
2025|2351|4|0|24|1,2025|2351|4086|4|0|24|1,,2025,,2351,4086,4,0,24,1,
2025|2351|4|0|10|3,2025|2351|4086|4|0|10|3,,2025,,2351,4086,4,0,10,3,
2025|2351|1|0|10|9,2025|2351|7004|1|0|10|9,,2025,,2351,7004,1,0,10,9,
2025|2351|1|0|60|9,2025|2351|7004|1|0|60|9,,2025,,2351,7004,1,0,60,9,
2025|2351|3|0|60|9,2025|2351|7004|3|0|60|9,,2025,,2351,7004,3,0,60,9,
2025|2351|3|0|10|9,2025|2351|7004|3|0|10|9,,2025,,2351,7004,3,0,10,9,
2025|2351|3|0|10|1,2025|2351|2500|3|0|10|1,,2025,,2351,2500,3,0,10,1,
2025|2351|1|0|10|1,2025|2351|2417|1|0|10|1,,2025,,2351,2417,1,0,10,1,
2025|2351|3|0|10|1,2025|2351|2417|3|0|10|1,,2025,,2351,2417,3,0,10,1,
2025|2351|3|0|10|7,2025|2351|2417|3|0|10|7,,2025,,2351,2417,3,0,10,7,
2025|2351|3|0|24|1,2025|2351|0|3|0|24|1,,2025,,2351,0,3,0,24,1,
2025|2351|4|0|70|1,2025|2351|0|4|0|70|1,,2025,,2351,0,4,0,70,1,
2025|2351|4|0|1|1,2025|2351|0|4|0|1|1,,2025,,2351,0,4,0,1,1,
2025|2361|3|0|60|1,2025|2361|7208|3|0|60|1,,2025,,2361,7208,3,0,60,1,
2025|2361|3|0|60|9,2025|2361|7004|3|0|60|9,,2025,,2361,7004,3,0,60,9,
2025|2361|1|0|60|1,2025|2361|2009|1|0|60|1,,2025,,2361,2009,1,0,60,1,
2025|2361|3|0|60|1,2025|2361|2009|3|0|60|1,,2025,,2361,2009,3,0,60,1,
2025|2361|4|0|60|1,2025|2361|2009|4|0|60|1,,2025,,2361,2009,4,0,60,1,
2025|2361|3|0|60|1,2025|2361|2113|3|0|60|1,,2025,,2361,2113,3,0,60,1,
2025|2361|4|0|60|1,2025|2361|2114|4|0|60|1,,2025,,2361,2114,4,0,60,1,
2025|2361|5|0|60|1,2025|2361|2114|5|0|60|1,,2025,,2361,2114,5,0,60,1,
2025|2371|3|0|91|1,2025|2371|4238|3|0|91|1,,2025,,2371,4238,3,0,91,1,
2025|2371|3|0|91|1,2025|2371|4252|3|0|91|1,,2025,,2371,4252,3,0,91,1,
2025|2371|3|0|95|1,2025|2371|4252|3|0|95|1,,2025,,2371,4252,3,0,95,1,
2025|2371|3|0|91|1,2025|2371|4203|3|0|91|1,,2025,,2371,4203,3,0,91,1,
2025|2371|3|1|91|1,2025|2371|4228|3|1|91|1,,2025,,2371,4228,3,1,91,1,
2025|2371|3|1|95|1,2025|2371|4228|3|1|95|1,,2025,,2371,4228,3,1,95,1,
2025|2371|4|1|95|1,2025|2371|4228|4|1|95|1,,2025,,2371,4228,4,1,95,1,
2025|2371|3|0|91|1,2025|2371|4206|3|0|91|1,,2025,,2371,4206,3,0,91,1,
2025|2371|3|0|91|1,2025|2371|4202|3|0|91|1,,2025,,2371,4202,3,0,91,1,
2025|2371|3|0|91|3,2025|2371|4202|3|0|91|3,,2025,,2371,4202,3,0,91,3,
2025|2371|3|0|24|1,2025|2371|4202|3|0|24|1,,2025,,2371,4202,3,0,24,1,
2025|2371|3|0|1|1,2025|2371|4202|3|0|1|1,,2025,,2371,4202,3,0,1,1,
2025|2371|4|0|91|3,2025|2371|4202|4|0|91|3,,2025,,2371,4202,4,0,91,3,
2025|2371|4|0|24|1,2025|2371|4202|4|0|24|1,,2025,,2371,4202,4,0,24,1,
2025|2371|3|0|91|1,2025|2371|4318|3|0|91|1,,2025,,2371,4318,3,0,91,1,
2025|2371|3|0|91|1,2025|2371|4317|3|0|91|1,,2025,,2371,4317,3,0,91,1,
2025|2371|3|0|60|1,2025|2371|4317|3|0|60|1,,2025,,2371,4317,3,0,60,1,
2025|2371|3|0|91|1,2025|2371|4319|3|0|91|1,,2025,,2371,4319,3,0,91,1,
2025|2371|3|0|91|1,2025|2371|4498|3|0|91|1,,2025,,2371,4498,3,0,91,1,
2025|2371|3|0|91|1,2025|2371|4440|3|0|91|1,,2025,,2371,4440,3,0,91,1,
2025|2371|3|0|91|1,2025|2371|4439|3|0|91|1,,2025,,2371,4439,3,0,91,1,
2025|2371|1|0|60|9,2025|2371|7004|1|0|60|9,,2025,,2371,7004,1,0,60,9,
2025|2371|1|0|91|9,2025|2371|7004|1|0|91|9,,2025,,2371,7004,1,0,91,9,
2025|2371|1|0|10|9,2025|2371|7004|1|0|10|9,,2025,,2371,7004,1,0,10,9,
2025|2371|3|0|60|9,2025|2371|7004|3|0|60|9,,2025,,2371,7004,3,0,60,9,
2025|2371|3|0|91|9,2025|2371|7004|3|0|91|9,,2025,,2371,7004,3,0,91,9,
2025|2371|3|0|10|9,2025|2371|7004|3|0|10|9,,2025,,2371,7004,3,0,10,9,
2025|2371|3|0|91|1,2025|2371|2500|3|0|91|1,,2025,,2371,2500,3,0,91,1,
2025|2371|3|0|60|1,2025|2371|2500|3|0|60|1,,2025,,2371,2500,3,0,60,1,
2025|2371|4|0|47|1,2025|2371|2500|4|0|47|1,,2025,,2371,2500,4,0,47,1,
2025|2371|1|0|91|1,2025|2371|2417|1|0|91|1,,2025,,2371,2417,1,0,91,1,
2025|2371|1|0|60|1,2025|2371|2417|1|0|60|1,,2025,,2371,2417,1,0,60,1,
2025|2371|1|0|10|1,2025|2371|2417|1|0|10|1,,2025,,2371,2417,1,0,10,1,
2025|2371|3|0|60|1,2025|2371|2417|3|0|60|1,,2025,,2371,2417,3,0,60,1,
2025|2371|3|0|10|7,2025|2371|2417|3|0|10|7,,2025,,2371,2417,3,0,10,7,
2025|2371|3|0|24|1,2025|2371|0|3|0|24|1,,2025,,2371,0,3,0,24,1,
2025|2421|1|0|71|1,2025|2421|1028|1|0|71|1,,2025,,2421,1028,1,0,71,1,
2025|2421|3|0|71|7,2025|2421|1028|3|0|71|7,,2025,,2421,1028,3,0,71,7,
2025|2421|3|0|10|8,2025|2421|1028|3|0|10|8,,2025,,2421,1028,3,0,10,8,
2025|2421|3|0|71|1,2025|2421|1028|3|0|71|1,,2025,,2421,1028,3,0,71,1,
2025|2421|3|0|9|1,2025|2421|1028|3|0|9|1,,2025,,2421,1028,3,0,9,1,
2025|2421|4|0|71|1,2025|2421|1028|4|0|71|1,,2025,,2421,1028,4,0,71,1,
2025|2421|4|0|15|1,2025|2421|1028|4|0|15|1,,2025,,2421,1028,4,0,15,1,
2025|2421|4|0|9|1,2025|2421|1028|4|0|9|1,,2025,,2421,1028,4,0,9,1,
2025|2421|3|0|71|1,2025|2421|1095|3|0|71|1,,2025,,2421,1095,3,0,71,1,
2025|2421|3|0|10|3,2025|2421|1095|3|0|10|3,,2025,,2421,1095,3,0,10,3,
2025|2421|3|0|24|1,2025|2421|1095|3|0|24|1,,2025,,2421,1095,3,0,24,1,
2025|2421|4|0|24|1,2025|2421|1095|4|0|24|1,,2025,,2421,1095,4,0,24,1,
2025|2421|3|0|71|1,2025|2421|1025|3|0|71|1,,2025,,2421,1025,3,0,71,1,
2025|2421|3|0|15|1,2025|2421|1025|3|0|15|1,,2025,,2421,1025,3,0,15,1,
2025|2421|3|0|10|8,2025|2421|1025|3|0|10|8,,2025,,2421,1025,3,0,10,8,
2025|2421|3|0|24|1,2025|2421|1025|3|0|24|1,,2025,,2421,1025,3,0,24,1,
2025|2421|4|0|71|1,2025|2421|1025|4|0|71|1,,2025,,2421,1025,4,0,71,1,
2025|2421|4|0|10|8,2025|2421|1025|4|0|10|8,,2025,,2421,1025,4,0,10,8,
2025|2421|3|0|10|8,2025|2421|4323|3|0|10|8,,2025,,2421,4323,3,0,10,8,
2025|2421|3|0|15|1,2025|2421|4323|3|0|15|1,,2025,,2421,4323,3,0,15,1,
2025|2421|3|0|71|1,2025|2421|4323|3|0|71|1,,2025,,2421,4323,3,0,71,1,
2025|2421|3|0|24|1,2025|2421|4323|3|0|24|1,,2025,,2421,4323,3,0,24,1,
2025|2421|1|0|71|1,2025|2421|4325|1|0|71|1,,2025,,2421,4325,1,0,71,1,
2025|2421|3|0|15|1,2025|2421|4325|3|0|15|1,,2025,,2421,4325,3,0,15,1,
2025|2421|3|0|71|3,2025|2421|4325|3|0|71|3,,2025,,2421,4325,3,0,71,3,
2025|2421|3|0|10|3,2025|2421|4325|3|0|10|3,,2025,,2421,4325,3,0,10,3,
2025|2421|3|0|71|1,2025|2421|4325|3|0|71|1,,2025,,2421,4325,3,0,71,1,
2025|2421|3|0|10|8,2025|2421|4325|3|0|10|8,,2025,,2421,4325,3,0,10,8,
2025|2421|3|0|71|7,2025|2421|4325|3|0|71|7,,2025,,2421,4325,3,0,71,7,
2025|2421|3|0|24|1,2025|2421|4325|3|0|24|1,,2025,,2421,4325,3,0,24,1,
2025|2421|4|0|10|8,2025|2421|4325|4|0|10|8,,2025,,2421,4325,4,0,10,8,
2025|2421|4|0|71|1,2025|2421|4325|4|0|71|1,,2025,,2421,4325,4,0,71,1,
2025|2421|1|0|71|1,2025|2421|4516|1|0|71|1,,2025,,2421,4516,1,0,71,1,
2025|2421|3|0|71|7,2025|2421|4516|3|0|71|7,,2025,,2421,4516,3,0,71,7,
2025|2421|4|0|10|8,2025|2421|4516|4|0|10|8,,2025,,2421,4516,4,0,10,8,
2025|2421|4|0|71|1,2025|2421|4516|4|0|71|1,,2025,,2421,4516,4,0,71,1,
2025|2421|4|0|15|1,2025|2421|4516|4|0|15|1,,2025,,2421,4516,4,0,15,1,
2025|2421|4|0|1|1,2025|2421|4516|4|0|1|1,,2025,,2421,4516,4,0,1,1,
2025|2421|4|0|10|4,2025|2421|4516|4|0|10|4,,2025,,2421,4516,4,0,10,4,
2025|2421|4|0|24|1,2025|2421|4516|4|0|24|1,,2025,,2421,4516,4,0,24,1,
2025|2421|3|0|71|1,2025|2421|4320|3|0|71|1,,2025,,2421,4320,3,0,71,1,
2025|2421|3|0|10|3,2025|2421|4320|3|0|10|3,,2025,,2421,4320,3,0,10,3,
2025|2421|3|0|24|1,2025|2421|4320|3|0|24|1,,2025,,2421,4320,3,0,24,1,
2025|2421|3|0|10|9,2025|2421|7004|3|0|10|9,,2025,,2421,7004,3,0,10,9,
2025|2421|1|0|71|1,2025|2421|2500|1|0|71|1,,2025,,2421,2500,1,0,71,1,
2025|2421|3|0|71|1,2025|2421|2500|3|0|71|1,,2025,,2421,2500,3,0,71,1,
2025|2421|3|0|71|7,2025|2421|2500|3|0|71|7,,2025,,2421,2500,3,0,71,7,
2025|2421|4|0|10|8,2025|2421|2500|4|0|10|8,,2025,,2421,2500,4,0,10,8,
2025|2421|4|0|71|1,2025|2421|2500|4|0|71|1,,2025,,2421,2500,4,0,71,1,
2025|2421|3|0|9|1,2025|2421|0|3|0|9|1,,2025,,2421,0,3,0,9,1,
2025|2431|3|0|60|1,2025|2431|4446|3|0|60|1,,2025,,2431,4446,3,0,60,1,
2025|2431|3|0|10|1,2025|2431|4447|3|0|10|1,,2025,,2431,4447,3,0,10,1,
2025|2431|3|0|95|1,2025|2431|4447|3|0|95|1,,2025,,2431,4447,3,0,95,1,
2025|2431|1|0|10|9,2025|2431|7004|1|0|10|9,,2025,,2431,7004,1,0,10,9,
2025|2431|3|0|10|1,2025|2431|2500|3|0|10|1,,2025,,2431,2500,3,0,10,1,
2025|2431|3|0|60|1,2025|2431|2500|3|0|60|1,,2025,,2431,2500,3,0,60,1,
2025|2431|4|0|60|1,2025|2431|2500|4|0|60|1,,2025,,2431,2500,4,0,60,1,
2025|2431|1|0|10|1,2025|2431|2417|1|0|10|1,,2025,,2431,2417,1,0,10,1,
2025|2431|3|0|10|7,2025|2431|2417|3|0|10|7,,2025,,2431,2417,3,0,10,7,
2025|2441|3|0|59|1,2025|2441|4015|3|0|59|1,,2025,,2441,4015,3,0,59,1,
2025|2441|4|0|59|1,2025|2441|4015|4|0|59|1,,2025,,2441,4015,4,0,59,1,
2025|2441|3|0|59|1,2025|2441|4013|3|0|59|1,,2025,,2441,4013,3,0,59,1,
2025|2441|3|0|59|1,2025|2441|4014|3|0|59|1,,2025,,2441,4014,3,0,59,1,
2025|2441|4|0|59|1,2025|2441|4014|4|0|59|1,,2025,,2441,4014,4,0,59,1,
2025|2441|1|0|59|9,2025|2441|7004|1|0|59|9,,2025,,2441,7004,1,0,59,9,
2025|2441|3|0|59|1,2025|2441|2500|3|0|59|1,,2025,,2441,2500,3,0,59,1,
2025|2441|1|0|59|1,2025|2441|2417|1|0|59|1,,2025,,2441,2417,1,0,59,1,
2025|2441|3|0|59|7,2025|2441|2417|3|0|59|7,,2025,,2441,2417,3,0,59,7,
2025|2461|3|0|10|1,2025|2461|4286|3|0|10|1,,2025,,2461,4286,3,0,10,1,
2025|2461|3|0|32|1,2025|2461|4286|3|0|32|1,,2025,,2461,4286,3,0,32,1,
2025|2461|4|0|10|1,2025|2461|4286|4|0|10|1,,2025,,2461,4286,4,0,10,1,
2025|2461|3|0|10|1,2025|2461|4273|3|0|10|1,,2025,,2461,4273,3,0,10,1,
2025|2461|3|0|32|1,2025|2461|4273|3|0|32|1,,2025,,2461,4273,3,0,32,1,
2025|2461|3|0|60|1,2025|2461|4273|3|0|60|1,,2025,,2461,4273,3,0,60,1,
2025|2461|3|1|32|1,2025|2461|4528|3|1|32|1,,2025,,2461,4528,3,1,32,1,
2025|2461|3|1|10|3,2025|2461|4528|3|1|10|3,,2025,,2461,4528,3,1,10,3,
2025|2461|3|1|24|1,2025|2461|4528|3|1|24|1,,2025,,2461,4528,3,1,24,1,
2025|2461|4|1|32|1,2025|2461|4528|4|1|32|1,,2025,,2461,4528,4,1,32,1,
2025|2461|1|0|10|9,2025|2461|7004|1|0|10|9,,2025,,2461,7004,1,0,10,9,
2025|2461|3|0|10|1,2025|2461|2500|3|0|10|1,,2025,,2461,2500,3,0,10,1,
2025|2461|1|0|10|1,2025|2461|2417|1|0|10|1,,2025,,2461,2417,1,0,10,1,
2025|2461|3|0|10|7,2025|2461|2417|3|0|10|7,,2025,,2461,2417,3,0,10,7,
2025|2471|3|0|10|1,2025|2471|4208|3|0|10|1,,2025,,2471,4208,3,0,10,1,
2025|2471|3|0|60|2,2025|2471|4208|3|0|60|2,,2025,,2471,4208,3,0,60,2,
2025|2471|3|0|59|1,2025|2471|4208|3|0|59|1,,2025,,2471,4208,3,0,59,1,
2025|2471|4|0|10|1,2025|2471|4208|4|0|10|1,,2025,,2471,4208,4,0,10,1,
2025|2471|4|0|60|2,2025|2471|4208|4|0|60|2,,2025,,2471,4208,4,0,60,2,
2025|2471|1|0|10|1,2025|2471|2417|1|0|10|1,,2025,,2471,2417,1,0,10,1,
2025|2471|3|0|10|7,2025|2471|2417|3|0|10|7,,2025,,2471,2417,3,0,10,7,
2025|3041|3|0|80|1,2025|3041|4235|3|0|80|1,,2025,,3041,4235,3,0,80,1,
2025|3041|3|0|60|1,2025|3041|4235|3|0|60|1,,2025,,3041,4235,3,0,60,1,
2025|3041|3|0|1|1,2025|3041|4235|3|0|1|1,,2025,,3041,4235,3,0,1,1,
2025|3041|3|0|60|3,2025|3041|4235|3|0|60|3,,2025,,3041,4235,3,0,60,3,
2025|3041|3|0|24|1,2025|3041|4235|3|0|24|1,,2025,,3041,4235,3,0,24,1,
2025|3041|3|0|2|1,2025|3041|4235|3|0|2|1,,2025,,3041,4235,3,0,2,1,
2025|3041|3|0|67|1,2025|3041|4235|3|0|67|1,,2025,,3041,4235,3,0,67,1,
2025|3041|4|0|10|8,2025|3041|4235|4|0|10|8,,2025,,3041,4235,4,0,10,8,
2025|3041|4|0|60|1,2025|3041|4235|4|0|60|1,,2025,,3041,4235,4,0,60,1,
2025|3041|4|0|10|4,2025|3041|4235|4|0|10|4,,2025,,3041,4235,4,0,10,4,
2025|3041|4|0|60|3,2025|3041|4235|4|0|60|3,,2025,,3041,4235,4,0,60,3,
2025|3041|4|0|24|1,2025|3041|4235|4|0|24|1,,2025,,3041,4235,4,0,24,1,
2025|3041|4|0|1|1,2025|3041|4235|4|0|1|1,,2025,,3041,4235,4,0,1,1,
2025|3041|4|0|97|1,2025|3041|4235|4|0|97|1,,2025,,3041,4235,4,0,97,1,
2025|3041|4|0|2|1,2025|3041|4235|4|0|2|1,,2025,,3041,4235,4,0,2,1,
2025|3041|4|0|80|1,2025|3041|4235|4|0|80|1,,2025,,3041,4235,4,0,80,1,
2025|3041|3|0|67|1,2025|3041|1034|3|0|67|1,,2025,,3041,1034,3,0,67,1,
2025|3041|4|0|60|1,2025|3041|1034|4|0|60|1,,2025,,3041,1034,4,0,60,1,
2025|3041|3|0|79|2,2025|3041|4236|3|0|79|2,,2025,,3041,4236,3,0,79,2,
2025|3041|3|0|10|1,2025|3041|4236|3|0|10|1,,2025,,3041,4236,3,0,10,1,
2025|3041|3|0|15|1,2025|3041|4236|3|0|15|1,,2025,,3041,4236,3,0,15,1,
2025|3041|3|0|67|1,2025|3041|4236|3|0|67|1,,2025,,3041,4236,3,0,67,1,
2025|3041|3|0|10|8,2025|3041|4236|3|0|10|8,,2025,,3041,4236,3,0,10,8,
2025|3041|4|0|71|1,2025|3041|4236|4|0|71|1,,2025,,3041,4236,4,0,71,1,
2025|3041|4|0|15|1,2025|3041|4236|4|0|15|1,,2025,,3041,4236,4,0,15,1,
2025|3041|4|0|60|1,2025|3041|4236|4|0|60|1,,2025,,3041,4236,4,0,60,1,
2025|3041|4|0|10|8,2025|3041|4236|4|0|10|8,,2025,,3041,4236,4,0,10,8,
2025|3041|3|0|60|1,2025|3041|1044|3|0|60|1,,2025,,3041,1044,3,0,60,1,
2025|3041|3|0|67|1,2025|3041|1045|3|0|67|1,,2025,,3041,1045,3,0,67,1,
2025|3041|1|0|60|9,2025|3041|7004|1|0|60|9,,2025,,3041,7004,1,0,60,9,
2025|3041|3|0|67|1,2025|3041|2500|3|0|67|1,,2025,,3041,2500,3,0,67,1,
2025|3041|1|0|60|1,2025|3041|2417|1|0|60|1,,2025,,3041,2417,1,0,60,1,
2025|3041|1|0|67|1,2025|3041|2417|1|0|67|1,,2025,,3041,2417,1,0,67,1,
2025|3041|1|0|10|1,2025|3041|2417|1|0|10|1,,2025,,3041,2417,1,0,10,1,
2025|3041|4|0|1|1,2025|3041|0|4|0|1|1,,2025,,3041,0,4,0,1,1,
2025|3051|3|0|10|1,2025|3051|4370|3|0|10|1,,2025,,3051,4370,3,0,10,1,
2025|3051|3|0|10|1,2025|3051|4371|3|0|10|1,,2025,,3051,4371,3,0,10,1,
2025|3051|1|0|10|1,2025|3051|4016|1|0|10|1,,2025,,3051,4016,1,0,10,1,
2025|3051|3|0|60|1,2025|3051|4016|3|0|60|1,,2025,,3051,4016,3,0,60,1,
2025|3051|3|0|10|1,2025|3051|4016|3|0|10|1,,2025,,3051,4016,3,0,10,1,
2025|3051|4|0|10|1,2025|3051|4016|4|0|10|1,,2025,,3051,4016,4,0,10,1,
2025|3051|3|0|60|1,2025|3051|4023|3|0|60|1,,2025,,3051,4023,3,0,60,1,
2025|3051|3|0|60|1,2025|3051|4020|3|0|60|1,,2025,,3051,4020,3,0,60,1,
2025|3051|3|0|60|1,2025|3051|4021|3|0|60|1,,2025,,3051,4021,3,0,60,1,
2025|3051|3|0|60|1,2025|3051|4022|3|0|60|1,,2025,,3051,4022,3,0,60,1,
2025|3051|3|0|60|1,2025|3051|4019|3|0|60|1,,2025,,3051,4019,3,0,60,1,
2025|3051|3|0|60|1,2025|3051|4018|3|0|60|1,,2025,,3051,4018,3,0,60,1,
2025|3051|3|0|10|8,2025|3051|4018|3|0|10|8,,2025,,3051,4018,3,0,10,8,
2025|3051|3|0|60|3,2025|3051|4018|3|0|60|3,,2025,,3051,4018,3,0,60,3,
2025|3051|3|0|10|3,2025|3051|4018|3|0|10|3,,2025,,3051,4018,3,0,10,3,
2025|3051|3|0|2|1,2025|3051|4018|3|0|2|1,,2025,,3051,4018,3,0,2,1,
2025|3051|3|0|1|1,2025|3051|4018|3|0|1|1,,2025,,3051,4018,3,0,1,1,
2025|3051|3|0|70|1,2025|3051|4018|3|0|70|1,,2025,,3051,4018,3,0,70,1,
2025|3051|3|0|10|1,2025|3051|4018|3|0|10|1,,2025,,3051,4018,3,0,10,1,
2025|3051|3|0|59|1,2025|3051|4018|3|0|59|1,,2025,,3051,4018,3,0,59,1,
2025|3051|3|0|24|1,2025|3051|4018|3|0|24|1,,2025,,3051,4018,3,0,24,1,
2025|3051|4|0|15|1,2025|3051|4018|4|0|15|1,,2025,,3051,4018,4,0,15,1,
2025|3051|4|0|10|8,2025|3051|4018|4|0|10|8,,2025,,3051,4018,4,0,10,8,
2025|3051|4|0|59|1,2025|3051|4018|4|0|59|1,,2025,,3051,4018,4,0,59,1,
2025|3051|4|0|60|1,2025|3051|4018|4|0|60|1,,2025,,3051,4018,4,0,60,1,
2025|3051|4|0|47|1,2025|3051|4018|4|0|47|1,,2025,,3051,4018,4,0,47,1,
2025|3051|4|0|10|3,2025|3051|4018|4|0|10|3,,2025,,3051,4018,4,0,10,3,
2025|3051|4|0|70|1,2025|3051|4018|4|0|70|1,,2025,,3051,4018,4,0,70,1,
2025|3051|4|0|2|1,2025|3051|4018|4|0|2|1,,2025,,3051,4018,4,0,2,1,
2025|3051|4|0|1|1,2025|3051|4018|4|0|1|1,,2025,,3051,4018,4,0,1,1,
2025|3051|4|0|24|1,2025|3051|4018|4|0|24|1,,2025,,3051,4018,4,0,24,1,
2025|3051|1|0|10|9,2025|3051|7004|1|0|10|9,,2025,,3051,7004,1,0,10,9,
2025|3051|3|0|60|1,2025|3051|2500|3|0|60|1,,2025,,3051,2500,3,0,60,1,
2025|3051|3|0|10|1,2025|3051|2500|3|0|10|1,,2025,,3051,2500,3,0,10,1,
2025|3051|1|0|10|1,2025|3051|2417|1|0|10|1,,2025,,3051,2417,1,0,10,1,
2025|3051|4|0|24|1,2025|3051|0|4|0|24|1,,2025,,3051,0,4,0,24,1,
2025|3151|3|1|59|2,2025|3151|4424|3|1|59|2,,2025,,3151,4424,3,1,59,2,
2025|3151|3|0|10|1,2025|3151|4333|3|0|10|1,,2025,,3151,4333,3,0,10,1,
2025|3151|1|0|10|1,2025|3151|2031|1|0|10|1,,2025,,3151,2031,1,0,10,1,
2025|3151|3|0|10|1,2025|3151|2031|3|0|10|1,,2025,,3151,2031,3,0,10,1,
2025|3151|1|0|10|1,2025|3151|4295|1|0|10|1,,2025,,3151,4295,1,0,10,1,
2025|3151|3|0|10|1,2025|3151|4295|3|0|10|1,,2025,,3151,4295,3,0,10,1,
2025|3151|3|0|60|1,2025|3151|4296|3|0|60|1,,2025,,3151,4296,3,0,60,1,
2025|3151|3|0|10|1,2025|3151|4296|3|0|10|1,,2025,,3151,4296,3,0,10,1,
2025|3151|1|0|10|1,2025|3151|4294|1|0|10|1,,2025,,3151,4294,1,0,10,1,
2025|3151|3|0|10|1,2025|3151|4294|3|0|10|1,,2025,,3151,4294,3,0,10,1,
2025|3151|3|0|60|1,2025|3151|4297|3|0|60|1,,2025,,3151,4297,3,0,60,1,
2025|3151|3|0|10|1,2025|3151|4297|3|0|10|1,,2025,,3151,4297,3,0,10,1,
2025|3151|1|0|10|1,2025|3151|4315|1|0|10|1,,2025,,3151,4315,1,0,10,1,
2025|3151|3|0|60|1,2025|3151|4315|3|0|60|1,,2025,,3151,4315,3,0,60,1,
2025|3151|3|0|10|1,2025|3151|4315|3|0|10|1,,2025,,3151,4315,3,0,10,1,
2025|3151|3|0|10|1,2025|3151|2052|3|0|10|1,,2025,,3151,2052,3,0,10,1,
2025|3151|1|0|10|1,2025|3151|4316|1|0|10|1,,2025,,3151,4316,1,0,10,1,
2025|3151|3|0|10|1,2025|3151|4316|3|0|10|1,,2025,,3151,4316,3,0,10,1,
2025|3151|4|0|10|1,2025|3151|4316|4|0|10|1,,2025,,3151,4316,4,0,10,1,
2025|3151|1|0|10|9,2025|3151|7004|1|0|10|9,,2025,,3151,7004,1,0,10,9,
2025|3151|3|0|10|9,2025|3151|7004|3|0|10|9,,2025,,3151,7004,3,0,10,9,
2025|3151|1|0|10|1,2025|3151|2500|1|0|10|1,,2025,,3151,2500,1,0,10,1,
2025|3151|3|0|10|1,2025|3151|2500|3|0|10|1,,2025,,3151,2500,3,0,10,1,
2025|4031|3|0|77|1,2025|4031|2109|3|0|77|1,,2025,,4031,2109,3,0,77,1,
2025|4031|3|0|60|7,2025|4031|2055|3|0|60|7,,2025,,4031,2055,3,0,60,7,
2025|4031|3|0|77|1,2025|4031|2025|3|0|77|1,,2025,,4031,2025,3,0,77,1,
2025|4031|4|0|77|1,2025|4031|2025|4|0|77|1,,2025,,4031,2025,4,0,77,1,
2025|4031|3|0|77|1,2025|4031|2091|3|0|77|1,,2025,,4031,2091,3,0,77,1,
2025|4031|4|0|60|1,2025|4031|2091|4|0|60|1,,2025,,4031,2091,4,0,60,1,
2025|4031|4|0|77|1,2025|4031|2091|4|0|77|1,,2025,,4031,2091,4,0,77,1,
2025|4031|3|0|70|1,2025|4031|4395|3|0|70|1,,2025,,4031,4395,3,0,70,1,
2025|4031|3|0|61|1,2025|4031|4395|3|0|61|1,,2025,,4031,4395,3,0,61,1,
2025|4031|3|0|60|2,2025|4031|4395|3|0|60|2,,2025,,4031,4395,3,0,60,2,
2025|4031|3|0|60|1,2025|4031|4395|3|0|60|1,,2025,,4031,4395,3,0,60,1,
2025|4031|3|0|77|1,2025|4031|4395|3|0|77|1,,2025,,4031,4395,3,0,77,1,
2025|4031|4|0|47|1,2025|4031|4395|4|0|47|1,,2025,,4031,4395,4,0,47,1,
2025|4031|4|0|77|1,2025|4031|4395|4|0|77|1,,2025,,4031,4395,4,0,77,1,
2025|4031|4|0|60|1,2025|4031|4395|4|0|60|1,,2025,,4031,4395,4,0,60,1,
2025|4031|4|0|70|1,2025|4031|0|4|0|70|1,,2025,,4031,0,4,0,70,1,
2025|4091|3|0|45|1,2025|4091|4207|3|0|45|1,,2025,,4091,4207,3,0,45,1,
2025|4091|4|0|45|1,2025|4091|4207|4|0|45|1,,2025,,4091,4207,4,0,45,1,
2025|4091|3|0|45|1,2025|4091|4428|3|0|45|1,,2025,,4091,4428,3,0,45,1,
2025|4101|3|0|60|1,2025|4101|4427|3|0|60|1,,2025,,4101,4427,3,0,60,1,
2025|4101|3|0|60|1,2025|4101|2075|3|0|60|1,,2025,,4101,2075,3,0,60,1,
2025|4101|5|0|60|1,2025|4101|2075|5|0|60|1,,2025,,4101,2075,5,0,60,1,
2025|4111|5|0|60|1,2025|4111|4043|5|0|60|1,,2025,,4111,4043,5,0,60,1,
2025|4111|5|0|60|1,2025|4111|4041|5|0|60|1,,2025,,4111,4041,5,0,60,1,
2025|4111|5|0|60|1,2025|4111|4042|5|0|60|1,,2025,,4111,4042,5,0,60,1,
2025|4121|3|0|60|1,2025|4121|4539|3|0|60|1,,2025,,4121,4539,3,0,60,1,
2025|4121|5|0|60|1,2025|4121|4084|5|0|60|1,,2025,,4121,4084,5,0,60,1,
2025|4141|3|0|10|3,2025|4141|1046|3|0|10|3,,2025,,4141,1046,3,0,10,3,
2025|4141|3|0|39|1,2025|4141|1046|3|0|39|1,,2025,,4141,1046,3,0,39,1,
2025|4141|3|0|57|1,2025|4141|1046|3|0|57|1,,2025,,4141,1046,3,0,57,1,
2025|4141|4|0|39|1,2025|4141|1046|4|0|39|1,,2025,,4141,1046,4,0,39,1,
2025|4141|4|0|57|1,2025|4141|1046|4|0|57|1,,2025,,4141,1046,4,0,57,1,
2025|4141|4|0|57|1,2025|4141|0|4|0|57|1,,2025,,4141,0,4,0,57,1,
2025|4151|3|0|10|1,2025|4151|4497|3|0|10|1,,2025,,4151,4497,3,0,10,1,
2025|4251|3|0|10|8,2025|4251|2074|3|0|10|8,,2025,,4251,2074,3,0,10,8,
2025|4251|3|0|71|1,2025|4251|2074|3|0|71|1,,2025,,4251,2074,3,0,71,1,
2025|4251|4|0|10|8,2025|4251|2074|4|0|10|8,,2025,,4251,2074,4,0,10,8,
2025|4251|4|0|5|1,2025|4251|2074|4|0|5|1,,2025,,4251,2074,4,0,5,1,
2025|4251|4|0|71|1,2025|4251|2074|4|0|71|1,,2025,,4251,2074,4,0,71,1,
2025|4251|4|0|6|1,2025|4251|2074|4|0|6|1,,2025,,4251,2074,4,0,6,1,
2025|4251|3|0|71|1,2025|4251|4435|3|0|71|1,,2025,,4251,4435,3,0,71,1,
2025|4251|3|0|56|1,2025|4251|4435|3|0|56|1,,2025,,4251,4435,3,0,56,1,
2025|4251|4|0|56|1,2025|4251|4435|4|0|56|1,,2025,,4251,4435,4,0,56,1,
2025|4251|3|0|56|1,2025|4251|4434|3|0|56|1,,2025,,4251,4434,3,0,56,1,
2025|4251|3|0|71|1,2025|4251|4434|3|0|71|1,,2025,,4251,4434,3,0,71,1,
2025|4251|3|0|71|1,2025|4251|4433|3|0|71|1,,2025,,4251,4433,3,0,71,1,
2025|4251|3|0|56|1,2025|4251|4433|3|0|56|1,,2025,,4251,4433,3,0,56,1,
2025|4251|3|0|80|1,2025|4251|4433|3|0|80|1,,2025,,4251,4433,3,0,80,1,
2025|4251|4|0|71|1,2025|4251|4433|4|0|71|1,,2025,,4251,4433,4,0,71,1,
2025|4251|4|0|56|1,2025|4251|4433|4|0|56|1,,2025,,4251,4433,4,0,56,1,
2025|4251|3|0|56|1,2025|4251|4430|3|0|56|1,,2025,,4251,4430,3,0,56,1,
2025|4251|3|0|71|1,2025|4251|4430|3|0|71|1,,2025,,4251,4430,3,0,71,1,
2025|4251|3|0|71|1,2025|4251|4429|3|0|71|1,,2025,,4251,4429,3,0,71,1,
2025|4251|3|0|56|1,2025|4251|4429|3|0|56|1,,2025,,4251,4429,3,0,56,1,
2025|4251|4|0|56|1,2025|4251|4429|4|0|56|1,,2025,,4251,4429,4,0,56,1,
2025|4251|3|0|71|1,2025|4251|4025|3|0|71|1,,2025,,4251,4025,3,0,71,1,
2025|4251|3|0|71|1,2025|4251|4431|3|0|71|1,,2025,,4251,4431,3,0,71,1,
2025|4251|3|0|71|1,2025|4251|1096|3|0|71|1,,2025,,4251,1096,3,0,71,1,
2025|4251|4|0|56|1,2025|4251|0|4|0|56|1,,2025,,4251,0,4,0,56,1,
2025|4291|3|0|10|8,2025|4291|4123|3|0|10|8,,2025,,4291,4123,3,0,10,8,
2025|4291|4|0|71|1,2025|4291|4123|4|0|71|1,,2025,,4291,4123,4,0,71,1,
2025|4291|4|0|10|1,2025|4291|4123|4|0|10|1,,2025,,4291,4123,4,0,10,1,
2025|4291|4|0|10|8,2025|4291|4123|4|0|10|8,,2025,,4291,4123,4,0,10,8,
2025|4291|4|0|93|1,2025|4291|4123|4|0|93|1,,2025,,4291,4123,4,0,93,1,
2025|4291|3|1|10|1,2025|4291|1020|3|1|10|1,,2025,,4291,1020,3,1,10,1,
2025|4291|3|1|95|1,2025|4291|1020|3|1|95|1,,2025,,4291,1020,3,1,95,1,
2025|4291|4|1|95|1,2025|4291|1020|4|1|95|1,,2025,,4291,1020,4,1,95,1,
2025|4291|3|0|10|8,2025|4291|4122|3|0|10|8,,2025,,4291,4122,3,0,10,8,
2025|4291|3|0|10|1,2025|4291|4122|3|0|10|1,,2025,,4291,4122,3,0,10,1,
2025|4291|3|0|92|1,2025|4291|4122|3|0|92|1,,2025,,4291,4122,3,0,92,1,
2025|4291|3|0|10|4,2025|4291|4122|3|0|10|4,,2025,,4291,4122,3,0,10,4,
2025|4291|3|0|92|1,2025|4291|4121|3|0|92|1,,2025,,4291,4121,3,0,92,1,
2025|4291|3|0|10|1,2025|4291|4121|3|0|10|1,,2025,,4291,4121,3,0,10,1,
2025|4291|3|0|10|8,2025|4291|4121|3|0|10|8,,2025,,4291,4121,3,0,10,8,
2025|4291|3|0|63|1,2025|4291|4121|3|0|63|1,,2025,,4291,4121,3,0,63,1,
2025|4291|3|0|62|1,2025|4291|4121|3|0|62|1,,2025,,4291,4121,3,0,62,1,
2025|4291|4|0|10|8,2025|4291|4121|4|0|10|8,,2025,,4291,4121,4,0,10,8,
2025|4291|4|0|64|1,2025|4291|4121|4|0|64|1,,2025,,4291,4121,4,0,64,1,
2025|4291|4|0|65|1,2025|4291|4121|4|0|65|1,,2025,,4291,4121,4,0,65,1,
2025|4291|3|0|10|1,2025|4291|2026|3|0|10|1,,2025,,4291,2026,3,0,10,1,
2025|4291|3|0|92|1,2025|4291|2026|3|0|92|1,,2025,,4291,2026,3,0,92,1,
2025|4291|3|0|10|1,2025|4291|4458|3|0|10|1,,2025,,4291,4458,3,0,10,1,
2025|4291|4|0|10|1,2025|4291|4458|4|0|10|1,,2025,,4291,4458,4,0,10,1,
2025|4291|4|0|10|8,2025|4291|4458|4|0|10|8,,2025,,4291,4458,4,0,10,8,
2025|4291|3|0|10|1,2025|4291|2023|3|0|10|1,,2025,,4291,2023,3,0,10,1,
2025|4291|3|0|92|1,2025|4291|2023|3|0|92|1,,2025,,4291,2023,3,0,92,1,
2025|4291|4|0|10|1,2025|4291|2023|4|0|10|1,,2025,,4291,2023,4,0,10,1,
2025|4291|3|0|92|1,2025|4291|2024|3|0|92|1,,2025,,4291,2024,3,0,92,1,
2025|4291|3|0|10|1,2025|4291|2024|3|0|10|1,,2025,,4291,2024,3,0,10,1,
2025|4291|4|0|10|1,2025|4291|2024|4|0|10|1,,2025,,4291,2024,4,0,10,1,
2025|4291|3|0|10|1,2025|4291|1022|3|0|10|1,,2025,,4291,1022,3,0,10,1,
2025|4291|3|0|71|1,2025|4291|4126|3|0|71|1,,2025,,4291,4126,3,0,71,1,
2025|4291|3|0|10|8,2025|4291|4126|3|0|10|8,,2025,,4291,4126,3,0,10,8,
2025|4291|3|0|10|1,2025|4291|4126|3|0|10|1,,2025,,4291,4126,3,0,10,1,
2025|4291|3|0|92|1,2025|4291|4126|3|0|92|1,,2025,,4291,4126,3,0,92,1,
2025|4291|4|0|71|1,2025|4291|4126|4|0|71|1,,2025,,4291,4126,4,0,71,1,
2025|4291|4|0|10|1,2025|4291|4126|4|0|10|1,,2025,,4291,4126,4,0,10,1,
2025|4291|3|0|10|1,2025|4291|4127|3|0|10|1,,2025,,4291,4127,3,0,10,1,
2025|4291|3|0|10|8,2025|4291|4127|3|0|10|8,,2025,,4291,4127,3,0,10,8,
2025|4291|4|0|10|1,2025|4291|4127|4|0|10|1,,2025,,4291,4127,4,0,10,1,
2025|4291|4|0|15|1,2025|4291|4127|4|0|15|1,,2025,,4291,4127,4,0,15,1,
2025|4291|4|0|10|8,2025|4291|4127|4|0|10|8,,2025,,4291,4127,4,0,10,8,
2025|4291|3|0|10|1,2025|4291|4125|3|0|10|1,,2025,,4291,4125,3,0,10,1,
2025|4291|3|0|10|8,2025|4291|4125|3|0|10|8,,2025,,4291,4125,3,0,10,8,
2025|4291|4|0|10|8,2025|4291|4125|4|0|10|8,,2025,,4291,4125,4,0,10,8,
2025|4291|4|0|80|1,2025|4291|4125|4|0|80|1,,2025,,4291,4125,4,0,80,1,
2025|4291|3|0|10|1,2025|4291|4132|3|0|10|1,,2025,,4291,4132,3,0,10,1,
2025|4291|4|0|10|8,2025|4291|4132|4|0|10|8,,2025,,4291,4132,4,0,10,8,
2025|4291|4|0|10|1,2025|4291|4132|4|0|10|1,,2025,,4291,4132,4,0,10,1,
2025|4291|3|0|10|8,2025|4291|4130|3|0|10|8,,2025,,4291,4130,3,0,10,8,
2025|4291|3|0|10|1,2025|4291|4130|3|0|10|1,,2025,,4291,4130,3,0,10,1,
2025|4291|4|0|10|8,2025|4291|4130|4|0|10|8,,2025,,4291,4130,4,0,10,8,
2025|4291|4|0|10|1,2025|4291|4130|4|0|10|1,,2025,,4291,4130,4,0,10,1,
2025|4291|3|0|10|8,2025|4291|4129|3|0|10|8,,2025,,4291,4129,3,0,10,8,
2025|4291|3|0|71|1,2025|4291|4129|3|0|71|1,,2025,,4291,4129,3,0,71,1,
2025|4291|3|0|92|1,2025|4291|4129|3|0|92|1,,2025,,4291,4129,3,0,92,1,
2025|4291|3|0|10|4,2025|4291|4129|3|0|10|4,,2025,,4291,4129,3,0,10,4,
2025|4291|3|0|10|1,2025|4291|4129|3|0|10|1,,2025,,4291,4129,3,0,10,1,
2025|4291|4|0|10|8,2025|4291|4129|4|0|10|8,,2025,,4291,4129,4,0,10,8,
2025|4291|4|0|10|1,2025|4291|4129|4|0|10|1,,2025,,4291,4129,4,0,10,1,
2025|4291|3|0|10|8,2025|4291|4131|3|0|10|8,,2025,,4291,4131,3,0,10,8,
2025|4291|3|0|92|1,2025|4291|4131|3|0|92|1,,2025,,4291,4131,3,0,92,1,
2025|4291|3|0|10|1,2025|4291|4131|3|0|10|1,,2025,,4291,4131,3,0,10,1,
2025|4291|3|0|63|1,2025|4291|4131|3|0|63|1,,2025,,4291,4131,3,0,63,1,
2025|4291|3|0|24|1,2025|4291|4131|3|0|24|1,,2025,,4291,4131,3,0,24,1,
2025|4291|3|0|62|1,2025|4291|4131|3|0|62|1,,2025,,4291,4131,3,0,62,1,
2025|4291|4|0|71|1,2025|4291|4131|4|0|71|1,,2025,,4291,4131,4,0,71,1,
2025|4291|4|0|10|8,2025|4291|4131|4|0|10|8,,2025,,4291,4131,4,0,10,8,
2025|4291|4|0|10|1,2025|4291|4131|4|0|10|1,,2025,,4291,4131,4,0,10,1,
2025|4291|4|0|64|1,2025|4291|4131|4|0|64|1,,2025,,4291,4131,4,0,64,1,
2025|4291|4|0|65|1,2025|4291|4131|4|0|65|1,,2025,,4291,4131,4,0,65,1,
2025|4291|3|0|10|8,2025|4291|4134|3|0|10|8,,2025,,4291,4134,3,0,10,8,
2025|4291|3|0|10|1,2025|4291|4134|3|0|10|1,,2025,,4291,4134,3,0,10,1,
2025|4291|4|0|10|1,2025|4291|4134|4|0|10|1,,2025,,4291,4134,4,0,10,1,
2025|4291|3|0|37|1,2025|4291|4137|3|0|37|1,,2025,,4291,4137,3,0,37,1,
2025|4291|3|0|10|1,2025|4291|4137|3|0|10|1,,2025,,4291,4137,3,0,10,1,
2025|4291|3|0|92|1,2025|4291|4137|3|0|92|1,,2025,,4291,4137,3,0,92,1,
2025|4291|4|0|10|1,2025|4291|4137|4|0|10|1,,2025,,4291,4137,4,0,10,1,
2025|4291|3|0|10|1,2025|4291|4135|3|0|10|1,,2025,,4291,4135,3,0,10,1,
2025|4291|4|0|15|1,2025|4291|4135|4|0|15|1,,2025,,4291,4135,4,0,15,1,
2025|4291|4|0|71|1,2025|4291|4135|4|0|71|1,,2025,,4291,4135,4,0,71,1,
2025|4291|4|0|10|1,2025|4291|4135|4|0|10|1,,2025,,4291,4135,4,0,10,1,
2025|4291|4|0|10|8,2025|4291|4135|4|0|10|8,,2025,,4291,4135,4,0,10,8,
2025|4291|3|0|10|1,2025|4291|4136|3|0|10|1,,2025,,4291,4136,3,0,10,1,
2025|4291|3|0|92|1,2025|4291|4136|3|0|92|1,,2025,,4291,4136,3,0,92,1,
2025|4291|3|0|64|1,2025|4291|4136|3|0|64|1,,2025,,4291,4136,3,0,64,1,
2025|4291|3|0|37|1,2025|4291|4136|3|0|37|1,,2025,,4291,4136,3,0,37,1,
2025|4291|3|0|62|1,2025|4291|4136|3|0|62|1,,2025,,4291,4136,3,0,62,1,
2025|4291|3|0|93|1,2025|4291|4136|3|0|93|1,,2025,,4291,4136,3,0,93,1,
2025|4291|3|0|63|1,2025|4291|4136|3|0|63|1,,2025,,4291,4136,3,0,63,1,
2025|4291|4|0|10|8,2025|4291|4136|4|0|10|8,,2025,,4291,4136,4,0,10,8,
2025|4291|4|0|93|1,2025|4291|4136|4|0|93|1,,2025,,4291,4136,4,0,93,1,
2025|4291|3|0|15|1,2025|4291|4133|3|0|15|1,,2025,,4291,4133,3,0,15,1,
2025|4291|3|0|10|1,2025|4291|4133|3|0|10|1,,2025,,4291,4133,3,0,10,1,
2025|4291|4|0|10|1,2025|4291|4133|4|0|10|1,,2025,,4291,4133,4,0,10,1,
2025|4291|3|0|10|1,2025|4291|4144|3|0|10|1,,2025,,4291,4144,3,0,10,1,
2025|4291|3|0|92|1,2025|4291|4144|3|0|92|1,,2025,,4291,4144,3,0,92,1,
2025|4291|3|0|92|1,2025|4291|4146|3|0|92|1,,2025,,4291,4146,3,0,92,1,
2025|4291|3|0|10|1,2025|4291|4146|3|0|10|1,,2025,,4291,4146,3,0,10,1,
2025|4291|4|0|10|1,2025|4291|4146|4|0|10|1,,2025,,4291,4146,4,0,10,1,
2025|4291|3|0|10|1,2025|4291|4147|3|0|10|1,,2025,,4291,4147,3,0,10,1,
2025|4291|3|0|92|1,2025|4291|4147|3|0|92|1,,2025,,4291,4147,3,0,92,1,
2025|4291|4|0|10|1,2025|4291|4147|4|0|10|1,,2025,,4291,4147,4,0,10,1,
2025|4291|3|0|92|1,2025|4291|1021|3|0|92|1,,2025,,4291,1021,3,0,92,1,
2025|4291|3|0|10|1,2025|4291|1021|3|0|10|1,,2025,,4291,1021,3,0,10,1,
2025|4291|4|0|10|1,2025|4291|1021|4|0|10|1,,2025,,4291,1021,4,0,10,1,
2025|4291|3|0|10|1,2025|4291|4143|3|0|10|1,,2025,,4291,4143,3,0,10,1,
2025|4291|3|0|92|1,2025|4291|4143|3|0|92|1,,2025,,4291,4143,3,0,92,1,
2025|4291|3|0|60|1,2025|4291|4143|3|0|60|1,,2025,,4291,4143,3,0,60,1,
2025|4291|4|0|10|8,2025|4291|4143|4|0|10|8,,2025,,4291,4143,4,0,10,8,
2025|4291|4|0|93|1,2025|4291|4143|4|0|93|1,,2025,,4291,4143,4,0,93,1,
2025|4291|4|0|10|1,2025|4291|4143|4|0|10|1,,2025,,4291,4143,4,0,10,1,
2025|4291|3|0|92|1,2025|4291|4145|3|0|92|1,,2025,,4291,4145,3,0,92,1,
2025|4291|3|0|10|1,2025|4291|4145|3|0|10|1,,2025,,4291,4145,3,0,10,1,
2025|4291|4|0|10|8,2025|4291|4145|4|0|10|8,,2025,,4291,4145,4,0,10,8,
2025|4291|4|0|10|1,2025|4291|4145|4|0|10|1,,2025,,4291,4145,4,0,10,1,
2025|4291|3|0|10|1,2025|4291|4149|3|0|10|1,,2025,,4291,4149,3,0,10,1,
2025|4291|4|0|10|8,2025|4291|4149|4|0|10|8,,2025,,4291,4149,4,0,10,8,
2025|4291|4|0|10|1,2025|4291|4149|4|0|10|1,,2025,,4291,4149,4,0,10,1,
2025|4291|3|0|10|1,2025|4291|4148|3|0|10|1,,2025,,4291,4148,3,0,10,1,
2025|4291|3|0|92|1,2025|4291|4148|3|0|92|1,,2025,,4291,4148,3,0,92,1,
2025|4291|3|0|71|1,2025|4291|4490|3|0|71|1,,2025,,4291,4490,3,0,71,1,
2025|4291|4|0|71|1,2025|4291|4490|4|0|71|1,,2025,,4291,4490,4,0,71,1,
2025|4291|3|0|10|1,2025|4291|2137|3|0|10|1,,2025,,4291,2137,3,0,10,1,
2025|4291|3|0|10|1,2025|4291|2115|3|0|10|1,,2025,,4291,2115,3,0,10,1,
2025|4291|3|0|10|1,2025|4291|2110|3|0|10|1,,2025,,4291,2110,3,0,10,1,
2025|4291|3|0|10|1,2025|4291|2112|3|0|10|1,,2025,,4291,2112,3,0,10,1,
2025|4291|3|0|10|1,2025|4291|2135|3|0|10|1,,2025,,4291,2135,3,0,10,1,
2025|4291|3|0|10|1,2025|4291|2136|3|0|10|1,,2025,,4291,2136,3,0,10,1,
2025|4291|3|0|10|1,2025|4291|2111|3|0|10|1,,2025,,4291,2111,3,0,10,1,
2025|4291|3|0|15|1,2025|4291|2500|3|0|15|1,,2025,,4291,2500,3,0,15,1,
2025|4291|3|0|10|8,2025|4291|2500|3|0|10|8,,2025,,4291,2500,3,0,10,8,
2025|4291|3|0|57|1,2025|4291|2500|3|0|57|1,,2025,,4291,2500,3,0,57,1,
2025|4291|3|0|60|1,2025|4291|2500|3|0|60|1,,2025,,4291,2500,3,0,60,1,
2025|4291|3|0|10|1,2025|4291|2500|3|0|10|1,,2025,,4291,2500,3,0,10,1,
2025|4291|4|0|10|1,2025|4291|2500|4|0|10|1,,2025,,4291,2500,4,0,10,1,
2025|4291|4|0|10|8,2025|4291|2500|4|0|10|8,,2025,,4291,2500,4,0,10,8,
2025|4291|1|0|57|1,2025|4291|2417|1|0|57|1,,2025,,4291,2417,1,0,57,1,
2025|4291|1|0|10|1,2025|4291|2417|1|0|10|1,,2025,,4291,2417,1,0,10,1,
2025|4291|3|0|10|1,2025|4291|2417|3|0|10|1,,2025,,4291,2417,3,0,10,1,
2025|4291|3|0|92|1,2025|4291|2417|3|0|92|1,,2025,,4291,2417,3,0,92,1,
2025|4291|3|0|10|7,2025|4291|2417|3|0|10|7,,2025,,4291,2417,3,0,10,7,
2025|4291|3|0|92|1,2025|4291|0|3|0|92|1,,2025,,4291,0,3,0,92,1,
2025|4291|3|0|57|1,2025|4291|0|3|0|57|1,,2025,,4291,0,3,0,57,1,
2025|4291|3|0|10|1,2025|4291|0|3|0|10|1,,2025,,4291,0,3,0,10,1,
2025|4291|4|0|10|1,2025|4291|0|4|0|10|1,,2025,,4291,0,4,0,10,1,
2025|4321|3|0|10|1,2025|4321|4436|3|0|10|1,,2025,,4321,4436,3,0,10,1,
2025|4331|3|0|10|1,2025|4331|4529|3|0|10|1,,2025,,4331,4529,3,0,10,1,
2025|4331|3|0|10|1,2025|4331|4518|3|0|10|1,,2025,,4331,4518,3,0,10,1,
2025|4331|3|0|59|1,2025|4331|4518|3|0|59|1,,2025,,4331,4518,3,0,59,1,
2025|4331|3|0|59|1,2025|4331|4471|3|0|59|1,,2025,,4331,4471,3,0,59,1,
2025|4341|3|0|31|1,2025|4341|4258|3|0|31|1,,2025,,4341,4258,3,0,31,1,
2025|4341|3|0|31|1,2025|4341|4413|3|0|31|1,,2025,,4341,4413,3,0,31,1,
2025|4341|3|0|31|1,2025|4341|4392|3|0|31|1,,2025,,4341,4392,3,0,31,1,
2025|4341|3|0|31|1,2025|4341|4064|3|0|31|1,,2025,,4341,4064,3,0,31,1,
2025|4341|3|0|31|1,2025|4341|4151|3|0|31|1,,2025,,4341,4151,3,0,31,1,
2025|4341|4|0|31|1,2025|4341|4264|4|0|31|1,,2025,,4341,4264,4,0,31,1,
2025|4341|3|0|31|1,2025|4341|4263|3|0|31|1,,2025,,4341,4263,3,0,31,1,
2025|4341|3|0|31|1,2025|4341|2500|3|0|31|1,,2025,,4341,2500,3,0,31,1,
2025|4381|4|0|83|1,2025|4381|4211|4|0|83|1,,2025,,4381,4211,4,0,83,1,
2025|4381|3|0|83|1,2025|4381|4209|3|0|83|1,,2025,,4381,4209,3,0,83,1,
2025|4381|4|0|83|1,2025|4381|4209|4|0|83|1,,2025,,4381,4209,4,0,83,1,
2025|4381|4|0|54|1,2025|4381|4210|4|0|54|1,,2025,,4381,4210,4,0,54,1,
2025|4381|4|0|83|1,2025|4381|4382|4|0|83|1,,2025,,4381,4382,4,0,83,1,
2025|4381|4|0|83|1,2025|4381|4201|4|0|83|1,,2025,,4381,4201,4,0,83,1,
2025|4381|4|0|83|1,2025|4381|4526|4|0|83|1,,2025,,4381,4526,4,0,83,1,
2025|4381|3|0|83|1,2025|4381|2029|3|0|83|1,,2025,,4381,2029,3,0,83,1,
2025|4421|3|0|39|1,2025|4421|4179|3|0|39|1,,2025,,4421,4179,3,0,39,1,
2025|4421|4|0|39|1,2025|4421|4179|4|0|39|1,,2025,,4421,4179,4,0,39,1,
2025|4441|3|0|60|1,2025|4441|1009|3|0|60|1,,2025,,4441,1009,3,0,60,1,
2025|4441|4|0|47|1,2025|4441|1009|4|0|47|1,,2025,,4441,1009,4,0,47,1,
2025|4441|4|0|60|1,2025|4441|1009|4|0|60|1,,2025,,4441,1009,4,0,60,1,
2025|4451|3|0|60|1,2025|4451|4256|3|0|60|1,,2025,,4451,4256,3,0,60,1,
2025|4451|4|0|47|1,2025|4451|4256|4|0|47|1,,2025,,4451,4256,4,0,47,1,
2025|4451|4|0|60|1,2025|4451|4256|4|0|60|1,,2025,,4451,4256,4,0,60,1,
2025|4491|3|1|59|1,2025|4491|4360|3|1|59|1,,2025,,4491,4360,3,1,59,1,
2025|4491|4|1|59|1,2025|4491|4360|4|1|59|1,,2025,,4491,4360,4,1,59,1,
2025|4541|3|0|60|1,2025|4541|4349|3|0|60|1,,2025,,4541,4349,3,0,60,1,
2025|4551|3|0|10|1,2025|4551|4404|3|0|10|1,,2025,,4551,4404,3,0,10,1,
2025|4551|3|0|59|1,2025|4551|4404|3|0|59|1,,2025,,4551,4404,3,0,59,1,
2025|4551|3|0|59|9,2025|4551|7004|3|0|59|9,,2025,,4551,7004,3,0,59,9,
2025|4601|3|0|45|1,2025|4601|4180|3|0|45|1,,2025,,4601,4180,3,0,45,1,
2025|4611|3|0|60|1,2025|4611|2056|3|0|60|1,,2025,,4611,2056,3,0,60,1,
2025|4611|4|0|60|1,2025|4611|2056|4|0|60|1,,2025,,4611,2056,4,0,60,1,
2025|4621|5|0|60|1,2025|4621|4444|5|0|60|1,,2025,,4621,4444,5,0,60,1,
2025|4631|5|0|10|1,2025|4631|4224|5|0|10|1,,2025,,4631,4224,5,0,10,1,
2025|4631|5|0|60|2,2025|4631|4334|5|0|60|2,,2025,,4631,4334,5,0,60,2,
2025|4631|5|0|10|1,2025|4631|4128|5|0|10|1,,2025,,4631,4128,5,0,10,1,
2025|4631|5|0|80|1,2025|4631|4128|5|0|80|1,,2025,,4631,4128,5,0,80,1,
2025|4631|5|0|10|1,2025|4631|4225|5|0|10|1,,2025,,4631,4225,5,0,10,1,
2025|4631|5|0|10|1,2025|4631|4221|5|0|10|1,,2025,,4631,4221,5,0,10,1,
2025|4631|5|0|60|2,2025|4631|4221|5|0|60|2,,2025,,4631,4221,5,0,60,2,
2025|4631|5|0|10|1,2025|4631|4226|5|0|10|1,,2025,,4631,4226,5,0,10,1,
2025|4631|5|0|95|1,2025|4631|4226|5|0|95|1,,2025,,4631,4226,5,0,95,1,
2025|4631|5|0|10|1,2025|4631|4139|5|0|10|1,,2025,,4631,4139,5,0,10,1,
2025|4631|5|0|10|1,2025|4631|4227|5|0|10|1,,2025,,4631,4227,5,0,10,1,
2025|4631|3|0|59|2,2025|4631|4213|3|0|59|2,,2025,,4631,4213,3,0,59,2,
2025|4631|3|0|10|1,2025|4631|4213|3|0|10|1,,2025,,4631,4213,3,0,10,1,
2025|4631|3|0|10|1,2025|4631|4219|3|0|10|1,,2025,,4631,4219,3,0,10,1,
2025|4631|5|0|10|1,2025|4631|4216|5|0|10|1,,2025,,4631,4216,5,0,10,1,
2025|4631|3|0|10|1,2025|4631|4217|3|0|10|1,,2025,,4631,4217,3,0,10,1,
2025|4631|3|0|10|1,2025|4631|4218|3|0|10|1,,2025,,4631,4218,3,0,10,1,
2025|4631|5|0|10|1,2025|4631|4214|5|0|10|1,,2025,,4631,4214,5,0,10,1,
2025|4631|5|0|95|1,2025|4631|4220|5|0|95|1,,2025,,4631,4220,5,0,95,1,
2025|4631|5|0|60|2,2025|4631|4223|5|0|60|2,,2025,,4631,4223,5,0,60,2,
2025|4631|5|0|10|1,2025|4631|4223|5|0|10|1,,2025,,4631,4223,5,0,10,1,
2025|4631|3|0|10|1,2025|4631|4215|3|0|10|1,,2025,,4631,4215,3,0,10,1,
2025|4631|5|0|10|1,2025|4631|4215|5|0|10|1,,2025,,4631,4215,5,0,10,1,
2025|4641|3|0|10|1,2025|4641|4432|3|0|10|1,,2025,,4641,4432,3,0,10,1,
2025|4651|3|0|10|1,2025|4651|4502|3|0|10|1,,2025,,4651,4502,3,0,10,1,
2025|4651|3|0|10|1,2025|4651|7038|3|0|10|1,,2025,,4651,7038,3,0,10,1,
2025|4661|3|0|60|1,2025|4661|4541|3|0|60|1,,2025,,4661,4541,3,0,60,1,
2025|4671|3|0|10|1,2025|4671|4549|3|0|10|1,,2025,,4671,4549,3,0,10,1,
2025|4691|3|0|57|1,2025|4691|2071|3|0|57|1,,2025,,4691,2071,3,0,57,1,
2025|4691|4|0|57|1,2025|4691|2071|4|0|57|1,,2025,,4691,2071,4,0,57,1,
2025|4691|4|0|57|1,2025|4691|0|4|0|57|1,,2025,,4691,0,4,0,57,1,
2025|4701|3|0|10|3,2025|4701|4152|3|0|10|3,,2025,,4701,4152,3,0,10,3,
2025|4701|3|0|57|1,2025|4701|4152|3|0|57|1,,2025,,4701,4152,3,0,57,1,
2025|4701|4|0|57|1,2025|4701|4152|4|0|57|1,,2025,,4701,4152,4,0,57,1,
2025|4701|3|1|10|3,2025|4701|4159|3|1|10|3,,2025,,4701,4159,3,1,10,3,
2025|4701|3|1|57|1,2025|4701|4159|3|1|57|1,,2025,,4701,4159,3,1,57,1,
2025|4701|3|0|57|1,2025|4701|0|3|0|57|1,,2025,,4701,0,3,0,57,1,
2025|4711|1|0|10|1,2025|4711|7009|1|0|10|1,,2025,,4711,7009,1,0,10,1,
2025|4711|1|0|10|1,2025|4711|7015|1|0|10|1,,2025,,4711,7015,1,0,10,1,
2025|4711|1|0|10|1,2025|4711|7027|1|0|10|1,,2025,,4711,7027,1,0,10,1,
2025|4711|1|0|10|1,2025|4711|7034|1|0|10|1,,2025,,4711,7034,1,0,10,1,
2025|4711|1|0|10|1,2025|4711|7031|1|0|10|1,,2025,,4711,7031,1,0,10,1,
2025|4711|1|0|10|1,2025|4711|7105|1|0|10|1,,2025,,4711,7105,1,0,10,1,
2025|4711|1|0|10|1,2025|4711|7028|1|0|10|1,,2025,,4711,7028,1,0,10,1,
2025|4711|1|0|10|1,2025|4711|7033|1|0|10|1,,2025,,4711,7033,1,0,10,1,
2025|4711|1|0|10|1,2025|4711|7039|1|0|10|1,,2025,,4711,7039,1,0,10,1,
2025|4711|1|0|10|1,2025|4711|7032|1|0|10|1,,2025,,4711,7032,1,0,10,1,
2025|4711|1|0|10|1,2025|4711|7011|1|0|10|1,,2025,,4711,7011,1,0,10,1,
2025|4711|1|0|10|1,2025|4711|7065|1|0|10|1,,2025,,4711,7065,1,0,10,1,
2025|4711|1|0|10|1,2025|4711|7005|1|0|10|1,,2025,,4711,7005,1,0,10,1,
2025|4711|1|0|10|1,2025|4711|7040|1|0|10|1,,2025,,4711,7040,1,0,10,1,
2025|4711|1|0|10|1,2025|4711|7094|1|0|10|1,,2025,,4711,7094,1,0,10,1,
2025|4711|1|0|10|1,2025|4711|7055|1|0|10|1,,2025,,4711,7055,1,0,10,1,
2025|4711|1|0|10|1,2025|4711|7063|1|0|10|1,,2025,,4711,7063,1,0,10,1,
2025|4711|1|0|10|1,2025|4711|7586|1|0|10|1,,2025,,4711,7586,1,0,10,1,
2025|4711|1|0|42|1,2025|4711|7022|1|0|42|1,,2025,,4711,7022,1,0,42,1,
2025|4711|1|0|60|2,2025|4711|7022|1|0|60|2,,2025,,4711,7022,1,0,60,2,
2025|4711|1|0|43|1,2025|4711|7022|1|0|43|1,,2025,,4711,7022,1,0,43,1,
2025|4711|1|0|10|1,2025|4711|7012|1|0|10|1,,2025,,4711,7012,1,0,10,1,
2025|4711|1|0|10|1,2025|4711|7089|1|0|10|1,,2025,,4711,7089,1,0,10,1,
2025|4711|1|0|10|1,2025|4711|7044|1|0|10|1,,2025,,4711,7044,1,0,10,1,
2025|4711|1|0|42|1,2025|4711|7617|1|0|42|1,,2025,,4711,7617,1,0,42,1,
2025|4711|1|0|43|1,2025|4711|7617|1|0|43|1,,2025,,4711,7617,1,0,43,1,
2025|4711|1|0|60|2,2025|4711|7617|1|0|60|2,,2025,,4711,7617,1,0,60,2,
2025|4711|1|0|10|1,2025|4711|7939|1|0|10|1,,2025,,4711,7939,1,0,10,1,
2025|4711|1|0|42|1,2025|4711|7840|1|0|42|1,,2025,,4711,7840,1,0,42,1,
2025|4711|1|0|43|1,2025|4711|7840|1|0|43|1,,2025,,4711,7840,1,0,43,1,
2025|4711|1|0|60|2,2025|4711|7840|1|0|60|2,,2025,,4711,7840,1,0,60,2,
2025|4711|1|0|10|1,2025|4711|7091|1|0|10|1,,2025,,4711,7091,1,0,10,1,
2025|4711|1|0|10|1,2025|4711|7484|1|0|10|1,,2025,,4711,7484,1,0,10,1,
2025|4711|1|0|10|1,2025|4711|7017|1|0|10|1,,2025,,4711,7017,1,0,10,1,
2025|4711|1|0|10|1,2025|4711|7061|1|0|10|1,,2025,,4711,7061,1,0,10,1,
2025|4711|1|0|10|1,2025|4711|7104|1|0|10|1,,2025,,4711,7104,1,0,10,1,
2025|4711|1|0|10|1,2025|4711|7096|1|0|10|1,,2025,,4711,7096,1,0,10,1,
2025|4711|1|0|43|1,2025|4711|7529|1|0|43|1,,2025,,4711,7529,1,0,43,1,
2025|4711|1|0|42|1,2025|4711|7529|1|0|42|1,,2025,,4711,7529,1,0,42,1,
2025|4711|1|0|60|2,2025|4711|7529|1|0|60|2,,2025,,4711,7529,1,0,60,2,
2025|4711|1|0|10|1,2025|4711|7047|1|0|10|1,,2025,,4711,7047,1,0,10,1,
2025|4711|1|0|10|1,2025|4711|7059|1|0|10|1,,2025,,4711,7059,1,0,10,1,
2025|4711|1|0|52|2,2025|4711|7428|1|0|52|2,,2025,,4711,7428,1,0,52,2,
2025|4711|1|0|43|1,2025|4711|7428|1|0|43|1,,2025,,4711,7428,1,0,43,1,
2025|4711|1|0|42|1,2025|4711|7428|1|0|42|1,,2025,,4711,7428,1,0,42,1,
2025|4711|1|0|10|1,2025|4711|7064|1|0|10|1,,2025,,4711,7064,1,0,10,1,
2025|4711|1|0|10|1,2025|4711|7060|1|0|10|1,,2025,,4711,7060,1,0,10,1,
2025|4711|1|0|10|1,2025|4711|7058|1|0|10|1,,2025,,4711,7058,1,0,10,1,
2025|4711|1|0|60|2,2025|4711|7312|1|0|60|2,,2025,,4711,7312,1,0,60,2,
2025|4711|1|0|10|1,2025|4711|7722|1|0|10|1,,2025,,4711,7722,1,0,10,1,
2025|4711|1|0|10|1,2025|4711|7056|1|0|10|1,,2025,,4711,7056,1,0,10,1,
2025|4711|1|0|60|2,2025|4711|7209|1|0|60|2,,2025,,4711,7209,1,0,60,2,
2025|4711|1|0|10|1,2025|4711|7473|1|0|10|1,,2025,,4711,7473,1,0,10,1,
2025|4711|3|0|10|1,2025|4711|7016|3|0|10|1,,2025,,4711,7016,3,0,10,1,
2025|4711|1|0|10|1,2025|4711|7046|1|0|10|1,,2025,,4711,7046,1,0,10,1,
2025|4711|1|0|10|1,2025|4711|7052|1|0|10|1,,2025,,4711,7052,1,0,10,1,
2025|4711|1|0|10|1,2025|4711|7088|1|0|10|1,,2025,,4711,7088,1,0,10,1,
2025|4711|1|0|10|1,2025|4711|7051|1|0|10|1,,2025,,4711,7051,1,0,10,1,
2025|4711|1|0|10|1,2025|4711|7014|1|0|10|1,,2025,,4711,7014,1,0,10,1,
2025|4711|1|0|10|1,2025|4711|7018|1|0|10|1,,2025,,4711,7018,1,0,10,1,
2025|4711|1|0|10|1,2025|4711|7023|1|0|10|1,,2025,,4711,7023,1,0,10,1,
2025|4711|1|0|61|1,2025|4711|7023|1|0|61|1,,2025,,4711,7023,1,0,61,1,
2025|4711|1|0|10|1,2025|4711|7049|1|0|10|1,,2025,,4711,7049,1,0,10,1,
2025|4711|1|0|10|1,2025|4711|7725|1|0|10|1,,2025,,4711,7725,1,0,10,1,
2025|4711|1|0|10|1,2025|4711|7205|1|0|10|1,,2025,,4711,7205,1,0,10,1,
2025|4711|1|0|10|1,2025|4711|7225|1|0|10|1,,2025,,4711,7225,1,0,10,1,
2025|4711|1|0|60|2,2025|4711|7225|1|0|60|2,,2025,,4711,7225,1,0,60,2,
2025|4711|1|0|10|1,2025|4711|7959|1|0|10|1,,2025,,4711,7959,1,0,10,1,
2025|4711|1|0|10|9,2025|4711|7004|1|0|10|9,,2025,,4711,7004,1,0,10,9,
2025|4711|1|0|10|1,2025|4711|7037|1|0|10|1,,2025,,4711,7037,1,0,10,1,
2025|4711|1|0|43|1,2025|4711|7037|1|0|43|1,,2025,,4711,7037,1,0,43,1,
2025|4711|1|0|10|1,2025|4711|7048|1|0|10|1,,2025,,4711,7048,1,0,10,1,
2025|4711|1|0|10|1,2025|4711|7008|1|0|10|1,,2025,,4711,7008,1,0,10,1,
2025|4711|1|0|42|1,2025|4711|7008|1|0|42|1,,2025,,4711,7008,1,0,42,1,
2025|4711|1|0|60|1,2025|4711|7957|1|0|60|1,,2025,,4711,7957,1,0,60,1,
2025|4711|1|0|15|1,2025|4711|7957|1|0|15|1,,2025,,4711,7957,1,0,15,1,
2025|4711|1|0|42|1,2025|4711|7957|1|0|42|1,,2025,,4711,7957,1,0,42,1,
2025|4711|1|0|44|1,2025|4711|7957|1|0|44|1,,2025,,4711,7957,1,0,44,1,
2025|4711|1|0|43|1,2025|4711|7957|1|0|43|1,,2025,,4711,7957,1,0,43,1,
2025|4711|1|0|10|1,2025|4711|7957|1|0|10|1,,2025,,4711,7957,1,0,10,1,
2025|4721|3|0|10|1,2025|4721|7001|3|0|10|1,,2025,,4721,7001,3,0,10,1,
2025|4731|3|0|59|1,2025|4731|2072|3|0|59|1,,2025,,4731,2072,3,0,59,1,
2025|4741|3|0|60|1,2025|4741|2069|3|0|60|1,,2025,,4741,2069,3,0,60,1,
2025|4741|3|0|59|1,2025|4741|2069|3|0|59|1,,2025,,4741,2069,3,0,59,1,
2025|4741|4|0|60|1,2025|4741|2069|4|0|60|1,,2025,,4741,2069,4,0,60,1,
2025|4741|4|0|59|1,2025|4741|2069|4|0|59|1,,2025,,4741,2069,4,0,59,1,
2024|1011|1|0|10|9,2024|1011|7004|1|0|10|9,,2024,,1011,7004,1,0,10,9,
2024|1011|3|0|10|9,2024|1011|7004|3|0|10|9,,2024,,1011,7004,3,0,10,9,
2024|1011|1|0|10|1,2024|1011|7006|1|0|10|1,,2024,,1011,7006,1,0,10,1,
2024|1011|1|0|43|5,2024|1011|7006|1|0|43|5,,2024,,1011,7006,1,0,43,5,
2024|1011|1|0|42|5,2024|1011|7006|1|0|42|5,,2024,,1011,7006,1,0,42,5,
2024|1011|1|0|10|5,2024|1011|7006|1|0|10|5,,2024,,1011,7006,1,0,10,5,
2024|1011|1|0|10|1,2024|1011|4239|1|0|10|1,,2024,,1011,4239,1,0,10,1,
2024|1011|3|0|60|1,2024|1011|4239|3|0|60|1,,2024,,1011,4239,3,0,60,1,
2024|1011|3|0|10|7,2024|1011|4239|3|0|10|7,,2024,,1011,4239,3,0,10,7,
2024|1011|3|0|10|1,2024|1011|4239|3|0|10|1,,2024,,1011,4239,3,0,10,1,
2024|1011|4|0|10|1,2024|1011|4239|4|0|10|1,,2024,,1011,4239,4,0,10,1,
2024|1011|5|0|10|1,2024|1011|4239|5|0|10|1,,2024,,1011,4239,5,0,10,1,
2024|1021|3|0|10|7,2024|1021|2157|3|0|10|7,,2024,,1021,2157,3,0,10,7,
2024|1021|3|0|10|1,2024|1021|2157|3|0|10|1,,2024,,1021,2157,3,0,10,1,
2024|1021|3|0|10|9,2024|1021|7004|3|0|10|9,,2024,,1021,7004,3,0,10,9,
2024|1021|1|0|10|1,2024|1021|7006|1|0|10|1,,2024,,1021,7006,1,0,10,1,
2024|1021|1|0|42|5,2024|1021|7006|1|0|42|5,,2024,,1021,7006,1,0,42,5,
2024|1021|1|0|43|5,2024|1021|7006|1|0|43|5,,2024,,1021,7006,1,0,43,5,
2024|1021|1|0|10|5,2024|1021|7006|1|0|10|5,,2024,,1021,7006,1,0,10,5,
2024|1021|1|0|10|1,2024|1021|4445|1|0|10|1,,2024,,1021,4445,1,0,10,1,
2024|1021|3|0|10|1,2024|1021|4445|3|0|10|1,,2024,,1021,4445,3,0,10,1,
2024|1021|3|0|10|8,2024|1021|2009|3|0|10|8,,2024,,1021,2009,3,0,10,8,
2024|1021|3|0|60|1,2024|1021|2009|3|0|60|1,,2024,,1021,2009,3,0,60,1,
2024|1021|3|0|10|1,2024|1021|2009|3|0|10|1,,2024,,1021,2009,3,0,10,1,
2024|1021|4|0|60|1,2024|1021|2009|4|0|60|1,,2024,,1021,2009,4,0,60,1,
2024|1021|4|0|10|1,2024|1021|2009|4|0|10|1,,2024,,1021,2009,4,0,10,1,
2024|1021|3|0|10|1,2024|1021|2145|3|0|10|1,,2024,,1021,2145,3,0,10,1,
2024|1031|1|0|10|9,2024|1031|7004|1|0|10|9,,2024,,1031,7004,1,0,10,9,
2024|1031|1|0|10|1,2024|1031|7006|1|0|10|1,,2024,,1031,7006,1,0,10,1,
2024|1031|1|0|10|5,2024|1031|7006|1|0|10|5,,2024,,1031,7006,1,0,10,5,
2024|1031|1|0|43|5,2024|1031|7006|1|0|43|5,,2024,,1031,7006,1,0,43,5,
2024|1031|1|0|42|5,2024|1031|7006|1|0|42|5,,2024,,1031,7006,1,0,42,5,
2024|1031|3|0|10|7,2024|1031|7006|3|0|10|7,,2024,,1031,7006,3,0,10,7,
2024|1031|3|0|10|1,2024|1031|7006|3|0|10|1,,2024,,1031,7006,3,0,10,1,
2024|1031|1|0|10|1,2024|1031|2053|1|0|10|1,,2024,,1031,2053,1,0,10,1,
2024|1031|3|0|10|7,2024|1031|2053|3|0|10|7,,2024,,1031,2053,3,0,10,7,
2024|1031|3|0|10|1,2024|1031|2053|3|0|10|1,,2024,,1031,2053,3,0,10,1,
2024|1031|3|0|60|1,2024|1031|2053|3|0|60|1,,2024,,1031,2053,3,0,60,1,
2024|1031|1|0|10|1,2024|1031|2054|1|0|10|1,,2024,,1031,2054,1,0,10,1,
2024|1031|3|0|10|1,2024|1031|2054|3|0|10|1,,2024,,1031,2054,3,0,10,1,
2024|1031|3|0|60|1,2024|1031|2054|3|0|60|1,,2024,,1031,2054,3,0,60,1,
2024|1031|3|0|10|7,2024|1031|2054|3|0|10|7,,2024,,1031,2054,3,0,10,7,
2024|1051|3|0|10|9,2024|1051|7004|3|0|10|9,,2024,,1051,7004,3,0,10,9,
2024|1051|1|0|10|1,2024|1051|7006|1|0|10|1,,2024,,1051,7006,1,0,10,1,
2024|1051|1|0|43|5,2024|1051|7006|1|0|43|5,,2024,,1051,7006,1,0,43,5,
2024|1051|1|0|42|5,2024|1051|7006|1|0|42|5,,2024,,1051,7006,1,0,42,5,
2024|1051|1|0|10|5,2024|1051|7006|1|0|10|5,,2024,,1051,7006,1,0,10,5,
2024|1051|1|0|10|1,2024|1051|7007|1|0|10|1,,2024,,1051,7007,1,0,10,1,
2024|1051|3|0|60|1,2024|1051|4003|3|0|60|1,,2024,,1051,4003,3,0,60,1,
2024|1051|4|0|60|1,2024|1051|4003|4|0|60|1,,2024,,1051,4003,4,0,60,1,
2024|1051|4|0|60|1,2024|1051|1019|4|0|60|1,,2024,,1051,1019,4,0,60,1,
2024|1051|3|0|60|7,2024|1051|2047|3|0|60|7,,2024,,1051,2047,3,0,60,7,
2024|1051|3|0|10|7,2024|1051|2047|3|0|10|7,,2024,,1051,2047,3,0,10,7,
2024|1051|3|0|10|1,2024|1051|4355|3|0|10|1,,2024,,1051,4355,3,0,10,1,
2024|1051|4|0|60|1,2024|1051|4355|4|0|60|1,,2024,,1051,4355,4,0,60,1,
2024|1051|4|0|10|1,2024|1051|4355|4|0|10|1,,2024,,1051,4355,4,0,10,1,
2024|1051|1|0|10|1,2024|1051|2077|1|0|10|1,,2024,,1051,2077,1,0,10,1,
2024|1051|1|0|10|1,2024|1051|2078|1|0|10|1,,2024,,1051,2078,1,0,10,1,
2024|1071|1|0|10|1,2024|1071|4341|1|0|10|1,,2024,,1071,4341,1,0,10,1,
2024|1071|3|0|10|1,2024|1071|4341|3|0|10|1,,2024,,1071,4341,3,0,10,1,
2024|1071|3|0|10|7,2024|1071|4341|3|0|10|7,,2024,,1071,4341,3,0,10,7,
2024|1071|1|0|10|1,2024|1071|4426|1|0|10|1,,2024,,1071,4426,1,0,10,1,
2024|1071|3|0|95|1,2024|1071|4426|3|0|95|1,,2024,,1071,4426,3,0,95,1,
2024|1071|3|0|10|1,2024|1071|4426|3|0|10|1,,2024,,1071,4426,3,0,10,1,
2024|1071|3|0|10|7,2024|1071|4426|3|0|10|7,,2024,,1071,4426,3,0,10,7,
2024|1071|4|0|95|1,2024|1071|4426|4|0|95|1,,2024,,1071,4426,4,0,95,1,
2024|1071|3|0|10|8,2024|1071|4381|3|0|10|8,,2024,,1071,4381,3,0,10,8,
2024|1071|3|0|60|2,2024|1071|4381|3|0|60|2,,2024,,1071,4381,3,0,60,2,
2024|1071|3|0|10|1,2024|1071|4381|3|0|10|1,,2024,,1071,4381,3,0,10,1,
2024|1071|3|0|57|1,2024|1071|4381|3|0|57|1,,2024,,1071,4381,3,0,57,1,
2024|1071|1|0|10|1,2024|1071|4390|1|0|10|1,,2024,,1071,4390,1,0,10,1,
2024|1071|3|0|10|1,2024|1071|4390|3|0|10|1,,2024,,1071,4390,3,0,10,1,
2024|1071|3|0|10|7,2024|1071|4390|3|0|10|7,,2024,,1071,4390,3,0,10,7,
2024|1071|3|0|95|1,2024|1071|1089|3|0|95|1,,2024,,1071,1089,3,0,95,1,
2024|1071|4|0|95|1,2024|1071|1089|4|0|95|1,,2024,,1071,1089,4,0,95,1,
2024|1071|1|0|10|1,2024|1071|4356|1|0|10|1,,2024,,1071,4356,1,0,10,1,
2024|1071|3|0|10|1,2024|1071|4356|3|0|10|1,,2024,,1071,4356,3,0,10,1,
2024|1071|3|0|95|1,2024|1071|4356|3|0|95|1,,2024,,1071,4356,3,0,95,1,
2024|1071|3|0|10|7,2024|1071|4356|3|0|10|7,,2024,,1071,4356,3,0,10,7,
2024|1071|3|0|57|1,2024|1071|4356|3|0|57|1,,2024,,1071,4356,3,0,57,1,
2024|1071|1|0|10|1,2024|1071|4354|1|0|10|1,,2024,,1071,4354,1,0,10,1,
2024|1071|3|0|95|1,2024|1071|4354|3|0|95|1,,2024,,1071,4354,3,0,95,1,
2024|1071|3|0|10|1,2024|1071|4354|3|0|10|1,,2024,,1071,4354,3,0,10,1,
2024|1071|3|0|10|7,2024|1071|4354|3|0|10|7,,2024,,1071,4354,3,0,10,7,
2024|1071|4|0|95|1,2024|1071|4354|4|0|95|1,,2024,,1071,4354,4,0,95,1,
2024|1071|3|0|10|1,2024|1071|4335|3|0|10|1,,2024,,1071,4335,3,0,10,1,
2024|1071|3|0|95|1,2024|1071|4335|3|0|95|1,,2024,,1071,4335,3,0,95,1,
2024|1071|4|0|10|1,2024|1071|4335|4|0|10|1,,2024,,1071,4335,4,0,10,1,
2024|1071|4|0|95|1,2024|1071|4335|4|0|95|1,,2024,,1071,4335,4,0,95,1,
2024|1071|1|0|10|1,2024|1071|2500|1|0|10|1,,2024,,1071,2500,1,0,10,1,
2024|1071|3|0|10|1,2024|1071|2500|3|0|10|1,,2024,,1071,2500,3,0,10,1,
2024|1071|3|0|10|7,2024|1071|2500|3|0|10|7,,2024,,1071,2500,3,0,10,7,
2024|1081|3|0|10|1,2024|1081|1010|3|0|10|1,,2024,,1081,1010,3,0,10,1,
2024|1081|3|0|10|1,2024|1081|1008|3|0|10|1,,2024,,1081,1008,3,0,10,1,
2024|1081|3|0|10|1,2024|1081|1014|3|0|10|1,,2024,,1081,1014,3,0,10,1,
2024|1081|3|0|95|1,2024|1081|1014|3|0|95|1,,2024,,1081,1014,3,0,95,1,
2024|1081|4|0|95|1,2024|1081|1014|4|0|95|1,,2024,,1081,1014,4,0,95,1,
2024|1081|3|0|10|1,2024|1081|1012|3|0|10|1,,2024,,1081,1012,3,0,10,1,
2024|1081|4|0|9|1,2024|1081|1012|4|0|9|1,,2024,,1081,1012,4,0,9,1,
2024|1081|4|0|10|1,2024|1081|1012|4|0|10|1,,2024,,1081,1012,4,0,10,1,
2024|1081|1|0|10|1,2024|1081|1013|1|0|10|1,,2024,,1081,1013,1,0,10,1,
2024|1081|3|0|60|2,2024|1081|1013|3|0|60|2,,2024,,1081,1013,3,0,60,2,
2024|1081|3|0|9|1,2024|1081|1013|3|0|9|1,,2024,,1081,1013,3,0,9,1,
2024|1081|3|0|10|1,2024|1081|1013|3|0|10|1,,2024,,1081,1013,3,0,10,1,
2024|1081|3|0|10|7,2024|1081|1013|3|0|10|7,,2024,,1081,1013,3,0,10,7,
2024|1081|4|0|9|1,2024|1081|1013|4|0|9|1,,2024,,1081,1013,4,0,9,1,
2024|1081|4|0|57|1,2024|1081|1013|4|0|57|1,,2024,,1081,1013,4,0,57,1,
2024|1081|1|0|10|9,2024|1081|7803|1|0|10|9,,2024,,1081,7803,1,0,10,9,
2024|1081|3|0|10|9,2024|1081|7803|3|0|10|9,,2024,,1081,7803,3,0,10,9,
2024|1081|1|0|10|1,2024|1081|2500|1|0|10|1,,2024,,1081,2500,1,0,10,1,
2024|1081|3|0|9|1,2024|1081|2500|3|0|9|1,,2024,,1081,2500,3,0,9,1,
2024|1081|3|0|10|7,2024|1081|2500|3|0|10|7,,2024,,1081,2500,3,0,10,7,
2024|1081|3|0|10|1,2024|1081|2500|3|0|10|1,,2024,,1081,2500,3,0,10,1,
2024|1081|4|0|9|1,2024|1081|2500|4|0|9|1,,2024,,1081,2500,4,0,9,1,
2024|1091|1|0|60|1,2024|1091|2028|1|0|60|1,,2024,,1091,2028,1,0,60,1,
2024|1091|3|0|60|1,2024|1091|2028|3|0|60|1,,2024,,1091,2028,3,0,60,1,
2024|1091|4|0|60|1,2024|1091|2028|4|0|60|1,,2024,,1091,2028,4,0,60,1,
2024|1091|1|0|10|1,2024|1091|4493|1|0|10|1,,2024,,1091,4493,1,0,10,1,
2024|1091|3|0|10|7,2024|1091|4493|3|0|10|7,,2024,,1091,4493,3,0,10,7,
2024|1091|1|0|10|1,2024|1091|2009|1|0|10|1,,2024,,1091,2009,1,0,10,1,
2024|1091|3|0|60|1,2024|1091|2009|3|0|60|1,,2024,,1091,2009,3,0,60,1,
2024|1091|3|0|10|7,2024|1091|2009|3|0|10|7,,2024,,1091,2009,3,0,10,7,
2024|1091|3|0|10|1,2024|1091|2009|3|0|10|1,,2024,,1091,2009,3,0,10,1,
2024|1091|4|0|47|1,2024|1091|2009|4|0|47|1,,2024,,1091,2009,4,0,47,1,
2024|1091|4|0|60|1,2024|1091|2009|4|0|60|1,,2024,,1091,2009,4,0,60,1,
2024|1091|4|0|10|1,2024|1091|2009|4|0|10|1,,2024,,1091,2009,4,0,10,1,
2024|1091|1|0|10|9,2024|1091|7004|1|0|10|9,,2024,,1091,7004,1,0,10,9,
2024|1091|1|0|10|1,2024|1091|7006|1|0|10|1,,2024,,1091,7006,1,0,10,1,
2024|1091|1|0|10|5,2024|1091|7006|1|0|10|5,,2024,,1091,7006,1,0,10,5,
2024|1091|1|0|43|5,2024|1091|7006|1|0|43|5,,2024,,1091,7006,1,0,43,5,
2024|1091|1|0|42|5,2024|1091|7006|1|0|42|5,,2024,,1091,7006,1,0,42,5,
2024|1091|3|0|10|7,2024|1091|7006|3|0|10|7,,2024,,1091,7006,3,0,10,7,
2024|1091|3|0|10|1,2024|1091|1064|3|0|10|1,,2024,,1091,1064,3,0,10,1,
2024|1091|4|0|10|1,2024|1091|1064|4|0|10|1,,2024,,1091,1064,4,0,10,1,
2024|1091|5|0|10|1,2024|1091|1064|5|0|10|1,,2024,,1091,1064,5,0,10,1,
2024|1101|3|0|10|1,2024|1101|2020|3|0|10|1,,2024,,1101,2020,3,0,10,1,
2024|1101|3|0|95|1,2024|1101|1016|3|0|95|1,,2024,,1101,1016,3,0,95,1,
2024|1101|1|0|10|1,2024|1101|4104|1|0|10|1,,2024,,1101,4104,1,0,10,1,
2024|1101|3|0|10|1,2024|1101|4104|3|0|10|1,,2024,,1101,4104,3,0,10,1,
2024|1101|3|0|10|7,2024|1101|4104|3|0|10|7,,2024,,1101,4104,3,0,10,7,
2024|1101|4|0|10|1,2024|1101|4104|4|0|10|1,,2024,,1101,4104,4,0,10,1,
2024|1101|1|0|10|1,2024|1101|4108|1|0|10|1,,2024,,1101,4108,1,0,10,1,
2024|1101|3|0|10|7,2024|1101|4108|3|0|10|7,,2024,,1101,4108,3,0,10,7,
2024|1101|3|0|10|1,2024|1101|4109|3|0|10|1,,2024,,1101,4109,3,0,10,1,
2024|1101|1|0|10|1,2024|1101|4101|1|0|10|1,,2024,,1101,4101,1,0,10,1,
2024|1101|3|0|10|7,2024|1101|4101|3|0|10|7,,2024,,1101,4101,3,0,10,7,
2024|1101|3|0|10|1,2024|1101|4101|3|0|10|1,,2024,,1101,4101,3,0,10,1,
2024|1101|1|0|10|1,2024|1101|1017|1|0|10|1,,2024,,1101,1017,1,0,10,1,
2024|1101|3|0|10|7,2024|1101|1017|3|0|10|7,,2024,,1101,1017,3,0,10,7,
2024|1101|4|0|10|1,2024|1101|1017|4|0|10|1,,2024,,1101,1017,4,0,10,1,
2024|1101|1|0|10|1,2024|1101|4102|1|0|10|1,,2024,,1101,4102,1,0,10,1,
2024|1101|3|0|10|1,2024|1101|4102|3|0|10|1,,2024,,1101,4102,3,0,10,1,
2024|1101|3|0|10|7,2024|1101|4102|3|0|10|7,,2024,,1101,4102,3,0,10,7,
2024|1101|1|0|10|1,2024|1101|4110|1|0|10|1,,2024,,1101,4110,1,0,10,1,
2024|1101|3|0|10|1,2024|1101|4110|3|0|10|1,,2024,,1101,4110,3,0,10,1,
2024|1101|3|0|10|7,2024|1101|4110|3|0|10|7,,2024,,1101,4110,3,0,10,7,
2024|1101|1|0|10|1,2024|1101|2500|1|0|10|1,,2024,,1101,2500,1,0,10,1,
2024|1101|3|0|10|1,2024|1101|2500|3|0|10|1,,2024,,1101,2500,3,0,10,1,
2024|1101|3|0|10|7,2024|1101|2500|3|0|10|7,,2024,,1101,2500,3,0,10,7,
2024|1101|4|0|10|1,2024|1101|2500|4|0|10|1,,2024,,1101,2500,4,0,10,1,
2024|1191|3|1|10|1,2024|1191|1002|3|1|10|1,,2024,,1191,1002,3,1,10,1,
2024|1191|3|0|10|1,2024|1191|2004|3|0|10|1,,2024,,1191,2004,3,0,10,1,
2024|1191|4|0|10|1,2024|1191|2004|4|0|10|1,,2024,,1191,2004,4,0,10,1,
2024|1191|4|0|74|1,2024|1191|2005|4|0|74|1,,2024,,1191,2005,4,0,74,1,
2024|1191|3|0|10|1,2024|1191|2007|3|0|10|1,,2024,,1191,2007,3,0,10,1,
2024|1191|3|0|29|1,2024|1191|2007|3|0|29|1,,2024,,1191,2007,3,0,29,1,
2024|1191|4|0|10|1,2024|1191|2007|4|0|10|1,,2024,,1191,2007,4,0,10,1,
2024|1191|4|0|48|1,2024|1191|2007|4|0|48|1,,2024,,1191,2007,4,0,48,1,
2024|1191|1|0|10|1,2024|1191|2006|1|0|10|1,,2024,,1191,2006,1,0,10,1,
2024|1191|3|0|29|1,2024|1191|2006|3|0|29|1,,2024,,1191,2006,3,0,29,1,
2024|1191|3|0|10|1,2024|1191|2006|3|0|10|1,,2024,,1191,2006,3,0,10,1,
2024|1191|3|0|10|7,2024|1191|2006|3|0|10|7,,2024,,1191,2006,3,0,10,7,
2024|1191|4|0|10|1,2024|1191|2006|4|0|10|1,,2024,,1191,2006,4,0,10,1,
2024|1191|3|0|10|1,2024|1191|2016|3|0|10|1,,2024,,1191,2016,3,0,10,1,
2024|1191|3|0|10|1,2024|1191|2032|3|0|10|1,,2024,,1191,2032,3,0,10,1,
2024|1191|3|0|10|1,2024|1191|4107|3|0|10|1,,2024,,1191,4107,3,0,10,1,
2024|1191|3|0|10|1,2024|1191|2019|3|0|10|1,,2024,,1191,2019,3,0,10,1,
2024|1191|1|0|10|1,2024|1191|4096|1|0|10|1,,2024,,1191,4096,1,0,10,1,
2024|1191|3|0|10|7,2024|1191|4096|3|0|10|7,,2024,,1191,4096,3,0,10,7,
2024|1191|3|0|10|1,2024|1191|4096|3|0|10|1,,2024,,1191,4096,3,0,10,1,
2024|1191|1|0|10|1,2024|1191|4106|1|0|10|1,,2024,,1191,4106,1,0,10,1,
2024|1191|3|0|10|1,2024|1191|4106|3|0|10|1,,2024,,1191,4106,3,0,10,1,
2024|1191|3|0|10|7,2024|1191|4106|3|0|10|7,,2024,,1191,4106,3,0,10,7,
2024|1191|4|0|10|1,2024|1191|4106|4|0|10|1,,2024,,1191,4106,4,0,10,1,
2024|1191|1|0|10|1,2024|1191|4097|1|0|10|1,,2024,,1191,4097,1,0,10,1,
2024|1191|3|0|10|1,2024|1191|4097|3|0|10|1,,2024,,1191,4097,3,0,10,1,
2024|1191|3|0|10|7,2024|1191|4097|3|0|10|7,,2024,,1191,4097,3,0,10,7,
2024|1191|1|0|10|1,2024|1191|4105|1|0|10|1,,2024,,1191,4105,1,0,10,1,
2024|1191|3|0|10|7,2024|1191|4105|3|0|10|7,,2024,,1191,4105,3,0,10,7,
2024|1191|3|0|10|1,2024|1191|4105|3|0|10|1,,2024,,1191,4105,3,0,10,1,
2024|1191|1|0|10|1,2024|1191|4098|1|0|10|1,,2024,,1191,4098,1,0,10,1,
2024|1191|3|0|10|1,2024|1191|4098|3|0|10|1,,2024,,1191,4098,3,0,10,1,
2024|1191|3|0|10|7,2024|1191|4098|3|0|10|7,,2024,,1191,4098,3,0,10,7,
2024|1191|1|0|10|1,2024|1191|4103|1|0|10|1,,2024,,1191,4103,1,0,10,1,
2024|1191|3|0|10|7,2024|1191|4103|3|0|10|7,,2024,,1191,4103,3,0,10,7,
2024|1191|3|0|10|1,2024|1191|4103|3|0|10|1,,2024,,1191,4103,3,0,10,1,
2024|1191|4|0|48|1,2024|1191|4103|4|0|48|1,,2024,,1191,4103,4,0,48,1,
2024|1191|1|0|10|1,2024|1191|4095|1|0|10|1,,2024,,1191,4095,1,0,10,1,
2024|1191|3|0|83|2,2024|1191|4095|3|0|83|2,,2024,,1191,4095,3,0,83,2,
2024|1191|3|0|27|1,2024|1191|4095|3|0|27|1,,2024,,1191,4095,3,0,27,1,
2024|1191|3|0|10|7,2024|1191|4095|3|0|10|7,,2024,,1191,4095,3,0,10,7,
2024|1191|3|0|10|1,2024|1191|4095|3|0|10|1,,2024,,1191,4095,3,0,10,1,
2024|1191|4|0|74|1,2024|1191|4085|4|0|74|1,,2024,,1191,4085,4,0,74,1,
2024|1191|3|0|10|1,2024|1191|1015|3|0|10|1,,2024,,1191,1015,3,0,10,1,
2024|1191|4|0|10|1,2024|1191|1015|4|0|10|1,,2024,,1191,1015,4,0,10,1,
2024|1191|4|0|9|1,2024|1191|1015|4|0|9|1,,2024,,1191,1015,4,0,9,1,
2024|1191|1|0|10|1,2024|1191|4079|1|0|10|1,,2024,,1191,4079,1,0,10,1,
2024|1191|3|0|10|1,2024|1191|4079|3|0|10|1,,2024,,1191,4079,3,0,10,1,
2024|1191|3|0|10|7,2024|1191|4079|3|0|10|7,,2024,,1191,4079,3,0,10,7,
2024|1191|3|0|10|1,2024|1191|4081|3|0|10|1,,2024,,1191,4081,3,0,10,1,
2024|1191|1|0|10|1,2024|1191|4083|1|0|10|1,,2024,,1191,4083,1,0,10,1,
2024|1191|1|0|15|1,2024|1191|4083|1|0|15|1,,2024,,1191,4083,1,0,15,1,
2024|1191|3|0|29|1,2024|1191|4083|3|0|29|1,,2024,,1191,4083,3,0,29,1,
2024|1191|3|0|10|1,2024|1191|4083|3|0|10|1,,2024,,1191,4083,3,0,10,1,
2024|1191|3|0|10|7,2024|1191|4083|3|0|10|7,,2024,,1191,4083,3,0,10,7,
2024|1191|4|0|10|1,2024|1191|4083|4|0|10|1,,2024,,1191,4083,4,0,10,1,
2024|1191|1|0|10|1,2024|1191|4082|1|0|10|1,,2024,,1191,4082,1,0,10,1,
2024|1191|1|0|15|1,2024|1191|4082|1|0|15|1,,2024,,1191,4082,1,0,15,1,
2024|1191|3|0|29|1,2024|1191|4082|3|0|29|1,,2024,,1191,4082,3,0,29,1,
2024|1191|3|0|10|1,2024|1191|4082|3|0|10|1,,2024,,1191,4082,3,0,10,1,
2024|1191|3|0|10|7,2024|1191|4082|3|0|10|7,,2024,,1191,4082,3,0,10,7,
2024|1191|4|0|10|1,2024|1191|4082|4|0|10|1,,2024,,1191,4082,4,0,10,1,
2024|1191|1|0|10|1,2024|1191|2500|1|0|10|1,,2024,,1191,2500,1,0,10,1,
2024|1191|3|0|29|1,2024|1191|2500|3|0|29|1,,2024,,1191,2500,3,0,29,1,
2024|1191|3|0|9|1,2024|1191|2500|3|0|9|1,,2024,,1191,2500,3,0,9,1,
2024|1191|3|0|10|7,2024|1191|2500|3|0|10|7,,2024,,1191,2500,3,0,10,7,
2024|1191|3|0|10|1,2024|1191|2500|3|0|10|1,,2024,,1191,2500,3,0,10,1,
2024|1191|4|0|10|1,2024|1191|2500|4|0|10|1,,2024,,1191,2500,4,0,10,1,
2024|1221|3|0|71|3,2024|1221|1100|3|0|71|3,,2024,,1221,1100,3,0,71,3,
2024|1221|3|0|31|3,2024|1221|1100|3|0|31|3,,2024,,1221,1100,3,0,31,3,
2024|1221|3|0|1|1,2024|1221|1100|3|0|1|1,,2024,,1221,1100,3,0,1,1,
2024|1221|3|0|24|1,2024|1221|1100|3|0|24|1,,2024,,1221,1100,3,0,24,1,
2024|1221|4|0|1|1,2024|1221|1100|4|0|1|1,,2024,,1221,1100,4,0,1,1,
2024|1221|4|0|10|3,2024|1221|1100|4|0|10|3,,2024,,1221,1100,4,0,10,3,
2024|1221|4|0|71|3,2024|1221|1100|4|0|71|3,,2024,,1221,1100,4,0,71,3,
2024|1221|4|0|24|1,2024|1221|1100|4|0|24|1,,2024,,1221,1100,4,0,24,1,
2024|1221|3|0|10|1,2024|1221|4481|3|0|10|1,,2024,,1221,4481,3,0,10,1,
2024|1221|1|0|10|1,2024|1221|4544|1|0|10|1,,2024,,1221,4544,1,0,10,1,
2024|1221|3|0|10|1,2024|1221|4544|3|0|10|1,,2024,,1221,4544,3,0,10,1,
2024|1221|3|0|10|7,2024|1221|4544|3|0|10|7,,2024,,1221,4544,3,0,10,7,
2024|1221|1|0|10|1,2024|1221|1083|1|0|10|1,,2024,,1221,1083,1,0,10,1,
2024|1221|3|0|10|1,2024|1221|1083|3|0|10|1,,2024,,1221,1083,3,0,10,1,
2024|1221|3|0|10|7,2024|1221|1083|3|0|10|7,,2024,,1221,1083,3,0,10,7,
2024|1221|1|0|10|1,2024|1221|4482|1|0|10|1,,2024,,1221,4482,1,0,10,1,
2024|1221|3|0|10|7,2024|1221|4482|3|0|10|7,,2024,,1221,4482,3,0,10,7,
2024|1221|3|0|10|1,2024|1221|4482|3|0|10|1,,2024,,1221,4482,3,0,10,1,
2024|1221|1|1|10|1,2024|1221|1082|1|1|10|1,,2024,,1221,1082,1,1,10,1,
2024|1221|3|1|32|1,2024|1221|1082|3|1|32|1,,2024,,1221,1082,3,1,32,1,
2024|1221|3|1|10|7,2024|1221|1082|3|1|10|7,,2024,,1221,1082,3,1,10,7,
2024|1221|3|1|10|1,2024|1221|1082|3|1|10|1,,2024,,1221,1082,3,1,10,1,
2024|1221|1|0|95|1,2024|1221|1097|1|0|95|1,,2024,,1221,1097,1,0,95,1,
2024|1221|3|0|10|1,2024|1221|1097|3|0|10|1,,2024,,1221,1097,3,0,10,1,
2024|1221|3|0|95|7,2024|1221|1097|3|0|95|7,,2024,,1221,1097,3,0,95,7,
2024|1221|3|0|95|1,2024|1221|1097|3|0|95|1,,2024,,1221,1097,3,0,95,1,
2024|1221|4|0|95|1,2024|1221|1097|4|0|95|1,,2024,,1221,1097,4,0,95,1,
2024|1221|1|0|10|1,2024|1221|1072|1|0|10|1,,2024,,1221,1072,1,0,10,1,
2024|1221|3|0|10|7,2024|1221|1072|3|0|10|7,,2024,,1221,1072,3,0,10,7,
2024|1221|3|0|32|1,2024|1221|1072|3|0|32|1,,2024,,1221,1072,3,0,32,1,
2024|1221|1|1|10|1,2024|1221|1071|1|1|10|1,,2024,,1221,1071,1,1,10,1,
2024|1221|3|1|32|1,2024|1221|1071|3|1|32|1,,2024,,1221,1071,3,1,32,1,
2024|1221|3|1|10|1,2024|1221|1071|3|1|10|1,,2024,,1221,1071,3,1,10,1,
2024|1221|3|1|10|7,2024|1221|1071|3|1|10|7,,2024,,1221,1071,3,1,10,7,
2024|1221|1|0|10|1,2024|1221|4474|1|0|10|1,,2024,,1221,4474,1,0,10,1,
2024|1221|3|0|10|4,2024|1221|4474|3|0|10|4,,2024,,1221,4474,3,0,10,4,
2024|1221|3|0|32|1,2024|1221|4474|3|0|32|1,,2024,,1221,4474,3,0,32,1,
2024|1221|3|0|10|7,2024|1221|4474|3|0|10|7,,2024,,1221,4474,3,0,10,7,
2024|1221|1|0|10|1,2024|1221|1073|1|0|10|1,,2024,,1221,1073,1,0,10,1,
2024|1221|3|0|32|1,2024|1221|1073|3|0|32|1,,2024,,1221,1073,3,0,32,1,
2024|1221|3|0|10|7,2024|1221|1073|3|0|10|7,,2024,,1221,1073,3,0,10,7,
2024|1221|3|1|10|1,2024|1221|1081|3|1|10|1,,2024,,1221,1081,3,1,10,1,
2024|1221|1|0|10|1,2024|1221|4499|1|0|10|1,,2024,,1221,4499,1,0,10,1,
2024|1221|3|0|10|1,2024|1221|4499|3|0|10|1,,2024,,1221,4499,3,0,10,1,
2024|1221|3|0|10|7,2024|1221|4499|3|0|10|7,,2024,,1221,4499,3,0,10,7,
2024|1221|1|0|10|1,2024|1221|1078|1|0|10|1,,2024,,1221,1078,1,0,10,1,
2024|1221|3|0|32|1,2024|1221|1078|3|0|32|1,,2024,,1221,1078,3,0,32,1,
2024|1221|3|0|10|7,2024|1221|1078|3|0|10|7,,2024,,1221,1078,3,0,10,7,
2024|1221|1|0|10|1,2024|1221|1079|1|0|10|1,,2024,,1221,1079,1,0,10,1,
2024|1221|3|0|32|1,2024|1221|1079|3|0|32|1,,2024,,1221,1079,3,0,32,1,
2024|1221|3|0|10|7,2024|1221|1079|3|0|10|7,,2024,,1221,1079,3,0,10,7,
2024|1221|1|0|10|1,2024|1221|1091|1|0|10|1,,2024,,1221,1091,1,0,10,1,
2024|1221|3|0|10|1,2024|1221|1091|3|0|10|1,,2024,,1221,1091,3,0,10,1,
2024|1221|3|0|32|1,2024|1221|1091|3|0|32|1,,2024,,1221,1091,3,0,32,1,
2024|1221|3|0|10|7,2024|1221|1091|3|0|10|7,,2024,,1221,1091,3,0,10,7,
2024|1221|1|0|10|1,2024|1221|1076|1|0|10|1,,2024,,1221,1076,1,0,10,1,
2024|1221|3|0|10|7,2024|1221|1076|3|0|10|7,,2024,,1221,1076,3,0,10,7,
2024|1221|3|0|32|1,2024|1221|1076|3|0|32|1,,2024,,1221,1076,3,0,32,1,
2024|1221|1|0|10|1,2024|1221|1077|1|0|10|1,,2024,,1221,1077,1,0,10,1,
2024|1221|3|0|32|1,2024|1221|1077|3|0|32|1,,2024,,1221,1077,3,0,32,1,
2024|1221|3|0|10|1,2024|1221|1077|3|0|10|1,,2024,,1221,1077,3,0,10,1,
2024|1221|3|0|10|7,2024|1221|1077|3|0|10|7,,2024,,1221,1077,3,0,10,7,
2024|1221|3|0|95|1,2024|1221|1077|3|0|95|1,,2024,,1221,1077,3,0,95,1,
2024|1221|1|0|10|1,2024|1221|1090|1|0|10|1,,2024,,1221,1090,1,0,10,1,
2024|1221|3|0|10|7,2024|1221|1090|3|0|10|7,,2024,,1221,1090,3,0,10,7,
2024|1221|3|0|10|1,2024|1221|1090|3|0|10|1,,2024,,1221,1090,3,0,10,1,
2024|1221|1|0|10|1,2024|1221|1075|1|0|10|1,,2024,,1221,1075,1,0,10,1,
2024|1221|3|0|32|1,2024|1221|1075|3|0|32|1,,2024,,1221,1075,3,0,32,1,
2024|1221|3|0|10|7,2024|1221|1075|3|0|10|7,,2024,,1221,1075,3,0,10,7,
2024|1221|4|0|32|1,2024|1221|1075|4|0|32|1,,2024,,1221,1075,4,0,32,1,
2024|1221|1|0|10|1,2024|1221|4449|1|0|10|1,,2024,,1221,4449,1,0,10,1,
2024|1221|3|0|10|1,2024|1221|4449|3|0|10|1,,2024,,1221,4449,3,0,10,1,
2024|1221|3|0|10|7,2024|1221|4449|3|0|10|7,,2024,,1221,4449,3,0,10,7,
2024|1221|4|0|10|8,2024|1221|4449|4|0|10|8,,2024,,1221,4449,4,0,10,8,
2024|1221|1|0|10|1,2024|1221|4472|1|0|10|1,,2024,,1221,4472,1,0,10,1,
2024|1221|3|0|10|1,2024|1221|4472|3|0|10|1,,2024,,1221,4472,3,0,10,1,
2024|1221|3|0|10|7,2024|1221|4472|3|0|10|7,,2024,,1221,4472,3,0,10,7,
2024|1221|1|0|10|1,2024|1221|2500|1|0|10|1,,2024,,1221,2500,1,0,10,1,
2024|1221|3|0|10|1,2024|1221|2500|3|0|10|1,,2024,,1221,2500,3,0,10,1,
2024|1221|3|0|10|7,2024|1221|2500|3|0|10|7,,2024,,1221,2500,3,0,10,7,
2024|1231|3|0|10|1,2024|1231|4357|3|0|10|1,,2024,,1231,4357,3,0,10,1,
2024|1231|1|0|10|1,2024|1231|4361|1|0|10|1,,2024,,1231,4361,1,0,10,1,
2024|1231|3|0|10|7,2024|1231|4361|3|0|10|7,,2024,,1231,4361,3,0,10,7,
2024|1231|3|0|10|1,2024|1231|4361|3|0|10|1,,2024,,1231,4361,3,0,10,1,
2024|1231|4|0|10|8,2024|1231|4361|4|0|10|8,,2024,,1231,4361,4,0,10,8,
2024|1231|1|0|10|1,2024|1231|4359|1|0|10|1,,2024,,1231,4359,1,0,10,1,
2024|1231|3|0|10|1,2024|1231|4359|3|0|10|1,,2024,,1231,4359,3,0,10,1,
2024|1231|3|0|10|7,2024|1231|4359|3|0|10|7,,2024,,1231,4359,3,0,10,7,
2024|1231|1|0|10|1,2024|1231|4358|1|0|10|1,,2024,,1231,4358,1,0,10,1,
2024|1231|3|0|10|1,2024|1231|4358|3|0|10|1,,2024,,1231,4358,3,0,10,1,
2024|1231|3|0|10|4,2024|1231|4358|3|0|10|4,,2024,,1231,4358,3,0,10,4,
2024|1231|3|0|10|8,2024|1231|4358|3|0|10|8,,2024,,1231,4358,3,0,10,8,
2024|1231|3|0|15|1,2024|1231|4358|3|0|15|1,,2024,,1231,4358,3,0,15,1,
2024|1231|3|0|10|7,2024|1231|4358|3|0|10|7,,2024,,1231,4358,3,0,10,7,
2024|1231|4|0|10|8,2024|1231|4358|4|0|10|8,,2024,,1231,4358,4,0,10,8,
2024|1231|1|1|10|1,2024|1231|4363|1|1|10|1,,2024,,1231,4363,1,1,10,1,
2024|1231|3|1|10|8,2024|1231|4363|3|1|10|8,,2024,,1231,4363,3,1,10,8,
2024|1231|3|1|15|1,2024|1231|4363|3|1|15|1,,2024,,1231,4363,3,1,15,1,
2024|1231|3|1|10|1,2024|1231|4363|3|1|10|1,,2024,,1231,4363,3,1,10,1,
2024|1231|3|1|95|1,2024|1231|4363|3|1|95|1,,2024,,1231,4363,3,1,95,1,
2024|1231|3|1|10|7,2024|1231|4363|3|1|10|7,,2024,,1231,4363,3,1,10,7,
2024|1231|3|1|71|1,2024|1231|4363|3|1|71|1,,2024,,1231,4363,3,1,71,1,
2024|1231|3|1|24|1,2024|1231|4363|3|1|24|1,,2024,,1231,4363,3,1,24,1,
2024|1231|1|0|10|1,2024|1231|4384|1|0|10|1,,2024,,1231,4384,1,0,10,1,
2024|1231|3|0|10|1,2024|1231|4384|3|0|10|1,,2024,,1231,4384,3,0,10,1,
2024|1231|3|0|10|7,2024|1231|4384|3|0|10|7,,2024,,1231,4384,3,0,10,7,
2024|1231|3|0|10|1,2024|1231|1053|3|0|10|1,,2024,,1231,1053,3,0,10,1,
2024|1231|3|0|59|1,2024|1231|1053|3|0|59|1,,2024,,1231,1053,3,0,59,1,
2024|1231|1|0|10|1,2024|1231|4383|1|0|10|1,,2024,,1231,4383,1,0,10,1,
2024|1231|3|0|10|4,2024|1231|4383|3|0|10|4,,2024,,1231,4383,3,0,10,4,
2024|1231|3|0|15|1,2024|1231|4383|3|0|15|1,,2024,,1231,4383,3,0,15,1,
2024|1231|3|0|98|1,2024|1231|4383|3|0|98|1,,2024,,1231,4383,3,0,98,1,
2024|1231|3|0|1|1,2024|1231|4383|3|0|1|1,,2024,,1231,4383,3,0,1,1,
2024|1231|3|0|10|1,2024|1231|4383|3|0|10|1,,2024,,1231,4383,3,0,10,1,
2024|1231|3|0|10|7,2024|1231|4383|3|0|10|7,,2024,,1231,4383,3,0,10,7,
2024|1231|3|0|24|1,2024|1231|4383|3|0|24|1,,2024,,1231,4383,3,0,24,1,
2024|1231|4|0|10|8,2024|1231|4383|4|0|10|8,,2024,,1231,4383,4,0,10,8,
2024|1231|4|0|10|4,2024|1231|4383|4|0|10|4,,2024,,1231,4383,4,0,10,4,
2024|1231|3|0|10|1,2024|1231|4420|3|0|10|1,,2024,,1231,4420,3,0,10,1,
2024|1231|4|0|10|8,2024|1231|4420|4|0|10|8,,2024,,1231,4420,4,0,10,8,
2024|1231|4|0|10|4,2024|1231|4420|4|0|10|4,,2024,,1231,4420,4,0,10,4,
2024|1231|4|0|15|1,2024|1231|4420|4|0|15|1,,2024,,1231,4420,4,0,15,1,
2024|1231|4|0|24|1,2024|1231|4420|4|0|24|1,,2024,,1231,4420,4,0,24,1,
2024|1231|3|0|10|1,2024|1231|4408|3|0|10|1,,2024,,1231,4408,3,0,10,1,
2024|1231|3|0|10|1,2024|1231|4397|3|0|10|1,,2024,,1231,4397,3,0,10,1,
2024|1231|3|0|10|1,2024|1231|4407|3|0|10|1,,2024,,1231,4407,3,0,10,1,
2024|1231|1|0|10|1,2024|1231|4403|1|0|10|1,,2024,,1231,4403,1,0,10,1,
2024|1231|3|0|10|1,2024|1231|4403|3|0|10|1,,2024,,1231,4403,3,0,10,1,
2024|1231|3|0|10|7,2024|1231|4403|3|0|10|7,,2024,,1231,4403,3,0,10,7,
2024|1231|3|0|10|1,2024|1231|4406|3|0|10|1,,2024,,1231,4406,3,0,10,1,
2024|1231|3|0|10|1,2024|1231|4400|3|0|10|1,,2024,,1231,4400,3,0,10,1,
2024|1231|3|0|10|1,2024|1231|4399|3|0|10|1,,2024,,1231,4399,3,0,10,1,
2024|1231|3|0|71|1,2024|1231|4399|3|0|71|1,,2024,,1231,4399,3,0,71,1,
2024|1231|1|0|10|1,2024|1231|4394|1|0|10|1,,2024,,1231,4394,1,0,10,1,
2024|1231|3|0|10|1,2024|1231|4394|3|0|10|1,,2024,,1231,4394,3,0,10,1,
2024|1231|3|0|10|7,2024|1231|4394|3|0|10|7,,2024,,1231,4394,3,0,10,7,
2024|1231|3|0|10|1,2024|1231|4396|3|0|10|1,,2024,,1231,4396,3,0,10,1,
2024|1231|3|0|71|3,2024|1231|4396|3|0|71|3,,2024,,1231,4396,3,0,71,3,
2024|1231|3|0|10|3,2024|1231|4396|3|0|10|3,,2024,,1231,4396,3,0,10,3,
2024|1231|3|0|24|1,2024|1231|4396|3|0|24|1,,2024,,1231,4396,3,0,24,1,
2024|1231|4|0|24|1,2024|1231|4396|4|0|24|1,,2024,,1231,4396,4,0,24,1,
2024|1231|1|0|10|1,2024|1231|4393|1|0|10|1,,2024,,1231,4393,1,0,10,1,
2024|1231|3|0|10|7,2024|1231|4393|3|0|10|7,,2024,,1231,4393,3,0,10,7,
2024|1231|3|0|10|1,2024|1231|4393|3|0|10|1,,2024,,1231,4393,3,0,10,1,
2024|1231|4|0|10|1,2024|1231|4393|4|0|10|1,,2024,,1231,4393,4,0,10,1,
2024|1231|4|0|10|3,2024|1231|4393|4|0|10|3,,2024,,1231,4393,4,0,10,3,
2024|1231|4|0|24|1,2024|1231|4393|4|0|24|1,,2024,,1231,4393,4,0,24,1,
2024|1231|1|0|10|1,2024|1231|4398|1|0|10|1,,2024,,1231,4398,1,0,10,1,
2024|1231|3|0|10|8,2024|1231|4398|3|0|10|8,,2024,,1231,4398,3,0,10,8,
2024|1231|3|0|10|4,2024|1231|4398|3|0|10|4,,2024,,1231,4398,3,0,10,4,
2024|1231|3|0|71|1,2024|1231|4398|3|0|71|1,,2024,,1231,4398,3,0,71,1,
2024|1231|3|0|10|1,2024|1231|4398|3|0|10|1,,2024,,1231,4398,3,0,10,1,
2024|1231|3|0|10|7,2024|1231|4398|3|0|10|7,,2024,,1231,4398,3,0,10,7,
2024|1231|3|0|24|1,2024|1231|4398|3|0|24|1,,2024,,1231,4398,3,0,24,1,
2024|1231|4|0|10|8,2024|1231|4398|4|0|10|8,,2024,,1231,4398,4,0,10,8,
2024|1231|3|0|10|1,2024|1231|4419|3|0|10|1,,2024,,1231,4419,3,0,10,1,
2024|1231|4|0|10|8,2024|1231|4419|4|0|10|8,,2024,,1231,4419,4,0,10,8,
2024|1231|4|0|15|1,2024|1231|4419|4|0|15|1,,2024,,1231,4419,4,0,15,1,
2024|1231|3|0|10|1,2024|1231|4391|3|0|10|1,,2024,,1231,4391,3,0,10,1,
2024|1231|1|0|10|1,2024|1231|4386|1|0|10|1,,2024,,1231,4386,1,0,10,1,
2024|1231|3|0|10|7,2024|1231|4386|3|0|10|7,,2024,,1231,4386,3,0,10,7,
2024|1231|3|0|10|1,2024|1231|4386|3|0|10|1,,2024,,1231,4386,3,0,10,1,
2024|1231|1|0|10|1,2024|1231|4405|1|0|10|1,,2024,,1231,4405,1,0,10,1,
2024|1231|3|0|10|1,2024|1231|4405|3|0|10|1,,2024,,1231,4405,3,0,10,1,
2024|1231|3|0|10|7,2024|1231|4405|3|0|10|7,,2024,,1231,4405,3,0,10,7,
2024|1231|1|0|10|1,2024|1231|2500|1|0|10|1,,2024,,1231,2500,1,0,10,1,
2024|1231|3|0|10|1,2024|1231|2500|3|0|10|1,,2024,,1231,2500,3,0,10,1,
2024|1231|3|0|10|7,2024|1231|2500|3|0|10|7,,2024,,1231,2500,3,0,10,7,
2024|1251|1|0|10|1,2024|1251|4372|1|0|10|1,,2024,,1251,4372,1,0,10,1,
2024|1251|3|0|60|1,2024|1251|4372|3|0|60|1,,2024,,1251,4372,3,0,60,1,
2024|1251|3|0|60|2,2024|1251|4372|3|0|60|2,,2024,,1251,4372,3,0,60,2,
2024|1251|3|0|70|1,2024|1251|4372|3|0|70|1,,2024,,1251,4372,3,0,70,1,
2024|1251|3|0|10|3,2024|1251|4372|3|0|10|3,,2024,,1251,4372,3,0,10,3,
2024|1251|3|0|69|1,2024|1251|4372|3|0|69|1,,2024,,1251,4372,3,0,69,1,
2024|1251|3|0|10|1,2024|1251|4372|3|0|10|1,,2024,,1251,4372,3,0,10,1,
2024|1251|3|0|10|7,2024|1251|4372|3|0|10|7,,2024,,1251,4372,3,0,10,7,
2024|1251|4|0|10|1,2024|1251|4372|4|0|10|1,,2024,,1251,4372,4,0,10,1,
2024|1251|4|0|60|2,2024|1251|4372|4|0|60|2,,2024,,1251,4372,4,0,60,2,
2024|1251|4|0|70|1,2024|1251|4372|4|0|70|1,,2024,,1251,4372,4,0,70,1,
2024|1251|4|0|69|1,2024|1251|4372|4|0|69|1,,2024,,1251,4372,4,0,69,1,
2024|1251|3|0|10|1,2024|1251|2065|3|0|10|1,,2024,,1251,2065,3,0,10,1,
2024|1251|3|0|10|1,2024|1251|2057|3|0|10|1,,2024,,1251,2057,3,0,10,1,
2024|1251|1|0|10|1,2024|1251|2060|1|0|10|1,,2024,,1251,2060,1,0,10,1,
2024|1251|3|0|10|1,2024|1251|2060|3|0|10|1,,2024,,1251,2060,3,0,10,1,
2024|1251|3|0|60|2,2024|1251|2060|3|0|60|2,,2024,,1251,2060,3,0,60,2,
2024|1251|3|0|10|7,2024|1251|2060|3|0|10|7,,2024,,1251,2060,3,0,10,7,
2024|1251|4|0|60|2,2024|1251|2060|4|0|60|2,,2024,,1251,2060,4,0,60,2,
2024|1251|4|0|95|1,2024|1251|2060|4|0|95|1,,2024,,1251,2060,4,0,95,1,
2024|1251|1|0|10|1,2024|1251|2058|1|0|10|1,,2024,,1251,2058,1,0,10,1,
2024|1251|3|0|70|1,2024|1251|2058|3|0|70|1,,2024,,1251,2058,3,0,70,1,
2024|1251|3|0|10|1,2024|1251|2058|3|0|10|1,,2024,,1251,2058,3,0,10,1,
2024|1251|3|0|10|7,2024|1251|2058|3|0|10|7,,2024,,1251,2058,3,0,10,7,
2024|1251|1|0|10|1,2024|1251|2059|1|0|10|1,,2024,,1251,2059,1,0,10,1,
2024|1251|3|0|70|1,2024|1251|2059|3|0|70|1,,2024,,1251,2059,3,0,70,1,
2024|1251|3|0|10|1,2024|1251|2059|3|0|10|1,,2024,,1251,2059,3,0,10,1,
2024|1251|3|0|10|7,2024|1251|2059|3|0|10|7,,2024,,1251,2059,3,0,10,7,
2024|1251|3|0|10|8,2024|1251|4373|3|0|10|8,,2024,,1251,4373,3,0,10,8,
2024|1251|3|0|60|1,2024|1251|4373|3|0|60|1,,2024,,1251,4373,3,0,60,1,
2024|1251|3|0|10|1,2024|1251|2063|3|0|10|1,,2024,,1251,2063,3,0,10,1,
2024|1251|4|0|46|1,2024|1251|2063|4|0|46|1,,2024,,1251,2063,4,0,46,1,
2024|1251|4|0|95|1,2024|1251|2063|4|0|95|1,,2024,,1251,2063,4,0,95,1,
2024|1251|4|0|68|1,2024|1251|2063|4|0|68|1,,2024,,1251,2063,4,0,68,1,
2024|1251|3|1|15|1,2024|1251|4366|3|1|15|1,,2024,,1251,4366,3,1,15,1,
2024|1251|3|1|10|8,2024|1251|4366|3|1|10|8,,2024,,1251,4366,3,1,10,8,
2024|1251|3|1|10|1,2024|1251|4366|3|1|10|1,,2024,,1251,4366,3,1,10,1,
2024|1251|4|1|15|1,2024|1251|4366|4|1|15|1,,2024,,1251,4366,4,1,15,1,
2024|1251|4|1|10|8,2024|1251|4366|4|1|10|8,,2024,,1251,4366,4,1,10,8,
2024|1251|1|0|10|1,2024|1251|2061|1|0|10|1,,2024,,1251,2061,1,0,10,1,
2024|1251|3|0|60|1,2024|1251|2061|3|0|60|1,,2024,,1251,2061,3,0,60,1,
2024|1251|3|0|24|1,2024|1251|2061|3|0|24|1,,2024,,1251,2061,3,0,24,1,
2024|1251|3|0|10|1,2024|1251|2061|3|0|10|1,,2024,,1251,2061,3,0,10,1,
2024|1251|3|0|69|1,2024|1251|2061|3|0|69|1,,2024,,1251,2061,3,0,69,1,
2024|1251|3|0|10|7,2024|1251|2061|3|0|10|7,,2024,,1251,2061,3,0,10,7,
2024|1251|4|0|24|1,2024|1251|2061|4|0|24|1,,2024,,1251,2061,4,0,24,1,
2024|1251|4|0|69|1,2024|1251|2061|4|0|69|1,,2024,,1251,2061,4,0,69,1,
2024|1251|1|0|27|1,2024|1251|4374|1|0|27|1,,2024,,1251,4374,1,0,27,1,
2024|1251|1|0|10|1,2024|1251|4374|1|0|10|1,,2024,,1251,4374,1,0,10,1,
2024|1251|3|0|68|1,2024|1251|4374|3|0|68|1,,2024,,1251,4374,3,0,68,1,
2024|1251|3|0|52|2,2024|1251|4374|3|0|52|2,,2024,,1251,4374,3,0,52,2,
2024|1251|3|0|24|1,2024|1251|4374|3|0|24|1,,2024,,1251,4374,3,0,24,1,
2024|1251|3|0|10|1,2024|1251|4374|3|0|10|1,,2024,,1251,4374,3,0,10,1,
2024|1251|3|0|83|2,2024|1251|4374|3|0|83|2,,2024,,1251,4374,3,0,83,2,
2024|1251|3|0|69|1,2024|1251|4374|3|0|69|1,,2024,,1251,4374,3,0,69,1,
2024|1251|3|0|70|1,2024|1251|4374|3|0|70|1,,2024,,1251,4374,3,0,70,1,
2024|1251|3|0|73|1,2024|1251|4374|3|0|73|1,,2024,,1251,4374,3,0,73,1,
2024|1251|3|0|10|7,2024|1251|4374|3|0|10|7,,2024,,1251,4374,3,0,10,7,
2024|1251|4|0|24|1,2024|1251|4374|4|0|24|1,,2024,,1251,4374,4,0,24,1,
2024|1251|4|0|68|1,2024|1251|4374|4|0|68|1,,2024,,1251,4374,4,0,68,1,
2024|1251|4|0|69|1,2024|1251|4374|4|0|69|1,,2024,,1251,4374,4,0,69,1,
2024|1251|4|0|70|1,2024|1251|4374|4|0|70|1,,2024,,1251,4374,4,0,70,1,
2024|1251|4|0|73|1,2024|1251|4374|4|0|73|1,,2024,,1251,4374,4,0,73,1,
2024|1251|1|0|10|1,2024|1251|4365|1|0|10|1,,2024,,1251,4365,1,0,10,1,
2024|1251|3|0|10|3,2024|1251|4365|3|0|10|3,,2024,,1251,4365,3,0,10,3,
2024|1251|3|0|2|1,2024|1251|4365|3|0|2|1,,2024,,1251,4365,3,0,2,1,
2024|1251|3|0|60|1,2024|1251|4365|3|0|60|1,,2024,,1251,4365,3,0,60,1,
2024|1251|3|0|82|1,2024|1251|4365|3|0|82|1,,2024,,1251,4365,3,0,82,1,
2024|1251|3|0|45|1,2024|1251|4365|3|0|45|1,,2024,,1251,4365,3,0,45,1,
2024|1251|3|0|9|1,2024|1251|4365|3|0|9|1,,2024,,1251,4365,3,0,9,1,
2024|1251|3|0|97|1,2024|1251|4365|3|0|97|1,,2024,,1251,4365,3,0,97,1,
2024|1251|3|0|68|1,2024|1251|4365|3|0|68|1,,2024,,1251,4365,3,0,68,1,
2024|1251|3|0|24|1,2024|1251|4365|3|0|24|1,,2024,,1251,4365,3,0,24,1,
2024|1251|3|0|10|7,2024|1251|4365|3|0|10|7,,2024,,1251,4365,3,0,10,7,
2024|1251|3|0|69|1,2024|1251|4365|3|0|69|1,,2024,,1251,4365,3,0,69,1,
2024|1251|3|0|10|1,2024|1251|4365|3|0|10|1,,2024,,1251,4365,3,0,10,1,
2024|1251|3|0|1|1,2024|1251|4365|3|0|1|1,,2024,,1251,4365,3,0,1,1,
2024|1251|3|0|70|1,2024|1251|4365|3|0|70|1,,2024,,1251,4365,3,0,70,1,
2024|1251|4|0|10|8,2024|1251|4365|4|0|10|8,,2024,,1251,4365,4,0,10,8,
2024|1251|4|0|45|1,2024|1251|4365|4|0|45|1,,2024,,1251,4365,4,0,45,1,
2024|1251|4|0|2|1,2024|1251|4365|4|0|2|1,,2024,,1251,4365,4,0,2,1,
2024|1251|4|0|10|3,2024|1251|4365|4|0|10|3,,2024,,1251,4365,4,0,10,3,
2024|1251|4|0|69|1,2024|1251|4365|4|0|69|1,,2024,,1251,4365,4,0,69,1,
2024|1251|4|0|9|1,2024|1251|4365|4|0|9|1,,2024,,1251,4365,4,0,9,1,
2024|1251|4|0|97|1,2024|1251|4365|4|0|97|1,,2024,,1251,4365,4,0,97,1,
2024|1251|4|0|10|1,2024|1251|4365|4|0|10|1,,2024,,1251,4365,4,0,10,1,
2024|1251|4|0|68|1,2024|1251|4365|4|0|68|1,,2024,,1251,4365,4,0,68,1,
2024|1251|4|0|95|1,2024|1251|4365|4|0|95|1,,2024,,1251,4365,4,0,95,1,
2024|1251|4|0|97|3,2024|1251|4365|4|0|97|3,,2024,,1251,4365,4,0,97,3,
2024|1251|4|0|70|1,2024|1251|4365|4|0|70|1,,2024,,1251,4365,4,0,70,1,
2024|1251|4|0|24|1,2024|1251|4365|4|0|24|1,,2024,,1251,4365,4,0,24,1,
2024|1251|4|0|1|1,2024|1251|4365|4|0|1|1,,2024,,1251,4365,4,0,1,1,
2024|1251|3|0|10|7,2024|1251|7010|3|0|10|7,,2024,,1251,7010,3,0,10,7,
2024|1251|1|0|10|1,2024|1251|2500|1|0|10|1,,2024,,1251,2500,1,0,10,1,
2024|1251|3|0|60|1,2024|1251|2500|3|0|60|1,,2024,,1251,2500,3,0,60,1,
2024|1251|3|0|10|1,2024|1251|2500|3|0|10|1,,2024,,1251,2500,3,0,10,1,
2024|1251|3|0|10|7,2024|1251|2500|3|0|10|7,,2024,,1251,2500,3,0,10,7,
2024|1251|1|0|10|1,2024|1251|7007|1|0|10|1,,2024,,1251,7007,1,0,10,1,
2024|1261|3|0|10|1,2024|1261|2133|3|0|10|1,,2024,,1261,2133,3,0,10,1,
2024|1261|1|0|10|1,2024|1261|2092|1|0|10|1,,2024,,1261,2092,1,0,10,1,
2024|1261|3|0|10|7,2024|1261|2092|3|0|10|7,,2024,,1261,2092,3,0,10,7,
2024|1261|1|0|10|1,2024|1261|2098|1|0|10|1,,2024,,1261,2098,1,0,10,1,
2024|1261|3|0|10|7,2024|1261|2098|3|0|10|7,,2024,,1261,2098,3,0,10,7,
2024|1261|3|1|10|1,2024|1261|2099|3|1|10|1,,2024,,1261,2099,3,1,10,1,
2024|1261|3|0|10|1,2024|1261|2095|3|0|10|1,,2024,,1261,2095,3,0,10,1,
2024|1261|4|0|10|1,2024|1261|2095|4|0|10|1,,2024,,1261,2095,4,0,10,1,
2024|1261|1|0|10|1,2024|1261|2080|1|0|10|1,,2024,,1261,2080,1,0,10,1,
2024|1261|1|0|23|1,2024|1261|2080|1|0|23|1,,2024,,1261,2080,1,0,23,1,
2024|1261|3|0|23|7,2024|1261|2080|3|0|23|7,,2024,,1261,2080,3,0,23,7,
2024|1261|1|0|23|1,2024|1261|2096|1|0|23|1,,2024,,1261,2096,1,0,23,1,
2024|1261|1|0|10|1,2024|1261|2096|1|0|10|1,,2024,,1261,2096,1,0,10,1,
2024|1261|3|0|23|1,2024|1261|2096|3|0|23|1,,2024,,1261,2096,3,0,23,1,
2024|1261|3|0|23|7,2024|1261|2096|3|0|23|7,,2024,,1261,2096,3,0,23,7,
2024|1261|3|0|10|7,2024|1261|2096|3|0|10|7,,2024,,1261,2096,3,0,10,7,
2024|1261|3|0|10|1,2024|1261|2096|3|0|10|1,,2024,,1261,2096,3,0,10,1,
2024|1261|1|0|23|1,2024|1261|2093|1|0|23|1,,2024,,1261,2093,1,0,23,1,
2024|1261|1|0|10|1,2024|1261|2093|1|0|10|1,,2024,,1261,2093,1,0,10,1,
2024|1261|3|0|23|7,2024|1261|2093|3|0|23|7,,2024,,1261,2093,3,0,23,7,
2024|1261|1|0|10|1,2024|1261|2082|1|0|10|1,,2024,,1261,2082,1,0,10,1,
2024|1261|1|0|23|1,2024|1261|2082|1|0|23|1,,2024,,1261,2082,1,0,23,1,
2024|1261|3|0|23|7,2024|1261|2082|3|0|23|7,,2024,,1261,2082,3,0,23,7,
2024|1261|1|0|23|1,2024|1261|2094|1|0|23|1,,2024,,1261,2094,1,0,23,1,
2024|1261|1|0|10|1,2024|1261|2094|1|0|10|1,,2024,,1261,2094,1,0,10,1,
2024|1261|3|0|23|7,2024|1261|2094|3|0|23|7,,2024,,1261,2094,3,0,23,7,
2024|1261|1|0|23|1,2024|1261|2088|1|0|23|1,,2024,,1261,2088,1,0,23,1,
2024|1261|1|0|10|1,2024|1261|2088|1|0|10|1,,2024,,1261,2088,1,0,10,1,
2024|1261|3|0|23|7,2024|1261|2088|3|0|23|7,,2024,,1261,2088,3,0,23,7,
2024|1261|1|0|10|1,2024|1261|2089|1|0|10|1,,2024,,1261,2089,1,0,10,1,
2024|1261|1|0|23|1,2024|1261|2089|1|0|23|1,,2024,,1261,2089,1,0,23,1,
2024|1261|3|0|23|7,2024|1261|2089|3|0|23|7,,2024,,1261,2089,3,0,23,7,
2024|1261|1|0|10|1,2024|1261|2097|1|0|10|1,,2024,,1261,2097,1,0,10,1,
2024|1261|1|0|23|1,2024|1261|2097|1|0|23|1,,2024,,1261,2097,1,0,23,1,
2024|1261|3|0|23|7,2024|1261|2097|3|0|23|7,,2024,,1261,2097,3,0,23,7,
2024|1261|1|0|10|1,2024|1261|2086|1|0|10|1,,2024,,1261,2086,1,0,10,1,
2024|1261|1|0|23|1,2024|1261|2086|1|0|23|1,,2024,,1261,2086,1,0,23,1,
2024|1261|3|0|23|7,2024|1261|2086|3|0|23|7,,2024,,1261,2086,3,0,23,7,
2024|1261|1|0|23|1,2024|1261|2083|1|0|23|1,,2024,,1261,2083,1,0,23,1,
2024|1261|1|0|10|1,2024|1261|2083|1|0|10|1,,2024,,1261,2083,1,0,10,1,
2024|1261|3|0|23|7,2024|1261|2083|3|0|23|7,,2024,,1261,2083,3,0,23,7,
2024|1261|1|0|10|1,2024|1261|2081|1|0|10|1,,2024,,1261,2081,1,0,10,1,
2024|1261|1|0|23|1,2024|1261|2081|1|0|23|1,,2024,,1261,2081,1,0,23,1,
2024|1261|3|0|23|7,2024|1261|2081|3|0|23|7,,2024,,1261,2081,3,0,23,7,
2024|1261|1|0|10|1,2024|1261|2090|1|0|10|1,,2024,,1261,2090,1,0,10,1,
2024|1261|1|0|23|1,2024|1261|2090|1|0|23|1,,2024,,1261,2090,1,0,23,1,
2024|1261|3|0|23|7,2024|1261|2090|3|0|23|7,,2024,,1261,2090,3,0,23,7,
2024|1261|1|0|23|1,2024|1261|2085|1|0|23|1,,2024,,1261,2085,1,0,23,1,
2024|1261|1|0|10|1,2024|1261|2085|1|0|10|1,,2024,,1261,2085,1,0,10,1,
2024|1261|3|0|23|7,2024|1261|2085|3|0|23|7,,2024,,1261,2085,3,0,23,7,
2024|1261|3|0|36|1,2024|1261|2102|3|0|36|1,,2024,,1261,2102,3,0,36,1,
2024|1261|3|0|21|1,2024|1261|2100|3|0|21|1,,2024,,1261,2100,3,0,21,1,
2024|1261|3|0|21|1,2024|1261|2101|3|0|21|1,,2024,,1261,2101,3,0,21,1,
2024|1261|4|0|10|1,2024|1261|2104|4|0|10|1,,2024,,1261,2104,4,0,10,1,
2024|1261|3|0|10|1,2024|1261|2127|3|0|10|1,,2024,,1261,2127,3,0,10,1,
2024|1261|3|0|24|1,2024|1261|2127|3|0|24|1,,2024,,1261,2127,3,0,24,1,
2024|1261|3|0|10|3,2024|1261|2127|3|0|10|3,,2024,,1261,2127,3,0,10,3,
2024|1261|4|0|21|3,2024|1261|2127|4|0|21|3,,2024,,1261,2127,4,0,21,3,
2024|1261|4|0|24|1,2024|1261|2127|4|0|24|1,,2024,,1261,2127,4,0,24,1,
2024|1261|3|0|10|1,2024|1261|1094|3|0|10|1,,2024,,1261,1094,3,0,10,1,
2024|1261|3|0|23|1,2024|1261|1094|3|0|23|1,,2024,,1261,1094,3,0,23,1,
2024|1261|3|1|10|1,2024|1261|2105|3|1|10|1,,2024,,1261,2105,3,1,10,1,
2024|1261|3|0|10|1,2024|1261|2107|3|0|10|1,,2024,,1261,2107,3,0,10,1,
2024|1261|3|0|23|1,2024|1261|2107|3|0|23|1,,2024,,1261,2107,3,0,23,1,
2024|1261|4|0|10|1,2024|1261|2107|4|0|10|1,,2024,,1261,2107,4,0,10,1,
2024|1261|4|0|23|1,2024|1261|2107|4|0|23|1,,2024,,1261,2107,4,0,23,1,
2024|1261|3|0|10|1,2024|1261|2116|3|0|10|1,,2024,,1261,2116,3,0,10,1,
2024|1261|3|0|10|1,2024|1261|2117|3|0|10|1,,2024,,1261,2117,3,0,10,1,
2024|1261|3|0|10|1,2024|1261|1093|3|0|10|1,,2024,,1261,1093,3,0,10,1,
2024|1261|3|0|10|1,2024|1261|2119|3|0|10|1,,2024,,1261,2119,3,0,10,1,
2024|1261|4|0|10|1,2024|1261|2119|4|0|10|1,,2024,,1261,2119,4,0,10,1,
2024|1261|3|0|36|1,2024|1261|2123|3|0|36|1,,2024,,1261,2123,3,0,36,1,
2024|1261|3|0|10|1,2024|1261|2123|3|0|10|1,,2024,,1261,2123,3,0,10,1,
2024|1261|4|0|10|1,2024|1261|2123|4|0|10|1,,2024,,1261,2123,4,0,10,1,
2024|1261|3|0|10|8,2024|1261|2120|3|0|10|8,,2024,,1261,2120,3,0,10,8,
2024|1261|3|0|10|1,2024|1261|2120|3|0|10|1,,2024,,1261,2120,3,0,10,1,
2024|1261|4|0|10|1,2024|1261|2120|4|0|10|1,,2024,,1261,2120,4,0,10,1,
2024|1261|4|0|10|8,2024|1261|2120|4|0|10|8,,2024,,1261,2120,4,0,10,8,
2024|1261|3|0|23|1,2024|1261|1092|3|0|23|1,,2024,,1261,1092,3,0,23,1,
2024|1261|3|0|10|1,2024|1261|1092|3|0|10|1,,2024,,1261,1092,3,0,10,1,
2024|1261|3|0|10|1,2024|1261|4508|3|0|10|1,,2024,,1261,4508,3,0,10,1,
2024|1261|3|0|23|1,2024|1261|4508|3|0|23|1,,2024,,1261,4508,3,0,23,1,
2024|1261|3|0|36|1,2024|1261|4508|3|0|36|1,,2024,,1261,4508,3,0,36,1,
2024|1261|4|0|10|8,2024|1261|4508|4|0|10|8,,2024,,1261,4508,4,0,10,8,
2024|1261|4|0|10|1,2024|1261|4508|4|0|10|1,,2024,,1261,4508,4,0,10,1,
2024|1261|4|0|36|1,2024|1261|4508|4|0|36|1,,2024,,1261,4508,4,0,36,1,
2024|1261|3|0|10|1,2024|1261|2122|3|0|10|1,,2024,,1261,2122,3,0,10,1,
2024|1261|3|0|23|1,2024|1261|2122|3|0|23|1,,2024,,1261,2122,3,0,23,1,
2024|1261|4|0|10|1,2024|1261|2122|4|0|10|1,,2024,,1261,2122,4,0,10,1,
2024|1261|3|0|10|1,2024|1261|4512|3|0|10|1,,2024,,1261,4512,3,0,10,1,
2024|1261|3|0|23|1,2024|1261|4512|3|0|23|1,,2024,,1261,4512,3,0,23,1,
2024|1261|3|0|36|1,2024|1261|4512|3|0|36|1,,2024,,1261,4512,3,0,36,1,
2024|1261|4|0|23|1,2024|1261|4512|4|0|23|1,,2024,,1261,4512,4,0,23,1,
2024|1261|4|0|10|1,2024|1261|4512|4|0|10|1,,2024,,1261,4512,4,0,10,1,
2024|1261|4|0|36|1,2024|1261|4512|4|0|36|1,,2024,,1261,4512,4,0,36,1,
2024|1261|3|0|10|1,2024|1261|4511|3|0|10|1,,2024,,1261,4511,3,0,10,1,
2024|1261|4|0|10|1,2024|1261|4511|4|0|10|1,,2024,,1261,4511,4,0,10,1,
2024|1261|3|1|10|1,2024|1261|2118|3|1|10|1,,2024,,1261,2118,3,1,10,1,
2024|1261|3|1|71|1,2024|1261|2118|3|1|71|1,,2024,,1261,2118,3,1,71,1,
2024|1261|3|1|23|1,2024|1261|2118|3|1|23|1,,2024,,1261,2118,3,1,23,1,
2024|1261|4|0|10|1,2024|1261|4517|4|0|10|1,,2024,,1261,4517,4,0,10,1,
2024|1261|3|0|10|1,2024|1261|2125|3|0|10|1,,2024,,1261,2125,3,0,10,1,
2024|1261|3|0|23|1,2024|1261|4522|3|0|23|1,,2024,,1261,4522,3,0,23,1,
2024|1261|3|0|10|1,2024|1261|4522|3|0|10|1,,2024,,1261,4522,3,0,10,1,
2024|1261|4|0|23|1,2024|1261|4522|4|0|23|1,,2024,,1261,4522,4,0,23,1,
2024|1261|3|0|10|1,2024|1261|2124|3|0|10|1,,2024,,1261,2124,3,0,10,1,
2024|1261|3|0|10|1,2024|1261|4521|3|0|10|1,,2024,,1261,4521,3,0,10,1,
2024|1261|3|0|36|1,2024|1261|4521|3|0|36|1,,2024,,1261,4521,3,0,36,1,
2024|1261|4|0|36|1,2024|1261|4521|4|0|36|1,,2024,,1261,4521,4,0,36,1,
2024|1261|3|0|23|1,2024|1261|4520|3|0|23|1,,2024,,1261,4520,3,0,23,1,
2024|1261|3|0|10|1,2024|1261|4520|3|0|10|1,,2024,,1261,4520,3,0,10,1,
2024|1261|3|0|10|1,2024|1261|4523|3|0|10|1,,2024,,1261,4523,3,0,10,1,
2024|1261|3|0|36|1,2024|1261|4523|3|0|36|1,,2024,,1261,4523,3,0,36,1,
2024|1261|3|0|10|8,2024|1261|4523|3|0|10|8,,2024,,1261,4523,3,0,10,8,
2024|1261|3|0|21|1,2024|1261|4523|3|0|21|1,,2024,,1261,4523,3,0,21,1,
2024|1261|3|0|10|3,2024|1261|4523|3|0|10|3,,2024,,1261,4523,3,0,10,3,
2024|1261|3|0|21|3,2024|1261|4523|3|0|21|3,,2024,,1261,4523,3,0,21,3,
2024|1261|3|0|24|1,2024|1261|4523|3|0|24|1,,2024,,1261,4523,3,0,24,1,
2024|1261|3|0|3|1,2024|1261|4523|3|0|3|1,,2024,,1261,4523,3,0,3,1,
2024|1261|4|0|21|1,2024|1261|4523|4|0|21|1,,2024,,1261,4523,4,0,21,1,
2024|1261|4|0|23|1,2024|1261|4523|4|0|23|1,,2024,,1261,4523,4,0,23,1,
2024|1261|4|0|97|1,2024|1261|4523|4|0|97|1,,2024,,1261,4523,4,0,97,1,
2024|1261|4|0|36|1,2024|1261|4523|4|0|36|1,,2024,,1261,4523,4,0,36,1,
2024|1261|4|0|10|8,2024|1261|4523|4|0|10|8,,2024,,1261,4523,4,0,10,8,
2024|1261|4|0|10|1,2024|1261|4523|4|0|10|1,,2024,,1261,4523,4,0,10,1,
2024|1261|4|0|13|1,2024|1261|4523|4|0|13|1,,2024,,1261,4523,4,0,13,1,
2024|1261|4|0|10|3,2024|1261|4523|4|0|10|3,,2024,,1261,4523,4,0,10,3,
2024|1261|4|0|24|1,2024|1261|4523|4|0|24|1,,2024,,1261,4523,4,0,24,1,
2024|1261|4|0|3|1,2024|1261|4523|4|0|3|1,,2024,,1261,4523,4,0,3,1,
2024|1261|4|0|10|1,2024|1261|2126|4|0|10|1,,2024,,1261,2126,4,0,10,1,
2024|1261|4|0|97|1,2024|1261|2126|4|0|97|1,,2024,,1261,2126,4,0,97,1,
2024|1261|4|0|36|1,2024|1261|2126|4|0|36|1,,2024,,1261,2126,4,0,36,1,
2024|1261|4|0|21|1,2024|1261|2126|4|0|21|1,,2024,,1261,2126,4,0,21,1,
2024|1261|4|0|10|3,2024|1261|2126|4|0|10|3,,2024,,1261,2126,4,0,10,3,
2024|1261|4|0|10|8,2024|1261|2126|4|0|10|8,,2024,,1261,2126,4,0,10,8,
2024|1261|3|0|10|1,2024|1261|4524|3|0|10|1,,2024,,1261,4524,3,0,10,1,
2024|1261|3|0|10|4,2024|1261|4524|3|0|10|4,,2024,,1261,4524,3,0,10,4,
2024|1261|3|0|10|8,2024|1261|4524|3|0|10|8,,2024,,1261,4524,3,0,10,8,
2024|1261|3|0|21|1,2024|1261|4524|3|0|21|1,,2024,,1261,4524,3,0,21,1,
2024|1261|3|0|23|1,2024|1261|4524|3|0|23|1,,2024,,1261,4524,3,0,23,1,
2024|1261|4|0|21|1,2024|1261|4524|4|0|21|1,,2024,,1261,4524,4,0,21,1,
2024|1261|4|0|10|8,2024|1261|4524|4|0|10|8,,2024,,1261,4524,4,0,10,8,
2024|1261|4|0|23|1,2024|1261|4524|4|0|23|1,,2024,,1261,4524,4,0,23,1,
2024|1261|4|0|10|1,2024|1261|4524|4|0|10|1,,2024,,1261,4524,4,0,10,1,
2024|1261|3|1|10|8,2024|1261|4519|3|1|10|8,,2024,,1261,4519,3,1,10,8,
2024|1261|3|1|21|1,2024|1261|4519|3|1|21|1,,2024,,1261,4519,3,1,21,1,
2024|1261|3|1|23|1,2024|1261|4519|3|1|23|1,,2024,,1261,4519,3,1,23,1,
2024|1261|3|1|10|1,2024|1261|4519|3|1|10|1,,2024,,1261,4519,3,1,10,1,
2024|1261|4|1|23|1,2024|1261|4519|4|1|23|1,,2024,,1261,4519,4,1,23,1,
2024|1261|4|1|10|1,2024|1261|4519|4|1|10|1,,2024,,1261,4519,4,1,10,1,
2024|1261|4|1|21|1,2024|1261|4519|4|1|21|1,,2024,,1261,4519,4,1,21,1,
2024|1261|3|0|36|1,2024|1261|4527|3|0|36|1,,2024,,1261,4527,3,0,36,1,
2024|1261|3|0|21|1,2024|1261|4527|3|0|21|1,,2024,,1261,4527,3,0,21,1,
2024|1261|3|0|23|1,2024|1261|4527|3|0|23|1,,2024,,1261,4527,3,0,23,1,
2024|1261|3|0|10|1,2024|1261|4527|3|0|10|1,,2024,,1261,4527,3,0,10,1,
2024|1261|4|0|10|1,2024|1261|4527|4|0|10|1,,2024,,1261,4527,4,0,10,1,
2024|1261|3|0|10|1,2024|1261|2129|3|0|10|1,,2024,,1261,2129,3,0,10,1,
2024|1261|4|0|10|1,2024|1261|2129|4|0|10|1,,2024,,1261,2129,4,0,10,1,
2024|1261|3|0|21|1,2024|1261|2128|3|0|21|1,,2024,,1261,2128,3,0,21,1,
2024|1261|3|0|23|1,2024|1261|2128|3|0|23|1,,2024,,1261,2128,3,0,23,1,
2024|1261|3|0|10|1,2024|1261|2128|3|0|10|1,,2024,,1261,2128,3,0,10,1,
2024|1261|4|0|10|1,2024|1261|2128|4|0|10|1,,2024,,1261,2128,4,0,10,1,
2024|1261|4|0|23|1,2024|1261|2128|4|0|23|1,,2024,,1261,2128,4,0,23,1,
2024|1261|3|0|10|1,2024|1261|4534|3|0|10|1,,2024,,1261,4534,3,0,10,1,
2024|1261|3|0|10|1,2024|1261|4537|3|0|10|1,,2024,,1261,4537,3,0,10,1,
2024|1261|3|0|10|1,2024|1261|4540|3|0|10|1,,2024,,1261,4540,3,0,10,1,
2024|1261|3|0|10|8,2024|1261|4099|3|0|10|8,,2024,,1261,4099,3,0,10,8,
2024|1261|3|0|10|1,2024|1261|4531|3|0|10|1,,2024,,1261,4531,3,0,10,1,
2024|1261|3|0|10|1,2024|1261|4532|3|0|10|1,,2024,,1261,4532,3,0,10,1,
2024|1261|3|0|10|1,2024|1261|4536|3|0|10|1,,2024,,1261,4536,3,0,10,1,
2024|1261|3|0|10|1,2024|1261|4533|3|0|10|1,,2024,,1261,4533,3,0,10,1,
2024|1261|4|0|10|1,2024|1261|4533|4|0|10|1,,2024,,1261,4533,4,0,10,1,
2024|1261|3|0|21|1,2024|1261|4538|3|0|21|1,,2024,,1261,4538,3,0,21,1,
2024|1261|3|0|10|1,2024|1261|4538|3|0|10|1,,2024,,1261,4538,3,0,10,1,
2024|1261|3|0|10|1,2024|1261|4548|3|0|10|1,,2024,,1261,4548,3,0,10,1,
2024|1261|4|0|21|1,2024|1261|4548|4|0|21|1,,2024,,1261,4548,4,0,21,1,
2024|1261|4|0|10|1,2024|1261|4548|4|0|10|1,,2024,,1261,4548,4,0,10,1,
2024|1261|3|0|36|1,2024|1261|4546|3|0|36|1,,2024,,1261,4546,3,0,36,1,
2024|1261|3|0|10|1,2024|1261|4546|3|0|10|1,,2024,,1261,4546,3,0,10,1,
2024|1261|3|1|13|1,2024|1261|4543|3|1|13|1,,2024,,1261,4543,3,1,13,1,
2024|1261|3|1|21|1,2024|1261|4543|3|1|21|1,,2024,,1261,4543,3,1,21,1,
2024|1261|3|1|10|1,2024|1261|4543|3|1|10|1,,2024,,1261,4543,3,1,10,1,
2024|1261|3|1|36|1,2024|1261|4543|3|1|36|1,,2024,,1261,4543,3,1,36,1,
2024|1261|4|1|21|1,2024|1261|4543|4|1|21|1,,2024,,1261,4543,4,1,21,1,
2024|1261|4|1|10|1,2024|1261|4543|4|1|10|1,,2024,,1261,4543,4,1,10,1,
2024|1261|4|0|21|1,2024|1261|4545|4|0|21|1,,2024,,1261,4545,4,0,21,1,
2024|1261|4|0|10|1,2024|1261|4545|4|0|10|1,,2024,,1261,4545,4,0,10,1,
2024|1261|4|0|10|8,2024|1261|4545|4|0|10|8,,2024,,1261,4545,4,0,10,8,
2024|1261|3|0|10|1,2024|1261|4547|3|0|10|1,,2024,,1261,4547,3,0,10,1,
2024|1261|3|0|23|1,2024|1261|4547|3|0|23|1,,2024,,1261,4547,3,0,23,1,
2024|1261|3|0|71|1,2024|1261|4547|3|0|71|1,,2024,,1261,4547,3,0,71,1,
2024|1261|3|0|21|1,2024|1261|4547|3|0|21|1,,2024,,1261,4547,3,0,21,1,
2024|1261|3|0|13|1,2024|1261|4547|3|0|13|1,,2024,,1261,4547,3,0,13,1,
2024|1271|1|1|10|1,2024|1271|4328|1|1|10|1,,2024,,1271,4328,1,1,10,1,
2024|1271|3|1|10|1,2024|1271|4328|3|1|10|1,,2024,,1271,4328,3,1,10,1,
2024|1271|3|1|10|7,2024|1271|4328|3|1|10|7,,2024,,1271,4328,3,1,10,7,
2024|1271|1|0|10|1,2024|1271|4479|1|0|10|1,,2024,,1271,4479,1,0,10,1,
2024|1271|3|0|10|1,2024|1271|4479|3|0|10|1,,2024,,1271,4479,3,0,10,1,
2024|1271|3|0|10|7,2024|1271|4479|3|0|10|7,,2024,,1271,4479,3,0,10,7,
2024|1271|1|0|10|1,2024|1271|4327|1|0|10|1,,2024,,1271,4327,1,0,10,1,
2024|1271|3|0|10|1,2024|1271|4327|3|0|10|1,,2024,,1271,4327,3,0,10,1,
2024|1271|3|0|10|7,2024|1271|4327|3|0|10|7,,2024,,1271,4327,3,0,10,7,
2024|1271|3|0|95|1,2024|1271|4330|3|0|95|1,,2024,,1271,4330,3,0,95,1,
2024|1271|4|0|95|1,2024|1271|4330|4|0|95|1,,2024,,1271,4330,4,0,95,1,
2024|1271|1|0|10|1,2024|1271|4324|1|0|10|1,,2024,,1271,4324,1,0,10,1,
2024|1271|3|0|69|1,2024|1271|4324|3|0|69|1,,2024,,1271,4324,3,0,69,1,
2024|1271|3|0|10|7,2024|1271|4324|3|0|10|7,,2024,,1271,4324,3,0,10,7,
2024|1271|3|0|10|1,2024|1271|4324|3|0|10|1,,2024,,1271,4324,3,0,10,1,
2024|1271|3|0|95|1,2024|1271|4324|3|0|95|1,,2024,,1271,4324,3,0,95,1,
2024|1271|4|0|69|1,2024|1271|4324|4|0|69|1,,2024,,1271,4324,4,0,69,1,
2024|1271|4|0|10|1,2024|1271|4324|4|0|10|1,,2024,,1271,4324,4,0,10,1,
2024|1271|1|0|10|1,2024|1271|4331|1|0|10|1,,2024,,1271,4331,1,0,10,1,
2024|1271|3|0|10|7,2024|1271|4331|3|0|10|7,,2024,,1271,4331,3,0,10,7,
2024|1271|3|0|10|1,2024|1271|4331|3|0|10|1,,2024,,1271,4331,3,0,10,1,
2024|1271|1|0|10|1,2024|1271|4332|1|0|10|1,,2024,,1271,4332,1,0,10,1,
2024|1271|1|0|95|1,2024|1271|4332|1|0|95|1,,2024,,1271,4332,1,0,95,1,
2024|1271|3|0|15|1,2024|1271|4332|3|0|15|1,,2024,,1271,4332,3,0,15,1,
2024|1271|3|0|10|8,2024|1271|4332|3|0|10|8,,2024,,1271,4332,3,0,10,8,
2024|1271|3|0|10|4,2024|1271|4332|3|0|10|4,,2024,,1271,4332,3,0,10,4,
2024|1271|3|0|10|7,2024|1271|4332|3|0|10|7,,2024,,1271,4332,3,0,10,7,
2024|1271|3|0|95|7,2024|1271|4332|3|0|95|7,,2024,,1271,4332,3,0,95,7,
2024|1271|3|0|24|1,2024|1271|4332|3|0|24|1,,2024,,1271,4332,3,0,24,1,
2024|1271|4|0|15|1,2024|1271|4332|4|0|15|1,,2024,,1271,4332,4,0,15,1,
2024|1271|4|0|10|8,2024|1271|4332|4|0|10|8,,2024,,1271,4332,4,0,10,8,
2024|1271|1|0|10|1,2024|1271|4343|1|0|10|1,,2024,,1271,4343,1,0,10,1,
2024|1271|3|0|17|1,2024|1271|4343|3|0|17|1,,2024,,1271,4343,3,0,17,1,
2024|1271|3|0|57|1,2024|1271|4343|3|0|57|1,,2024,,1271,4343,3,0,57,1,
2024|1271|3|0|10|7,2024|1271|4343|3|0|10|7,,2024,,1271,4343,3,0,10,7,
2024|1271|3|0|10|1,2024|1271|4343|3|0|10|1,,2024,,1271,4343,3,0,10,1,
2024|1271|3|0|16|1,2024|1271|4343|3|0|16|1,,2024,,1271,4343,3,0,16,1,
2024|1271|3|0|10|1,2024|1271|4326|3|0|10|1,,2024,,1271,4326,3,0,10,1,
2024|1271|1|0|10|1,2024|1271|4322|1|0|10|1,,2024,,1271,4322,1,0,10,1,
2024|1271|3|0|10|1,2024|1271|4322|3|0|10|1,,2024,,1271,4322,3,0,10,1,
2024|1271|3|0|10|7,2024|1271|4322|3|0|10|7,,2024,,1271,4322,3,0,10,7,
2024|1271|4|0|10|8,2024|1271|4322|4|0|10|8,,2024,,1271,4322,4,0,10,8,
2024|1271|3|0|10|1,2024|1271|4329|3|0|10|1,,2024,,1271,4329,3,0,10,1,
2024|1271|3|0|10|1,2024|1271|4337|3|0|10|1,,2024,,1271,4337,3,0,10,1,
2024|1271|1|0|10|1,2024|1271|4336|1|0|10|1,,2024,,1271,4336,1,0,10,1,
2024|1271|3|0|10|7,2024|1271|4336|3|0|10|7,,2024,,1271,4336,3,0,10,7,
2024|1271|3|0|10|1,2024|1271|4336|3|0|10|1,,2024,,1271,4336,3,0,10,1,
2024|1271|1|0|10|1,2024|1271|4342|1|0|10|1,,2024,,1271,4342,1,0,10,1,
2024|1271|3|0|10|7,2024|1271|4342|3|0|10|7,,2024,,1271,4342,3,0,10,7,
2024|1271|3|0|10|1,2024|1271|4342|3|0|10|1,,2024,,1271,4342,3,0,10,1,
2024|1271|3|0|10|1,2024|1271|4339|3|0|10|1,,2024,,1271,4339,3,0,10,1,
2024|1271|1|0|10|1,2024|1271|4338|1|0|10|1,,2024,,1271,4338,1,0,10,1,
2024|1271|3|0|10|7,2024|1271|4338|3|0|10|7,,2024,,1271,4338,3,0,10,7,
2024|1271|3|0|10|1,2024|1271|4338|3|0|10|1,,2024,,1271,4338,3,0,10,1,
2024|1271|1|0|10|1,2024|1271|2500|1|0|10|1,,2024,,1271,2500,1,0,10,1,
2024|1271|3|0|10|1,2024|1271|2500|3|0|10|1,,2024,,1271,2500,3,0,10,1,
2024|1271|3|0|10|7,2024|1271|2500|3|0|10|7,,2024,,1271,2500,3,0,10,7,
2024|1301|3|0|10|1,2024|1301|4266|3|0|10|1,,2024,,1301,4266,3,0,10,1,
2024|1301|3|0|24|1,2024|1301|1037|3|0|24|1,,2024,,1301,1037,3,0,24,1,
2024|1301|4|0|10|3,2024|1301|1037|4|0|10|3,,2024,,1301,1037,4,0,10,3,
2024|1301|4|0|15|3,2024|1301|1037|4|0|15|3,,2024,,1301,1037,4,0,15,3,
2024|1301|4|0|32|1,2024|1301|1037|4|0|32|1,,2024,,1301,1037,4,0,32,1,
2024|1301|4|0|10|1,2024|1301|1037|4|0|10|1,,2024,,1301,1037,4,0,10,1,
2024|1301|4|0|24|1,2024|1301|1037|4|0|24|1,,2024,,1301,1037,4,0,24,1,
2024|1301|4|0|10|1,2024|1301|4346|4|0|10|1,,2024,,1301,4346,4,0,10,1,
2024|1301|5|0|95|1,2024|1301|4346|5|0|95|1,,2024,,1301,4346,5,0,95,1,
2024|1301|3|0|60|2,2024|1301|4345|3|0|60|2,,2024,,1301,4345,3,0,60,2,
2024|1301|4|0|10|1,2024|1301|4345|4|0|10|1,,2024,,1301,4345,4,0,10,1,
2024|1301|3|0|10|1,2024|1301|4253|3|0|10|1,,2024,,1301,4253,3,0,10,1,
2024|1301|4|0|10|1,2024|1301|4253|4|0|10|1,,2024,,1301,4253,4,0,10,1,
2024|1301|1|0|10|1,2024|1301|4205|1|0|10|1,,2024,,1301,4205,1,0,10,1,
2024|1301|3|0|10|7,2024|1301|4205|3|0|10|7,,2024,,1301,4205,3,0,10,7,
2024|1301|3|0|74|1,2024|1301|4205|3|0|74|1,,2024,,1301,4205,3,0,74,1,
2024|1301|4|0|10|1,2024|1301|4205|4|0|10|1,,2024,,1301,4205,4,0,10,1,
2024|1301|4|0|74|1,2024|1301|4205|4|0|74|1,,2024,,1301,4205,4,0,74,1,
2024|1301|1|0|10|1,2024|1301|4208|1|0|10|1,,2024,,1301,4208,1,0,10,1,
2024|1301|3|0|60|2,2024|1301|4208|3|0|60|2,,2024,,1301,4208,3,0,60,2,
2024|1301|3|0|10|1,2024|1301|4208|3|0|10|1,,2024,,1301,4208,3,0,10,1,
2024|1301|3|0|10|7,2024|1301|4208|3|0|10|7,,2024,,1301,4208,3,0,10,7,
2024|1301|3|0|95|1,2024|1301|4208|3|0|95|1,,2024,,1301,4208,3,0,95,1,
2024|1301|4|0|10|1,2024|1301|4208|4|0|10|1,,2024,,1301,4208,4,0,10,1,
2024|1301|4|0|60|2,2024|1301|4208|4|0|60|2,,2024,,1301,4208,4,0,60,2,
2024|1301|4|0|95|1,2024|1301|1042|4|0|95|1,,2024,,1301,1042,4,0,95,1,
2024|1301|1|0|10|1,2024|1301|4261|1|0|10|1,,2024,,1301,4261,1,0,10,1,
2024|1301|3|0|10|1,2024|1301|4261|3|0|10|1,,2024,,1301,4261,3,0,10,1,
2024|1301|3|0|70|1,2024|1301|4261|3|0|70|1,,2024,,1301,4261,3,0,70,1,
2024|1301|3|0|10|7,2024|1301|4261|3|0|10|7,,2024,,1301,4261,3,0,10,7,
2024|1301|4|0|10|8,2024|1301|4261|4|0|10|8,,2024,,1301,4261,4,0,10,8,
2024|1301|4|0|10|1,2024|1301|4261|4|0|10|1,,2024,,1301,4261,4,0,10,1,
2024|1301|4|0|70|1,2024|1301|4261|4|0|70|1,,2024,,1301,4261,4,0,70,1,
2024|1301|4|0|95|1,2024|1301|1040|4|0|95|1,,2024,,1301,1040,4,0,95,1,
2024|1301|3|0|10|1,2024|1301|1038|3|0|10|1,,2024,,1301,1038,3,0,10,1,
2024|1301|4|0|32|1,2024|1301|1038|4|0|32|1,,2024,,1301,1038,4,0,32,1,
2024|1301|4|0|32|3,2024|1301|1038|4|0|32|3,,2024,,1301,1038,4,0,32,3,
2024|1301|4|0|24|1,2024|1301|1038|4|0|24|1,,2024,,1301,1038,4,0,24,1,
2024|1301|3|0|10|1,2024|1301|1039|3|0|10|1,,2024,,1301,1039,3,0,10,1,
2024|1301|4|0|32|1,2024|1301|1039|4|0|32|1,,2024,,1301,1039,4,0,32,1,
2024|1301|4|0|10|1,2024|1301|1039|4|0|10|1,,2024,,1301,1039,4,0,10,1,
2024|1301|1|0|10|1,2024|1301|4265|1|0|10|1,,2024,,1301,4265,1,0,10,1,
2024|1301|3|0|10|1,2024|1301|4265|3|0|10|1,,2024,,1301,4265,3,0,10,1,
2024|1301|3|0|10|7,2024|1301|4265|3|0|10|7,,2024,,1301,4265,3,0,10,7,
2024|1301|4|0|95|1,2024|1301|4265|4|0|95|1,,2024,,1301,4265,4,0,95,1,
2024|1301|4|0|10|1,2024|1301|4265|4|0|10|1,,2024,,1301,4265,4,0,10,1,
2024|1301|4|0|32|1,2024|1301|1035|4|0|32|1,,2024,,1301,1035,4,0,32,1,
2024|1301|4|0|24|1,2024|1301|1035|4|0|24|1,,2024,,1301,1035,4,0,24,1,
2024|1301|3|0|24|1,2024|1301|1036|3|0|24|1,,2024,,1301,1036,3,0,24,1,
2024|1301|4|0|10|1,2024|1301|1036|4|0|10|1,,2024,,1301,1036,4,0,10,1,
2024|1301|4|0|32|1,2024|1301|1036|4|0|32|1,,2024,,1301,1036,4,0,32,1,
2024|1301|4|0|24|1,2024|1301|1036|4|0|24|1,,2024,,1301,1036,4,0,24,1,
2024|1301|4|0|25|1,2024|1301|1041|4|0|25|1,,2024,,1301,1041,4,0,25,1,
2024|1301|4|0|10|1,2024|1301|1041|4|0|10|1,,2024,,1301,1041,4,0,10,1,
2024|1301|3|0|10|1,2024|1301|4262|3|0|10|1,,2024,,1301,4262,3,0,10,1,
2024|1301|4|0|10|8,2024|1301|4262|4|0|10|8,,2024,,1301,4262,4,0,10,8,
2024|1301|4|0|15|1,2024|1301|4262|4|0|15|1,,2024,,1301,4262,4,0,15,1,
2024|1301|4|0|32|1,2024|1301|4262|4|0|32|1,,2024,,1301,4262,4,0,32,1,
2024|1301|4|0|10|1,2024|1301|4262|4|0|10|1,,2024,,1301,4262,4,0,10,1,
2024|1301|4|0|95|1,2024|1301|4262|4|0|95|1,,2024,,1301,4262,4,0,95,1,
2024|1301|3|0|59|1,2024|1301|4292|3|0|59|1,,2024,,1301,4292,3,0,59,1,
2024|1301|3|0|73|1,2024|1301|4292|3|0|73|1,,2024,,1301,4292,3,0,73,1,
2024|1301|3|0|10|1,2024|1301|4292|3|0|10|1,,2024,,1301,4292,3,0,10,1,
2024|1301|3|0|10|1,2024|1301|4291|3|0|10|1,,2024,,1301,4291,3,0,10,1,
2024|1301|1|0|10|1,2024|1301|4290|1|0|10|1,,2024,,1301,4290,1,0,10,1,
2024|1301|3|0|10|1,2024|1301|4290|3|0|10|1,,2024,,1301,4290,3,0,10,1,
2024|1301|3|0|95|1,2024|1301|4290|3|0|95|1,,2024,,1301,4290,3,0,95,1,
2024|1301|3|0|10|7,2024|1301|4290|3|0|10|7,,2024,,1301,4290,3,0,10,7,
2024|1301|3|0|24|1,2024|1301|1055|3|0|24|1,,2024,,1301,1055,3,0,24,1,
2024|1301|4|0|10|1,2024|1301|1055|4|0|10|1,,2024,,1301,1055,4,0,10,1,
2024|1301|4|0|32|1,2024|1301|1055|4|0|32|1,,2024,,1301,1055,4,0,32,1,
2024|1301|1|0|10|1,2024|1301|2500|1|0|10|1,,2024,,1301,2500,1,0,10,1,
2024|1301|3|0|10|7,2024|1301|2500|3|0|10|7,,2024,,1301,2500,3,0,10,7,
2024|1301|3|0|10|1,2024|1301|2500|3|0|10|1,,2024,,1301,2500,3,0,10,1,
2024|1301|4|0|10|1,2024|1301|2500|4|0|10|1,,2024,,1301,2500,4,0,10,1,
2024|1371|3|0|72|1,2024|1371|4044|3|0|72|1,,2024,,1371,4044,3,0,72,1,
2024|1371|3|0|29|1,2024|1371|4044|3|0|29|1,,2024,,1371,4044,3,0,29,1,
2024|1371|3|0|94|1,2024|1371|4037|3|0|94|1,,2024,,1371,4037,3,0,94,1,
2024|1371|3|0|29|1,2024|1371|4037|3|0|29|1,,2024,,1371,4037,3,0,29,1,
2024|1371|3|0|72|1,2024|1371|4037|3|0|72|1,,2024,,1371,4037,3,0,72,1,
2024|1371|4|0|15|1,2024|1371|4037|4|0|15|1,,2024,,1371,4037,4,0,15,1,
2024|1371|4|0|72|1,2024|1371|4037|4|0|72|1,,2024,,1371,4037,4,0,72,1,
2024|1371|1|0|72|1,2024|1371|4028|1|0|72|1,,2024,,1371,4028,1,0,72,1,
2024|1371|1|0|95|1,2024|1371|4028|1|0|95|1,,2024,,1371,4028,1,0,95,1,
2024|1371|3|0|10|3,2024|1371|4028|3|0|10|3,,2024,,1371,4028,3,0,10,3,
2024|1371|3|0|72|3,2024|1371|4028|3|0|72|3,,2024,,1371,4028,3,0,72,3,
2024|1371|3|0|31|7,2024|1371|4028|3|0|31|7,,2024,,1371,4028,3,0,31,7,
2024|1371|3|0|29|1,2024|1371|4028|3|0|29|1,,2024,,1371,4028,3,0,29,1,
2024|1371|3|0|95|7,2024|1371|4028|3|0|95|7,,2024,,1371,4028,3,0,95,7,
2024|1371|3|0|94|1,2024|1371|4028|3|0|94|1,,2024,,1371,4028,3,0,94,1,
2024|1371|3|0|72|1,2024|1371|4028|3|0|72|1,,2024,,1371,4028,3,0,72,1,
2024|1371|3|0|24|1,2024|1371|4028|3|0|24|1,,2024,,1371,4028,3,0,24,1,
2024|1371|4|0|10|8,2024|1371|4028|4|0|10|8,,2024,,1371,4028,4,0,10,8,
2024|1371|4|0|15|1,2024|1371|4028|4|0|15|1,,2024,,1371,4028,4,0,15,1,
2024|1371|4|0|72|3,2024|1371|4028|4|0|72|3,,2024,,1371,4028,4,0,72,3,
2024|1371|4|0|24|1,2024|1371|4028|4|0|24|1,,2024,,1371,4028,4,0,24,1,
2024|1371|4|0|9|1,2024|1371|4028|4|0|9|1,,2024,,1371,4028,4,0,9,1,
2024|1371|3|0|72|1,2024|1371|4040|3|0|72|1,,2024,,1371,4040,3,0,72,1,
2024|1371|3|0|94|1,2024|1371|4053|3|0|94|1,,2024,,1371,4053,3,0,94,1,
2024|1371|3|0|72|1,2024|1371|4053|3|0|72|1,,2024,,1371,4053,3,0,72,1,
2024|1371|1|0|72|1,2024|1371|4039|1|0|72|1,,2024,,1371,4039,1,0,72,1,
2024|1371|3|0|72|1,2024|1371|4039|3|0|72|1,,2024,,1371,4039,3,0,72,1,
2024|1371|3|0|31|7,2024|1371|4039|3|0|31|7,,2024,,1371,4039,3,0,31,7,
2024|1371|4|0|72|1,2024|1371|4039|4|0|72|1,,2024,,1371,4039,4,0,72,1,
2024|1371|1|0|72|1,2024|1371|4038|1|0|72|1,,2024,,1371,4038,1,0,72,1,
2024|1371|3|0|72|1,2024|1371|4038|3|0|72|1,,2024,,1371,4038,3,0,72,1,
2024|1371|3|0|95|1,2024|1371|4038|3|0|95|1,,2024,,1371,4038,3,0,95,1,
2024|1371|3|0|94|1,2024|1371|4038|3|0|94|1,,2024,,1371,4038,3,0,94,1,
2024|1371|3|0|31|7,2024|1371|4038|3|0|31|7,,2024,,1371,4038,3,0,31,7,
2024|1371|3|0|52|2,2024|1371|4038|3|0|52|2,,2024,,1371,4038,3,0,52,2,
2024|1371|4|0|72|1,2024|1371|4038|4|0|72|1,,2024,,1371,4038,4,0,72,1,
2024|1371|4|0|95|1,2024|1371|4038|4|0|95|1,,2024,,1371,4038,4,0,95,1,
2024|1371|1|0|72|1,2024|1371|4046|1|0|72|1,,2024,,1371,4046,1,0,72,1,
2024|1371|1|0|95|1,2024|1371|4046|1|0|95|1,,2024,,1371,4046,1,0,95,1,
2024|1371|3|0|94|1,2024|1371|4046|3|0|94|1,,2024,,1371,4046,3,0,94,1,
2024|1371|3|0|95|7,2024|1371|4046|3|0|95|7,,2024,,1371,4046,3,0,95,7,
2024|1371|3|0|72|1,2024|1371|4046|3|0|72|1,,2024,,1371,4046,3,0,72,1,
2024|1371|3|0|29|1,2024|1371|4046|3|0|29|1,,2024,,1371,4046,3,0,29,1,
2024|1371|3|0|31|7,2024|1371|4046|3|0|31|7,,2024,,1371,4046,3,0,31,7,
2024|1371|4|0|72|1,2024|1371|4046|4|0|72|1,,2024,,1371,4046,4,0,72,1,
2024|1371|1|0|72|1,2024|1371|4045|1|0|72|1,,2024,,1371,4045,1,0,72,1,
2024|1371|1|0|95|1,2024|1371|4045|1|0|95|1,,2024,,1371,4045,1,0,95,1,
2024|1371|3|0|31|7,2024|1371|4045|3|0|31|7,,2024,,1371,4045,3,0,31,7,
2024|1371|3|0|29|1,2024|1371|4045|3|0|29|1,,2024,,1371,4045,3,0,29,1,
2024|1371|3|0|95|7,2024|1371|4045|3|0|95|7,,2024,,1371,4045,3,0,95,7,
2024|1371|3|0|94|1,2024|1371|4045|3|0|94|1,,2024,,1371,4045,3,0,94,1,
2024|1371|3|0|72|1,2024|1371|4045|3|0|72|1,,2024,,1371,4045,3,0,72,1,
2024|1371|3|0|10|4,2024|1371|4047|3|0|10|4,,2024,,1371,4047,3,0,10,4,
2024|1371|3|0|15|1,2024|1371|4047|3|0|15|1,,2024,,1371,4047,3,0,15,1,
2024|1371|3|0|29|1,2024|1371|4047|3|0|29|1,,2024,,1371,4047,3,0,29,1,
2024|1371|3|0|94|1,2024|1371|4047|3|0|94|1,,2024,,1371,4047,3,0,94,1,
2024|1371|3|0|72|1,2024|1371|4047|3|0|72|1,,2024,,1371,4047,3,0,72,1,
2024|1371|3|0|10|8,2024|1371|4047|3|0|10|8,,2024,,1371,4047,3,0,10,8,
2024|1371|4|0|10|4,2024|1371|4047|4|0|10|4,,2024,,1371,4047,4,0,10,4,
2024|1371|4|0|72|1,2024|1371|4047|4|0|72|1,,2024,,1371,4047,4,0,72,1,
2024|1371|4|0|10|8,2024|1371|4047|4|0|10|8,,2024,,1371,4047,4,0,10,8,
2024|1371|4|0|95|1,2024|1371|1074|4|0|95|1,,2024,,1371,1074,4,0,95,1,
2024|1371|1|0|95|1,2024|1371|2500|1|0|95|1,,2024,,1371,2500,1,0,95,1,
2024|1371|1|0|72|1,2024|1371|2500|1|0|72|1,,2024,,1371,2500,1,0,72,1,
2024|1371|3|0|95|1,2024|1371|2500|3|0|95|1,,2024,,1371,2500,3,0,95,1,
2024|1371|3|0|29|1,2024|1371|2500|3|0|29|1,,2024,,1371,2500,3,0,29,1,
2024|1371|3|0|94|1,2024|1371|2500|3|0|94|1,,2024,,1371,2500,3,0,94,1,
2024|1371|3|0|95|7,2024|1371|2500|3|0|95|7,,2024,,1371,2500,3,0,95,7,
2024|1371|3|0|9|1,2024|1371|2500|3|0|9|1,,2024,,1371,2500,3,0,9,1,
2024|1371|3|0|72|1,2024|1371|2500|3|0|72|1,,2024,,1371,2500,3,0,72,1,
2024|1371|3|0|31|7,2024|1371|2500|3|0|31|7,,2024,,1371,2500,3,0,31,7,
2024|1371|4|0|72|1,2024|1371|2500|4|0|72|1,,2024,,1371,2500,4,0,72,1,
2024|1371|4|0|9|1,2024|1371|2500|4|0|9|1,,2024,,1371,2500,4,0,9,1,
2024|1401|3|0|10|1,2024|1401|4142|3|0|10|1,,2024,,1401,4142,3,0,10,1,
2024|1401|3|0|10|1,2024|1401|4117|3|0|10|1,,2024,,1401,4117,3,0,10,1,
2024|1401|3|0|10|1,2024|1401|4116|3|0|10|1,,2024,,1401,4116,3,0,10,1,
2024|1401|3|0|95|1,2024|1401|4141|3|0|95|1,,2024,,1401,4141,3,0,95,1,
2024|1401|4|0|95|1,2024|1401|4141|4|0|95|1,,2024,,1401,4141,4,0,95,1,
2024|1401|4|0|24|1,2024|1401|4112|4|0|24|1,,2024,,1401,4112,4,0,24,1,
2024|1401|4|0|10|8,2024|1401|4112|4|0|10|8,,2024,,1401,4112,4,0,10,8,
2024|1401|4|0|97|1,2024|1401|4112|4|0|97|1,,2024,,1401,4112,4,0,97,1,
2024|1401|4|0|27|1,2024|1401|4112|4|0|27|1,,2024,,1401,4112,4,0,27,1,
2024|1401|4|0|60|1,2024|1401|4112|4|0|60|1,,2024,,1401,4112,4,0,60,1,
2024|1401|4|0|95|1,2024|1401|4112|4|0|95|1,,2024,,1401,4112,4,0,95,1,
2024|1401|3|0|95|1,2024|1401|4140|3|0|95|1,,2024,,1401,4140,3,0,95,1,
2024|1401|4|0|95|1,2024|1401|4140|4|0|95|1,,2024,,1401,4140,4,0,95,1,
2024|1401|3|1|60|1,2024|1401|1098|3|1|60|1,,2024,,1401,1098,3,1,60,1,
2024|1401|3|1|10|1,2024|1401|1098|3|1|10|1,,2024,,1401,1098,3,1,10,1,
2024|1401|4|1|10|8,2024|1401|1098|4|1|10|8,,2024,,1401,1098,4,1,10,8,
2024|1401|3|0|24|1,2024|1401|4120|3|0|24|1,,2024,,1401,4120,3,0,24,1,
2024|1401|3|0|10|8,2024|1401|4120|3|0|10|8,,2024,,1401,4120,3,0,10,8,
2024|1401|3|0|60|1,2024|1401|4120|3|0|60|1,,2024,,1401,4120,3,0,60,1,
2024|1401|3|0|66|1,2024|1401|4120|3|0|66|1,,2024,,1401,4120,3,0,66,1,
2024|1401|3|0|27|1,2024|1401|4120|3|0|27|1,,2024,,1401,4120,3,0,27,1,
2024|1401|3|0|70|1,2024|1401|4120|3|0|70|1,,2024,,1401,4120,3,0,70,1,
2024|1401|4|0|10|8,2024|1401|4120|4|0|10|8,,2024,,1401,4120,4,0,10,8,
2024|1401|4|0|15|1,2024|1401|4120|4|0|15|1,,2024,,1401,4120,4,0,15,1,
2024|1401|4|0|27|1,2024|1401|4120|4|0|27|1,,2024,,1401,4120,4,0,27,1,
2024|1401|4|0|97|1,2024|1401|4120|4|0|97|1,,2024,,1401,4120,4,0,97,1,
2024|1401|4|0|70|1,2024|1401|4120|4|0|70|1,,2024,,1401,4120,4,0,70,1,
2024|1401|3|0|66|1,2024|1401|4113|3|0|66|1,,2024,,1401,4113,3,0,66,1,
2024|1401|3|0|27|1,2024|1401|4113|3|0|27|1,,2024,,1401,4113,3,0,27,1,
2024|1401|3|0|70|1,2024|1401|4113|3|0|70|1,,2024,,1401,4113,3,0,70,1,
2024|1401|3|0|60|1,2024|1401|4113|3|0|60|1,,2024,,1401,4113,3,0,60,1,
2024|1401|4|0|24|1,2024|1401|4113|4|0|24|1,,2024,,1401,4113,4,0,24,1,
2024|1401|4|0|97|1,2024|1401|4113|4|0|97|1,,2024,,1401,4113,4,0,97,1,
2024|1401|4|0|66|1,2024|1401|4113|4|0|66|1,,2024,,1401,4113,4,0,66,1,
2024|1401|4|0|70|1,2024|1401|4113|4|0|70|1,,2024,,1401,4113,4,0,70,1,
2024|1401|3|0|60|2,2024|1401|4138|3|0|60|2,,2024,,1401,4138,3,0,60,2,
2024|1401|3|0|10|1,2024|1401|4138|3|0|10|1,,2024,,1401,4138,3,0,10,1,
2024|1401|4|0|60|2,2024|1401|4138|4|0|60|2,,2024,,1401,4138,4,0,60,2,
2024|1401|1|0|10|1,2024|1401|2021|1|0|10|1,,2024,,1401,2021,1,0,10,1,
2024|1401|3|0|10|1,2024|1401|2021|3|0|10|1,,2024,,1401,2021,3,0,10,1,
2024|1401|3|0|60|2,2024|1401|2021|3|0|60|2,,2024,,1401,2021,3,0,60,2,
2024|1401|3|0|10|7,2024|1401|2021|3|0|10|7,,2024,,1401,2021,3,0,10,7,
2024|1401|4|0|60|2,2024|1401|2021|4|0|60|2,,2024,,1401,2021,4,0,60,2,
2024|1401|1|0|10|1,2024|1401|4119|1|0|10|1,,2024,,1401,4119,1,0,10,1,
2024|1401|3|0|60|1,2024|1401|4119|3|0|60|1,,2024,,1401,4119,3,0,60,1,
2024|1401|3|0|66|1,2024|1401|4119|3|0|66|1,,2024,,1401,4119,3,0,66,1,
2024|1401|3|0|10|1,2024|1401|4119|3|0|10|1,,2024,,1401,4119,3,0,10,1,
2024|1401|3|0|10|7,2024|1401|4119|3|0|10|7,,2024,,1401,4119,3,0,10,7,
2024|1401|4|0|10|8,2024|1401|4119|4|0|10|8,,2024,,1401,4119,4,0,10,8,
2024|1401|4|0|66|1,2024|1401|4119|4|0|66|1,,2024,,1401,4119,4,0,66,1,
2024|1401|1|0|10|1,2024|1401|4114|1|0|10|1,,2024,,1401,4114,1,0,10,1,
2024|1401|3|0|53|1,2024|1401|4114|3|0|53|1,,2024,,1401,4114,3,0,53,1,
2024|1401|3|0|70|1,2024|1401|4114|3|0|70|1,,2024,,1401,4114,3,0,70,1,
2024|1401|3|0|60|1,2024|1401|4114|3|0|60|1,,2024,,1401,4114,3,0,60,1,
2024|1401|3|0|95|1,2024|1401|4114|3|0|95|1,,2024,,1401,4114,3,0,95,1,
2024|1401|3|0|10|1,2024|1401|4114|3|0|10|1,,2024,,1401,4114,3,0,10,1,
2024|1401|3|0|27|1,2024|1401|4114|3|0|27|1,,2024,,1401,4114,3,0,27,1,
2024|1401|3|0|10|7,2024|1401|4114|3|0|10|7,,2024,,1401,4114,3,0,10,7,
2024|1401|4|0|27|1,2024|1401|4114|4|0|27|1,,2024,,1401,4114,4,0,27,1,
2024|1401|4|0|10|8,2024|1401|4114|4|0|10|8,,2024,,1401,4114,4,0,10,8,
2024|1401|4|0|60|1,2024|1401|4114|4|0|60|1,,2024,,1401,4114,4,0,60,1,
2024|1401|4|0|70|1,2024|1401|4114|4|0|70|1,,2024,,1401,4114,4,0,70,1,
2024|1401|1|0|10|1,2024|1401|4115|1|0|10|1,,2024,,1401,4115,1,0,10,1,
2024|1401|3|0|53|1,2024|1401|4115|3|0|53|1,,2024,,1401,4115,3,0,53,1,
2024|1401|3|0|27|1,2024|1401|4115|3|0|27|1,,2024,,1401,4115,3,0,27,1,
2024|1401|3|0|60|1,2024|1401|4115|3|0|60|1,,2024,,1401,4115,3,0,60,1,
2024|1401|3|0|15|1,2024|1401|4115|3|0|15|1,,2024,,1401,4115,3,0,15,1,
2024|1401|3|0|10|8,2024|1401|4115|3|0|10|8,,2024,,1401,4115,3,0,10,8,
2024|1401|3|0|66|1,2024|1401|4115|3|0|66|1,,2024,,1401,4115,3,0,66,1,
2024|1401|3|0|97|1,2024|1401|4115|3|0|97|1,,2024,,1401,4115,3,0,97,1,
2024|1401|3|0|70|1,2024|1401|4115|3|0|70|1,,2024,,1401,4115,3,0,70,1,
2024|1401|3|0|10|1,2024|1401|4115|3|0|10|1,,2024,,1401,4115,3,0,10,1,
2024|1401|3|0|10|7,2024|1401|4115|3|0|10|7,,2024,,1401,4115,3,0,10,7,
2024|1401|3|0|24|1,2024|1401|4115|3|0|24|1,,2024,,1401,4115,3,0,24,1,
2024|1401|4|0|66|1,2024|1401|4115|4|0|66|1,,2024,,1401,4115,4,0,66,1,
2024|1401|4|0|10|1,2024|1401|4115|4|0|10|1,,2024,,1401,4115,4,0,10,1,
2024|1401|4|0|27|1,2024|1401|4115|4|0|27|1,,2024,,1401,4115,4,0,27,1,
2024|1401|4|0|9|1,2024|1401|4115|4|0|9|1,,2024,,1401,4115,4,0,9,1,
2024|1401|4|0|15|1,2024|1401|4115|4|0|15|1,,2024,,1401,4115,4,0,15,1,
2024|1401|4|0|10|4,2024|1401|4115|4|0|10|4,,2024,,1401,4115,4,0,10,4,
2024|1401|4|0|10|8,2024|1401|4115|4|0|10|8,,2024,,1401,4115,4,0,10,8,
2024|1401|4|0|98|1,2024|1401|4115|4|0|98|1,,2024,,1401,4115,4,0,98,1,
2024|1401|4|0|10|3,2024|1401|4115|4|0|10|3,,2024,,1401,4115,4,0,10,3,
2024|1401|4|0|97|1,2024|1401|4115|4|0|97|1,,2024,,1401,4115,4,0,97,1,
2024|1401|4|0|70|1,2024|1401|4115|4|0|70|1,,2024,,1401,4115,4,0,70,1,
2024|1401|4|0|60|1,2024|1401|4115|4|0|60|1,,2024,,1401,4115,4,0,60,1,
2024|1401|4|0|1|1,2024|1401|4115|4|0|1|1,,2024,,1401,4115,4,0,1,1,
2024|1401|4|0|24|1,2024|1401|4115|4|0|24|1,,2024,,1401,4115,4,0,24,1,
2024|1401|4|0|2|1,2024|1401|4115|4|0|2|1,,2024,,1401,4115,4,0,2,1,
2024|1401|3|0|15|1,2024|1401|4094|3|0|15|1,,2024,,1401,4094,3,0,15,1,
2024|1401|3|0|10|8,2024|1401|4094|3|0|10|8,,2024,,1401,4094,3,0,10,8,
2024|1401|3|0|10|1,2024|1401|4094|3|0|10|1,,2024,,1401,4094,3,0,10,1,
2024|1401|3|0|70|1,2024|1401|4094|3|0|70|1,,2024,,1401,4094,3,0,70,1,
2024|1401|4|0|15|1,2024|1401|4094|4|0|15|1,,2024,,1401,4094,4,0,15,1,
2024|1401|4|0|10|8,2024|1401|4094|4|0|10|8,,2024,,1401,4094,4,0,10,8,
2024|1401|4|0|70|1,2024|1401|4094|4|0|70|1,,2024,,1401,4094,4,0,70,1,
2024|1401|4|0|95|1,2024|1401|4556|4|0|95|1,,2024,,1401,4556,4,0,95,1,
2024|1401|3|0|10|7,2024|1401|7010|3|0|10|7,,2024,,1401,7010,3,0,10,7,
2024|1401|1|0|10|1,2024|1401|2500|1|0|10|1,,2024,,1401,2500,1,0,10,1,
2024|1401|3|0|60|1,2024|1401|2500|3|0|60|1,,2024,,1401,2500,3,0,60,1,
2024|1401|3|0|10|1,2024|1401|2500|3|0|10|1,,2024,,1401,2500,3,0,10,1,
2024|1401|3|0|10|7,2024|1401|2500|3|0|10|7,,2024,,1401,2500,3,0,10,7,
2024|1401|1|0|10|1,2024|1401|7007|1|0|10|1,,2024,,1401,7007,1,0,10,1,
2024|1441|1|0|10|9,2024|1441|7004|1|0|10|9,,2024,,1441,7004,1,0,10,9,
2024|1441|1|0|10|5,2024|1441|7006|1|0|10|5,,2024,,1441,7006,1,0,10,5,
2024|1441|1|0|43|5,2024|1441|7006|1|0|43|5,,2024,,1441,7006,1,0,43,5,
2024|1441|1|0|42|5,2024|1441|7006|1|0|42|5,,2024,,1441,7006,1,0,42,5,
2024|1441|3|0|10|1,2024|1441|1099|3|0|10|1,,2024,,1441,1099,3,0,10,1,
2024|1441|3|0|10|1,2024|1441|1050|3|0|10|1,,2024,,1441,1050,3,0,10,1,
2024|1441|3|0|10|1,2024|1441|4033|3|0|10|1,,2024,,1441,4033,3,0,10,1,
2024|1441|3|0|10|1,2024|1441|2068|3|0|10|1,,2024,,1441,2068,3,0,10,1,
2024|1441|3|0|60|1,2024|1441|4150|3|0|60|1,,2024,,1441,4150,3,0,60,1,
2024|1441|3|0|10|1,2024|1441|4150|3|0|10|1,,2024,,1441,4150,3,0,10,1,
2024|1441|4|0|60|1,2024|1441|4150|4|0|60|1,,2024,,1441,4150,4,0,60,1,
2024|1441|4|0|10|1,2024|1441|4150|4|0|10|1,,2024,,1441,4150,4,0,10,1,
2024|1441|1|0|10|1,2024|1441|4193|1|0|10|1,,2024,,1441,4193,1,0,10,1,
2024|1441|3|0|10|7,2024|1441|4193|3|0|10|7,,2024,,1441,4193,3,0,10,7,
2024|1451|3|0|10|3,2024|1451|4347|3|0|10|3,,2024,,1451,4347,3,0,10,3,
2024|1451|3|0|24|1,2024|1451|4347|3|0|24|1,,2024,,1451,4347,3,0,24,1,
2024|1451|4|0|24|1,2024|1451|4347|4|0|24|1,,2024,,1451,4347,4,0,24,1,
2024|1451|4|0|1|1,2024|1451|4347|4|0|1|1,,2024,,1451,4347,4,0,1,1,
2024|1451|1|0|10|1,2024|1451|4344|1|0|10|1,,2024,,1451,4344,1,0,10,1,
2024|1451|3|0|10|8,2024|1451|4344|3|0|10|8,,2024,,1451,4344,3,0,10,8,
2024|1451|3|0|10|1,2024|1451|4344|3|0|10|1,,2024,,1451,4344,3,0,10,1,
2024|1451|3|0|27|7,2024|1451|4344|3|0|27|7,,2024,,1451,4344,3,0,27,7,
2024|1451|4|0|1|1,2024|1451|4344|4|0|1|1,,2024,,1451,4344,4,0,1,1,
2024|1451|4|0|10|8,2024|1451|4344|4|0|10|8,,2024,,1451,4344,4,0,10,8,
2024|1451|4|0|10|3,2024|1451|4344|4|0|10|3,,2024,,1451,4344,4,0,10,3,
2024|1451|3|0|95|1,2024|1451|1047|3|0|95|1,,2024,,1451,1047,3,0,95,1,
2024|1451|4|0|95|1,2024|1451|1047|4|0|95|1,,2024,,1451,1047,4,0,95,1,
2024|1451|3|0|10|1,2024|1451|4350|3|0|10|1,,2024,,1451,4350,3,0,10,1,
2024|1451|4|0|24|1,2024|1451|4350|4|0|24|1,,2024,,1451,4350,4,0,24,1,
2024|1451|4|0|10|3,2024|1451|4350|4|0|10|3,,2024,,1451,4350,4,0,10,3,
2024|1451|3|1|10|8,2024|1451|1048|3|1|10|8,,2024,,1451,1048,3,1,10,8,
2024|1451|3|1|10|3,2024|1451|1048|3|1|10|3,,2024,,1451,1048,3,1,10,3,
2024|1451|3|1|10|1,2024|1451|1048|3|1|10|1,,2024,,1451,1048,3,1,10,1,
2024|1451|3|1|24|1,2024|1451|1048|3|1|24|1,,2024,,1451,1048,3,1,24,1,
2024|1451|4|1|10|1,2024|1451|1048|4|1|10|1,,2024,,1451,1048,4,1,10,1,
2024|1451|4|1|15|1,2024|1451|1048|4|1|15|1,,2024,,1451,1048,4,1,15,1,
2024|1451|4|1|10|8,2024|1451|1048|4|1|10|8,,2024,,1451,1048,4,1,10,8,
2024|1451|4|1|10|3,2024|1451|1048|4|1|10|3,,2024,,1451,1048,4,1,10,3,
2024|1451|4|1|97|1,2024|1451|1048|4|1|97|1,,2024,,1451,1048,4,1,97,1,
2024|1451|4|1|3|1,2024|1451|1048|4|1|3|1,,2024,,1451,1048,4,1,3,1,
2024|1451|4|1|1|1,2024|1451|1048|4|1|1|1,,2024,,1451,1048,4,1,1,1,
2024|1451|4|1|24|1,2024|1451|1048|4|1|24|1,,2024,,1451,1048,4,1,24,1,
2024|1451|4|1|2|1,2024|1451|1048|4|1|2|1,,2024,,1451,1048,4,1,2,1,
2024|1451|3|0|10|1,2024|1451|4351|3|0|10|1,,2024,,1451,4351,3,0,10,1,
2024|1451|4|0|97|1,2024|1451|4351|4|0|97|1,,2024,,1451,4351,4,0,97,1,
2024|1451|4|0|10|4,2024|1451|4351|4|0|10|4,,2024,,1451,4351,4,0,10,4,
2024|1451|4|0|24|1,2024|1451|4351|4|0|24|1,,2024,,1451,4351,4,0,24,1,
2024|1451|1|0|57|2,2024|1451|4353|1|0|57|2,,2024,,1451,4353,1,0,57,2,
2024|1451|1|0|10|1,2024|1451|4353|1|0|10|1,,2024,,1451,4353,1,0,10,1,
2024|1451|3|0|10|7,2024|1451|4353|3|0|10|7,,2024,,1451,4353,3,0,10,7,
2024|1451|3|0|10|1,2024|1451|4353|3|0|10|1,,2024,,1451,4353,3,0,10,1,
2024|1451|4|0|10|1,2024|1451|4353|4|0|10|1,,2024,,1451,4353,4,0,10,1,
2024|1451|1|0|10|1,2024|1451|4348|1|0|10|1,,2024,,1451,4348,1,0,10,1,
2024|1451|1|0|27|1,2024|1451|4348|1|0|27|1,,2024,,1451,4348,1,0,27,1,
2024|1451|1|0|57|2,2024|1451|4348|1|0|57|2,,2024,,1451,4348,1,0,57,2,
2024|1451|3|0|9|1,2024|1451|4348|3|0|9|1,,2024,,1451,4348,3,0,9,1,
2024|1451|3|0|15|1,2024|1451|4348|3|0|15|1,,2024,,1451,4348,3,0,15,1,
2024|1451|3|0|10|8,2024|1451|4348|3|0|10|8,,2024,,1451,4348,3,0,10,8,
2024|1451|3|0|24|1,2024|1451|4348|3|0|24|1,,2024,,1451,4348,3,0,24,1,
2024|1451|3|0|27|7,2024|1451|4348|3|0|27|7,,2024,,1451,4348,3,0,27,7,
2024|1451|3|0|60|1,2024|1451|4348|3|0|60|1,,2024,,1451,4348,3,0,60,1,
2024|1451|3|0|61|1,2024|1451|4348|3|0|61|1,,2024,,1451,4348,3,0,61,1,
2024|1451|3|0|10|1,2024|1451|4348|3|0|10|1,,2024,,1451,4348,3,0,10,1,
2024|1451|4|0|10|3,2024|1451|4348|4|0|10|3,,2024,,1451,4348,4,0,10,3,
2024|1451|4|0|10|8,2024|1451|4348|4|0|10|8,,2024,,1451,4348,4,0,10,8,
2024|1451|4|0|10|1,2024|1451|4348|4|0|10|1,,2024,,1451,4348,4,0,10,1,
2024|1451|4|0|24|1,2024|1451|4348|4|0|24|1,,2024,,1451,4348,4,0,24,1,
2024|1451|3|0|1|1,2024|1451|4375|3|0|1|1,,2024,,1451,4375,3,0,1,1,
2024|1451|3|0|10|3,2024|1451|4375|3|0|10|3,,2024,,1451,4375,3,0,10,3,
2024|1451|3|0|10|1,2024|1451|4375|3|0|10|1,,2024,,1451,4375,3,0,10,1,
2024|1451|4|0|1|1,2024|1451|4375|4|0|1|1,,2024,,1451,4375,4,0,1,1,
2024|1451|3|0|10|1,2024|1451|4377|3|0|10|1,,2024,,1451,4377,3,0,10,1,
2024|1451|3|0|10|1,2024|1451|1054|3|0|10|1,,2024,,1451,1054,3,0,10,1,
2024|1451|3|0|10|1,2024|1451|4379|3|0|10|1,,2024,,1451,4379,3,0,10,1,
2024|1451|3|0|24|1,2024|1451|4379|3|0|24|1,,2024,,1451,4379,3,0,24,1,
2024|1451|4|0|15|1,2024|1451|4379|4|0|15|1,,2024,,1451,4379,4,0,15,1,
2024|1451|4|0|10|3,2024|1451|4379|4|0|10|3,,2024,,1451,4379,4,0,10,3,
2024|1451|4|0|24|1,2024|1451|4379|4|0|24|1,,2024,,1451,4379,4,0,24,1,
2024|1451|1|1|10|1,2024|1451|4378|1|1|10|1,,2024,,1451,4378,1,1,10,1,
2024|1451|3|1|24|1,2024|1451|4378|3|1|24|1,,2024,,1451,4378,3,1,24,1,
2024|1451|3|1|10|1,2024|1451|4378|3|1|10|1,,2024,,1451,4378,3,1,10,1,
2024|1451|3|1|27|7,2024|1451|4378|3|1|27|7,,2024,,1451,4378,3,1,27,7,
2024|1451|3|1|1|1,2024|1451|4378|3|1|1|1,,2024,,1451,4378,3,1,1,1,
2024|1451|4|1|15|1,2024|1451|4378|4|1|15|1,,2024,,1451,4378,4,1,15,1,
2024|1451|4|1|10|3,2024|1451|4378|4|1|10|3,,2024,,1451,4378,4,1,10,3,
2024|1451|4|1|10|1,2024|1451|4378|4|1|10|1,,2024,,1451,4378,4,1,10,1,
2024|1451|4|1|1|1,2024|1451|4378|4|1|1|1,,2024,,1451,4378,4,1,1,1,
2024|1451|3|0|10|1,2024|1451|4376|3|0|10|1,,2024,,1451,4376,3,0,10,1,
2024|1451|1|0|10|1,2024|1451|4438|1|0|10|1,,2024,,1451,4438,1,0,10,1,
2024|1451|3|0|10|1,2024|1451|4438|3|0|10|1,,2024,,1451,4438,3,0,10,1,
2024|1451|3|0|10|7,2024|1451|4438|3|0|10|7,,2024,,1451,4438,3,0,10,7,
2024|1451|3|0|10|8,2024|1451|4438|3|0|10|8,,2024,,1451,4438,3,0,10,8,
2024|1451|3|0|10|1,2024|1451|4437|3|0|10|1,,2024,,1451,4437,3,0,10,1,
2024|1451|3|0|10|8,2024|1451|4437|3|0|10|8,,2024,,1451,4437,3,0,10,8,
2024|1451|4|0|10|8,2024|1451|4437|4|0|10|8,,2024,,1451,4437,4,0,10,8,
2024|1451|4|0|10|1,2024|1451|4437|4|0|10|1,,2024,,1451,4437,4,0,10,1,
2024|1451|1|0|57|2,2024|1451|4443|1|0|57|2,,2024,,1451,4443,1,0,57,2,
2024|1451|1|0|10|1,2024|1451|4443|1|0|10|1,,2024,,1451,4443,1,0,10,1,
2024|1451|3|0|10|1,2024|1451|4443|3|0|10|1,,2024,,1451,4443,3,0,10,1,
2024|1451|3|0|10|7,2024|1451|4443|3|0|10|7,,2024,,1451,4443,3,0,10,7,
2024|1451|4|0|10|1,2024|1451|4443|4|0|10|1,,2024,,1451,4443,4,0,10,1,
2024|1451|1|1|10|1,2024|1451|4441|1|1|10|1,,2024,,1451,4441,1,1,10,1,
2024|1451|1|1|57|2,2024|1451|4441|1|1|57|2,,2024,,1451,4441,1,1,57,2,
2024|1451|3|1|27|7,2024|1451|4441|3|1|27|7,,2024,,1451,4441,3,1,27,7,
2024|1451|3|1|10|1,2024|1451|4441|3|1|10|1,,2024,,1451,4441,3,1,10,1,
2024|1451|4|1|10|1,2024|1451|4441|4|1|10|1,,2024,,1451,4441,4,1,10,1,
2024|1451|4|1|10|8,2024|1451|4441|4|1|10|8,,2024,,1451,4441,4,1,10,8,
2024|1451|4|1|24|1,2024|1451|4441|4|1|24|1,,2024,,1451,4441,4,1,24,1,
2024|1451|1|0|10|1,2024|1451|4442|1|0|10|1,,2024,,1451,4442,1,0,10,1,
2024|1451|1|0|57|2,2024|1451|4442|1|0|57|2,,2024,,1451,4442,1,0,57,2,
2024|1451|3|0|10|1,2024|1451|4442|3|0|10|1,,2024,,1451,4442,3,0,10,1,
2024|1451|3|0|27|7,2024|1451|4442|3|0|27|7,,2024,,1451,4442,3,0,27,7,
2024|1451|3|0|24|1,2024|1451|4442|3|0|24|1,,2024,,1451,4442,3,0,24,1,
2024|1451|1|0|10|1,2024|1451|2500|1|0|10|1,,2024,,1451,2500,1,0,10,1,
2024|1451|1|0|57|2,2024|1451|2500|1|0|57|2,,2024,,1451,2500,1,0,57,2,
2024|1451|3|0|27|7,2024|1451|2500|3|0|27|7,,2024,,1451,2500,3,0,27,7,
2024|1451|3|0|10|1,2024|1451|2500|3|0|10|1,,2024,,1451,2500,3,0,10,1,
2024|1451|4|0|10|8,2024|1451|2500|4|0|10|8,,2024,,1451,2500,4,0,10,8,
2024|1481|1|0|10|1,2024|1481|4154|1|0|10|1,,2024,,1481,4154,1,0,10,1,
2024|1481|1|0|71|1,2024|1481|4154|1|0|71|1,,2024,,1481,4154,1,0,71,1,
2024|1481|3|0|10|8,2024|1481|4154|3|0|10|8,,2024,,1481,4154,3,0,10,8,
2024|1481|3|0|10|4,2024|1481|4154|3|0|10|4,,2024,,1481,4154,3,0,10,4,
2024|1481|3|0|10|1,2024|1481|4154|3|0|10|1,,2024,,1481,4154,3,0,10,1,
2024|1481|3|0|71|7,2024|1481|4154|3|0|71|7,,2024,,1481,4154,3,0,71,7,
2024|1481|3|0|71|1,2024|1481|4154|3|0|71|1,,2024,,1481,4154,3,0,71,1,
2024|1481|3|0|10|7,2024|1481|4154|3|0|10|7,,2024,,1481,4154,3,0,10,7,
2024|1481|4|0|1|1,2024|1481|4154|4|0|1|1,,2024,,1481,4154,4,0,1,1,
2024|1481|4|0|10|8,2024|1481|4154|4|0|10|8,,2024,,1481,4154,4,0,10,8,
2024|1481|4|0|24|1,2024|1481|4154|4|0|24|1,,2024,,1481,4154,4,0,24,1,
2024|1481|3|0|10|1,2024|1481|4157|3|0|10|1,,2024,,1481,4157,3,0,10,1,
2024|1481|3|0|71|1,2024|1481|4157|3|0|71|1,,2024,,1481,4157,3,0,71,1,
2024|1481|4|0|71|1,2024|1481|4157|4|0|71|1,,2024,,1481,4157,4,0,71,1,
2024|1481|1|0|10|1,2024|1481|4153|1|0|10|1,,2024,,1481,4153,1,0,10,1,
2024|1481|1|0|71|1,2024|1481|4153|1|0|71|1,,2024,,1481,4153,1,0,71,1,
2024|1481|3|0|10|8,2024|1481|4153|3|0|10|8,,2024,,1481,4153,3,0,10,8,
2024|1481|3|0|71|7,2024|1481|4153|3|0|71|7,,2024,,1481,4153,3,0,71,7,
2024|1481|3|0|10|1,2024|1481|4153|3|0|10|1,,2024,,1481,4153,3,0,10,1,
2024|1481|3|0|10|7,2024|1481|4153|3|0|10|7,,2024,,1481,4153,3,0,10,7,
2024|1481|3|0|71|1,2024|1481|4153|3|0|71|1,,2024,,1481,4153,3,0,71,1,
2024|1481|4|0|71|1,2024|1481|4153|4|0|71|1,,2024,,1481,4153,4,0,71,1,
2024|1481|1|1|71|1,2024|1481|4158|1|1|71|1,,2024,,1481,4158,1,1,71,1,
2024|1481|1|1|10|1,2024|1481|4158|1|1|10|1,,2024,,1481,4158,1,1,10,1,
2024|1481|3|1|24|1,2024|1481|4158|3|1|24|1,,2024,,1481,4158,3,1,24,1,
2024|1481|3|1|10|8,2024|1481|4158|3|1|10|8,,2024,,1481,4158,3,1,10,8,
2024|1481|3|1|15|1,2024|1481|4158|3|1|15|1,,2024,,1481,4158,3,1,15,1,
2024|1481|3|1|10|1,2024|1481|4158|3|1|10|1,,2024,,1481,4158,3,1,10,1,
2024|1481|3|1|71|7,2024|1481|4158|3|1|71|7,,2024,,1481,4158,3,1,71,7,
2024|1481|3|1|71|1,2024|1481|4158|3|1|71|1,,2024,,1481,4158,3,1,71,1,
2024|1481|3|1|10|7,2024|1481|4158|3|1|10|7,,2024,,1481,4158,3,1,10,7,
2024|1481|1|0|10|1,2024|1481|4165|1|0|10|1,,2024,,1481,4165,1,0,10,1,
2024|1481|3|0|10|7,2024|1481|4165|3|0|10|7,,2024,,1481,4165,3,0,10,7,
2024|1481|1|1|10|1,2024|1481|4163|1|1|10|1,,2024,,1481,4163,1,1,10,1,
2024|1481|3|1|38|1,2024|1481|4163|3|1|38|1,,2024,,1481,4163,3,1,38,1,
2024|1481|3|1|10|1,2024|1481|4163|3|1|10|1,,2024,,1481,4163,3,1,10,1,
2024|1481|3|1|10|7,2024|1481|4163|3|1|10|7,,2024,,1481,4163,3,1,10,7,
2024|1481|1|0|10|1,2024|1481|4164|1|0|10|1,,2024,,1481,4164,1,0,10,1,
2024|1481|3|0|10|1,2024|1481|4164|3|0|10|1,,2024,,1481,4164,3,0,10,1,
2024|1481|3|0|10|7,2024|1481|4164|3|0|10|7,,2024,,1481,4164,3,0,10,7,
2024|1481|3|0|38|1,2024|1481|4164|3|0|38|1,,2024,,1481,4164,3,0,38,1,
2024|1481|3|0|59|1,2024|1481|4164|3|0|59|1,,2024,,1481,4164,3,0,59,1,
2024|1481|1|0|10|1,2024|1481|4167|1|0|10|1,,2024,,1481,4167,1,0,10,1,
2024|1481|3|0|10|1,2024|1481|4167|3|0|10|1,,2024,,1481,4167,3,0,10,1,
2024|1481|3|0|38|1,2024|1481|4167|3|0|38|1,,2024,,1481,4167,3,0,38,1,
2024|1481|3|0|10|7,2024|1481|4167|3|0|10|7,,2024,,1481,4167,3,0,10,7,
2024|1481|4|0|10|1,2024|1481|4167|4|0|10|1,,2024,,1481,4167,4,0,10,1,
2024|1481|1|0|10|1,2024|1481|4514|1|0|10|1,,2024,,1481,4514,1,0,10,1,
2024|1481|3|0|10|1,2024|1481|4514|3|0|10|1,,2024,,1481,4514,3,0,10,1,
2024|1481|3|0|10|7,2024|1481|4514|3|0|10|7,,2024,,1481,4514,3,0,10,7,
2024|1481|3|0|38|1,2024|1481|4514|3|0|38|1,,2024,,1481,4514,3,0,38,1,
2024|1481|3|0|24|1,2024|1481|4514|3|0|24|1,,2024,,1481,4514,3,0,24,1,
2024|1481|1|0|10|1,2024|1481|4169|1|0|10|1,,2024,,1481,4169,1,0,10,1,
2024|1481|3|0|10|1,2024|1481|4169|3|0|10|1,,2024,,1481,4169,3,0,10,1,
2024|1481|3|0|10|7,2024|1481|4169|3|0|10|7,,2024,,1481,4169,3,0,10,7,
2024|1481|3|0|38|1,2024|1481|4169|3|0|38|1,,2024,,1481,4169,3,0,38,1,
2024|1481|1|0|10|1,2024|1481|4166|1|0|10|1,,2024,,1481,4166,1,0,10,1,
2024|1481|3|0|10|1,2024|1481|4166|3|0|10|1,,2024,,1481,4166,3,0,10,1,
2024|1481|3|0|10|7,2024|1481|4166|3|0|10|7,,2024,,1481,4166,3,0,10,7,
2024|1481|3|0|10|8,2024|1481|4166|3|0|10|8,,2024,,1481,4166,3,0,10,8,
2024|1481|3|0|24|1,2024|1481|4166|3|0|24|1,,2024,,1481,4166,3,0,24,1,
2024|1481|3|0|38|1,2024|1481|4166|3|0|38|1,,2024,,1481,4166,3,0,38,1,
2024|1481|1|0|10|1,2024|1481|4168|1|0|10|1,,2024,,1481,4168,1,0,10,1,
2024|1481|3|0|38|1,2024|1481|4168|3|0|38|1,,2024,,1481,4168,3,0,38,1,
2024|1481|3|0|10|7,2024|1481|4168|3|0|10|7,,2024,,1481,4168,3,0,10,7,
2024|1481|4|0|38|1,2024|1481|4168|4|0|38|1,,2024,,1481,4168,4,0,38,1,
2024|1481|1|0|10|1,2024|1481|4170|1|0|10|1,,2024,,1481,4170,1,0,10,1,
2024|1481|3|0|24|1,2024|1481|4170|3|0|24|1,,2024,,1481,4170,3,0,24,1,
2024|1481|3|0|38|1,2024|1481|4170|3|0|38|1,,2024,,1481,4170,3,0,38,1,
2024|1481|3|0|10|1,2024|1481|4170|3|0|10|1,,2024,,1481,4170,3,0,10,1,
2024|1481|3|0|10|8,2024|1481|4170|3|0|10|8,,2024,,1481,4170,3,0,10,8,
2024|1481|3|0|10|4,2024|1481|4170|3|0|10|4,,2024,,1481,4170,3,0,10,4,
2024|1481|3|0|15|1,2024|1481|4170|3|0|15|1,,2024,,1481,4170,3,0,15,1,
2024|1481|3|0|10|7,2024|1481|4170|3|0|10|7,,2024,,1481,4170,3,0,10,7,
2024|1481|4|0|10|4,2024|1481|4170|4|0|10|4,,2024,,1481,4170,4,0,10,4,
2024|1481|4|0|1|1,2024|1481|4170|4|0|1|1,,2024,,1481,4170,4,0,1,1,
2024|1481|4|0|10|8,2024|1481|4170|4|0|10|8,,2024,,1481,4170,4,0,10,8,
2024|1481|4|0|15|1,2024|1481|4170|4|0|15|1,,2024,,1481,4170,4,0,15,1,
2024|1481|4|0|38|1,2024|1481|4170|4|0|38|1,,2024,,1481,4170,4,0,38,1,
2024|1481|4|0|24|1,2024|1481|4170|4|0|24|1,,2024,,1481,4170,4,0,24,1,
2024|1481|3|0|10|1,2024|1481|4181|3|0|10|1,,2024,,1481,4181,3,0,10,1,
2024|1481|3|0|71|1,2024|1481|4181|3|0|71|1,,2024,,1481,4181,3,0,71,1,
2024|1481|3|0|71|1,2024|1481|4171|3|0|71|1,,2024,,1481,4171,3,0,71,1,
2024|1481|3|0|10|1,2024|1481|4171|3|0|10|1,,2024,,1481,4171,3,0,10,1,
2024|1481|3|0|10|3,2024|1481|4173|3|0|10|3,,2024,,1481,4173,3,0,10,3,
2024|1481|3|0|24|1,2024|1481|4173|3|0|24|1,,2024,,1481,4173,3,0,24,1,
2024|1481|3|0|10|3,2024|1481|4176|3|0|10|3,,2024,,1481,4176,3,0,10,3,
2024|1481|3|0|24|1,2024|1481|4176|3|0|24|1,,2024,,1481,4176,3,0,24,1,
2024|1481|4|0|10|3,2024|1481|4176|4|0|10|3,,2024,,1481,4176,4,0,10,3,
2024|1481|3|0|10|3,2024|1481|4177|3|0|10|3,,2024,,1481,4177,3,0,10,3,
2024|1481|3|0|71|3,2024|1481|4177|3|0|71|3,,2024,,1481,4177,3,0,71,3,
2024|1481|3|0|24|1,2024|1481|4177|3|0|24|1,,2024,,1481,4177,3,0,24,1,
2024|1481|4|0|71|3,2024|1481|4177|4|0|71|3,,2024,,1481,4177,4,0,71,3,
2024|1481|4|0|24|1,2024|1481|4177|4|0|24|1,,2024,,1481,4177,4,0,24,1,
2024|1481|1|0|10|1,2024|1481|4178|1|0|10|1,,2024,,1481,4178,1,0,10,1,
2024|1481|1|0|71|1,2024|1481|4178|1|0|71|1,,2024,,1481,4178,1,0,71,1,
2024|1481|3|0|71|1,2024|1481|4178|3|0|71|1,,2024,,1481,4178,3,0,71,1,
2024|1481|3|0|10|1,2024|1481|4178|3|0|10|1,,2024,,1481,4178,3,0,10,1,
2024|1481|3|0|71|7,2024|1481|4178|3|0|71|7,,2024,,1481,4178,3,0,71,7,
2024|1481|3|0|10|7,2024|1481|4178|3|0|10|7,,2024,,1481,4178,3,0,10,7,
2024|1481|3|0|10|3,2024|1481|4174|3|0|10|3,,2024,,1481,4174,3,0,10,3,
2024|1481|3|0|10|8,2024|1481|4174|3|0|10|8,,2024,,1481,4174,3,0,10,8,
2024|1481|3|0|10|4,2024|1481|4174|3|0|10|4,,2024,,1481,4174,3,0,10,4,
2024|1481|3|0|71|1,2024|1481|4174|3|0|71|1,,2024,,1481,4174,3,0,71,1,
2024|1481|3|0|1|1,2024|1481|4174|3|0|1|1,,2024,,1481,4174,3,0,1,1,
2024|1481|3|0|24|1,2024|1481|4174|3|0|24|1,,2024,,1481,4174,3,0,24,1,
2024|1481|4|0|10|8,2024|1481|4174|4|0|10|8,,2024,,1481,4174,4,0,10,8,
2024|1481|4|0|24|1,2024|1481|4174|4|0|24|1,,2024,,1481,4174,4,0,24,1,
2024|1481|1|0|10|1,2024|1481|4182|1|0|10|1,,2024,,1481,4182,1,0,10,1,
2024|1481|1|0|71|1,2024|1481|4182|1|0|71|1,,2024,,1481,4182,1,0,71,1,
2024|1481|3|0|10|7,2024|1481|4182|3|0|10|7,,2024,,1481,4182,3,0,10,7,
2024|1481|3|0|10|1,2024|1481|4182|3|0|10|1,,2024,,1481,4182,3,0,10,1,
2024|1481|3|0|71|7,2024|1481|4182|3|0|71|7,,2024,,1481,4182,3,0,71,7,
2024|1481|3|0|71|1,2024|1481|4182|3|0|71|1,,2024,,1481,4182,3,0,71,1,
2024|1481|1|0|10|1,2024|1481|2134|1|0|10|1,,2024,,1481,2134,1,0,10,1,
2024|1481|1|0|71|1,2024|1481|2134|1|0|71|1,,2024,,1481,2134,1,0,71,1,
2024|1481|3|0|10|8,2024|1481|2134|3|0|10|8,,2024,,1481,2134,3,0,10,8,
2024|1481|3|0|10|7,2024|1481|2134|3|0|10|7,,2024,,1481,2134,3,0,10,7,
2024|1481|3|0|71|7,2024|1481|2134|3|0|71|7,,2024,,1481,2134,3,0,71,7,
2024|1481|1|0|71|1,2024|1481|4184|1|0|71|1,,2024,,1481,4184,1,0,71,1,
2024|1481|1|0|10|1,2024|1481|4184|1|0|10|1,,2024,,1481,4184,1,0,10,1,
2024|1481|3|0|10|7,2024|1481|4184|3|0|10|7,,2024,,1481,4184,3,0,10,7,
2024|1481|3|0|71|7,2024|1481|4184|3|0|71|7,,2024,,1481,4184,3,0,71,7,
2024|1481|3|0|10|1,2024|1481|4184|3|0|10|1,,2024,,1481,4184,3,0,10,1,
2024|1481|3|0|71|1,2024|1481|4184|3|0|71|1,,2024,,1481,4184,3,0,71,1,
2024|1481|4|0|10|1,2024|1481|4184|4|0|10|1,,2024,,1481,4184,4,0,10,1,
2024|1481|1|1|71|1,2024|1481|4185|1|1|71|1,,2024,,1481,4185,1,1,71,1,
2024|1481|1|1|10|1,2024|1481|4185|1|1|10|1,,2024,,1481,4185,1,1,10,1,
2024|1481|3|1|71|7,2024|1481|4185|3|1|71|7,,2024,,1481,4185,3,1,71,7,
2024|1481|3|1|10|7,2024|1481|4185|3|1|10|7,,2024,,1481,4185,3,1,10,7,
2024|1481|3|1|71|1,2024|1481|4185|3|1|71|1,,2024,,1481,4185,3,1,71,1,
2024|1481|3|1|10|1,2024|1481|4185|3|1|10|1,,2024,,1481,4185,3,1,10,1,
2024|1481|4|1|10|1,2024|1481|4185|4|1|10|1,,2024,,1481,4185,4,1,10,1,
2024|1481|4|1|71|1,2024|1481|4185|4|1|71|1,,2024,,1481,4185,4,1,71,1,
2024|1481|1|0|71|1,2024|1481|2033|1|0|71|1,,2024,,1481,2033,1,0,71,1,
2024|1481|1|0|10|1,2024|1481|2033|1|0|10|1,,2024,,1481,2033,1,0,10,1,
2024|1481|3|0|10|1,2024|1481|2033|3|0|10|1,,2024,,1481,2033,3,0,10,1,
2024|1481|3|0|71|7,2024|1481|2033|3|0|71|7,,2024,,1481,2033,3,0,71,7,
2024|1481|3|0|71|1,2024|1481|2033|3|0|71|1,,2024,,1481,2033,3,0,71,1,
2024|1481|3|0|10|7,2024|1481|2033|3|0|10|7,,2024,,1481,2033,3,0,10,7,
2024|1481|1|0|71|1,2024|1481|4197|1|0|71|1,,2024,,1481,4197,1,0,71,1,
2024|1481|1|0|10|1,2024|1481|4197|1|0|10|1,,2024,,1481,4197,1,0,10,1,
2024|1481|3|0|10|8,2024|1481|4197|3|0|10|8,,2024,,1481,4197,3,0,10,8,
2024|1481|3|0|10|4,2024|1481|4197|3|0|10|4,,2024,,1481,4197,3,0,10,4,
2024|1481|3|0|10|1,2024|1481|4197|3|0|10|1,,2024,,1481,4197,3,0,10,1,
2024|1481|3|0|71|7,2024|1481|4197|3|0|71|7,,2024,,1481,4197,3,0,71,7,
2024|1481|3|0|10|7,2024|1481|4197|3|0|10|7,,2024,,1481,4197,3,0,10,7,
2024|1481|3|0|71|1,2024|1481|4197|3|0|71|1,,2024,,1481,4197,3,0,71,1,
2024|1481|4|0|10|8,2024|1481|4197|4|0|10|8,,2024,,1481,4197,4,0,10,8,
2024|1481|1|0|71|1,2024|1481|4196|1|0|71|1,,2024,,1481,4196,1,0,71,1,
2024|1481|1|0|10|1,2024|1481|4196|1|0|10|1,,2024,,1481,4196,1,0,10,1,
2024|1481|3|0|71|7,2024|1481|4196|3|0|71|7,,2024,,1481,4196,3,0,71,7,
2024|1481|3|0|10|7,2024|1481|4196|3|0|10|7,,2024,,1481,4196,3,0,10,7,
2024|1481|3|0|10|1,2024|1481|4196|3|0|10|1,,2024,,1481,4196,3,0,10,1,
2024|1481|3|0|71|1,2024|1481|4196|3|0|71|1,,2024,,1481,4196,3,0,71,1,
2024|1481|4|0|10|1,2024|1481|4196|4|0|10|1,,2024,,1481,4196,4,0,10,1,
2024|1481|4|0|10|8,2024|1481|4196|4|0|10|8,,2024,,1481,4196,4,0,10,8,
2024|1481|4|0|10|4,2024|1481|4196|4|0|10|4,,2024,,1481,4196,4,0,10,4,
2024|1481|4|0|71|1,2024|1481|4196|4|0|71|1,,2024,,1481,4196,4,0,71,1,
2024|1481|1|0|10|1,2024|1481|4418|1|0|10|1,,2024,,1481,4418,1,0,10,1,
2024|1481|1|0|71|1,2024|1481|4418|1|0|71|1,,2024,,1481,4418,1,0,71,1,
2024|1481|3|0|10|7,2024|1481|4418|3|0|10|7,,2024,,1481,4418,3,0,10,7,
2024|1481|3|0|71|1,2024|1481|4418|3|0|71|1,,2024,,1481,4418,3,0,71,1,
2024|1481|3|0|10|1,2024|1481|4418|3|0|10|1,,2024,,1481,4418,3,0,10,1,
2024|1481|3|0|71|7,2024|1481|4418|3|0|71|7,,2024,,1481,4418,3,0,71,7,
2024|1481|4|0|10|8,2024|1481|4418|4|0|10|8,,2024,,1481,4418,4,0,10,8,
2024|1481|3|1|71|1,2024|1481|4416|3|1|71|1,,2024,,1481,4416,3,1,71,1,
2024|1481|3|1|10|1,2024|1481|4416|3|1|10|1,,2024,,1481,4416,3,1,10,1,
2024|1481|4|1|10|1,2024|1481|4416|4|1|10|1,,2024,,1481,4416,4,1,10,1,
2024|1481|3|0|10|1,2024|1481|2035|3|0|10|1,,2024,,1481,2035,3,0,10,1,
2024|1481|3|0|71|1,2024|1481|2035|3|0|71|1,,2024,,1481,2035,3,0,71,1,
2024|1481|3|1|71|1,2024|1481|4412|3|1|71|1,,2024,,1481,4412,3,1,71,1,
2024|1481|3|1|10|1,2024|1481|4412|3|1|10|1,,2024,,1481,4412,3,1,10,1,
2024|1481|3|0|10|1,2024|1481|2036|3|0|10|1,,2024,,1481,2036,3,0,10,1,
2024|1481|3|0|71|1,2024|1481|2036|3|0|71|1,,2024,,1481,2036,3,0,71,1,
2024|1481|1|0|71|1,2024|1481|2037|1|0|71|1,,2024,,1481,2037,1,0,71,1,
2024|1481|1|0|10|1,2024|1481|2037|1|0|10|1,,2024,,1481,2037,1,0,10,1,
2024|1481|3|0|71|7,2024|1481|2037|3|0|71|7,,2024,,1481,2037,3,0,71,7,
2024|1481|3|0|10|1,2024|1481|2037|3|0|10|1,,2024,,1481,2037,3,0,10,1,
2024|1481|3|0|10|7,2024|1481|2037|3|0|10|7,,2024,,1481,2037,3,0,10,7,
2024|1481|3|0|71|1,2024|1481|2037|3|0|71|1,,2024,,1481,2037,3,0,71,1,
2024|1481|4|0|10|8,2024|1481|2037|4|0|10|8,,2024,,1481,2037,4,0,10,8,
2024|1481|1|0|10|1,2024|1481|4204|1|0|10|1,,2024,,1481,4204,1,0,10,1,
2024|1481|1|0|71|1,2024|1481|4204|1|0|71|1,,2024,,1481,4204,1,0,71,1,
2024|1481|3|0|10|7,2024|1481|4204|3|0|10|7,,2024,,1481,4204,3,0,10,7,
2024|1481|3|0|10|1,2024|1481|4204|3|0|10|1,,2024,,1481,4204,3,0,10,1,
2024|1481|3|0|71|7,2024|1481|4204|3|0|71|7,,2024,,1481,4204,3,0,71,7,
2024|1481|3|0|71|1,2024|1481|4204|3|0|71|1,,2024,,1481,4204,3,0,71,1,
2024|1481|4|0|71|1,2024|1481|4204|4|0|71|1,,2024,,1481,4204,4,0,71,1,
2024|1481|1|0|71|1,2024|1481|4414|1|0|71|1,,2024,,1481,4414,1,0,71,1,
2024|1481|1|0|10|1,2024|1481|4414|1|0|10|1,,2024,,1481,4414,1,0,10,1,
2024|1481|3|0|10|1,2024|1481|4414|3|0|10|1,,2024,,1481,4414,3,0,10,1,
2024|1481|3|0|71|7,2024|1481|4414|3|0|71|7,,2024,,1481,4414,3,0,71,7,
2024|1481|3|0|10|7,2024|1481|4414|3|0|10|7,,2024,,1481,4414,3,0,10,7,
2024|1481|3|0|71|1,2024|1481|4414|3|0|71|1,,2024,,1481,4414,3,0,71,1,
2024|1481|4|0|10|1,2024|1481|4414|4|0|10|1,,2024,,1481,4414,4,0,10,1,
2024|1481|1|0|10|1,2024|1481|4415|1|0|10|1,,2024,,1481,4415,1,0,10,1,
2024|1481|1|0|71|1,2024|1481|4415|1|0|71|1,,2024,,1481,4415,1,0,71,1,
2024|1481|3|0|10|8,2024|1481|4415|3|0|10|8,,2024,,1481,4415,3,0,10,8,
2024|1481|3|0|10|1,2024|1481|4415|3|0|10|1,,2024,,1481,4415,3,0,10,1,
2024|1481|3|0|24|1,2024|1481|4415|3|0|24|1,,2024,,1481,4415,3,0,24,1,
2024|1481|3|0|71|7,2024|1481|4415|3|0|71|7,,2024,,1481,4415,3,0,71,7,
2024|1481|3|0|10|7,2024|1481|4415|3|0|10|7,,2024,,1481,4415,3,0,10,7,
2024|1481|3|0|71|1,2024|1481|4415|3|0|71|1,,2024,,1481,4415,3,0,71,1,
2024|1481|4|0|10|3,2024|1481|4415|4|0|10|3,,2024,,1481,4415,4,0,10,3,
2024|1481|4|0|24|1,2024|1481|4415|4|0|24|1,,2024,,1481,4415,4,0,24,1,
2024|1481|1|0|71|1,2024|1481|2076|1|0|71|1,,2024,,1481,2076,1,0,71,1,
2024|1481|1|0|10|1,2024|1481|2076|1|0|10|1,,2024,,1481,2076,1,0,10,1,
2024|1481|3|0|10|1,2024|1481|2076|3|0|10|1,,2024,,1481,2076,3,0,10,1,
2024|1481|3|0|71|1,2024|1481|2076|3|0|71|1,,2024,,1481,2076,3,0,71,1,
2024|1481|3|0|71|7,2024|1481|2076|3|0|71|7,,2024,,1481,2076,3,0,71,7,
2024|1481|3|0|10|7,2024|1481|2076|3|0|10|7,,2024,,1481,2076,3,0,10,7,
2024|1481|1|0|10|1,2024|1481|2079|1|0|10|1,,2024,,1481,2079,1,0,10,1,
2024|1481|1|0|71|1,2024|1481|2079|1|0|71|1,,2024,,1481,2079,1,0,71,1,
2024|1481|3|0|10|8,2024|1481|2079|3|0|10|8,,2024,,1481,2079,3,0,10,8,
2024|1481|3|0|71|7,2024|1481|2079|3|0|71|7,,2024,,1481,2079,3,0,71,7,
2024|1481|3|0|10|7,2024|1481|2079|3|0|10|7,,2024,,1481,2079,3,0,10,7,
2024|1481|3|0|71|1,2024|1481|2079|3|0|71|1,,2024,,1481,2079,3,0,71,1,
2024|1481|4|0|71|1,2024|1481|2079|4|0|71|1,,2024,,1481,2079,4,0,71,1,
2024|1481|4|0|10|8,2024|1481|2079|4|0|10|8,,2024,,1481,2079,4,0,10,8,
2024|1481|1|0|95|1,2024|1481|2500|1|0|95|1,,2024,,1481,2500,1,0,95,1,
2024|1481|1|0|10|1,2024|1481|2500|1|0|10|1,,2024,,1481,2500,1,0,10,1,
2024|1481|1|0|71|1,2024|1481|2500|1|0|71|1,,2024,,1481,2500,1,0,71,1,
2024|1481|3|0|10|1,2024|1481|2500|3|0|10|1,,2024,,1481,2500,3,0,10,1,
2024|1481|3|0|95|7,2024|1481|2500|3|0|95|7,,2024,,1481,2500,3,0,95,7,
2024|1481|3|0|10|7,2024|1481|2500|3|0|10|7,,2024,,1481,2500,3,0,10,7,
2024|1481|3|0|71|7,2024|1481|2500|3|0|71|7,,2024,,1481,2500,3,0,71,7,
2024|1481|3|0|71|1,2024|1481|2500|3|0|71|1,,2024,,1481,2500,3,0,71,1,
2024|1481|4|0|10|1,2024|1481|2500|4|0|10|1,,2024,,1481,2500,4,0,10,1,
2024|1491|1|0|10|1,2024|1491|2041|1|0|10|1,,2024,,1491,2041,1,0,10,1,
2024|1491|3|0|10|7,2024|1491|2041|3|0|10|7,,2024,,1491,2041,3,0,10,7,
2024|1491|3|0|10|1,2024|1491|2041|3|0|10|1,,2024,,1491,2041,3,0,10,1,
2024|1491|4|0|10|1,2024|1491|2041|4|0|10|1,,2024,,1491,2041,4,0,10,1,
2024|1491|1|0|10|1,2024|1491|2042|1|0|10|1,,2024,,1491,2042,1,0,10,1,
2024|1491|3|0|10|1,2024|1491|2042|3|0|10|1,,2024,,1491,2042,3,0,10,1,
2024|1491|3|0|10|7,2024|1491|2042|3|0|10|7,,2024,,1491,2042,3,0,10,7,
2024|1491|3|0|10|1,2024|1491|2046|3|0|10|1,,2024,,1491,2046,3,0,10,1,
2024|1491|1|0|10|1,2024|1491|2043|1|0|10|1,,2024,,1491,2043,1,0,10,1,
2024|1491|3|0|10|1,2024|1491|2043|3|0|10|1,,2024,,1491,2043,3,0,10,1,
2024|1491|3|0|10|7,2024|1491|2043|3|0|10|7,,2024,,1491,2043,3,0,10,7,
2024|1491|1|0|10|1,2024|1491|2045|1|0|10|1,,2024,,1491,2045,1,0,10,1,
2024|1491|3|0|10|1,2024|1491|2045|3|0|10|1,,2024,,1491,2045,3,0,10,1,
2024|1491|3|0|10|7,2024|1491|2045|3|0|10|7,,2024,,1491,2045,3,0,10,7,
2024|1491|4|0|10|8,2024|1491|2045|4|0|10|8,,2024,,1491,2045,4,0,10,8,
2024|1491|4|0|10|4,2024|1491|2045|4|0|10|4,,2024,,1491,2045,4,0,10,4,
2024|1491|4|0|15|1,2024|1491|2045|4|0|15|1,,2024,,1491,2045,4,0,15,1,
2024|1491|3|1|10|8,2024|1491|2048|3|1|10|8,,2024,,1491,2048,3,1,10,8,
2024|1491|3|1|10|1,2024|1491|2048|3|1|10|1,,2024,,1491,2048,3,1,10,1,
2024|1491|4|1|10|8,2024|1491|2048|4|1|10|8,,2024,,1491,2048,4,1,10,8,
2024|1491|1|0|10|1,2024|1491|2044|1|0|10|1,,2024,,1491,2044,1,0,10,1,
2024|1491|3|0|10|1,2024|1491|2044|3|0|10|1,,2024,,1491,2044,3,0,10,1,
2024|1491|3|0|10|7,2024|1491|2044|3|0|10|7,,2024,,1491,2044,3,0,10,7,
2024|1491|4|0|10|1,2024|1491|2044|4|0|10|1,,2024,,1491,2044,4,0,10,1,
2024|1491|3|0|10|1,2024|1491|2138|3|0|10|1,,2024,,1491,2138,3,0,10,1,
2024|1491|1|0|10|1,2024|1491|2051|1|0|10|1,,2024,,1491,2051,1,0,10,1,
2024|1491|3|0|10|7,2024|1491|2051|3|0|10|7,,2024,,1491,2051,3,0,10,7,
2024|1491|3|0|10|1,2024|1491|2051|3|0|10|1,,2024,,1491,2051,3,0,10,1,
2024|1491|4|0|10|1,2024|1491|2051|4|0|10|1,,2024,,1491,2051,4,0,10,1,
2024|1491|4|0|15|1,2024|1491|2051|4|0|15|1,,2024,,1491,2051,4,0,15,1,
2024|1491|1|0|10|1,2024|1491|2050|1|0|10|1,,2024,,1491,2050,1,0,10,1,
2024|1491|3|0|10|1,2024|1491|2050|3|0|10|1,,2024,,1491,2050,3,0,10,1,
2024|1491|3|0|10|7,2024|1491|2050|3|0|10|7,,2024,,1491,2050,3,0,10,7,
2024|1491|4|0|10|1,2024|1491|2050|4|0|10|1,,2024,,1491,2050,4,0,10,1,
2024|1491|1|0|10|1,2024|1491|2500|1|0|10|1,,2024,,1491,2500,1,0,10,1,
2024|1491|3|0|10|1,2024|1491|2500|3|0|10|1,,2024,,1491,2500,3,0,10,1,
2024|1491|3|0|10|7,2024|1491|2500|3|0|10|7,,2024,,1491,2500,3,0,10,7,
2024|1491|4|0|10|1,2024|1491|2500|4|0|10|1,,2024,,1491,2500,4,0,10,1,
2024|1501|3|1|10|1,2024|1501|4478|3|1|10|1,,2024,,1501,4478,3,1,10,1,
2024|1501|1|0|10|1,2024|1501|4468|1|0|10|1,,2024,,1501,4468,1,0,10,1,
2024|1501|3|0|10|7,2024|1501|4468|3|0|10|7,,2024,,1501,4468,3,0,10,7,
2024|1501|3|0|10|1,2024|1501|4468|3|0|10|1,,2024,,1501,4468,3,0,10,1,
2024|1501|4|0|10|1,2024|1501|4468|4|0|10|1,,2024,,1501,4468,4,0,10,1,
2024|1501|1|0|10|1,2024|1501|4477|1|0|10|1,,2024,,1501,4477,1,0,10,1,
2024|1501|3|0|10|7,2024|1501|4477|3|0|10|7,,2024,,1501,4477,3,0,10,7,
2024|1501|3|0|10|1,2024|1501|4477|3|0|10|1,,2024,,1501,4477,3,0,10,1,
2024|1501|4|0|10|1,2024|1501|4477|4|0|10|1,,2024,,1501,4477,4,0,10,1,
2024|1501|1|0|10|1,2024|1501|4475|1|0|10|1,,2024,,1501,4475,1,0,10,1,
2024|1501|3|0|10|1,2024|1501|4475|3|0|10|1,,2024,,1501,4475,3,0,10,1,
2024|1501|3|0|60|2,2024|1501|4475|3|0|60|2,,2024,,1501,4475,3,0,60,2,
2024|1501|3|0|10|7,2024|1501|4475|3|0|10|7,,2024,,1501,4475,3,0,10,7,
2024|1501|4|0|10|1,2024|1501|4475|4|0|10|1,,2024,,1501,4475,4,0,10,1,
2024|1501|4|0|60|2,2024|1501|4475|4|0|60|2,,2024,,1501,4475,4,0,60,2,
2024|1501|4|0|25|1,2024|1501|4475|4|0|25|1,,2024,,1501,4475,4,0,25,1,
2024|1501|1|0|10|1,2024|1501|4476|1|0|10|1,,2024,,1501,4476,1,0,10,1,
2024|1501|3|0|10|1,2024|1501|4476|3|0|10|1,,2024,,1501,4476,3,0,10,1,
2024|1501|3|0|10|7,2024|1501|4476|3|0|10|7,,2024,,1501,4476,3,0,10,7,
2024|1501|4|0|10|1,2024|1501|4476|4|0|10|1,,2024,,1501,4476,4,0,10,1,
2024|1501|1|1|10|1,2024|1501|4448|1|1|10|1,,2024,,1501,4448,1,1,10,1,
2024|1501|3|1|10|7,2024|1501|4448|3|1|10|7,,2024,,1501,4448,3,1,10,7,
2024|1501|3|1|10|1,2024|1501|4448|3|1|10|1,,2024,,1501,4448,3,1,10,1,
2024|1501|3|0|10|1,2024|1501|4450|3|0|10|1,,2024,,1501,4450,3,0,10,1,
2024|1501|4|0|10|1,2024|1501|4450|4|0|10|1,,2024,,1501,4450,4,0,10,1,
2024|1501|1|0|10|1,2024|1501|4451|1|0|10|1,,2024,,1501,4451,1,0,10,1,
2024|1501|3|0|10|7,2024|1501|4451|3|0|10|7,,2024,,1501,4451,3,0,10,7,
2024|1501|3|0|10|1,2024|1501|4451|3|0|10|1,,2024,,1501,4451,3,0,10,1,
2024|1501|4|0|10|1,2024|1501|4451|4|0|10|1,,2024,,1501,4451,4,0,10,1,
2024|1501|4|0|95|1,2024|1501|4451|4|0|95|1,,2024,,1501,4451,4,0,95,1,
2024|1501|4|0|25|1,2024|1501|4451|4|0|25|1,,2024,,1501,4451,4,0,25,1,
2024|1501|1|0|10|1,2024|1501|4452|1|0|10|1,,2024,,1501,4452,1,0,10,1,
2024|1501|3|0|95|1,2024|1501|4452|3|0|95|1,,2024,,1501,4452,3,0,95,1,
2024|1501|3|0|10|7,2024|1501|4452|3|0|10|7,,2024,,1501,4452,3,0,10,7,
2024|1501|3|0|10|1,2024|1501|4452|3|0|10|1,,2024,,1501,4452,3,0,10,1,
2024|1501|4|0|10|1,2024|1501|4452|4|0|10|1,,2024,,1501,4452,4,0,10,1,
2024|1501|1|0|10|1,2024|1501|4453|1|0|10|1,,2024,,1501,4453,1,0,10,1,
2024|1501|3|0|10|1,2024|1501|4453|3|0|10|1,,2024,,1501,4453,3,0,10,1,
2024|1501|3|0|10|7,2024|1501|4453|3|0|10|7,,2024,,1501,4453,3,0,10,7,
2024|1501|1|0|10|1,2024|1501|4454|1|0|10|1,,2024,,1501,4454,1,0,10,1,
2024|1501|3|0|10|1,2024|1501|4454|3|0|10|1,,2024,,1501,4454,3,0,10,1,
2024|1501|3|0|10|7,2024|1501|4454|3|0|10|7,,2024,,1501,4454,3,0,10,7,
2024|1501|3|0|10|1,2024|1501|4462|3|0|10|1,,2024,,1501,4462,3,0,10,1,
2024|1501|3|0|95|1,2024|1501|4462|3|0|95|1,,2024,,1501,4462,3,0,95,1,
2024|1501|3|0|10|1,2024|1501|4461|3|0|10|1,,2024,,1501,4461,3,0,10,1,
2024|1501|1|0|95|1,2024|1501|1085|1|0|95|1,,2024,,1501,1085,1,0,95,1,
2024|1501|3|0|95|1,2024|1501|1085|3|0|95|1,,2024,,1501,1085,3,0,95,1,
2024|1501|3|0|95|7,2024|1501|1085|3|0|95|7,,2024,,1501,1085,3,0,95,7,
2024|1501|4|0|10|1,2024|1501|1085|4|0|10|1,,2024,,1501,1085,4,0,10,1,
2024|1501|4|0|95|1,2024|1501|1085|4|0|95|1,,2024,,1501,1085,4,0,95,1,
2024|1501|1|0|10|1,2024|1501|4467|1|0|10|1,,2024,,1501,4467,1,0,10,1,
2024|1501|3|0|10|1,2024|1501|4467|3|0|10|1,,2024,,1501,4467,3,0,10,1,
2024|1501|3|0|10|7,2024|1501|4467|3|0|10|7,,2024,,1501,4467,3,0,10,7,
2024|1501|4|0|10|1,2024|1501|4467|4|0|10|1,,2024,,1501,4467,4,0,10,1,
2024|1501|4|0|25|1,2024|1501|4467|4|0|25|1,,2024,,1501,4467,4,0,25,1,
2024|1501|1|0|10|1,2024|1501|4466|1|0|10|1,,2024,,1501,4466,1,0,10,1,
2024|1501|3|0|10|7,2024|1501|4466|3|0|10|7,,2024,,1501,4466,3,0,10,7,
2024|1501|3|0|10|1,2024|1501|4466|3|0|10|1,,2024,,1501,4466,3,0,10,1,
2024|1501|3|0|59|2,2024|1501|4466|3|0|59|2,,2024,,1501,4466,3,0,59,2,
2024|1501|3|0|52|2,2024|1501|4466|3|0|52|2,,2024,,1501,4466,3,0,52,2,
2024|1501|3|0|91|2,2024|1501|4466|3|0|91|2,,2024,,1501,4466,3,0,91,2,
2024|1501|3|0|94|1,2024|1501|4466|3|0|94|1,,2024,,1501,4466,3,0,94,1,
2024|1501|3|0|60|2,2024|1501|4466|3|0|60|2,,2024,,1501,4466,3,0,60,2,
2024|1501|4|0|10|1,2024|1501|4466|4|0|10|1,,2024,,1501,4466,4,0,10,1,
2024|1501|1|0|10|1,2024|1501|4465|1|0|10|1,,2024,,1501,4465,1,0,10,1,
2024|1501|3|0|10|7,2024|1501|4465|3|0|10|7,,2024,,1501,4465,3,0,10,7,
2024|1501|3|0|10|1,2024|1501|4465|3|0|10|1,,2024,,1501,4465,3,0,10,1,
2024|1501|4|0|10|1,2024|1501|4465|4|0|10|1,,2024,,1501,4465,4,0,10,1,
2024|1501|1|0|10|1,2024|1501|4463|1|0|10|1,,2024,,1501,4463,1,0,10,1,
2024|1501|3|0|10|1,2024|1501|4463|3|0|10|1,,2024,,1501,4463,3,0,10,1,
2024|1501|3|0|10|7,2024|1501|4463|3|0|10|7,,2024,,1501,4463,3,0,10,7,
2024|1501|1|0|10|1,2024|1501|4464|1|0|10|1,,2024,,1501,4464,1,0,10,1,
2024|1501|3|0|10|7,2024|1501|4464|3|0|10|7,,2024,,1501,4464,3,0,10,7,
2024|1501|3|0|10|1,2024|1501|4464|3|0|10|1,,2024,,1501,4464,3,0,10,1,
2024|1501|4|0|10|1,2024|1501|4464|4|0|10|1,,2024,,1501,4464,4,0,10,1,
2024|1501|3|1|10|7,2024|1501|4470|3|1|10|7,,2024,,1501,4470,3,1,10,7,
2024|1501|3|1|10|1,2024|1501|4470|3|1|10|1,,2024,,1501,4470,3,1,10,1,
2024|1501|1|0|10|1,2024|1501|4473|1|0|10|1,,2024,,1501,4473,1,0,10,1,
2024|1501|3|0|10|7,2024|1501|4473|3|0|10|7,,2024,,1501,4473,3,0,10,7,
2024|1501|3|0|10|1,2024|1501|4473|3|0|10|1,,2024,,1501,4473,3,0,10,1,
2024|1501|4|0|10|1,2024|1501|4473|4|0|10|1,,2024,,1501,4473,4,0,10,1,
2024|1501|4|0|25|1,2024|1501|4473|4|0|25|1,,2024,,1501,4473,4,0,25,1,
2024|1501|3|1|10|1,2024|1501|1084|3|1|10|1,,2024,,1501,1084,3,1,10,1,
2024|1501|1|0|10|1,2024|1501|4486|1|0|10|1,,2024,,1501,4486,1,0,10,1,
2024|1501|3|0|10|1,2024|1501|4486|3|0|10|1,,2024,,1501,4486,3,0,10,1,
2024|1501|3|0|10|7,2024|1501|4486|3|0|10|7,,2024,,1501,4486,3,0,10,7,
2024|1501|5|0|10|1,2024|1501|4486|5|0|10|1,,2024,,1501,4486,5,0,10,1,
2024|1501|1|0|10|1,2024|1501|4487|1|0|10|1,,2024,,1501,4487,1,0,10,1,
2024|1501|3|0|10|1,2024|1501|4487|3|0|10|1,,2024,,1501,4487,3,0,10,1,
2024|1501|3|0|10|7,2024|1501|4487|3|0|10|7,,2024,,1501,4487,3,0,10,7,
2024|1501|4|0|10|1,2024|1501|4487|4|0|10|1,,2024,,1501,4487,4,0,10,1,
2024|1501|1|0|10|1,2024|1501|4485|1|0|10|1,,2024,,1501,4485,1,0,10,1,
2024|1501|3|0|10|1,2024|1501|4485|3|0|10|1,,2024,,1501,4485,3,0,10,1,
2024|1501|3|0|60|2,2024|1501|4485|3|0|60|2,,2024,,1501,4485,3,0,60,2,
2024|1501|3|0|10|7,2024|1501|4485|3|0|10|7,,2024,,1501,4485,3,0,10,7,
2024|1501|4|0|10|1,2024|1501|4485|4|0|10|1,,2024,,1501,4485,4,0,10,1,
2024|1501|4|0|25|1,2024|1501|4485|4|0|25|1,,2024,,1501,4485,4,0,25,1,
2024|1501|3|0|15|1,2024|1501|4492|3|0|15|1,,2024,,1501,4492,3,0,15,1,
2024|1501|3|0|82|1,2024|1501|4492|3|0|82|1,,2024,,1501,4492,3,0,82,1,
2024|1501|4|0|15|1,2024|1501|4492|4|0|15|1,,2024,,1501,4492,4,0,15,1,
2024|1501|3|0|15|1,2024|1501|4495|3|0|15|1,,2024,,1501,4495,3,0,15,1,
2024|1501|3|0|82|1,2024|1501|4495|3|0|82|1,,2024,,1501,4495,3,0,82,1,
2024|1501|4|0|15|1,2024|1501|4495|4|0|15|1,,2024,,1501,4495,4,0,15,1,
2024|1501|3|0|82|1,2024|1501|4496|3|0|82|1,,2024,,1501,4496,3,0,82,1,
2024|1501|3|0|15|1,2024|1501|4496|3|0|15|1,,2024,,1501,4496,3,0,15,1,
2024|1501|4|0|15|1,2024|1501|4496|4|0|15|1,,2024,,1501,4496,4,0,15,1,
2024|1501|4|0|74|1,2024|1501|4496|4|0|74|1,,2024,,1501,4496,4,0,74,1,
2024|1501|3|0|15|1,2024|1501|4494|3|0|15|1,,2024,,1501,4494,3,0,15,1,
2024|1501|3|0|82|1,2024|1501|4494|3|0|82|1,,2024,,1501,4494,3,0,82,1,
2024|1501|4|0|15|1,2024|1501|4494|4|0|15|1,,2024,,1501,4494,4,0,15,1,
2024|1501|1|0|10|1,2024|1501|4491|1|0|10|1,,2024,,1501,4491,1,0,10,1,
2024|1501|3|0|82|1,2024|1501|4491|3|0|82|1,,2024,,1501,4491,3,0,82,1,
2024|1501|3|0|15|1,2024|1501|4491|3|0|15|1,,2024,,1501,4491,3,0,15,1,
2024|1501|3|0|10|7,2024|1501|4491|3|0|10|7,,2024,,1501,4491,3,0,10,7,
2024|1501|4|0|15|1,2024|1501|4491|4|0|15|1,,2024,,1501,4491,4,0,15,1,
2024|1501|1|0|95|1,2024|1501|2500|1|0|95|1,,2024,,1501,2500,1,0,95,1,
2024|1501|1|0|10|1,2024|1501|2500|1|0|10|1,,2024,,1501,2500,1,0,10,1,
2024|1501|3|0|10|1,2024|1501|2500|3|0|10|1,,2024,,1501,2500,3,0,10,1,
2024|1501|3|0|10|7,2024|1501|2500|3|0|10|7,,2024,,1501,2500,3,0,10,7,
2024|1501|4|0|10|1,2024|1501|2500|4|0|10|1,,2024,,1501,2500,4,0,10,1,
2024|1511|3|0|10|1,2024|1511|1052|3|0|10|1,,2024,,1511,1052,3,0,10,1,
2024|1511|3|1|10|1,2024|1511|4067|3|1|10|1,,2024,,1511,4067,3,1,10,1,
2024|1511|4|1|1|1,2024|1511|4067|4|1|1|1,,2024,,1511,4067,4,1,1,1,
2024|1511|3|0|10|1,2024|1511|1005|3|0|10|1,,2024,,1511,1005,3,0,10,1,
2024|1511|3|0|10|1,2024|1511|4063|3|0|10|1,,2024,,1511,4063,3,0,10,1,
2024|1511|4|0|95|1,2024|1511|4063|4|0|95|1,,2024,,1511,4063,4,0,95,1,
2024|1511|3|0|10|1,2024|1511|1051|3|0|10|1,,2024,,1511,1051,3,0,10,1,
2024|1511|3|0|10|1,2024|1511|4062|3|0|10|1,,2024,,1511,4062,3,0,10,1,
2024|1511|3|0|10|1,2024|1511|1006|3|0|10|1,,2024,,1511,1006,3,0,10,1,
2024|1511|3|0|10|8,2024|1511|1006|3|0|10|8,,2024,,1511,1006,3,0,10,8,
2024|1511|4|0|24|1,2024|1511|1006|4|0|24|1,,2024,,1511,1006,4,0,24,1,
2024|1511|4|0|15|1,2024|1511|1006|4|0|15|1,,2024,,1511,1006,4,0,15,1,
2024|1511|4|0|10|8,2024|1511|1006|4|0|10|8,,2024,,1511,1006,4,0,10,8,
2024|1511|4|0|1|1,2024|1511|1006|4|0|1|1,,2024,,1511,1006,4,0,1,1,
2024|1511|3|1|9|1,2024|1511|1007|3|1|9|1,,2024,,1511,1007,3,1,9,1,
2024|1511|3|1|10|1,2024|1511|1007|3|1|10|1,,2024,,1511,1007,3,1,10,1,
2024|1511|3|1|10|8,2024|1511|1007|3|1|10|8,,2024,,1511,1007,3,1,10,8,
2024|1511|4|1|10|4,2024|1511|1007|4|1|10|4,,2024,,1511,1007,4,1,10,4,
2024|1511|4|1|10|8,2024|1511|1007|4|1|10|8,,2024,,1511,1007,4,1,10,8,
2024|1511|3|1|10|1,2024|1511|1003|3|1|10|1,,2024,,1511,1003,3,1,10,1,
2024|1511|3|1|60|2,2024|1511|1003|3|1|60|2,,2024,,1511,1003,3,1,60,2,
2024|1511|4|1|95|1,2024|1511|1003|4|1|95|1,,2024,,1511,1003,4,1,95,1,
2024|1511|4|1|60|2,2024|1511|1003|4|1|60|2,,2024,,1511,1003,4,1,60,2,
2024|1511|4|1|25|1,2024|1511|1003|4|1|25|1,,2024,,1511,1003,4,1,25,1,
2024|1511|1|0|10|1,2024|1511|4061|1|0|10|1,,2024,,1511,4061,1,0,10,1,
2024|1511|3|0|24|1,2024|1511|4061|3|0|24|1,,2024,,1511,4061,3,0,24,1,
2024|1511|3|0|15|1,2024|1511|4061|3|0|15|1,,2024,,1511,4061,3,0,15,1,
2024|1511|3|0|10|1,2024|1511|4061|3|0|10|1,,2024,,1511,4061,3,0,10,1,
2024|1511|3|0|10|7,2024|1511|4061|3|0|10|7,,2024,,1511,4061,3,0,10,7,
2024|1511|4|0|46|1,2024|1511|4061|4|0|46|1,,2024,,1511,4061,4,0,46,1,
2024|1511|4|0|10|1,2024|1511|4061|4|0|10|1,,2024,,1511,4061,4,0,10,1,
2024|1511|4|0|15|1,2024|1511|4061|4|0|15|1,,2024,,1511,4061,4,0,15,1,
2024|1511|4|0|10|8,2024|1511|4061|4|0|10|8,,2024,,1511,4061,4,0,10,8,
2024|1511|4|0|10|3,2024|1511|4061|4|0|10|3,,2024,,1511,4061,4,0,10,3,
2024|1511|4|0|1|1,2024|1511|4061|4|0|1|1,,2024,,1511,4061,4,0,1,1,
2024|1511|1|0|18|1,2024|1511|4060|1|0|18|1,,2024,,1511,4060,1,0,18,1,
2024|1511|1|0|11|1,2024|1511|4060|1|0|11|1,,2024,,1511,4060,1,0,11,1,
2024|1511|1|0|10|1,2024|1511|4060|1|0|10|1,,2024,,1511,4060,1,0,10,1,
2024|1511|3|0|10|3,2024|1511|4060|3|0|10|3,,2024,,1511,4060,3,0,10,3,
2024|1511|3|0|1|1,2024|1511|4060|3|0|1|1,,2024,,1511,4060,3,0,1,1,
2024|1511|3|0|10|1,2024|1511|4060|3|0|10|1,,2024,,1511,4060,3,0,10,1,
2024|1511|3|0|70|1,2024|1511|4060|3|0|70|1,,2024,,1511,4060,3,0,70,1,
2024|1511|3|0|24|1,2024|1511|4060|3|0|24|1,,2024,,1511,4060,3,0,24,1,
2024|1511|3|0|95|1,2024|1511|4060|3|0|95|1,,2024,,1511,4060,3,0,95,1,
2024|1511|3|0|10|7,2024|1511|4060|3|0|10|7,,2024,,1511,4060,3,0,10,7,
2024|1511|4|0|10|1,2024|1511|4060|4|0|10|1,,2024,,1511,4060,4,0,10,1,
2024|1511|4|0|46|1,2024|1511|4060|4|0|46|1,,2024,,1511,4060,4,0,46,1,
2024|1511|4|0|15|1,2024|1511|4060|4|0|15|1,,2024,,1511,4060,4,0,15,1,
2024|1511|4|0|10|8,2024|1511|4060|4|0|10|8,,2024,,1511,4060,4,0,10,8,
2024|1511|4|0|74|1,2024|1511|4060|4|0|74|1,,2024,,1511,4060,4,0,74,1,
2024|1511|4|0|45|1,2024|1511|4060|4|0|45|1,,2024,,1511,4060,4,0,45,1,
2024|1511|4|0|10|3,2024|1511|4060|4|0|10|3,,2024,,1511,4060,4,0,10,3,
2024|1511|4|0|70|1,2024|1511|4060|4|0|70|1,,2024,,1511,4060,4,0,70,1,
2024|1511|4|0|97|1,2024|1511|4060|4|0|97|1,,2024,,1511,4060,4,0,97,1,
2024|1511|4|0|98|1,2024|1511|4060|4|0|98|1,,2024,,1511,4060,4,0,98,1,
2024|1511|4|0|2|1,2024|1511|4060|4|0|2|1,,2024,,1511,4060,4,0,2,1,
2024|1511|4|0|95|1,2024|1511|4060|4|0|95|1,,2024,,1511,4060,4,0,95,1,
2024|1511|4|0|24|1,2024|1511|4060|4|0|24|1,,2024,,1511,4060,4,0,24,1,
2024|1511|4|0|1|1,2024|1511|4060|4|0|1|1,,2024,,1511,4060,4,0,1,1,
2024|1511|3|0|95|1,2024|1511|1004|3|0|95|1,,2024,,1511,1004,3,0,95,1,
2024|1511|1|0|10|1,2024|1511|4065|1|0|10|1,,2024,,1511,4065,1,0,10,1,
2024|1511|3|0|1|1,2024|1511|4065|3|0|1|1,,2024,,1511,4065,3,0,1,1,
2024|1511|3|0|10|1,2024|1511|4065|3|0|10|1,,2024,,1511,4065,3,0,10,1,
2024|1511|3|0|10|7,2024|1511|4065|3|0|10|7,,2024,,1511,4065,3,0,10,7,
2024|1511|4|0|10|1,2024|1511|4065|4|0|10|1,,2024,,1511,4065,4,0,10,1,
2024|1511|4|0|10|8,2024|1511|4065|4|0|10|8,,2024,,1511,4065,4,0,10,8,
2024|1511|4|0|25|1,2024|1511|4065|4|0|25|1,,2024,,1511,4065,4,0,25,1,
2024|1511|1|0|10|1,2024|1511|2011|1|0|10|1,,2024,,1511,2011,1,0,10,1,
2024|1511|3|0|10|1,2024|1511|2011|3|0|10|1,,2024,,1511,2011,3,0,10,1,
2024|1511|3|0|10|7,2024|1511|2011|3|0|10|7,,2024,,1511,2011,3,0,10,7,
2024|1511|4|0|10|1,2024|1511|2011|4|0|10|1,,2024,,1511,2011,4,0,10,1,
2024|1511|1|0|57|2,2024|1511|2008|1|0|57|2,,2024,,1511,2008,1,0,57,2,
2024|1511|1|0|10|1,2024|1511|2008|1|0|10|1,,2024,,1511,2008,1,0,10,1,
2024|1511|3|0|10|8,2024|1511|2008|3|0|10|8,,2024,,1511,2008,3,0,10,8,
2024|1511|3|0|10|1,2024|1511|2008|3|0|10|1,,2024,,1511,2008,3,0,10,1,
2024|1511|3|0|10|7,2024|1511|2008|3|0|10|7,,2024,,1511,2008,3,0,10,7,
2024|1511|4|0|10|1,2024|1511|2008|4|0|10|1,,2024,,1511,2008,4,0,10,1,
2024|1511|1|0|10|1,2024|1511|4066|1|0|10|1,,2024,,1511,4066,1,0,10,1,
2024|1511|3|0|10|1,2024|1511|4066|3|0|10|1,,2024,,1511,4066,3,0,10,1,
2024|1511|3|0|10|7,2024|1511|4066|3|0|10|7,,2024,,1511,4066,3,0,10,7,
2024|1511|3|0|60|1,2024|1511|4066|3|0|60|1,,2024,,1511,4066,3,0,60,1,
2024|1511|4|0|10|1,2024|1511|4066|4|0|10|1,,2024,,1511,4066,4,0,10,1,
2024|1511|3|0|10|7,2024|1511|7010|3|0|10|7,,2024,,1511,7010,3,0,10,7,
2024|1511|1|0|10|1,2024|1511|2500|1|0|10|1,,2024,,1511,2500,1,0,10,1,
2024|1511|3|0|10|1,2024|1511|2500|3|0|10|1,,2024,,1511,2500,3,0,10,1,
2024|1511|3|0|10|7,2024|1511|2500|3|0|10|7,,2024,,1511,2500,3,0,10,7,
2024|1511|4|0|10|1,2024|1511|2500|4|0|10|1,,2024,,1511,2500,4,0,10,1,
2024|1521|1|0|10|1,2024|1521|4306|1|0|10|1,,2024,,1521,4306,1,0,10,1,
2024|1521|3|0|10|1,2024|1521|4306|3|0|10|1,,2024,,1521,4306,3,0,10,1,
2024|1521|3|0|10|7,2024|1521|4306|3|0|10|7,,2024,,1521,4306,3,0,10,7,
2024|1521|1|0|10|1,2024|1521|4305|1|0|10|1,,2024,,1521,4305,1,0,10,1,
2024|1521|3|0|10|1,2024|1521|4305|3|0|10|1,,2024,,1521,4305,3,0,10,1,
2024|1521|3|0|10|7,2024|1521|4305|3|0|10|7,,2024,,1521,4305,3,0,10,7,
2024|1521|1|0|10|1,2024|1521|4304|1|0|10|1,,2024,,1521,4304,1,0,10,1,
2024|1521|3|0|10|1,2024|1521|4304|3|0|10|1,,2024,,1521,4304,3,0,10,1,
2024|1521|3|0|10|7,2024|1521|4304|3|0|10|7,,2024,,1521,4304,3,0,10,7,
2024|1521|4|0|10|1,2024|1521|4304|4|0|10|1,,2024,,1521,4304,4,0,10,1,
2024|1521|4|0|95|1,2024|1521|4304|4|0|95|1,,2024,,1521,4304,4,0,95,1,
2024|1521|1|0|10|1,2024|1521|4308|1|0|10|1,,2024,,1521,4308,1,0,10,1,
2024|1521|3|0|10|1,2024|1521|4308|3|0|10|1,,2024,,1521,4308,3,0,10,1,
2024|1521|3|0|10|7,2024|1521|4308|3|0|10|7,,2024,,1521,4308,3,0,10,7,
2024|1521|1|0|10|1,2024|1521|4309|1|0|10|1,,2024,,1521,4309,1,0,10,1,
2024|1521|3|0|10|7,2024|1521|4309|3|0|10|7,,2024,,1521,4309,3,0,10,7,
2024|1521|3|0|10|1,2024|1521|4309|3|0|10|1,,2024,,1521,4309,3,0,10,1,
2024|1521|3|0|9|1,2024|1521|4309|3|0|9|1,,2024,,1521,4309,3,0,9,1,
2024|1521|3|0|95|1,2024|1521|4309|3|0|95|1,,2024,,1521,4309,3,0,95,1,
2024|1521|4|0|95|1,2024|1521|4309|4|0|95|1,,2024,,1521,4309,4,0,95,1,
2024|1521|1|0|10|1,2024|1521|4307|1|0|10|1,,2024,,1521,4307,1,0,10,1,
2024|1521|3|0|10|1,2024|1521|4307|3|0|10|1,,2024,,1521,4307,3,0,10,1,
2024|1521|3|0|10|7,2024|1521|4307|3|0|10|7,,2024,,1521,4307,3,0,10,7,
2024|1521|1|0|10|1,2024|1521|4310|1|0|10|1,,2024,,1521,4310,1,0,10,1,
2024|1521|3|0|10|1,2024|1521|4310|3|0|10|1,,2024,,1521,4310,3,0,10,1,
2024|1521|3|0|10|7,2024|1521|4310|3|0|10|7,,2024,,1521,4310,3,0,10,7,
2024|1521|1|0|10|1,2024|1521|4303|1|0|10|1,,2024,,1521,4303,1,0,10,1,
2024|1521|3|0|9|1,2024|1521|4303|3|0|9|1,,2024,,1521,4303,3,0,9,1,
2024|1521|3|0|10|1,2024|1521|4303|3|0|10|1,,2024,,1521,4303,3,0,10,1,
2024|1521|3|0|10|7,2024|1521|4303|3|0|10|7,,2024,,1521,4303,3,0,10,7,
2024|1521|1|0|10|1,2024|1521|4311|1|0|10|1,,2024,,1521,4311,1,0,10,1,
2024|1521|3|0|10|1,2024|1521|4311|3|0|10|1,,2024,,1521,4311,3,0,10,1,
2024|1521|3|0|10|7,2024|1521|4311|3|0|10|7,,2024,,1521,4311,3,0,10,7,
2024|1521|4|0|95|1,2024|1521|4311|4|0|95|1,,2024,,1521,4311,4,0,95,1,
2024|1521|1|0|10|1,2024|1521|4312|1|0|10|1,,2024,,1521,4312,1,0,10,1,
2024|1521|3|0|10|1,2024|1521|4312|3|0|10|1,,2024,,1521,4312,3,0,10,1,
2024|1521|3|0|10|7,2024|1521|4312|3|0|10|7,,2024,,1521,4312,3,0,10,7,
2024|1521|4|0|9|1,2024|1521|4312|4|0|9|1,,2024,,1521,4312,4,0,9,1,
2024|1521|3|0|10|1,2024|1521|4314|3|0|10|1,,2024,,1521,4314,3,0,10,1,
2024|1521|1|0|10|1,2024|1521|4313|1|0|10|1,,2024,,1521,4313,1,0,10,1,
2024|1521|3|0|10|1,2024|1521|4313|3|0|10|1,,2024,,1521,4313,3,0,10,1,
2024|1521|3|0|10|7,2024|1521|4313|3|0|10|7,,2024,,1521,4313,3,0,10,7,
2024|1521|1|0|10|1,2024|1521|2500|1|0|10|1,,2024,,1521,2500,1,0,10,1,
2024|1521|3|0|10|1,2024|1521|2500|3|0|10|1,,2024,,1521,2500,3,0,10,1,
2024|1521|3|0|10|7,2024|1521|2500|3|0|10|7,,2024,,1521,2500,3,0,10,7,
2024|1541|1|0|10|1,2024|1541|4050|1|0|10|1,,2024,,1541,4050,1,0,10,1,
2024|1541|3|0|10|1,2024|1541|4050|3|0|10|1,,2024,,1541,4050,3,0,10,1,
2024|1541|3|0|10|7,2024|1541|4050|3|0|10|7,,2024,,1541,4050,3,0,10,7,
2024|1541|1|0|10|1,2024|1541|4049|1|0|10|1,,2024,,1541,4049,1,0,10,1,
2024|1541|3|0|10|1,2024|1541|4049|3|0|10|1,,2024,,1541,4049,3,0,10,1,
2024|1541|3|0|10|7,2024|1541|4049|3|0|10|7,,2024,,1541,4049,3,0,10,7,
2024|1541|4|0|10|1,2024|1541|4049|4|0|10|1,,2024,,1541,4049,4,0,10,1,
2024|1541|1|0|10|1,2024|1541|2500|1|0|10|1,,2024,,1541,2500,1,0,10,1,
2024|1541|3|0|10|1,2024|1541|2500|3|0|10|1,,2024,,1541,2500,3,0,10,1,
2024|1541|3|0|10|7,2024|1541|2500|3|0|10|7,,2024,,1541,2500,3,0,10,7,
2024|1541|4|0|10|1,2024|1541|2500|4|0|10|1,,2024,,1541,2500,4,0,10,1,
2024|1631|1|0|10|1,2024|1631|4007|1|0|10|1,,2024,,1631,4007,1,0,10,1,
2024|1631|3|0|10|7,2024|1631|4007|3|0|10|7,,2024,,1631,4007,3,0,10,7,
2024|1631|3|0|10|1,2024|1631|4007|3|0|10|1,,2024,,1631,4007,3,0,10,1,
2024|1631|1|0|10|1,2024|1631|2500|1|0|10|1,,2024,,1631,2500,1,0,10,1,
2024|1631|3|0|10|7,2024|1631|2500|3|0|10|7,,2024,,1631,2500,3,0,10,7,
2024|1631|3|0|10|1,2024|1631|2500|3|0|10|1,,2024,,1631,2500,3,0,10,1,
2024|1711|1|0|10|1,2024|1711|2003|1|0|10|1,,2024,,1711,2003,1,0,10,1,
2024|1711|3|0|10|1,2024|1711|2003|3|0|10|1,,2024,,1711,2003,3,0,10,1,
2024|1711|3|0|10|7,2024|1711|2003|3|0|10|7,,2024,,1711,2003,3,0,10,7,
2024|1711|4|0|10|1,2024|1711|2003|4|0|10|1,,2024,,1711,2003,4,0,10,1,
2024|1711|1|0|10|1,2024|1711|2002|1|0|10|1,,2024,,1711,2002,1,0,10,1,
2024|1711|3|0|10|1,2024|1711|2002|3|0|10|1,,2024,,1711,2002,3,0,10,1,
2024|1711|3|0|10|7,2024|1711|2002|3|0|10|7,,2024,,1711,2002,3,0,10,7,
2024|1711|4|0|10|1,2024|1711|2002|4|0|10|1,,2024,,1711,2002,4,0,10,1,
2024|1711|1|0|10|1,2024|1711|2001|1|0|10|1,,2024,,1711,2001,1,0,10,1,
2024|1711|3|0|10|1,2024|1711|2001|3|0|10|1,,2024,,1711,2001,3,0,10,1,
2024|1711|3|0|10|7,2024|1711|2001|3|0|10|7,,2024,,1711,2001,3,0,10,7,
2024|1711|1|0|10|1,2024|1711|2500|1|0|10|1,,2024,,1711,2500,1,0,10,1,
2024|1711|3|0|10|1,2024|1711|2500|3|0|10|1,,2024,,1711,2500,3,0,10,1,
2024|1711|3|0|10|7,2024|1711|2500|3|0|10|7,,2024,,1711,2500,3,0,10,7,
2024|1721|4|0|10|8,2024|1721|2010|4|0|10|8,,2024,,1721,2010,4,0,10,8,
2024|1721|3|0|10|8,2024|1721|4100|3|0|10|8,,2024,,1721,4100,3,0,10,8,
2024|1721|1|0|10|1,2024|1721|2066|1|0|10|1,,2024,,1721,2066,1,0,10,1,
2024|1721|3|0|10|1,2024|1721|2066|3|0|10|1,,2024,,1721,2066,3,0,10,1,
2024|1721|3|0|10|7,2024|1721|2066|3|0|10|7,,2024,,1721,2066,3,0,10,7,
2024|1721|4|0|10|1,2024|1721|2066|4|0|10|1,,2024,,1721,2066,4,0,10,1,
2024|1721|1|0|10|1,2024|1721|2062|1|0|10|1,,2024,,1721,2062,1,0,10,1,
2024|1721|3|0|10|1,2024|1721|2062|3|0|10|1,,2024,,1721,2062,3,0,10,1,
2024|1721|3|0|10|7,2024|1721|2062|3|0|10|7,,2024,,1721,2062,3,0,10,7,
2024|1721|4|0|10|1,2024|1721|2062|4|0|10|1,,2024,,1721,2062,4,0,10,1,
2024|1721|1|0|10|1,2024|1721|2070|1|0|10|1,,2024,,1721,2070,1,0,10,1,
2024|1721|3|0|10|1,2024|1721|2070|3|0|10|1,,2024,,1721,2070,3,0,10,1,
2024|1721|3|0|10|7,2024|1721|2070|3|0|10|7,,2024,,1721,2070,3,0,10,7,
2024|1721|4|0|10|1,2024|1721|2070|4|0|10|1,,2024,,1721,2070,4,0,10,1,
2024|1721|1|0|10|1,2024|1721|2500|1|0|10|1,,2024,,1721,2500,1,0,10,1,
2024|1721|3|0|10|1,2024|1721|2500|3|0|10|1,,2024,,1721,2500,3,0,10,1,
2024|1721|3|0|10|7,2024|1721|2500|3|0|10|7,,2024,,1721,2500,3,0,10,7,
2024|1721|4|0|10|1,2024|1721|2500|4|0|10|1,,2024,,1721,2500,4,0,10,1,
2024|1911|3|0|71|1,2024|1911|2049|3|0|71|1,,2024,,1911,2049,3,0,71,1,
2024|1911|3|0|10|1,2024|1911|2049|3|0|10|1,,2024,,1911,2049,3,0,10,1,
2024|1911|3|0|10|1,2024|1911|7663|3|0|10|1,,2024,,1911,7663,3,0,10,1,
2024|1915|5|0|10|1,2024|1915|7723|5|0|10|1,,2024,,1915,7723,5,0,10,1,
2024|1915|5|0|10|1,2024|1915|7541|5|0|10|1,,2024,,1915,7541,5,0,10,1,
2024|1915|5|0|10|1,2024|1915|7054|5|0|10|1,,2024,,1915,7054,5,0,10,1,
2024|1915|5|0|10|1,2024|1915|7758|5|0|10|1,,2024,,1915,7758,5,0,10,1,
2024|1915|5|0|10|1,2024|1915|7707|5|0|10|1,,2024,,1915,7707,5,0,10,1,
2024|1915|5|0|10|1,2024|1915|7700|5|0|10|1,,2024,,1915,7700,5,0,10,1,
2024|1915|5|0|10|1,2024|1915|7737|5|0|10|1,,2024,,1915,7737,5,0,10,1,
2024|1915|5|0|10|1,2024|1915|7759|5|0|10|1,,2024,,1915,7759,5,0,10,1,
2024|1915|5|0|10|1,2024|1915|7734|5|0|10|1,,2024,,1915,7734,5,0,10,1,
2024|1915|5|0|10|1,2024|1915|7752|5|0|10|1,,2024,,1915,7752,5,0,10,1,
2024|1915|5|0|61|2,2024|1915|7752|5|0|61|2,,2024,,1915,7752,5,0,61,2,
2024|1916|2|0|10|1,2024|1916|7658|2|0|10|1,,2024,,1916,7658,2,0,10,1,
2024|1916|6|0|10|1,2024|1916|7658|6|0|10|1,,2024,,1916,7658,6,0,10,1,
2024|1916|2|0|10|1,2024|1916|7043|2|0|10|1,,2024,,1916,7043,2,0,10,1,
2024|1916|6|0|10|1,2024|1916|7043|6|0|10|1,,2024,,1916,7043,6,0,10,1,
2024|1916|2|0|10|1,2024|1916|7030|2|0|10|1,,2024,,1916,7030,2,0,10,1,
2024|1916|6|0|10|1,2024|1916|7030|6|0|10|1,,2024,,1916,7030,6,0,10,1,
2024|1916|2|0|10|1,2024|1916|7896|2|0|10|1,,2024,,1916,7896,2,0,10,1,
2024|1916|6|0|10|1,2024|1916|7896|6|0|10|1,,2024,,1916,7896,6,0,10,1,
2024|1916|6|0|10|1,2024|1916|7003|6|0|10|1,,2024,,1916,7003,6,0,10,1,
2024|1916|2|0|19|1,2024|1916|7886|2|0|19|1,,2024,,1916,7886,2,0,19,1,
2024|1916|2|0|11|1,2024|1916|7886|2|0|11|1,,2024,,1916,7886,2,0,11,1,
2024|1916|2|0|10|1,2024|1916|7886|2|0|10|1,,2024,,1916,7886,2,0,10,1,
2024|1916|6|0|15|1,2024|1916|7886|6|0|15|1,,2024,,1916,7886,6,0,15,1,
2024|1916|6|0|10|1,2024|1916|7886|6|0|10|1,,2024,,1916,7886,6,0,10,1,
2024|1941|3|0|10|1,2024|1941|4489|3|0|10|1,,2024,,1941,4489,3,0,10,1,
2024|1941|3|0|10|1,2024|1941|4488|3|0|10|1,,2024,,1941,4488,3,0,10,1,
2024|1941|3|0|52|2,2024|1941|4488|3|0|52|2,,2024,,1941,4488,3,0,52,2,
2024|1941|3|0|94|1,2024|1941|4488|3|0|94|1,,2024,,1941,4488,3,0,94,1,
2024|1941|3|0|91|2,2024|1941|4488|3|0|91|2,,2024,,1941,4488,3,0,91,2,
2024|1941|3|0|27|1,2024|1941|4488|3|0|27|1,,2024,,1941,4488,3,0,27,1,
2024|1941|3|0|60|2,2024|1941|4488|3|0|60|2,,2024,,1941,4488,3,0,60,2,
2024|1941|1|0|10|1,2024|1941|7024|1|0|10|1,,2024,,1941,7024,1,0,10,1,
2024|1941|1|0|10|1,2024|1941|7441|1|0|10|1,,2024,,1941,7441,1,0,10,1,
2024|1951|3|0|71|3,2024|1951|2132|3|0|71|3,,2024,,1951,2132,3,0,71,3,
2024|1951|3|0|10|3,2024|1951|2132|3|0|10|3,,2024,,1951,2132,3,0,10,3,
2024|1951|4|0|71|3,2024|1951|2132|4|0|71|3,,2024,,1951,2132,4,0,71,3,
2024|1951|4|0|10|3,2024|1951|2132|4|0|10|3,,2024,,1951,2132,4,0,10,3,
2024|1951|3|0|97|1,2024|1951|2131|3|0|97|1,,2024,,1951,2131,3,0,97,1,
2024|1951|3|0|98|1,2024|1951|2131|3|0|98|1,,2024,,1951,2131,3,0,98,1,
2024|1991|9|0|10|1,2024|1991|9999|9|0|10|1,,2024,,1991,9999,9,0,10,1,
2024|2011|3|0|50|1,2024|2011|4068|3|0|50|1,,2024,,2011,4068,3,0,50,1,
2024|2011|1|0|57|2,2024|2011|2012|1|0|57|2,,2024,,2011,2012,1,0,57,2,
2024|2011|1|0|49|1,2024|2011|2012|1|0|49|1,,2024,,2011,2012,1,0,49,1,
2024|2011|3|0|50|1,2024|2011|2012|3|0|50|1,,2024,,2011,2012,3,0,50,1,
2024|2011|3|0|49|7,2024|2011|2012|3|0|49|7,,2024,,2011,2012,3,0,49,7,
2024|2011|4|0|50|1,2024|2011|2012|4|0|50|1,,2024,,2011,2012,4,0,50,1,
2024|2011|3|0|50|1,2024|2011|4410|3|0|50|1,,2024,,2011,4410,3,0,50,1,
2024|2011|3|0|10|1,2024|2011|4410|3|0|10|1,,2024,,2011,4410,3,0,10,1,
2024|2011|3|0|50|1,2024|2011|4074|3|0|50|1,,2024,,2011,4074,3,0,50,1,
2024|2011|3|0|49|1,2024|2011|4074|3|0|49|1,,2024,,2011,4074,3,0,49,1,
2024|2011|3|0|50|1,2024|2011|4073|3|0|50|1,,2024,,2011,4073,3,0,50,1,
2024|2011|3|0|10|1,2024|2011|4073|3|0|10|1,,2024,,2011,4073,3,0,10,1,
2024|2011|3|0|49|1,2024|2011|4073|3|0|49|1,,2024,,2011,4073,3,0,49,1,
2024|2011|3|0|60|1,2024|2011|4073|3|0|60|1,,2024,,2011,4073,3,0,60,1,
2024|2011|1|0|57|2,2024|2011|4230|1|0|57|2,,2024,,2011,4230,1,0,57,2,
2024|2011|1|0|49|1,2024|2011|4230|1|0|49|1,,2024,,2011,4230,1,0,49,1,
2024|2011|3|0|50|1,2024|2011|4230|3|0|50|1,,2024,,2011,4230,3,0,50,1,
2024|2011|3|0|49|7,2024|2011|4230|3|0|49|7,,2024,,2011,4230,3,0,49,7,
2024|2011|4|0|50|1,2024|2011|4230|4|0|50|1,,2024,,2011,4230,4,0,50,1,
2024|2011|1|0|57|2,2024|2011|4229|1|0|57|2,,2024,,2011,4229,1,0,57,2,
2024|2011|1|0|49|1,2024|2011|4229|1|0|49|1,,2024,,2011,4229,1,0,49,1,
2024|2011|3|0|49|7,2024|2011|4229|3|0|49|7,,2024,,2011,4229,3,0,49,7,
2024|2011|3|0|50|1,2024|2011|4229|3|0|50|1,,2024,,2011,4229,3,0,50,1,
2024|2011|4|0|50|1,2024|2011|4229|4|0|50|1,,2024,,2011,4229,4,0,50,1,
2024|2011|1|0|49|1,2024|2011|4231|1|0|49|1,,2024,,2011,4231,1,0,49,1,
2024|2011|1|0|57|2,2024|2011|4231|1|0|57|2,,2024,,2011,4231,1,0,57,2,
2024|2011|3|0|50|1,2024|2011|4231|3|0|50|1,,2024,,2011,4231,3,0,50,1,
2024|2011|3|0|49|7,2024|2011|4231|3|0|49|7,,2024,,2011,4231,3,0,49,7,
2024|2011|4|0|10|8,2024|2011|4231|4|0|10|8,,2024,,2011,4231,4,0,10,8,
2024|2011|4|0|50|1,2024|2011|4231|4|0|50|1,,2024,,2011,4231,4,0,50,1,
2024|2011|3|0|60|1,2024|2011|4409|3|0|60|1,,2024,,2011,4409,3,0,60,1,
2024|2011|1|0|49|1,2024|2011|2014|1|0|49|1,,2024,,2011,2014,1,0,49,1,
2024|2011|3|0|10|1,2024|2011|2014|3|0|10|1,,2024,,2011,2014,3,0,10,1,
2024|2011|3|0|49|7,2024|2011|2014|3|0|49|7,,2024,,2011,2014,3,0,49,7,
2024|2011|4|0|10|1,2024|2011|2014|4|0|10|1,,2024,,2011,2014,4,0,10,1,
2024|2011|1|0|49|1,2024|2011|2039|1|0|49|1,,2024,,2011,2039,1,0,49,1,
2024|2011|3|0|50|1,2024|2011|2039|3|0|50|1,,2024,,2011,2039,3,0,50,1,
2024|2011|3|0|49|7,2024|2011|2039|3|0|49|7,,2024,,2011,2039,3,0,49,7,
2024|2011|4|0|50|1,2024|2011|2039|4|0|50|1,,2024,,2011,2039,4,0,50,1,
2024|2011|1|0|60|9,2024|2011|7004|1|0|60|9,,2024,,2011,7004,1,0,60,9,
2024|2011|1|0|10|9,2024|2011|7004|1|0|10|9,,2024,,2011,7004,1,0,10,9,
2024|2011|3|0|60|9,2024|2011|7004|3|0|60|9,,2024,,2011,7004,3,0,60,9,
2024|2011|3|0|10|9,2024|2011|7004|3|0|10|9,,2024,,2011,7004,3,0,10,9,
2024|2011|1|0|57|2,2024|2011|2500|1|0|57|2,,2024,,2011,2500,1,0,57,2,
2024|2011|1|0|49|1,2024|2011|2500|1|0|49|1,,2024,,2011,2500,1,0,49,1,
2024|2011|3|0|50|1,2024|2011|2500|3|0|50|1,,2024,,2011,2500,3,0,50,1,
2024|2011|3|0|49|7,2024|2011|2500|3|0|49|7,,2024,,2011,2500,3,0,49,7,
2024|2011|4|0|50|1,2024|2011|2500|4|0|50|1,,2024,,2011,2500,4,0,50,1,
2024|2011|4|0|47|1,2024|2011|2500|4|0|47|1,,2024,,2011,2500,4,0,47,1,
2024|2041|1|0|60|1,2024|2041|4340|1|0|60|1,,2024,,2041,4340,1,0,60,1,
2024|2041|3|0|60|7,2024|2041|4340|3|0|60|7,,2024,,2041,4340,3,0,60,7,
2024|2041|3|0|60|1,2024|2041|4340|3|0|60|1,,2024,,2041,4340,3,0,60,1,
2024|2041|3|0|60|9,2024|2041|7004|3|0|60|9,,2024,,2041,7004,3,0,60,9,
2024|2041|1|0|60|1,2024|2041|2500|1|0|60|1,,2024,,2041,2500,1,0,60,1,
2024|2041|3|0|60|7,2024|2041|2500|3|0|60|7,,2024,,2041,2500,3,0,60,7,
2024|2041|3|0|60|1,2024|2041|2500|3|0|60|1,,2024,,2041,2500,3,0,60,1,
2024|2041|4|0|47|1,2024|2041|2500|4|0|47|1,,2024,,2041,2500,4,0,47,1,
2024|2041|4|0|60|1,2024|2041|2500|4|0|60|1,,2024,,2041,2500,4,0,60,1,
2024|2061|3|0|10|8,2024|2061|4242|3|0|10|8,,2024,,2061,4242,3,0,10,8,
2024|2061|3|0|60|1,2024|2061|4242|3|0|60|1,,2024,,2061,4242,3,0,60,1,
2024|2061|3|0|10|1,2024|2061|4242|3|0|10|1,,2024,,2061,4242,3,0,10,1,
2024|2061|1|0|10|1,2024|2061|4247|1|0|10|1,,2024,,2061,4247,1,0,10,1,
2024|2061|3|0|10|1,2024|2061|4247|3|0|10|1,,2024,,2061,4247,3,0,10,1,
2024|2061|3|0|10|7,2024|2061|4247|3|0|10|7,,2024,,2061,4247,3,0,10,7,
2024|2061|3|0|60|1,2024|2061|4247|3|0|60|1,,2024,,2061,4247,3,0,60,1,
2024|2061|4|0|10|1,2024|2061|4247|4|0|10|1,,2024,,2061,4247,4,0,10,1,
2024|2061|1|0|10|1,2024|2061|4241|1|0|10|1,,2024,,2061,4241,1,0,10,1,
2024|2061|3|0|10|7,2024|2061|4241|3|0|10|7,,2024,,2061,4241,3,0,10,7,
2024|2061|3|0|60|1,2024|2061|4241|3|0|60|1,,2024,,2061,4241,3,0,60,1,
2024|2061|3|0|10|1,2024|2061|4241|3|0|10|1,,2024,,2061,4241,3,0,10,1,
2024|2061|1|0|10|1,2024|2061|4244|1|0|10|1,,2024,,2061,4244,1,0,10,1,
2024|2061|3|0|10|1,2024|2061|4244|3|0|10|1,,2024,,2061,4244,3,0,10,1,
2024|2061|3|0|10|7,2024|2061|4244|3|0|10|7,,2024,,2061,4244,3,0,10,7,
2024|2061|3|0|60|1,2024|2061|4244|3|0|60|1,,2024,,2061,4244,3,0,60,1,
2024|2061|1|0|10|1,2024|2061|4240|1|0|10|1,,2024,,2061,4240,1,0,10,1,
2024|2061|3|0|60|1,2024|2061|4240|3|0|60|1,,2024,,2061,4240,3,0,60,1,
2024|2061|3|0|10|7,2024|2061|4240|3|0|10|7,,2024,,2061,4240,3,0,10,7,
2024|2061|3|0|10|1,2024|2061|4240|3|0|10|1,,2024,,2061,4240,3,0,10,1,
2024|2061|1|0|10|1,2024|2061|4246|1|0|10|1,,2024,,2061,4246,1,0,10,1,
2024|2061|3|0|10|8,2024|2061|4246|3|0|10|8,,2024,,2061,4246,3,0,10,8,
2024|2061|3|0|10|1,2024|2061|4246|3|0|10|1,,2024,,2061,4246,3,0,10,1,
2024|2061|3|0|10|7,2024|2061|4246|3|0|10|7,,2024,,2061,4246,3,0,10,7,
2024|2061|3|0|60|1,2024|2061|4246|3|0|60|1,,2024,,2061,4246,3,0,60,1,
2024|2061|1|0|10|1,2024|2061|4245|1|0|10|1,,2024,,2061,4245,1,0,10,1,
2024|2061|3|0|10|8,2024|2061|4245|3|0|10|8,,2024,,2061,4245,3,0,10,8,
2024|2061|3|0|10|7,2024|2061|4245|3|0|10|7,,2024,,2061,4245,3,0,10,7,
2024|2061|3|0|10|1,2024|2061|4245|3|0|10|1,,2024,,2061,4245,3,0,10,1,
2024|2061|4|0|10|1,2024|2061|4245|4|0|10|1,,2024,,2061,4245,4,0,10,1,
2024|2061|1|0|10|1,2024|2061|4243|1|0|10|1,,2024,,2061,4243,1,0,10,1,
2024|2061|3|0|10|7,2024|2061|4243|3|0|10|7,,2024,,2061,4243,3,0,10,7,
2024|2061|3|0|60|1,2024|2061|4243|3|0|60|1,,2024,,2061,4243,3,0,60,1,
2024|2061|3|0|10|1,2024|2061|4243|3|0|10|1,,2024,,2061,4243,3,0,10,1,
2024|2061|1|0|10|1,2024|2061|4248|1|0|10|1,,2024,,2061,4248,1,0,10,1,
2024|2061|3|0|10|7,2024|2061|4248|3|0|10|7,,2024,,2061,4248,3,0,10,7,
2024|2061|3|0|10|1,2024|2061|4248|3|0|10|1,,2024,,2061,4248,3,0,10,1,
2024|2061|1|0|10|1,2024|2061|4250|1|0|10|1,,2024,,2061,4250,1,0,10,1,
2024|2061|3|0|10|7,2024|2061|4250|3|0|10|7,,2024,,2061,4250,3,0,10,7,
2024|2061|3|0|10|1,2024|2061|4250|3|0|10|1,,2024,,2061,4250,3,0,10,1,
2024|2061|3|0|60|1,2024|2061|4250|3|0|60|1,,2024,,2061,4250,3,0,60,1,
2024|2061|1|0|10|1,2024|2061|4251|1|0|10|1,,2024,,2061,4251,1,0,10,1,
2024|2061|3|0|10|7,2024|2061|4251|3|0|10|7,,2024,,2061,4251,3,0,10,7,
2024|2061|3|0|60|1,2024|2061|4251|3|0|60|1,,2024,,2061,4251,3,0,60,1,
2024|2061|3|0|10|1,2024|2061|4251|3|0|10|1,,2024,,2061,4251,3,0,10,1,
2024|2061|1|0|10|1,2024|2061|4249|1|0|10|1,,2024,,2061,4249,1,0,10,1,
2024|2061|3|0|10|1,2024|2061|4249|3|0|10|1,,2024,,2061,4249,3,0,10,1,
2024|2061|3|0|60|1,2024|2061|4249|3|0|60|1,,2024,,2061,4249,3,0,60,1,
2024|2061|3|0|10|7,2024|2061|4249|3|0|10|7,,2024,,2061,4249,3,0,10,7,
2024|2061|1|0|10|1,2024|2061|4257|1|0|10|1,,2024,,2061,4257,1,0,10,1,
2024|2061|3|0|10|1,2024|2061|4257|3|0|10|1,,2024,,2061,4257,3,0,10,1,
2024|2061|3|0|10|7,2024|2061|4257|3|0|10|7,,2024,,2061,4257,3,0,10,7,
2024|2061|3|0|60|1,2024|2061|4257|3|0|60|1,,2024,,2061,4257,3,0,60,1,
2024|2061|1|0|10|1,2024|2061|4254|1|0|10|1,,2024,,2061,4254,1,0,10,1,
2024|2061|3|0|10|7,2024|2061|4254|3|0|10|7,,2024,,2061,4254,3,0,10,7,
2024|2061|3|0|10|1,2024|2061|4254|3|0|10|1,,2024,,2061,4254,3,0,10,1,
2024|2061|3|0|60|1,2024|2061|4254|3|0|60|1,,2024,,2061,4254,3,0,60,1,
2024|2061|1|0|10|1,2024|2061|4255|1|0|10|1,,2024,,2061,4255,1,0,10,1,
2024|2061|3|0|10|3,2024|2061|4255|3|0|10|3,,2024,,2061,4255,3,0,10,3,
2024|2061|3|0|10|1,2024|2061|4255|3|0|10|1,,2024,,2061,4255,3,0,10,1,
2024|2061|3|0|24|1,2024|2061|4255|3|0|24|1,,2024,,2061,4255,3,0,24,1,
2024|2061|3|0|60|1,2024|2061|4255|3|0|60|1,,2024,,2061,4255,3,0,60,1,
2024|2061|3|0|10|7,2024|2061|4255|3|0|10|7,,2024,,2061,4255,3,0,10,7,
2024|2061|1|0|10|9,2024|2061|7004|1|0|10|9,,2024,,2061,7004,1,0,10,9,
2024|2061|3|0|10|9,2024|2061|7004|3|0|10|9,,2024,,2061,7004,3,0,10,9,
2024|2061|1|0|10|1,2024|2061|2500|1|0|10|1,,2024,,2061,2500,1,0,10,1,
2024|2061|3|0|60|1,2024|2061|2500|3|0|60|1,,2024,,2061,2500,3,0,60,1,
2024|2061|3|0|10|1,2024|2061|2500|3|0|10|1,,2024,,2061,2500,3,0,10,1,
2024|2061|3|0|10|7,2024|2061|2500|3|0|10|7,,2024,,2061,2500,3,0,10,7,
2024|2061|4|0|10|1,2024|2061|2500|4|0|10|1,,2024,,2061,2500,4,0,10,1,
2024|2071|1|0|10|1,2024|2071|4362|1|0|10|1,,2024,,2071,4362,1,0,10,1,
2024|2071|3|0|10|7,2024|2071|4362|3|0|10|7,,2024,,2071,4362,3,0,10,7,
2024|2071|3|0|10|1,2024|2071|4362|3|0|10|1,,2024,,2071,4362,3,0,10,1,
2024|2071|4|0|10|1,2024|2071|4362|4|0|10|1,,2024,,2071,4362,4,0,10,1,
2024|2071|1|0|10|1,2024|2071|4389|1|0|10|1,,2024,,2071,4389,1,0,10,1,
2024|2071|3|0|10|7,2024|2071|4389|3|0|10|7,,2024,,2071,4389,3,0,10,7,
2024|2071|3|0|10|1,2024|2071|4389|3|0|10|1,,2024,,2071,4389,3,0,10,1,
2024|2071|4|0|10|1,2024|2071|4389|4|0|10|1,,2024,,2071,4389,4,0,10,1,
2024|2071|1|0|10|1,2024|2071|4387|1|0|10|1,,2024,,2071,4387,1,0,10,1,
2024|2071|3|0|10|3,2024|2071|4387|3|0|10|3,,2024,,2071,4387,3,0,10,3,
2024|2071|3|0|10|7,2024|2071|4387|3|0|10|7,,2024,,2071,4387,3,0,10,7,
2024|2071|3|0|10|1,2024|2071|4387|3|0|10|1,,2024,,2071,4387,3,0,10,1,
2024|2071|3|0|24|1,2024|2071|4387|3|0|24|1,,2024,,2071,4387,3,0,24,1,
2024|2071|4|0|10|1,2024|2071|4387|4|0|10|1,,2024,,2071,4387,4,0,10,1,
2024|2071|5|0|10|1,2024|2071|4387|5|0|10|1,,2024,,2071,4387,5,0,10,1,
2024|2071|1|0|10|1,2024|2071|4048|1|0|10|1,,2024,,2071,4048,1,0,10,1,
2024|2071|3|0|10|7,2024|2071|4048|3|0|10|7,,2024,,2071,4048,3,0,10,7,
2024|2071|3|0|10|1,2024|2071|4048|3|0|10|1,,2024,,2071,4048,3,0,10,1,
2024|2071|1|0|10|1,2024|2071|4513|1|0|10|1,,2024,,2071,4513,1,0,10,1,
2024|2071|3|0|10|8,2024|2071|4513|3|0|10|8,,2024,,2071,4513,3,0,10,8,
2024|2071|3|0|10|3,2024|2071|4513|3|0|10|3,,2024,,2071,4513,3,0,10,3,
2024|2071|3|0|10|7,2024|2071|4513|3|0|10|7,,2024,,2071,4513,3,0,10,7,
2024|2071|3|0|69|1,2024|2071|4513|3|0|69|1,,2024,,2071,4513,3,0,69,1,
2024|2071|3|0|10|1,2024|2071|4513|3|0|10|1,,2024,,2071,4513,3,0,10,1,
2024|2071|3|0|68|1,2024|2071|4513|3|0|68|1,,2024,,2071,4513,3,0,68,1,
2024|2071|3|0|24|1,2024|2071|4513|3|0|24|1,,2024,,2071,4513,3,0,24,1,
2024|2071|4|0|24|1,2024|2071|4513|4|0|24|1,,2024,,2071,4513,4,0,24,1,
2024|2071|4|0|68|1,2024|2071|4513|4|0|68|1,,2024,,2071,4513,4,0,68,1,
2024|2071|4|0|10|1,2024|2071|4513|4|0|10|1,,2024,,2071,4513,4,0,10,1,
2024|2071|3|1|10|1,2024|2071|1086|3|1|10|1,,2024,,2071,1086,3,1,10,1,
2024|2071|4|1|10|1,2024|2071|1086|4|1|10|1,,2024,,2071,1086,4,1,10,1,
2024|2071|3|1|10|1,2024|2071|1069|3|1|10|1,,2024,,2071,1069,3,1,10,1,
2024|2071|3|1|10|1,2024|2071|1068|3|1|10|1,,2024,,2071,1068,3,1,10,1,
2024|2071|4|1|10|1,2024|2071|1068|4|1|10|1,,2024,,2071,1068,4,1,10,1,
2024|2071|3|1|10|1,2024|2071|1088|3|1|10|1,,2024,,2071,1088,3,1,10,1,
2024|2071|4|1|10|1,2024|2071|1088|4|1|10|1,,2024,,2071,1088,4,1,10,1,
2024|2071|3|1|10|1,2024|2071|1087|3|1|10|1,,2024,,2071,1087,3,1,10,1,
2024|2071|4|1|10|1,2024|2071|1087|4|1|10|1,,2024,,2071,1087,4,1,10,1,
2024|2071|1|0|60|9,2024|2071|7004|1|0|60|9,,2024,,2071,7004,1,0,60,9,
2024|2071|3|0|60|9,2024|2071|7004|3|0|60|9,,2024,,2071,7004,3,0,60,9,
2024|2071|1|0|10|1,2024|2071|2500|1|0|10|1,,2024,,2071,2500,1,0,10,1,
2024|2071|3|0|47|1,2024|2071|2500|3|0|47|1,,2024,,2071,2500,3,0,47,1,
2024|2071|3|0|10|7,2024|2071|2500|3|0|10|7,,2024,,2071,2500,3,0,10,7,
2024|2071|3|0|10|1,2024|2071|2500|3|0|10|1,,2024,,2071,2500,3,0,10,1,
2024|2071|4|0|10|1,2024|2071|2500|4|0|10|1,,2024,,2071,2500,4,0,10,1,
2024|2091|1|0|60|1,2024|2091|4070|1|0|60|1,,2024,,2091,4070,1,0,60,1,
2024|2091|1|0|72|1,2024|2091|4070|1|0|72|1,,2024,,2091,4070,1,0,72,1,
2024|2091|1|0|95|1,2024|2091|4070|1|0|95|1,,2024,,2091,4070,1,0,95,1,
2024|2091|3|0|72|7,2024|2091|4070|3|0|72|7,,2024,,2091,4070,3,0,72,7,
2024|2091|3|0|72|1,2024|2091|4070|3|0|72|1,,2024,,2091,4070,3,0,72,1,
2024|2091|3|0|95|7,2024|2091|4070|3|0|95|7,,2024,,2091,4070,3,0,95,7,
2024|2091|3|0|45|1,2024|2091|4070|3|0|45|1,,2024,,2091,4070,3,0,45,1,
2024|2091|3|0|24|1,2024|2091|4070|3|0|24|1,,2024,,2091,4070,3,0,24,1,
2024|2091|4|0|72|1,2024|2091|4070|4|0|72|1,,2024,,2091,4070,4,0,72,1,
2024|2091|1|0|72|1,2024|2091|4069|1|0|72|1,,2024,,2091,4069,1,0,72,1,
2024|2091|3|0|72|7,2024|2091|4069|3|0|72|7,,2024,,2091,4069,3,0,72,7,
2024|2091|3|0|95|1,2024|2091|4069|3|0|95|1,,2024,,2091,4069,3,0,95,1,
2024|2091|3|0|72|1,2024|2091|4069|3|0|72|1,,2024,,2091,4069,3,0,72,1,
2024|2091|1|0|72|1,2024|2091|4072|1|0|72|1,,2024,,2091,4072,1,0,72,1,
2024|2091|3|0|72|7,2024|2091|4072|3|0|72|7,,2024,,2091,4072,3,0,72,7,
2024|2091|3|0|72|1,2024|2091|4072|3|0|72|1,,2024,,2091,4072,3,0,72,1,
2024|2091|1|0|60|1,2024|2091|4071|1|0|60|1,,2024,,2091,4071,1,0,60,1,
2024|2091|3|0|10|8,2024|2091|4071|3|0|10|8,,2024,,2091,4071,3,0,10,8,
2024|2091|3|0|72|7,2024|2091|4071|3|0|72|7,,2024,,2091,4071,3,0,72,7,
2024|2091|3|0|72|1,2024|2091|4071|3|0|72|1,,2024,,2091,4071,3,0,72,1,
2024|2091|4|0|72|1,2024|2091|4071|4|0|72|1,,2024,,2091,4071,4,0,72,1,
2024|2091|1|0|60|9,2024|2091|7004|1|0|60|9,,2024,,2091,7004,1,0,60,9,
2024|2091|3|0|60|9,2024|2091|7004|3|0|60|9,,2024,,2091,7004,3,0,60,9,
2024|2091|1|0|60|1,2024|2091|2500|1|0|60|1,,2024,,2091,2500,1,0,60,1,
2024|2091|1|0|72|1,2024|2091|2500|1|0|72|1,,2024,,2091,2500,1,0,72,1,
2024|2091|3|0|60|1,2024|2091|2500|3|0|60|1,,2024,,2091,2500,3,0,60,1,
2024|2091|3|0|72|7,2024|2091|2500|3|0|72|7,,2024,,2091,2500,3,0,72,7,
2024|2091|3|0|52|1,2024|2091|2500|3|0|52|1,,2024,,2091,2500,3,0,52,1,
2024|2091|3|0|72|1,2024|2091|2500|3|0|72|1,,2024,,2091,2500,3,0,72,1,
2024|2091|4|0|72|1,2024|2091|2500|4|0|72|1,,2024,,2091,2500,4,0,72,1,
2024|2091|4|0|47|1,2024|2091|2500|4|0|47|1,,2024,,2091,2500,4,0,47,1,
2024|2101|3|1|95|1,2024|2101|4057|3|1|95|1,,2024,,2101,4057,3,1,95,1,
2024|2101|1|0|26|1,2024|2101|4054|1|0|26|1,,2024,,2101,4054,1,0,26,1,
2024|2101|3|0|60|1,2024|2101|4054|3|0|60|1,,2024,,2101,4054,3,0,60,1,
2024|2101|3|0|95|1,2024|2101|4054|3|0|95|1,,2024,,2101,4054,3,0,95,1,
2024|2101|3|0|72|1,2024|2101|4054|3|0|72|1,,2024,,2101,4054,3,0,72,1,
2024|2101|3|0|72|7,2024|2101|4054|3|0|72|7,,2024,,2101,4054,3,0,72,7,
2024|2101|4|0|72|1,2024|2101|4054|4|0|72|1,,2024,,2101,4054,4,0,72,1,
2024|2101|4|0|60|1,2024|2101|4054|4|0|60|1,,2024,,2101,4054,4,0,60,1,
2024|2101|4|0|95|1,2024|2101|4054|4|0|95|1,,2024,,2101,4054,4,0,95,1,
2024|2101|1|0|26|1,2024|2101|4058|1|0|26|1,,2024,,2101,4058,1,0,26,1,
2024|2101|1|0|72|1,2024|2101|4058|1|0|72|1,,2024,,2101,4058,1,0,72,1,
2024|2101|1|0|95|1,2024|2101|4058|1|0|95|1,,2024,,2101,4058,1,0,95,1,
2024|2101|3|0|10|8,2024|2101|4058|3|0|10|8,,2024,,2101,4058,3,0,10,8,
2024|2101|3|0|95|1,2024|2101|4058|3|0|95|1,,2024,,2101,4058,3,0,95,1,
2024|2101|3|0|72|7,2024|2101|4058|3|0|72|7,,2024,,2101,4058,3,0,72,7,
2024|2101|3|0|72|3,2024|2101|4058|3|0|72|3,,2024,,2101,4058,3,0,72,3,
2024|2101|3|0|72|1,2024|2101|4058|3|0|72|1,,2024,,2101,4058,3,0,72,1,
2024|2101|3|0|95|7,2024|2101|4058|3|0|95|7,,2024,,2101,4058,3,0,95,7,
2024|2101|3|0|24|1,2024|2101|4058|3|0|24|1,,2024,,2101,4058,3,0,24,1,
2024|2101|3|0|91|1,2024|2101|4058|3|0|91|1,,2024,,2101,4058,3,0,91,1,
2024|2101|3|0|52|1,2024|2101|4058|3|0|52|1,,2024,,2101,4058,3,0,52,1,
2024|2101|4|0|91|1,2024|2101|4058|4|0|91|1,,2024,,2101,4058,4,0,91,1,
2024|2101|4|0|72|1,2024|2101|4058|4|0|72|1,,2024,,2101,4058,4,0,72,1,
2024|2101|4|0|10|8,2024|2101|4058|4|0|10|8,,2024,,2101,4058,4,0,10,8,
2024|2101|4|0|95|1,2024|2101|4058|4|0|95|1,,2024,,2101,4058,4,0,95,1,
2024|2101|1|0|72|1,2024|2101|4055|1|0|72|1,,2024,,2101,4055,1,0,72,1,
2024|2101|1|0|26|1,2024|2101|4055|1|0|26|1,,2024,,2101,4055,1,0,26,1,
2024|2101|3|0|72|7,2024|2101|4055|3|0|72|7,,2024,,2101,4055,3,0,72,7,
2024|2101|3|0|72|1,2024|2101|4055|3|0|72|1,,2024,,2101,4055,3,0,72,1,
2024|2101|1|0|72|1,2024|2101|4056|1|0|72|1,,2024,,2101,4056,1,0,72,1,
2024|2101|1|0|26|1,2024|2101|4056|1|0|26|1,,2024,,2101,4056,1,0,26,1,
2024|2101|1|0|95|1,2024|2101|4056|1|0|95|1,,2024,,2101,4056,1,0,95,1,
2024|2101|3|0|95|7,2024|2101|4056|3|0|95|7,,2024,,2101,4056,3,0,95,7,
2024|2101|3|0|72|7,2024|2101|4056|3|0|72|7,,2024,,2101,4056,3,0,72,7,
2024|2101|3|0|61|1,2024|2101|4056|3|0|61|1,,2024,,2101,4056,3,0,61,1,
2024|2101|4|0|61|1,2024|2101|4056|4|0|61|1,,2024,,2101,4056,4,0,61,1,
2024|2101|1|0|26|1,2024|2101|4059|1|0|26|1,,2024,,2101,4059,1,0,26,1,
2024|2101|1|0|72|1,2024|2101|4059|1|0|72|1,,2024,,2101,4059,1,0,72,1,
2024|2101|1|0|95|1,2024|2101|4059|1|0|95|1,,2024,,2101,4059,1,0,95,1,
2024|2101|3|0|15|1,2024|2101|4059|3|0|15|1,,2024,,2101,4059,3,0,15,1,
2024|2101|3|0|72|7,2024|2101|4059|3|0|72|7,,2024,,2101,4059,3,0,72,7,
2024|2101|3|0|95|7,2024|2101|4059|3|0|95|7,,2024,,2101,4059,3,0,95,7,
2024|2101|3|0|72|1,2024|2101|4059|3|0|72|1,,2024,,2101,4059,3,0,72,1,
2024|2101|3|0|61|1,2024|2101|4059|3|0|61|1,,2024,,2101,4059,3,0,61,1,
2024|2101|3|0|95|1,2024|2101|4059|3|0|95|1,,2024,,2101,4059,3,0,95,1,
2024|2101|4|0|10|8,2024|2101|4059|4|0|10|8,,2024,,2101,4059,4,0,10,8,
2024|2101|4|0|95|1,2024|2101|4059|4|0|95|1,,2024,,2101,4059,4,0,95,1,
2024|2101|4|0|72|1,2024|2101|4059|4|0|72|1,,2024,,2101,4059,4,0,72,1,
2024|2101|4|0|72|3,2024|2101|4059|4|0|72|3,,2024,,2101,4059,4,0,72,3,
2024|2101|4|0|52|1,2024|2101|4059|4|0|52|1,,2024,,2101,4059,4,0,52,1,
2024|2101|4|0|61|1,2024|2101|4059|4|0|61|1,,2024,,2101,4059,4,0,61,1,
2024|2101|4|0|24|1,2024|2101|4059|4|0|24|1,,2024,,2101,4059,4,0,24,1,
2024|2101|5|0|95|1,2024|2101|4059|5|0|95|1,,2024,,2101,4059,5,0,95,1,
2024|2101|3|0|72|1,2024|2101|4091|3|0|72|1,,2024,,2101,4091,3,0,72,1,
2024|2101|1|0|60|9,2024|2101|7004|1|0|60|9,,2024,,2101,7004,1,0,60,9,
2024|2101|3|0|60|9,2024|2101|7004|3|0|60|9,,2024,,2101,7004,3,0,60,9,
2024|2101|1|0|72|1,2024|2101|2500|1|0|72|1,,2024,,2101,2500,1,0,72,1,
2024|2101|1|0|26|1,2024|2101|2500|1|0|26|1,,2024,,2101,2500,1,0,26,1,
2024|2101|3|0|26|1,2024|2101|2500|3|0|26|1,,2024,,2101,2500,3,0,26,1,
2024|2101|3|0|52|1,2024|2101|2500|3|0|52|1,,2024,,2101,2500,3,0,52,1,
2024|2101|3|0|68|1,2024|2101|2500|3|0|68|1,,2024,,2101,2500,3,0,68,1,
2024|2101|3|0|72|1,2024|2101|2500|3|0|72|1,,2024,,2101,2500,3,0,72,1,
2024|2101|3|0|9|1,2024|2101|2500|3|0|9|1,,2024,,2101,2500,3,0,9,1,
2024|2101|3|0|69|1,2024|2101|2500|3|0|69|1,,2024,,2101,2500,3,0,69,1,
2024|2101|3|0|72|7,2024|2101|2500|3|0|72|7,,2024,,2101,2500,3,0,72,7,
2024|2101|4|0|72|1,2024|2101|2500|4|0|72|1,,2024,,2101,2500,4,0,72,1,
2024|2101|4|0|9|1,2024|2101|2500|4|0|9|1,,2024,,2101,2500,4,0,9,1,
2024|2121|1|0|10|1,2024|2121|4009|1|0|10|1,,2024,,2121,4009,1,0,10,1,
2024|2121|1|0|50|1,2024|2121|4009|1|0|50|1,,2024,,2121,4009,1,0,50,1,
2024|2121|3|0|50|7,2024|2121|4009|3|0|50|7,,2024,,2121,4009,3,0,50,7,
2024|2121|3|0|10|7,2024|2121|4009|3|0|10|7,,2024,,2121,4009,3,0,10,7,
2024|2121|3|0|49|1,2024|2121|4009|3|0|49|1,,2024,,2121,4009,3,0,49,1,
2024|2121|3|0|10|1,2024|2121|4009|3|0|10|1,,2024,,2121,4009,3,0,10,1,
2024|2121|1|0|10|1,2024|2121|4008|1|0|10|1,,2024,,2121,4008,1,0,10,1,
2024|2121|1|0|50|1,2024|2121|4008|1|0|50|1,,2024,,2121,4008,1,0,50,1,
2024|2121|1|0|57|2,2024|2121|4008|1|0|57|2,,2024,,2121,4008,1,0,57,2,
2024|2121|3|0|49|1,2024|2121|4008|3|0|49|1,,2024,,2121,4008,3,0,49,1,
2024|2121|3|0|50|1,2024|2121|4008|3|0|50|1,,2024,,2121,4008,3,0,50,1,
2024|2121|3|0|60|1,2024|2121|4008|3|0|60|1,,2024,,2121,4008,3,0,60,1,
2024|2121|3|0|10|7,2024|2121|4008|3|0|10|7,,2024,,2121,4008,3,0,10,7,
2024|2121|3|0|50|7,2024|2121|4008|3|0|50|7,,2024,,2121,4008,3,0,50,7,
2024|2121|3|0|10|1,2024|2121|4008|3|0|10|1,,2024,,2121,4008,3,0,10,1,
2024|2121|4|0|49|1,2024|2121|4008|4|0|49|1,,2024,,2121,4008,4,0,49,1,
2024|2121|4|0|10|1,2024|2121|4008|4|0|10|1,,2024,,2121,4008,4,0,10,1,
2024|2121|1|0|10|1,2024|2121|4011|1|0|10|1,,2024,,2121,4011,1,0,10,1,
2024|2121|1|0|50|1,2024|2121|4011|1|0|50|1,,2024,,2121,4011,1,0,50,1,
2024|2121|3|0|49|1,2024|2121|4011|3|0|49|1,,2024,,2121,4011,3,0,49,1,
2024|2121|3|0|50|7,2024|2121|4011|3|0|50|7,,2024,,2121,4011,3,0,50,7,
2024|2121|3|0|60|1,2024|2121|4011|3|0|60|1,,2024,,2121,4011,3,0,60,1,
2024|2121|3|0|10|7,2024|2121|4011|3|0|10|7,,2024,,2121,4011,3,0,10,7,
2024|2121|3|0|10|1,2024|2121|4011|3|0|10|1,,2024,,2121,4011,3,0,10,1,
2024|2121|1|0|10|1,2024|2121|4010|1|0|10|1,,2024,,2121,4010,1,0,10,1,
2024|2121|1|0|50|1,2024|2121|4010|1|0|50|1,,2024,,2121,4010,1,0,50,1,
2024|2121|3|0|50|7,2024|2121|4010|3|0|50|7,,2024,,2121,4010,3,0,50,7,
2024|2121|3|0|49|1,2024|2121|4010|3|0|49|1,,2024,,2121,4010,3,0,49,1,
2024|2121|3|0|60|1,2024|2121|4010|3|0|60|1,,2024,,2121,4010,3,0,60,1,
2024|2121|3|0|10|7,2024|2121|4010|3|0|10|7,,2024,,2121,4010,3,0,10,7,
2024|2121|3|0|10|1,2024|2121|4010|3|0|10|1,,2024,,2121,4010,3,0,10,1,
2024|2121|1|0|10|1,2024|2121|2018|1|0|10|1,,2024,,2121,2018,1,0,10,1,
2024|2121|1|0|50|1,2024|2121|2018|1|0|50|1,,2024,,2121,2018,1,0,50,1,
2024|2121|3|0|49|1,2024|2121|2018|3|0|49|1,,2024,,2121,2018,3,0,49,1,
2024|2121|3|0|60|1,2024|2121|2018|3|0|60|1,,2024,,2121,2018,3,0,60,1,
2024|2121|3|0|10|7,2024|2121|2018|3|0|10|7,,2024,,2121,2018,3,0,10,7,
2024|2121|3|0|50|7,2024|2121|2018|3|0|50|7,,2024,,2121,2018,3,0,50,7,
2024|2121|3|0|10|1,2024|2121|2018|3|0|10|1,,2024,,2121,2018,3,0,10,1,
2024|2121|4|0|60|1,2024|2121|2018|4|0|60|1,,2024,,2121,2018,4,0,60,1,
2024|2121|4|0|49|1,2024|2121|2018|4|0|49|1,,2024,,2121,2018,4,0,49,1,
2024|2121|4|0|10|1,2024|2121|2018|4|0|10|1,,2024,,2121,2018,4,0,10,1,
2024|2121|1|0|50|1,2024|2121|2017|1|0|50|1,,2024,,2121,2017,1,0,50,1,
2024|2121|1|0|10|1,2024|2121|2017|1|0|10|1,,2024,,2121,2017,1,0,10,1,
2024|2121|3|0|60|1,2024|2121|2017|3|0|60|1,,2024,,2121,2017,3,0,60,1,
2024|2121|3|0|49|1,2024|2121|2017|3|0|49|1,,2024,,2121,2017,3,0,49,1,
2024|2121|3|0|10|7,2024|2121|2017|3|0|10|7,,2024,,2121,2017,3,0,10,7,
2024|2121|3|0|50|7,2024|2121|2017|3|0|50|7,,2024,,2121,2017,3,0,50,7,
2024|2121|3|0|10|1,2024|2121|2017|3|0|10|1,,2024,,2121,2017,3,0,10,1,
2024|2121|4|0|60|1,2024|2121|2017|4|0|60|1,,2024,,2121,2017,4,0,60,1,
2024|2121|4|0|49|1,2024|2121|2017|4|0|49|1,,2024,,2121,2017,4,0,49,1,
2024|2121|4|0|10|1,2024|2121|2017|4|0|10|1,,2024,,2121,2017,4,0,10,1,
2024|2121|1|0|60|9,2024|2121|7004|1|0|60|9,,2024,,2121,7004,1,0,60,9,
2024|2121|3|0|60|9,2024|2121|7004|3|0|60|9,,2024,,2121,7004,3,0,60,9,
2024|2121|1|0|49|1,2024|2121|7002|1|0|49|1,,2024,,2121,7002,1,0,49,1,
2024|2121|1|0|10|1,2024|2121|7002|1|0|10|1,,2024,,2121,7002,1,0,10,1,
2024|2121|1|0|50|1,2024|2121|7002|1|0|50|1,,2024,,2121,7002,1,0,50,1,
2024|2121|1|0|78|1,2024|2121|7002|1|0|78|1,,2024,,2121,7002,1,0,78,1,
2024|2151|3|0|10|1,2024|2151|4232|3|0|10|1,,2024,,2151,4232,3,0,10,1,
2024|2151|3|0|10|1,2024|2151|4075|3|0|10|1,,2024,,2151,4075,3,0,10,1,
2024|2151|3|0|10|1,2024|2151|4077|3|0|10|1,,2024,,2151,4077,3,0,10,1,
2024|2151|4|0|10|1,2024|2151|4077|4|0|10|1,,2024,,2151,4077,4,0,10,1,
2024|2151|1|0|10|1,2024|2151|4080|1|0|10|1,,2024,,2151,4080,1,0,10,1,
2024|2151|3|0|10|1,2024|2151|4080|3|0|10|1,,2024,,2151,4080,3,0,10,1,
2024|2151|3|0|10|7,2024|2151|4080|3|0|10|7,,2024,,2151,4080,3,0,10,7,
2024|2151|3|0|10|1,2024|2151|4076|3|0|10|1,,2024,,2151,4076,3,0,10,1,
2024|2151|1|0|10|1,2024|2151|4078|1|0|10|1,,2024,,2151,4078,1,0,10,1,
2024|2151|3|0|10|1,2024|2151|4078|3|0|10|1,,2024,,2151,4078,3,0,10,1,
2024|2151|3|0|10|7,2024|2151|4078|3|0|10|7,,2024,,2151,4078,3,0,10,7,
2024|2151|4|0|10|1,2024|2151|4078|4|0|10|1,,2024,,2151,4078,4,0,10,1,
2024|2151|3|0|10|1,2024|2151|4092|3|0|10|1,,2024,,2151,4092,3,0,10,1,
2024|2151|1|0|10|1,2024|2151|2015|1|0|10|1,,2024,,2151,2015,1,0,10,1,
2024|2151|3|0|10|1,2024|2151|2015|3|0|10|1,,2024,,2151,2015,3,0,10,1,
2024|2151|3|0|10|7,2024|2151|2015|3|0|10|7,,2024,,2151,2015,3,0,10,7,
2024|2151|1|0|10|1,2024|2151|4093|1|0|10|1,,2024,,2151,4093,1,0,10,1,
2024|2151|3|0|10|1,2024|2151|4093|3|0|10|1,,2024,,2151,4093,3,0,10,1,
2024|2151|3|0|10|7,2024|2151|4093|3|0|10|7,,2024,,2151,4093,3,0,10,7,
2024|2151|4|0|10|1,2024|2151|1023|4|0|10|1,,2024,,2151,1023,4,0,10,1,
2024|2151|3|0|10|1,2024|2151|1024|3|0|10|1,,2024,,2151,1024,3,0,10,1,
2024|2151|1|0|10|1,2024|2151|4198|1|0|10|1,,2024,,2151,4198,1,0,10,1,
2024|2151|3|0|10|1,2024|2151|4198|3|0|10|1,,2024,,2151,4198,3,0,10,1,
2024|2151|3|0|10|7,2024|2151|4198|3|0|10|7,,2024,,2151,4198,3,0,10,7,
2024|2151|4|0|10|1,2024|2151|4198|4|0|10|1,,2024,,2151,4198,4,0,10,1,
2024|2151|1|0|10|1,2024|2151|4199|1|0|10|1,,2024,,2151,4199,1,0,10,1,
2024|2151|3|0|10|1,2024|2151|4199|3|0|10|1,,2024,,2151,4199,3,0,10,1,
2024|2151|3|0|10|7,2024|2151|4199|3|0|10|7,,2024,,2151,4199,3,0,10,7,
2024|2151|4|0|10|1,2024|2151|4199|4|0|10|1,,2024,,2151,4199,4,0,10,1,
2024|2151|1|0|10|1,2024|2151|4234|1|0|10|1,,2024,,2151,4234,1,0,10,1,
2024|2151|3|0|10|1,2024|2151|4234|3|0|10|1,,2024,,2151,4234,3,0,10,1,
2024|2151|3|0|10|7,2024|2151|4234|3|0|10|7,,2024,,2151,4234,3,0,10,7,
2024|2151|1|0|10|1,2024|2151|4233|1|0|10|1,,2024,,2151,4233,1,0,10,1,
2024|2151|3|0|10|1,2024|2151|4233|3|0|10|1,,2024,,2151,4233,3,0,10,1,
2024|2151|3|0|10|7,2024|2151|4233|3|0|10|7,,2024,,2151,4233,3,0,10,7,
2024|2151|3|0|10|1,2024|2151|2130|3|0|10|1,,2024,,2151,2130,3,0,10,1,
2024|2151|1|0|60|9,2024|2151|7004|1|0|60|9,,2024,,2151,7004,1,0,60,9,
2024|2151|3|0|60|9,2024|2151|7004|3|0|60|9,,2024,,2151,7004,3,0,60,9,
2024|2151|1|0|10|1,2024|2151|2500|1|0|10|1,,2024,,2151,2500,1,0,10,1,
2024|2151|3|0|10|1,2024|2151|2500|3|0|10|1,,2024,,2151,2500,3,0,10,1,
2024|2151|3|0|60|1,2024|2151|2500|3|0|60|1,,2024,,2151,2500,3,0,60,1,
2024|2151|3|0|10|7,2024|2151|2500|3|0|10|7,,2024,,2151,2500,3,0,10,7,
2024|2151|4|0|10|1,2024|2151|2500|4|0|10|1,,2024,,2151,2500,4,0,10,1,
2024|2151|4|0|47|1,2024|2151|2500|4|0|47|1,,2024,,2151,2500,4,0,47,1,
2024|2161|3|0|10|1,2024|2161|4282|3|0|10|1,,2024,,2161,4282,3,0,10,1,
2024|2161|3|0|10|1,2024|2161|4277|3|0|10|1,,2024,,2161,4277,3,0,10,1,
2024|2161|1|0|10|1,2024|2161|4285|1|0|10|1,,2024,,2161,4285,1,0,10,1,
2024|2161|3|0|10|1,2024|2161|4285|3|0|10|1,,2024,,2161,4285,3,0,10,1,
2024|2161|3|0|10|3,2024|2161|4285|3|0|10|3,,2024,,2161,4285,3,0,10,3,
2024|2161|3|0|10|7,2024|2161|4285|3|0|10|7,,2024,,2161,4285,3,0,10,7,
2024|2161|3|0|1|1,2024|2161|4285|3|0|1|1,,2024,,2161,4285,3,0,1,1,
2024|2161|3|0|24|1,2024|2161|4285|3|0|24|1,,2024,,2161,4285,3,0,24,1,
2024|2161|4|0|10|1,2024|2161|4285|4|0|10|1,,2024,,2161,4285,4,0,10,1,
2024|2161|4|0|1|1,2024|2161|4285|4|0|1|1,,2024,,2161,4285,4,0,1,1,
2024|2161|4|0|24|1,2024|2161|4285|4|0|24|1,,2024,,2161,4285,4,0,24,1,
2024|2161|3|0|10|1,2024|2161|4515|3|0|10|1,,2024,,2161,4515,3,0,10,1,
2024|2161|4|0|10|1,2024|2161|4515|4|0|10|1,,2024,,2161,4515,4,0,10,1,
2024|2161|1|0|10|1,2024|2161|4283|1|0|10|1,,2024,,2161,4283,1,0,10,1,
2024|2161|3|0|10|7,2024|2161|4283|3|0|10|7,,2024,,2161,4283,3,0,10,7,
2024|2161|3|0|10|1,2024|2161|4283|3|0|10|1,,2024,,2161,4283,3,0,10,1,
2024|2161|4|0|10|1,2024|2161|4283|4|0|10|1,,2024,,2161,4283,4,0,10,1,
2024|2161|1|0|10|9,2024|2161|7004|1|0|10|9,,2024,,2161,7004,1,0,10,9,
2024|2161|3|0|10|9,2024|2161|7004|3|0|10|9,,2024,,2161,7004,3,0,10,9,
2024|2161|1|0|10|1,2024|2161|2500|1|0|10|1,,2024,,2161,2500,1,0,10,1,
2024|2161|3|0|47|1,2024|2161|2500|3|0|47|1,,2024,,2161,2500,3,0,47,1,
2024|2161|3|0|10|1,2024|2161|2500|3|0|10|1,,2024,,2161,2500,3,0,10,1,
2024|2161|3|0|10|7,2024|2161|2500|3|0|10|7,,2024,,2161,2500,3,0,10,7,
2024|2171|1|0|10|1,2024|2171|1058|1|0|10|1,,2024,,2171,1058,1,0,10,1,
2024|2171|3|0|59|2,2024|2171|1058|3|0|59|2,,2024,,2171,1058,3,0,59,2,
2024|2171|3|0|60|1,2024|2171|1058|3|0|60|1,,2024,,2171,1058,3,0,60,1,
2024|2171|3|0|10|1,2024|2171|1058|3|0|10|1,,2024,,2171,1058,3,0,10,1,
2024|2171|3|0|10|7,2024|2171|1058|3|0|10|7,,2024,,2171,1058,3,0,10,7,
2024|2171|3|0|10|1,2024|2171|1061|3|0|10|1,,2024,,2171,1061,3,0,10,1,
2024|2171|1|0|10|1,2024|2171|1062|1|0|10|1,,2024,,2171,1062,1,0,10,1,
2024|2171|3|0|10|7,2024|2171|1062|3|0|10|7,,2024,,2171,1062,3,0,10,7,
2024|2171|3|0|45|1,2024|2171|1062|3|0|45|1,,2024,,2171,1062,3,0,45,1,
2024|2171|3|0|60|1,2024|2171|1062|3|0|60|1,,2024,,2171,1062,3,0,60,1,
2024|2171|3|0|10|1,2024|2171|1062|3|0|10|1,,2024,,2171,1062,3,0,10,1,
2024|2171|3|0|24|1,2024|2171|1062|3|0|24|1,,2024,,2171,1062,3,0,24,1,
2024|2171|4|0|60|1,2024|2171|1062|4|0|60|1,,2024,,2171,1062,4,0,60,1,
2024|2171|4|0|45|1,2024|2171|1062|4|0|45|1,,2024,,2171,1062,4,0,45,1,
2024|2171|4|0|24|1,2024|2171|1062|4|0|24|1,,2024,,2171,1062,4,0,24,1,
2024|2171|3|0|10|1,2024|2171|1067|3|0|10|1,,2024,,2171,1067,3,0,10,1,
2024|2171|1|0|10|1,2024|2171|1066|1|0|10|1,,2024,,2171,1066,1,0,10,1,
2024|2171|3|0|10|1,2024|2171|1066|3|0|10|1,,2024,,2171,1066,3,0,10,1,
2024|2171|3|0|60|1,2024|2171|1066|3|0|60|1,,2024,,2171,1066,3,0,60,1,
2024|2171|3|0|10|7,2024|2171|1066|3|0|10|7,,2024,,2171,1066,3,0,10,7,
2024|2171|1|0|10|9,2024|2171|7004|1|0|10|9,,2024,,2171,7004,1,0,10,9,
2024|2171|1|0|10|1,2024|2171|2500|1|0|10|1,,2024,,2171,2500,1,0,10,1,
2024|2171|3|0|60|1,2024|2171|2500|3|0|60|1,,2024,,2171,2500,3,0,60,1,
2024|2171|3|0|10|1,2024|2171|2500|3|0|10|1,,2024,,2171,2500,3,0,10,1,
2024|2171|3|0|10|7,2024|2171|2500|3|0|10|7,,2024,,2171,2500,3,0,10,7,
2024|2171|3|0|68|1,2024|2171|2500|3|0|68|1,,2024,,2171,2500,3,0,68,1,
2024|2171|4|0|68|1,2024|2171|2500|4|0|68|1,,2024,,2171,2500,4,0,68,1,
2024|2181|1|0|10|1,2024|2181|4423|1|0|10|1,,2024,,2181,4423,1,0,10,1,
2024|2181|3|0|10|7,2024|2181|4423|3|0|10|7,,2024,,2181,4423,3,0,10,7,
2024|2181|3|0|10|1,2024|2181|4423|3|0|10|1,,2024,,2181,4423,3,0,10,1,
2024|2181|1|0|10|1,2024|2181|4417|1|0|10|1,,2024,,2181,4417,1,0,10,1,
2024|2181|3|0|60|1,2024|2181|4417|3|0|60|1,,2024,,2181,4417,3,0,60,1,
2024|2181|3|0|59|2,2024|2181|4417|3|0|59|2,,2024,,2181,4417,3,0,59,2,
2024|2181|3|0|10|1,2024|2181|4417|3|0|10|1,,2024,,2181,4417,3,0,10,1,
2024|2181|3|0|10|7,2024|2181|4417|3|0|10|7,,2024,,2181,4417,3,0,10,7,
2024|2181|1|0|10|1,2024|2181|4421|1|0|10|1,,2024,,2181,4421,1,0,10,1,
2024|2181|3|0|10|1,2024|2181|4421|3|0|10|1,,2024,,2181,4421,3,0,10,1,
2024|2181|3|0|60|1,2024|2181|4421|3|0|60|1,,2024,,2181,4421,3,0,60,1,
2024|2181|3|0|10|7,2024|2181|4421|3|0|10|7,,2024,,2181,4421,3,0,10,7,
2024|2181|3|0|10|1,2024|2181|4422|3|0|10|1,,2024,,2181,4422,3,0,10,1,
2024|2181|1|0|10|1,2024|2181|4425|1|0|10|1,,2024,,2181,4425,1,0,10,1,
2024|2181|3|0|10|1,2024|2181|4425|3|0|10|1,,2024,,2181,4425,3,0,10,1,
2024|2181|3|0|60|1,2024|2181|4425|3|0|60|1,,2024,,2181,4425,3,0,60,1,
2024|2181|3|0|10|7,2024|2181|4425|3|0|10|7,,2024,,2181,4425,3,0,10,7,
2024|2181|1|0|10|9,2024|2181|7004|1|0|10|9,,2024,,2181,7004,1,0,10,9,
2024|2181|3|0|10|9,2024|2181|7004|3|0|10|9,,2024,,2181,7004,3,0,10,9,
2024|2181|1|0|10|1,2024|2181|2500|1|0|10|1,,2024,,2181,2500,1,0,10,1,
2024|2181|3|0|10|1,2024|2181|2500|3|0|10|1,,2024,,2181,2500,3,0,10,1,
2024|2181|3|0|60|1,2024|2181|2500|3|0|60|1,,2024,,2181,2500,3,0,60,1,
2024|2181|3|0|10|7,2024|2181|2500|3|0|10|7,,2024,,2181,2500,3,0,10,7,
2024|2181|4|0|10|1,2024|2181|2500|4|0|10|1,,2024,,2181,2500,4,0,10,1,
2024|2181|4|0|47|1,2024|2181|2500|4|0|47|1,,2024,,2181,2500,4,0,47,1,
2024|2201|1|0|10|1,2024|2201|4269|1|0|10|1,,2024,,2201,4269,1,0,10,1,
2024|2201|3|0|59|2,2024|2201|4269|3|0|59|2,,2024,,2201,4269,3,0,59,2,
2024|2201|3|0|10|1,2024|2201|4269|3|0|10|1,,2024,,2201,4269,3,0,10,1,
2024|2201|3|0|10|7,2024|2201|4269|3|0|10|7,,2024,,2201,4269,3,0,10,7,
2024|2201|4|0|59|2,2024|2201|4269|4|0|59|2,,2024,,2201,4269,4,0,59,2,
2024|2201|1|0|10|1,2024|2201|4267|1|0|10|1,,2024,,2201,4267,1,0,10,1,
2024|2201|3|0|59|2,2024|2201|4267|3|0|59|2,,2024,,2201,4267,3,0,59,2,
2024|2201|3|0|10|1,2024|2201|4267|3|0|10|1,,2024,,2201,4267,3,0,10,1,
2024|2201|3|0|10|7,2024|2201|4267|3|0|10|7,,2024,,2201,4267,3,0,10,7,
2024|2201|4|0|10|1,2024|2201|4267|4|0|10|1,,2024,,2201,4267,4,0,10,1,
2024|2201|1|0|10|1,2024|2201|4274|1|0|10|1,,2024,,2201,4274,1,0,10,1,
2024|2201|3|0|10|1,2024|2201|4274|3|0|10|1,,2024,,2201,4274,3,0,10,1,
2024|2201|3|0|10|7,2024|2201|4274|3|0|10|7,,2024,,2201,4274,3,0,10,7,
2024|2201|1|0|10|1,2024|2201|4271|1|0|10|1,,2024,,2201,4271,1,0,10,1,
2024|2201|3|0|10|1,2024|2201|4271|3|0|10|1,,2024,,2201,4271,3,0,10,1,
2024|2201|3|0|10|7,2024|2201|4271|3|0|10|7,,2024,,2201,4271,3,0,10,7,
2024|2201|1|0|10|1,2024|2201|4281|1|0|10|1,,2024,,2201,4281,1,0,10,1,
2024|2201|3|0|10|7,2024|2201|4281|3|0|10|7,,2024,,2201,4281,3,0,10,7,
2024|2201|3|0|10|1,2024|2201|4281|3|0|10|1,,2024,,2201,4281,3,0,10,1,
2024|2201|1|0|10|1,2024|2201|4276|1|0|10|1,,2024,,2201,4276,1,0,10,1,
2024|2201|3|0|10|1,2024|2201|4276|3|0|10|1,,2024,,2201,4276,3,0,10,1,
2024|2201|3|0|10|8,2024|2201|4276|3|0|10|8,,2024,,2201,4276,3,0,10,8,
2024|2201|3|0|10|7,2024|2201|4276|3|0|10|7,,2024,,2201,4276,3,0,10,7,
2024|2201|1|0|10|1,2024|2201|4278|1|0|10|1,,2024,,2201,4278,1,0,10,1,
2024|2201|3|0|10|1,2024|2201|4278|3|0|10|1,,2024,,2201,4278,3,0,10,1,
2024|2201|3|0|10|3,2024|2201|4278|3|0|10|3,,2024,,2201,4278,3,0,10,3,
2024|2201|3|0|10|8,2024|2201|4278|3|0|10|8,,2024,,2201,4278,3,0,10,8,
2024|2201|3|0|10|7,2024|2201|4278|3|0|10|7,,2024,,2201,4278,3,0,10,7,
2024|2201|3|0|1|1,2024|2201|4278|3|0|1|1,,2024,,2201,4278,3,0,1,1,
2024|2201|1|0|10|1,2024|2201|4279|1|0|10|1,,2024,,2201,4279,1,0,10,1,
2024|2201|3|0|10|1,2024|2201|4279|3|0|10|1,,2024,,2201,4279,3,0,10,1,
2024|2201|3|0|10|7,2024|2201|4279|3|0|10|7,,2024,,2201,4279,3,0,10,7,
2024|2201|3|0|45|1,2024|2201|4279|3|0|45|1,,2024,,2201,4279,3,0,45,1,
2024|2201|4|0|10|1,2024|2201|4279|4|0|10|1,,2024,,2201,4279,4,0,10,1,
2024|2201|4|0|10|8,2024|2201|4279|4|0|10|8,,2024,,2201,4279,4,0,10,8,
2024|2201|4|0|1|1,2024|2201|4279|4|0|1|1,,2024,,2201,4279,4,0,1,1,
2024|2201|4|0|45|1,2024|2201|4279|4|0|45|1,,2024,,2201,4279,4,0,45,1,
2024|2201|1|0|10|9,2024|2201|7004|1|0|10|9,,2024,,2201,7004,1,0,10,9,
2024|2201|1|0|95|1,2024|2201|2500|1|0|95|1,,2024,,2201,2500,1,0,95,1,
2024|2201|1|0|10|1,2024|2201|2500|1|0|10|1,,2024,,2201,2500,1,0,10,1,
2024|2201|3|0|9|1,2024|2201|2500|3|0|9|1,,2024,,2201,2500,3,0,9,1,
2024|2201|3|0|60|1,2024|2201|2500|3|0|60|1,,2024,,2201,2500,3,0,60,1,
2024|2201|3|0|10|1,2024|2201|2500|3|0|10|1,,2024,,2201,2500,3,0,10,1,
2024|2201|3|0|95|7,2024|2201|2500|3|0|95|7,,2024,,2201,2500,3,0,95,7,
2024|2201|3|0|10|7,2024|2201|2500|3|0|10|7,,2024,,2201,2500,3,0,10,7,
2024|2201|3|0|95|1,2024|2201|2500|3|0|95|1,,2024,,2201,2500,3,0,95,1,
2024|2201|4|0|60|3,2024|2201|2500|4|0|60|3,,2024,,2201,2500,4,0,60,3,
2024|2201|4|0|60|1,2024|2201|2500|4|0|60|1,,2024,,2201,2500,4,0,60,1,
2024|2201|4|0|9|1,2024|2201|2500|4|0|9|1,,2024,,2201,2500,4,0,9,1,
2024|2211|1|0|10|1,2024|2211|4298|1|0|10|1,,2024,,2211,4298,1,0,10,1,
2024|2211|3|0|60|2,2024|2211|4298|3|0|60|2,,2024,,2211,4298,3,0,60,2,
2024|2211|3|0|10|7,2024|2211|4298|3|0|10|7,,2024,,2211,4298,3,0,10,7,
2024|2211|3|0|10|1,2024|2211|4298|3|0|10|1,,2024,,2211,4298,3,0,10,1,
2024|2211|1|0|10|1,2024|2211|4299|1|0|10|1,,2024,,2211,4299,1,0,10,1,
2024|2211|3|0|10|1,2024|2211|4299|3|0|10|1,,2024,,2211,4299,3,0,10,1,
2024|2211|3|0|10|7,2024|2211|4299|3|0|10|7,,2024,,2211,4299,3,0,10,7,
2024|2211|1|0|10|1,2024|2211|4302|1|0|10|1,,2024,,2211,4302,1,0,10,1,
2024|2211|3|0|10|1,2024|2211|4302|3|0|10|1,,2024,,2211,4302,3,0,10,1,
2024|2211|3|0|10|7,2024|2211|4302|3|0|10|7,,2024,,2211,4302,3,0,10,7,
2024|2211|1|0|10|9,2024|2211|7004|1|0|10|9,,2024,,2211,7004,1,0,10,9,
2024|2211|3|0|10|9,2024|2211|7004|3|0|10|9,,2024,,2211,7004,3,0,10,9,
2024|2211|1|0|10|1,2024|2211|2500|1|0|10|1,,2024,,2211,2500,1,0,10,1,
2024|2211|3|0|60|1,2024|2211|2500|3|0|60|1,,2024,,2211,2500,3,0,60,1,
2024|2211|3|0|10|1,2024|2211|2500|3|0|10|1,,2024,,2211,2500,3,0,10,1,
2024|2211|3|0|10|7,2024|2211|2500|3|0|10|7,,2024,,2211,2500,3,0,10,7,
2024|2211|4|0|10|1,2024|2211|2500|4|0|10|1,,2024,,2211,2500,4,0,10,1,
2024|2241|3|0|72|1,2024|2241|4200|3|0|72|1,,2024,,2241,4200,3,0,72,1,
2024|2241|1|0|72|1,2024|2241|4192|1|0|72|1,,2024,,2241,4192,1,0,72,1,
2024|2241|1|0|60|1,2024|2241|4192|1|0|60|1,,2024,,2241,4192,1,0,60,1,
2024|2241|3|0|73|1,2024|2241|4192|3|0|73|1,,2024,,2241,4192,3,0,73,1,
2024|2241|3|0|72|7,2024|2241|4192|3|0|72|7,,2024,,2241,4192,3,0,72,7,
2024|2241|3|0|72|1,2024|2241|4192|3|0|72|1,,2024,,2241,4192,3,0,72,1,
2024|2241|4|0|72|1,2024|2241|4192|4|0|72|1,,2024,,2241,4192,4,0,72,1,
2024|2241|1|0|72|1,2024|2241|4187|1|0|72|1,,2024,,2241,4187,1,0,72,1,
2024|2241|1|0|95|1,2024|2241|4187|1|0|95|1,,2024,,2241,4187,1,0,95,1,
2024|2241|3|0|72|7,2024|2241|4187|3|0|72|7,,2024,,2241,4187,3,0,72,7,
2024|2241|3|0|72|1,2024|2241|4187|3|0|72|1,,2024,,2241,4187,3,0,72,1,
2024|2241|3|0|95|7,2024|2241|4187|3|0|95|7,,2024,,2241,4187,3,0,95,7,
2024|2241|1|0|72|1,2024|2241|4194|1|0|72|1,,2024,,2241,4194,1,0,72,1,
2024|2241|1|0|60|1,2024|2241|4194|1|0|60|1,,2024,,2241,4194,1,0,60,1,
2024|2241|3|0|72|7,2024|2241|4194|3|0|72|7,,2024,,2241,4194,3,0,72,7,
2024|2241|3|0|72|1,2024|2241|4194|3|0|72|1,,2024,,2241,4194,3,0,72,1,
2024|2241|3|0|73|1,2024|2241|4194|3|0|73|1,,2024,,2241,4194,3,0,73,1,
2024|2241|4|0|73|1,2024|2241|4194|4|0|73|1,,2024,,2241,4194,4,0,73,1,
2024|2241|1|0|72|1,2024|2241|4190|1|0|72|1,,2024,,2241,4190,1,0,72,1,
2024|2241|3|0|72|1,2024|2241|4190|3|0|72|1,,2024,,2241,4190,3,0,72,1,
2024|2241|3|0|72|7,2024|2241|4190|3|0|72|7,,2024,,2241,4190,3,0,72,7,
2024|2241|3|0|73|1,2024|2241|4190|3|0|73|1,,2024,,2241,4190,3,0,73,1,
2024|2241|3|1|31|3,2024|2241|4195|3|1|31|3,,2024,,2241,4195,3,1,31,3,
2024|2241|3|1|60|3,2024|2241|4195|3|1|60|3,,2024,,2241,4195,3,1,60,3,
2024|2241|3|1|72|3,2024|2241|4195|3|1|72|3,,2024,,2241,4195,3,1,72,3,
2024|2241|3|1|24|1,2024|2241|4195|3|1|24|1,,2024,,2241,4195,3,1,24,1,
2024|2241|1|0|72|1,2024|2241|4188|1|0|72|1,,2024,,2241,4188,1,0,72,1,
2024|2241|3|0|73|1,2024|2241|4188|3|0|73|1,,2024,,2241,4188,3,0,73,1,
2024|2241|3|0|72|7,2024|2241|4188|3|0|72|7,,2024,,2241,4188,3,0,72,7,
2024|2241|3|0|72|1,2024|2241|4188|3|0|72|1,,2024,,2241,4188,3,0,72,1,
2024|2241|3|0|95|1,2024|2241|4188|3|0|95|1,,2024,,2241,4188,3,0,95,1,
2024|2241|4|0|72|1,2024|2241|4188|4|0|72|1,,2024,,2241,4188,4,0,72,1,
2024|2241|4|0|73|1,2024|2241|4188|4|0|73|1,,2024,,2241,4188,4,0,73,1,
2024|2241|1|0|95|1,2024|2241|4191|1|0|95|1,,2024,,2241,4191,1,0,95,1,
2024|2241|1|0|72|1,2024|2241|4191|1|0|72|1,,2024,,2241,4191,1,0,72,1,
2024|2241|1|0|60|1,2024|2241|4191|1|0|60|1,,2024,,2241,4191,1,0,60,1,
2024|2241|3|0|73|1,2024|2241|4191|3|0|73|1,,2024,,2241,4191,3,0,73,1,
2024|2241|3|0|95|1,2024|2241|4191|3|0|95|1,,2024,,2241,4191,3,0,95,1,
2024|2241|3|0|72|7,2024|2241|4191|3|0|72|7,,2024,,2241,4191,3,0,72,7,
2024|2241|3|0|72|1,2024|2241|4191|3|0|72|1,,2024,,2241,4191,3,0,72,1,
2024|2241|3|0|95|7,2024|2241|4191|3|0|95|7,,2024,,2241,4191,3,0,95,7,
2024|2241|4|0|73|1,2024|2241|4191|4|0|73|1,,2024,,2241,4191,4,0,73,1,
2024|2241|1|0|72|1,2024|2241|4189|1|0|72|1,,2024,,2241,4189,1,0,72,1,
2024|2241|3|0|72|7,2024|2241|4189|3|0|72|7,,2024,,2241,4189,3,0,72,7,
2024|2241|3|0|72|1,2024|2241|4189|3|0|72|1,,2024,,2241,4189,3,0,72,1,
2024|2241|3|0|61|1,2024|2241|4189|3|0|61|1,,2024,,2241,4189,3,0,61,1,
2024|2241|1|0|91|9,2024|2241|7004|1|0|91|9,,2024,,2241,7004,1,0,91,9,
2024|2241|3|0|91|9,2024|2241|7004|3|0|91|9,,2024,,2241,7004,3,0,91,9,
2024|2241|1|0|72|1,2024|2241|2500|1|0|72|1,,2024,,2241,2500,1,0,72,1,
2024|2241|3|0|73|1,2024|2241|2500|3|0|73|1,,2024,,2241,2500,3,0,73,1,
2024|2241|3|0|72|1,2024|2241|2500|3|0|72|1,,2024,,2241,2500,3,0,72,1,
2024|2241|3|0|72|7,2024|2241|2500|3|0|72|7,,2024,,2241,2500,3,0,72,7,
2024|2241|4|0|73|1,2024|2241|2500|4|0|73|1,,2024,,2241,2500,4,0,73,1,
2024|2241|4|0|47|1,2024|2241|2500|4|0|47|1,,2024,,2241,2500,4,0,47,1,
2024|2251|1|0|60|1,2024|2251|4052|1|0|60|1,,2024,,2251,4052,1,0,60,1,
2024|2251|3|0|60|1,2024|2251|4052|3|0|60|1,,2024,,2251,4052,3,0,60,1,
2024|2251|3|0|60|7,2024|2251|4052|3|0|60|7,,2024,,2251,4052,3,0,60,7,
2024|2251|1|0|60|1,2024|2251|4051|1|0|60|1,,2024,,2251,4051,1,0,60,1,
2024|2251|3|0|60|1,2024|2251|4051|3|0|60|1,,2024,,2251,4051,3,0,60,1,
2024|2251|3|0|60|7,2024|2251|4051|3|0|60|7,,2024,,2251,4051,3,0,60,7,
2024|2251|4|0|60|1,2024|2251|4051|4|0|60|1,,2024,,2251,4051,4,0,60,1,
2024|2251|4|0|47|1,2024|2251|4051|4|0|47|1,,2024,,2251,4051,4,0,47,1,
2024|2251|1|0|60|9,2024|2251|7004|1|0|60|9,,2024,,2251,7004,1,0,60,9,
2024|2251|3|0|60|9,2024|2251|7004|3|0|60|9,,2024,,2251,7004,3,0,60,9,
2024|2251|1|0|60|1,2024|2251|2500|1|0|60|1,,2024,,2251,2500,1,0,60,1,
2024|2251|3|0|60|1,2024|2251|2500|3|0|60|1,,2024,,2251,2500,3,0,60,1,
2024|2251|3|0|60|7,2024|2251|2500|3|0|60|7,,2024,,2251,2500,3,0,60,7,
2024|2261|1|0|10|1,2024|2261|4455|1|0|10|1,,2024,,2261,4455,1,0,10,1,
2024|2261|3|0|10|7,2024|2261|4455|3|0|10|7,,2024,,2261,4455,3,0,10,7,
2024|2261|3|0|10|1,2024|2261|4455|3|0|10|1,,2024,,2261,4455,3,0,10,1,
2024|2261|4|0|10|1,2024|2261|4455|4|0|10|1,,2024,,2261,4455,4,0,10,1,
2024|2261|1|0|10|1,2024|2261|4456|1|0|10|1,,2024,,2261,4456,1,0,10,1,
2024|2261|3|0|10|7,2024|2261|4456|3|0|10|7,,2024,,2261,4456,3,0,10,7,
2024|2261|3|0|10|1,2024|2261|4456|3|0|10|1,,2024,,2261,4456,3,0,10,1,
2024|2261|3|0|24|1,2024|2261|4456|3|0|24|1,,2024,,2261,4456,3,0,24,1,
2024|2261|4|0|10|1,2024|2261|4456|4|0|10|1,,2024,,2261,4456,4,0,10,1,
2024|2261|4|0|24|1,2024|2261|4456|4|0|24|1,,2024,,2261,4456,4,0,24,1,
2024|2261|1|0|10|1,2024|2261|4457|1|0|10|1,,2024,,2261,4457,1,0,10,1,
2024|2261|3|0|10|1,2024|2261|4457|3|0|10|1,,2024,,2261,4457,3,0,10,1,
2024|2261|3|0|10|7,2024|2261|4457|3|0|10|7,,2024,,2261,4457,3,0,10,7,
2024|2261|4|0|10|1,2024|2261|4457|4|0|10|1,,2024,,2261,4457,4,0,10,1,
2024|2261|1|0|10|1,2024|2261|4460|1|0|10|1,,2024,,2261,4460,1,0,10,1,
2024|2261|3|0|10|7,2024|2261|4460|3|0|10|7,,2024,,2261,4460,3,0,10,7,
2024|2261|3|0|10|1,2024|2261|4460|3|0|10|1,,2024,,2261,4460,3,0,10,1,
2024|2261|4|0|10|1,2024|2261|4460|4|0|10|1,,2024,,2261,4460,4,0,10,1,
2024|2261|1|0|10|1,2024|2261|4459|1|0|10|1,,2024,,2261,4459,1,0,10,1,
2024|2261|3|0|10|7,2024|2261|4459|3|0|10|7,,2024,,2261,4459,3,0,10,7,
2024|2261|3|0|10|1,2024|2261|4459|3|0|10|1,,2024,,2261,4459,3,0,10,1,
2024|2261|4|0|10|1,2024|2261|4459|4|0|10|1,,2024,,2261,4459,4,0,10,1,
2024|2261|4|0|24|1,2024|2261|4459|4|0|24|1,,2024,,2261,4459,4,0,24,1,
2024|2261|1|0|60|9,2024|2261|7004|1|0|60|9,,2024,,2261,7004,1,0,60,9,
2024|2261|3|0|60|9,2024|2261|7004|3|0|60|9,,2024,,2261,7004,3,0,60,9,
2024|2261|1|0|57|2,2024|2261|2500|1|0|57|2,,2024,,2261,2500,1,0,57,2,
2024|2261|1|0|10|1,2024|2261|2500|1|0|10|1,,2024,,2261,2500,1,0,10,1,
2024|2261|3|0|10|1,2024|2261|2500|3|0|10|1,,2024,,2261,2500,3,0,10,1,
2024|2261|3|0|10|7,2024|2261|2500|3|0|10|7,,2024,,2261,2500,3,0,10,7,
2024|2261|4|0|10|1,2024|2261|2500|4|0|10|1,,2024,,2261,2500,4,0,10,1,
2024|2271|1|0|10|1,2024|2271|4029|1|0|10|1,,2024,,2271,4029,1,0,10,1,
2024|2271|1|0|57|2,2024|2271|4029|1|0|57|2,,2024,,2271,4029,1,0,57,2,
2024|2271|3|0|10|1,2024|2271|4029|3|0|10|1,,2024,,2271,4029,3,0,10,1,
2024|2271|3|0|10|7,2024|2271|4029|3|0|10|7,,2024,,2271,4029,3,0,10,7,
2024|2271|1|0|10|1,2024|2271|4032|1|0|10|1,,2024,,2271,4032,1,0,10,1,
2024|2271|1|0|57|2,2024|2271|4032|1|0|57|2,,2024,,2271,4032,1,0,57,2,
2024|2271|3|0|10|1,2024|2271|4032|3|0|10|1,,2024,,2271,4032,3,0,10,1,
2024|2271|3|0|10|7,2024|2271|4032|3|0|10|7,,2024,,2271,4032,3,0,10,7,
2024|2271|3|0|70|1,2024|2271|4032|3|0|70|1,,2024,,2271,4032,3,0,70,1,
2024|2271|4|0|10|1,2024|2271|4032|4|0|10|1,,2024,,2271,4032,4,0,10,1,
2024|2271|1|0|57|2,2024|2271|4034|1|0|57|2,,2024,,2271,4034,1,0,57,2,
2024|2271|1|0|10|1,2024|2271|4034|1|0|10|1,,2024,,2271,4034,1,0,10,1,
2024|2271|3|0|68|1,2024|2271|4034|3|0|68|1,,2024,,2271,4034,3,0,68,1,
2024|2271|3|0|10|8,2024|2271|4034|3|0|10|8,,2024,,2271,4034,3,0,10,8,
2024|2271|3|0|10|1,2024|2271|4034|3|0|10|1,,2024,,2271,4034,3,0,10,1,
2024|2271|3|0|70|1,2024|2271|4034|3|0|70|1,,2024,,2271,4034,3,0,70,1,
2024|2271|3|0|10|7,2024|2271|4034|3|0|10|7,,2024,,2271,4034,3,0,10,7,
2024|2271|4|0|10|1,2024|2271|4034|4|0|10|1,,2024,,2271,4034,4,0,10,1,
2024|2271|1|0|10|1,2024|2271|4030|1|0|10|1,,2024,,2271,4030,1,0,10,1,
2024|2271|1|0|57|2,2024|2271|4030|1|0|57|2,,2024,,2271,4030,1,0,57,2,
2024|2271|3|0|10|8,2024|2271|4030|3|0|10|8,,2024,,2271,4030,3,0,10,8,
2024|2271|3|0|10|1,2024|2271|4030|3|0|10|1,,2024,,2271,4030,3,0,10,1,
2024|2271|3|0|70|1,2024|2271|4030|3|0|70|1,,2024,,2271,4030,3,0,70,1,
2024|2271|3|0|10|7,2024|2271|4030|3|0|10|7,,2024,,2271,4030,3,0,10,7,
2024|2271|4|0|10|1,2024|2271|4030|4|0|10|1,,2024,,2271,4030,4,0,10,1,
2024|2271|1|0|10|1,2024|2271|4035|1|0|10|1,,2024,,2271,4035,1,0,10,1,
2024|2271|1|0|57|2,2024|2271|4035|1|0|57|2,,2024,,2271,4035,1,0,57,2,
2024|2271|3|0|10|8,2024|2271|4035|3|0|10|8,,2024,,2271,4035,3,0,10,8,
2024|2271|3|0|10|1,2024|2271|4035|3|0|10|1,,2024,,2271,4035,3,0,10,1,
2024|2271|3|0|70|1,2024|2271|4035|3|0|70|1,,2024,,2271,4035,3,0,70,1,
2024|2271|3|0|10|7,2024|2271|4035|3|0|10|7,,2024,,2271,4035,3,0,10,7,
2024|2271|4|0|10|8,2024|2271|4035|4|0|10|8,,2024,,2271,4035,4,0,10,8,
2024|2271|4|0|10|1,2024|2271|4035|4|0|10|1,,2024,,2271,4035,4,0,10,1,
2024|2271|4|0|70|1,2024|2271|4035|4|0|70|1,,2024,,2271,4035,4,0,70,1,
2024|2271|4|0|45|1,2024|2271|4035|4|0|45|1,,2024,,2271,4035,4,0,45,1,
2024|2271|4|0|95|1,2024|2271|4035|4|0|95|1,,2024,,2271,4035,4,0,95,1,
2024|2271|1|0|10|1,2024|2271|4031|1|0|10|1,,2024,,2271,4031,1,0,10,1,
2024|2271|1|0|57|2,2024|2271|4031|1|0|57|2,,2024,,2271,4031,1,0,57,2,
2024|2271|3|0|10|8,2024|2271|4031|3|0|10|8,,2024,,2271,4031,3,0,10,8,
2024|2271|3|0|1|1,2024|2271|4031|3|0|1|1,,2024,,2271,4031,3,0,1,1,
2024|2271|3|0|24|1,2024|2271|4031|3|0|24|1,,2024,,2271,4031,3,0,24,1,
2024|2271|3|0|10|1,2024|2271|4031|3|0|10|1,,2024,,2271,4031,3,0,10,1,
2024|2271|3|0|70|1,2024|2271|4031|3|0|70|1,,2024,,2271,4031,3,0,70,1,
2024|2271|3|0|10|7,2024|2271|4031|3|0|10|7,,2024,,2271,4031,3,0,10,7,
2024|2271|4|0|15|1,2024|2271|4031|4|0|15|1,,2024,,2271,4031,4,0,15,1,
2024|2271|4|0|10|1,2024|2271|4031|4|0|10|1,,2024,,2271,4031,4,0,10,1,
2024|2271|4|0|70|1,2024|2271|4031|4|0|70|1,,2024,,2271,4031,4,0,70,1,
2024|2271|4|0|10|8,2024|2271|4031|4|0|10|8,,2024,,2271,4031,4,0,10,8,
2024|2271|1|0|10|1,2024|2271|4036|1|0|10|1,,2024,,2271,4036,1,0,10,1,
2024|2271|1|0|57|2,2024|2271|4036|1|0|57|2,,2024,,2271,4036,1,0,57,2,
2024|2271|3|0|10|8,2024|2271|4036|3|0|10|8,,2024,,2271,4036,3,0,10,8,
2024|2271|3|0|10|1,2024|2271|4036|3|0|10|1,,2024,,2271,4036,3,0,10,1,
2024|2271|3|0|70|1,2024|2271|4036|3|0|70|1,,2024,,2271,4036,3,0,70,1,
2024|2271|3|0|10|7,2024|2271|4036|3|0|10|7,,2024,,2271,4036,3,0,10,7,
2024|2271|4|0|10|1,2024|2271|4036|4|0|10|1,,2024,,2271,4036,4,0,10,1,
2024|2271|4|0|70|1,2024|2271|4036|4|0|70|1,,2024,,2271,4036,4,0,70,1,
2024|2271|4|0|95|1,2024|2271|4036|4|0|95|1,,2024,,2271,4036,4,0,95,1,
2024|2271|1|0|60|9,2024|2271|7004|1|0|60|9,,2024,,2271,7004,1,0,60,9,
2024|2271|3|0|60|9,2024|2271|7004|3|0|60|9,,2024,,2271,7004,3,0,60,9,
2024|2271|4|0|60|9,2024|2271|7004|4|0|60|9,,2024,,2271,7004,4,0,60,9,
2024|2271|1|0|10|1,2024|2271|2500|1|0|10|1,,2024,,2271,2500,1,0,10,1,
2024|2271|1|0|57|2,2024|2271|2500|1|0|57|2,,2024,,2271,2500,1,0,57,2,
2024|2271|3|0|10|1,2024|2271|2500|3|0|10|1,,2024,,2271,2500,3,0,10,1,
2024|2271|3|0|10|7,2024|2271|2500|3|0|10|7,,2024,,2271,2500,3,0,10,7,
2024|2271|3|0|68|1,2024|2271|2500|3|0|68|1,,2024,,2271,2500,3,0,68,1,
2024|2271|4|0|10|1,2024|2271|2500|4|0|10|1,,2024,,2271,2500,4,0,10,1,
2024|2271|4|0|47|1,2024|2271|2500|4|0|47|1,,2024,,2271,2500,4,0,47,1,
2024|2281|1|0|10|1,2024|2281|4300|1|0|10|1,,2024,,2281,4300,1,0,10,1,
2024|2281|3|0|10|1,2024|2281|4300|3|0|10|1,,2024,,2281,4300,3,0,10,1,
2024|2281|3|0|36|1,2024|2281|4300|3|0|36|1,,2024,,2281,4300,3,0,36,1,
2024|2281|3|0|10|7,2024|2281|4300|3|0|10|7,,2024,,2281,4300,3,0,10,7,
2024|2281|4|0|10|1,2024|2281|4300|4|0|10|1,,2024,,2281,4300,4,0,10,1,
2024|2281|1|0|10|9,2024|2281|7004|1|0|10|9,,2024,,2281,7004,1,0,10,9,
2024|2281|3|0|10|9,2024|2281|7004|3|0|10|9,,2024,,2281,7004,3,0,10,9,
2024|2281|1|0|10|1,2024|2281|2500|1|0|10|1,,2024,,2281,2500,1,0,10,1,
2024|2281|3|0|10|1,2024|2281|2500|3|0|10|1,,2024,,2281,2500,3,0,10,1,
2024|2281|3|0|60|1,2024|2281|2500|3|0|60|1,,2024,,2281,2500,3,0,60,1,
2024|2281|3|0|10|7,2024|2281|2500|3|0|10|7,,2024,,2281,2500,3,0,10,7,
2024|2281|4|0|10|1,2024|2281|2500|4|0|10|1,,2024,,2281,2500,4,0,10,1,
2024|2281|4|0|47|1,2024|2281|2500|4|0|47|1,,2024,,2281,2500,4,0,47,1,
2024|2301|3|0|70|1,2024|2301|4280|3|0|70|1,,2024,,2301,4280,3,0,70,1,
2024|2301|3|0|10|1,2024|2301|4280|3|0|10|1,,2024,,2301,4280,3,0,10,1,
2024|2301|4|0|15|1,2024|2301|4280|4|0|15|1,,2024,,2301,4280,4,0,15,1,
2024|2301|4|0|83|2,2024|2301|4280|4|0|83|2,,2024,,2301,4280,4,0,83,2,
2024|2301|4|0|95|1,2024|2301|4288|4|0|95|1,,2024,,2301,4288,4,0,95,1,
2024|2301|3|0|10|1,2024|2301|4530|3|0|10|1,,2024,,2301,4530,3,0,10,1,
2024|2301|1|0|10|1,2024|2301|4284|1|0|10|1,,2024,,2301,4284,1,0,10,1,
2024|2301|3|0|91|1,2024|2301|4284|3|0|91|1,,2024,,2301,4284,3,0,91,1,
2024|2301|3|0|10|7,2024|2301|4284|3|0|10|7,,2024,,2301,4284,3,0,10,7,
2024|2301|3|0|10|1,2024|2301|4284|3|0|10|1,,2024,,2301,4284,3,0,10,1,
2024|2301|4|0|15|1,2024|2301|4284|4|0|15|1,,2024,,2301,4284,4,0,15,1,
2024|2301|4|0|83|2,2024|2301|4284|4|0|83|2,,2024,,2301,4284,4,0,83,2,
2024|2301|4|0|95|1,2024|2301|4287|4|0|95|1,,2024,,2301,4287,4,0,95,1,
2024|2301|3|0|91|1,2024|2301|4272|3|0|91|1,,2024,,2301,4272,3,0,91,1,
2024|2301|4|0|83|2,2024|2301|4272|4|0|83|2,,2024,,2301,4272,4,0,83,2,
2024|2301|4|0|69|1,2024|2301|4272|4|0|69|1,,2024,,2301,4272,4,0,69,1,
2024|2301|4|0|15|1,2024|2301|4272|4|0|15|1,,2024,,2301,4272,4,0,15,1,
2024|2301|1|0|10|1,2024|2301|4268|1|0|10|1,,2024,,2301,4268,1,0,10,1,
2024|2301|3|0|10|1,2024|2301|4268|3|0|10|1,,2024,,2301,4268,3,0,10,1,
2024|2301|3|0|10|7,2024|2301|4268|3|0|10|7,,2024,,2301,4268,3,0,10,7,
2024|2301|4|0|69|1,2024|2301|4268|4|0|69|1,,2024,,2301,4268,4,0,69,1,
2024|2301|4|0|54|2,2024|2301|4268|4|0|54|2,,2024,,2301,4268,4,0,54,2,
2024|2301|4|0|10|1,2024|2301|4268|4|0|10|1,,2024,,2301,4268,4,0,10,1,
2024|2301|4|0|33|1,2024|2301|4268|4|0|33|1,,2024,,2301,4268,4,0,33,1,
2024|2301|1|0|10|1,2024|2301|4275|1|0|10|1,,2024,,2301,4275,1,0,10,1,
2024|2301|3|0|70|1,2024|2301|4275|3|0|70|1,,2024,,2301,4275,3,0,70,1,
2024|2301|3|0|68|1,2024|2301|4275|3|0|68|1,,2024,,2301,4275,3,0,68,1,
2024|2301|3|0|91|1,2024|2301|4275|3|0|91|1,,2024,,2301,4275,3,0,91,1,
2024|2301|3|0|60|2,2024|2301|4275|3|0|60|2,,2024,,2301,4275,3,0,60,2,
2024|2301|3|0|10|1,2024|2301|4275|3|0|10|1,,2024,,2301,4275,3,0,10,1,
2024|2301|3|0|69|1,2024|2301|4275|3|0|69|1,,2024,,2301,4275,3,0,69,1,
2024|2301|3|0|10|7,2024|2301|4275|3|0|10|7,,2024,,2301,4275,3,0,10,7,
2024|2301|4|0|10|3,2024|2301|4275|4|0|10|3,,2024,,2301,4275,4,0,10,3,
2024|2301|4|0|97|1,2024|2301|4275|4|0|97|1,,2024,,2301,4275,4,0,97,1,
2024|2301|4|0|60|2,2024|2301|4275|4|0|60|2,,2024,,2301,4275,4,0,60,2,
2024|2301|4|0|15|1,2024|2301|4275|4|0|15|1,,2024,,2301,4275,4,0,15,1,
2024|2301|4|0|83|2,2024|2301|4275|4|0|83|2,,2024,,2301,4275,4,0,83,2,
2024|2301|4|0|10|8,2024|2301|4275|4|0|10|8,,2024,,2301,4275,4,0,10,8,
2024|2301|4|0|69|1,2024|2301|4275|4|0|69|1,,2024,,2301,4275,4,0,69,1,
2024|2301|4|0|74|1,2024|2301|4275|4|0|74|1,,2024,,2301,4275,4,0,74,1,
2024|2301|4|0|25|1,2024|2301|4275|4|0|25|1,,2024,,2301,4275,4,0,25,1,
2024|2301|4|0|68|1,2024|2301|4275|4|0|68|1,,2024,,2301,4275,4,0,68,1,
2024|2301|4|0|70|1,2024|2301|4275|4|0|70|1,,2024,,2301,4275,4,0,70,1,
2024|2301|4|0|95|1,2024|2301|4289|4|0|95|1,,2024,,2301,4289,4,0,95,1,
2024|2301|1|0|10|1,2024|2301|4385|1|0|10|1,,2024,,2301,4385,1,0,10,1,
2024|2301|3|0|10|7,2024|2301|4385|3|0|10|7,,2024,,2301,4385,3,0,10,7,
2024|2301|4|0|15|1,2024|2301|4385|4|0|15|1,,2024,,2301,4385,4,0,15,1,
2024|2301|4|0|25|1,2024|2301|4385|4|0|25|1,,2024,,2301,4385,4,0,25,1,
2024|2301|4|0|32|1,2024|2301|4385|4|0|32|1,,2024,,2301,4385,4,0,32,1,
2024|2301|4|0|10|1,2024|2301|4385|4|0|10|1,,2024,,2301,4385,4,0,10,1,
2024|2301|4|0|83|2,2024|2301|4385|4|0|83|2,,2024,,2301,4385,4,0,83,2,
2024|2301|1|0|10|1,2024|2301|4293|1|0|10|1,,2024,,2301,4293,1,0,10,1,
2024|2301|3|0|10|1,2024|2301|4293|3|0|10|1,,2024,,2301,4293,3,0,10,1,
2024|2301|3|0|10|7,2024|2301|4293|3|0|10|7,,2024,,2301,4293,3,0,10,7,
2024|2301|4|0|54|2,2024|2301|4293|4|0|54|2,,2024,,2301,4293,4,0,54,2,
2024|2301|4|0|15|1,2024|2301|4293|4|0|15|1,,2024,,2301,4293,4,0,15,1,
2024|2301|4|0|60|2,2024|2301|4293|4|0|60|2,,2024,,2301,4293,4,0,60,2,
2024|2301|4|0|32|1,2024|2301|4293|4|0|32|1,,2024,,2301,4293,4,0,32,1,
2024|2301|4|0|83|2,2024|2301|4293|4|0|83|2,,2024,,2301,4293,4,0,83,2,
2024|2301|4|0|51|1,2024|2301|4293|4|0|51|1,,2024,,2301,4293,4,0,51,1,
2024|2301|1|0|10|9,2024|2301|7004|1|0|10|9,,2024,,2301,7004,1,0,10,9,
2024|2301|3|0|10|9,2024|2301|7004|3|0|10|9,,2024,,2301,7004,3,0,10,9,
2024|2301|4|0|10|9,2024|2301|7004|4|0|10|9,,2024,,2301,7004,4,0,10,9,
2024|2301|1|0|10|1,2024|2301|2500|1|0|10|1,,2024,,2301,2500,1,0,10,1,
2024|2301|3|0|60|2,2024|2301|2500|3|0|60|2,,2024,,2301,2500,3,0,60,2,
2024|2301|3|0|60|1,2024|2301|2500|3|0|60|1,,2024,,2301,2500,3,0,60,1,
2024|2301|3|0|91|1,2024|2301|2500|3|0|91|1,,2024,,2301,2500,3,0,91,1,
2024|2301|3|0|10|7,2024|2301|2500|3|0|10|7,,2024,,2301,2500,3,0,10,7,
2024|2301|3|0|10|1,2024|2301|2500|3|0|10|1,,2024,,2301,2500,3,0,10,1,
2024|2301|4|0|15|1,2024|2301|2500|4|0|15|1,,2024,,2301,2500,4,0,15,1,
2024|2301|4|0|47|1,2024|2301|2500|4|0|47|1,,2024,,2301,2500,4,0,47,1,
2024|2311|3|0|60|3,2024|2311|4004|3|0|60|3,,2024,,2311,4004,3,0,60,3,
2024|2311|3|0|24|1,2024|2311|4004|3|0|24|1,,2024,,2311,4004,3,0,24,1,
2024|2311|3|0|10|8,2024|2311|4004|3|0|10|8,,2024,,2311,4004,3,0,10,8,
2024|2311|3|0|10|1,2024|2311|4004|3|0|10|1,,2024,,2311,4004,3,0,10,1,
2024|2311|3|0|10|3,2024|2311|4004|3|0|10|3,,2024,,2311,4004,3,0,10,3,
2024|2311|3|0|10|1,2024|2311|4002|3|0|10|1,,2024,,2311,4002,3,0,10,1,
2024|2311|3|0|15|1,2024|2311|4002|3|0|15|1,,2024,,2311,4002,3,0,15,1,
2024|2311|3|0|10|8,2024|2311|4002|3|0|10|8,,2024,,2311,4002,3,0,10,8,
2024|2311|3|0|1|1,2024|2311|4002|3|0|1|1,,2024,,2311,4002,3,0,1,1,
2024|2311|4|0|10|8,2024|2311|4002|4|0|10|8,,2024,,2311,4002,4,0,10,8,
2024|2311|4|0|15|1,2024|2311|4002|4|0|15|1,,2024,,2311,4002,4,0,15,1,
2024|2311|4|0|24|1,2024|2311|4002|4|0|24|1,,2024,,2311,4002,4,0,24,1,
2024|2311|3|0|10|1,2024|2311|4005|3|0|10|1,,2024,,2311,4005,3,0,10,1,
2024|2311|3|0|15|1,2024|2311|4005|3|0|15|1,,2024,,2311,4005,3,0,15,1,
2024|2311|3|0|10|8,2024|2311|4005|3|0|10|8,,2024,,2311,4005,3,0,10,8,
2024|2311|4|0|10|8,2024|2311|4005|4|0|10|8,,2024,,2311,4005,4,0,10,8,
2024|2311|3|0|60|1,2024|2311|4550|3|0|60|1,,2024,,2311,4550,3,0,60,1,
2024|2311|1|0|10|1,2024|2311|4006|1|0|10|1,,2024,,2311,4006,1,0,10,1,
2024|2311|3|0|10|1,2024|2311|4006|3|0|10|1,,2024,,2311,4006,3,0,10,1,
2024|2311|3|0|10|7,2024|2311|4006|3|0|10|7,,2024,,2311,4006,3,0,10,7,
2024|2311|3|0|36|1,2024|2311|4006|3|0|36|1,,2024,,2311,4006,3,0,36,1,
2024|2311|4|0|10|1,2024|2311|4006|4|0|10|1,,2024,,2311,4006,4,0,10,1,
2024|2311|4|0|10|3,2024|2311|4006|4|0|10|3,,2024,,2311,4006,4,0,10,3,
2024|2311|4|0|24|1,2024|2311|4006|4|0|24|1,,2024,,2311,4006,4,0,24,1,
2024|2311|1|0|10|1,2024|2311|4001|1|0|10|1,,2024,,2311,4001,1,0,10,1,
2024|2311|3|0|10|8,2024|2311|4001|3|0|10|8,,2024,,2311,4001,3,0,10,8,
2024|2311|3|0|24|1,2024|2311|4001|3|0|24|1,,2024,,2311,4001,3,0,24,1,
2024|2311|3|0|10|3,2024|2311|4001|3|0|10|3,,2024,,2311,4001,3,0,10,3,
2024|2311|3|0|10|1,2024|2311|4001|3|0|10|1,,2024,,2311,4001,3,0,10,1,
2024|2311|3|0|1|1,2024|2311|4001|3|0|1|1,,2024,,2311,4001,3,0,1,1,
2024|2311|3|0|10|7,2024|2311|4001|3|0|10|7,,2024,,2311,4001,3,0,10,7,
2024|2311|4|0|97|1,2024|2311|4001|4|0|97|1,,2024,,2311,4001,4,0,97,1,
2024|2311|4|0|10|1,2024|2311|4001|4|0|10|1,,2024,,2311,4001,4,0,10,1,
2024|2311|4|0|10|8,2024|2311|4001|4|0|10|8,,2024,,2311,4001,4,0,10,8,
2024|2311|1|0|60|1,2024|2311|4017|1|0|60|1,,2024,,2311,4017,1,0,60,1,
2024|2311|1|0|57|2,2024|2311|4017|1|0|57|2,,2024,,2311,4017,1,0,57,2,
2024|2311|1|0|10|1,2024|2311|4017|1|0|10|1,,2024,,2311,4017,1,0,10,1,
2024|2311|3|0|10|1,2024|2311|4017|3|0|10|1,,2024,,2311,4017,3,0,10,1,
2024|2311|3|0|10|7,2024|2311|4017|3|0|10|7,,2024,,2311,4017,3,0,10,7,
2024|2311|3|0|70|1,2024|2311|4017|3|0|70|1,,2024,,2311,4017,3,0,70,1,
2024|2311|4|0|1|1,2024|2311|4017|4|0|1|1,,2024,,2311,4017,4,0,1,1,
2024|2311|4|0|70|1,2024|2311|4017|4|0|70|1,,2024,,2311,4017,4,0,70,1,
2024|2311|1|0|60|9,2024|2311|7004|1|0|60|9,,2024,,2311,7004,1,0,60,9,
2024|2311|3|0|60|9,2024|2311|7004|3|0|60|9,,2024,,2311,7004,3,0,60,9,
2024|2311|1|0|10|1,2024|2311|2500|1|0|10|1,,2024,,2311,2500,1,0,10,1,
2024|2311|3|0|10|8,2024|2311|2500|3|0|10|8,,2024,,2311,2500,3,0,10,8,
2024|2311|3|0|10|1,2024|2311|2500|3|0|10|1,,2024,,2311,2500,3,0,10,1,
2024|2311|3|0|10|7,2024|2311|2500|3|0|10|7,,2024,,2311,2500,3,0,10,7,
2024|2321|1|0|57|2,2024|2321|4237|1|0|57|2,,2024,,2321,4237,1,0,57,2,
2024|2321|1|0|10|1,2024|2321|4237|1|0|10|1,,2024,,2321,4237,1,0,10,1,
2024|2321|3|0|10|1,2024|2321|4237|3|0|10|1,,2024,,2321,4237,3,0,10,1,
2024|2321|3|0|10|7,2024|2321|4237|3|0|10|7,,2024,,2321,4237,3,0,10,7,
2024|2321|4|0|10|1,2024|2321|4237|4|0|10|1,,2024,,2321,4237,4,0,10,1,
2024|2321|1|0|10|1,2024|2321|4222|1|0|10|1,,2024,,2321,4222,1,0,10,1,
2024|2321|3|0|10|1,2024|2321|4222|3|0|10|1,,2024,,2321,4222,3,0,10,1,
2024|2321|3|0|10|7,2024|2321|4222|3|0|10|7,,2024,,2321,4222,3,0,10,7,
2024|2321|3|0|24|1,2024|2321|4222|3|0|24|1,,2024,,2321,4222,3,0,24,1,
2024|2321|4|0|10|1,2024|2321|4222|4|0|10|1,,2024,,2321,4222,4,0,10,1,
2024|2321|4|0|10|8,2024|2321|4222|4|0|10|8,,2024,,2321,4222,4,0,10,8,
2024|2321|4|0|10|3,2024|2321|4222|4|0|10|3,,2024,,2321,4222,4,0,10,3,
2024|2321|4|0|47|1,2024|2321|4222|4|0|47|1,,2024,,2321,4222,4,0,47,1,
2024|2321|4|0|24|1,2024|2321|4222|4|0|24|1,,2024,,2321,4222,4,0,24,1,
2024|2321|1|0|57|2,2024|2321|4212|1|0|57|2,,2024,,2321,4212,1,0,57,2,
2024|2321|1|0|10|1,2024|2321|4212|1|0|10|1,,2024,,2321,4212,1,0,10,1,
2024|2321|3|0|24|1,2024|2321|4212|3|0|24|1,,2024,,2321,4212,3,0,24,1,
2024|2321|3|0|10|8,2024|2321|4212|3|0|10|8,,2024,,2321,4212,3,0,10,8,
2024|2321|3|0|10|1,2024|2321|4212|3|0|10|1,,2024,,2321,4212,3,0,10,1,
2024|2321|3|0|70|1,2024|2321|4212|3|0|70|1,,2024,,2321,4212,3,0,70,1,
2024|2321|3|0|10|7,2024|2321|4212|3|0|10|7,,2024,,2321,4212,3,0,10,7,
2024|2321|1|0|60|9,2024|2321|7004|1|0|60|9,,2024,,2321,7004,1,0,60,9,
2024|2321|3|0|60|9,2024|2321|7004|3|0|60|9,,2024,,2321,7004,3,0,60,9,
2024|2331|1|0|10|1,2024|2331|4026|1|0|10|1,,2024,,2331,4026,1,0,10,1,
2024|2331|1|0|73|1,2024|2331|4026|1|0|73|1,,2024,,2331,4026,1,0,73,1,
2024|2331|3|0|73|1,2024|2331|4026|3|0|73|1,,2024,,2331,4026,3,0,73,1,
2024|2331|3|0|73|7,2024|2331|4026|3|0|73|7,,2024,,2331,4026,3,0,73,7,
2024|2331|4|0|73|1,2024|2331|4026|4|0|73|1,,2024,,2331,4026,4,0,73,1,
2024|2331|1|0|10|1,2024|2331|4024|1|0|10|1,,2024,,2331,4024,1,0,10,1,
2024|2331|1|0|73|1,2024|2331|4024|1|0|73|1,,2024,,2331,4024,1,0,73,1,
2024|2331|3|0|73|7,2024|2331|4024|3|0|73|7,,2024,,2331,4024,3,0,73,7,
2024|2331|3|0|73|1,2024|2331|4024|3|0|73|1,,2024,,2331,4024,3,0,73,1,
2024|2331|4|0|73|1,2024|2331|4024|4|0|73|1,,2024,,2331,4024,4,0,73,1,
2024|2331|1|0|73|9,2024|2331|7004|1|0|73|9,,2024,,2331,7004,1,0,73,9,
2024|2331|1|0|10|1,2024|2331|2500|1|0|10|1,,2024,,2331,2500,1,0,10,1,
2024|2331|1|0|73|1,2024|2331|2500|1|0|73|1,,2024,,2331,2500,1,0,73,1,
2024|2331|3|0|73|7,2024|2331|2500|3|0|73|7,,2024,,2331,2500,3,0,73,7,
2024|2331|3|0|73|1,2024|2331|2500|3|0|73|1,,2024,,2331,2500,3,0,73,1,
2024|2331|4|0|73|1,2024|2331|2500|4|0|73|1,,2024,,2331,2500,4,0,73,1,
2024|2351|3|0|10|1,2024|2351|1018|3|0|10|1,,2024,,2351,1018,3,0,10,1,
2024|2351|3|0|10|1,2024|2351|4088|3|0|10|1,,2024,,2351,4088,3,0,10,1,
2024|2351|3|0|10|8,2024|2351|4089|3|0|10|8,,2024,,2351,4089,3,0,10,8,
2024|2351|3|0|10|1,2024|2351|4089|3|0|10|1,,2024,,2351,4089,3,0,10,1,
2024|2351|3|0|10|3,2024|2351|4089|3|0|10|3,,2024,,2351,4089,3,0,10,3,
2024|2351|3|0|1|1,2024|2351|4089|3|0|1|1,,2024,,2351,4089,3,0,1,1,
2024|2351|4|0|10|8,2024|2351|4089|4|0|10|8,,2024,,2351,4089,4,0,10,8,
2024|2351|4|0|15|1,2024|2351|4089|4|0|15|1,,2024,,2351,4089,4,0,15,1,
2024|2351|4|0|10|3,2024|2351|4089|4|0|10|3,,2024,,2351,4089,4,0,10,3,
2024|2351|4|0|1|1,2024|2351|4089|4|0|1|1,,2024,,2351,4089,4,0,1,1,
2024|2351|3|0|10|1,2024|2351|4087|3|0|10|1,,2024,,2351,4087,3,0,10,1,
2024|2351|3|0|10|1,2024|2351|4090|3|0|10|1,,2024,,2351,4090,3,0,10,1,
2024|2351|3|0|10|8,2024|2351|4090|3|0|10|8,,2024,,2351,4090,3,0,10,8,
2024|2351|4|0|10|8,2024|2351|4090|4|0|10|8,,2024,,2351,4090,4,0,10,8,
2024|2351|1|0|10|1,2024|2351|4086|1|0|10|1,,2024,,2351,4086,1,0,10,1,
2024|2351|3|0|15|1,2024|2351|4086|3|0|15|1,,2024,,2351,4086,3,0,15,1,
2024|2351|3|0|10|8,2024|2351|4086|3|0|10|8,,2024,,2351,4086,3,0,10,8,
2024|2351|3|0|10|7,2024|2351|4086|3|0|10|7,,2024,,2351,4086,3,0,10,7,
2024|2351|3|0|10|3,2024|2351|4086|3|0|10|3,,2024,,2351,4086,3,0,10,3,
2024|2351|3|0|97|1,2024|2351|4086|3|0|97|1,,2024,,2351,4086,3,0,97,1,
2024|2351|3|0|10|1,2024|2351|4086|3|0|10|1,,2024,,2351,4086,3,0,10,1,
2024|2351|3|0|24|1,2024|2351|4086|3|0|24|1,,2024,,2351,4086,3,0,24,1,
2024|2351|4|0|1|1,2024|2351|4086|4|0|1|1,,2024,,2351,4086,4,0,1,1,
2024|2351|4|0|10|3,2024|2351|4086|4|0|10|3,,2024,,2351,4086,4,0,10,3,
2024|2351|4|0|10|1,2024|2351|4086|4|0|10|1,,2024,,2351,4086,4,0,10,1,
2024|2351|4|0|15|1,2024|2351|4086|4|0|15|1,,2024,,2351,4086,4,0,15,1,
2024|2351|4|0|24|1,2024|2351|4086|4|0|24|1,,2024,,2351,4086,4,0,24,1,
2024|2351|4|0|10|8,2024|2351|4086|4|0|10|8,,2024,,2351,4086,4,0,10,8,
2024|2351|4|0|97|1,2024|2351|4086|4|0|97|1,,2024,,2351,4086,4,0,97,1,
2024|2351|4|0|60|1,2024|2351|4086|4|0|60|1,,2024,,2351,4086,4,0,60,1,
2024|2351|1|0|10|9,2024|2351|7004|1|0|10|9,,2024,,2351,7004,1,0,10,9,
2024|2351|3|0|10|9,2024|2351|7004|3|0|10|9,,2024,,2351,7004,3,0,10,9,
2024|2351|3|0|10|1,2024|2351|2500|3|0|10|1,,2024,,2351,2500,3,0,10,1,
2024|2361|3|0|60|1,2024|2361|7208|3|0|60|1,,2024,,2361,7208,3,0,60,1,
2024|2361|3|0|60|9,2024|2361|7004|3|0|60|9,,2024,,2361,7004,3,0,60,9,
2024|2361|1|0|60|1,2024|2361|2009|1|0|60|1,,2024,,2361,2009,1,0,60,1,
2024|2361|3|0|60|1,2024|2361|2009|3|0|60|1,,2024,,2361,2009,3,0,60,1,
2024|2361|4|0|60|1,2024|2361|2009|4|0|60|1,,2024,,2361,2009,4,0,60,1,
2024|2361|3|0|60|1,2024|2361|2113|3|0|60|1,,2024,,2361,2113,3,0,60,1,
2024|2361|4|0|60|1,2024|2361|2114|4|0|60|1,,2024,,2361,2114,4,0,60,1,
2024|2361|5|0|60|1,2024|2361|2114|5|0|60|1,,2024,,2361,2114,5,0,60,1,
2024|2371|1|0|10|1,2024|2371|4238|1|0|10|1,,2024,,2371,4238,1,0,10,1,
2024|2371|1|0|95|1,2024|2371|4238|1|0|95|1,,2024,,2371,4238,1,0,95,1,
2024|2371|3|0|10|7,2024|2371|4238|3|0|10|7,,2024,,2371,4238,3,0,10,7,
2024|2371|3|0|95|7,2024|2371|4238|3|0|95|7,,2024,,2371,4238,3,0,95,7,
2024|2371|3|0|95|1,2024|2371|4238|3|0|95|1,,2024,,2371,4238,3,0,95,1,
2024|2371|3|0|95|1,2024|2371|4252|3|0|95|1,,2024,,2371,4252,3,0,95,1,
2024|2371|1|0|60|1,2024|2371|4203|1|0|60|1,,2024,,2371,4203,1,0,60,1,
2024|2371|1|0|91|1,2024|2371|4203|1|0|91|1,,2024,,2371,4203,1,0,91,1,
2024|2371|1|0|10|1,2024|2371|4203|1|0|10|1,,2024,,2371,4203,1,0,10,1,
2024|2371|3|0|91|1,2024|2371|4203|3|0|91|1,,2024,,2371,4203,3,0,91,1,
2024|2371|3|0|10|7,2024|2371|4203|3|0|10|7,,2024,,2371,4203,3,0,10,7,
2024|2371|3|1|95|1,2024|2371|4228|3|1|95|1,,2024,,2371,4228,3,1,95,1,
2024|2371|4|1|95|1,2024|2371|4228|4|1|95|1,,2024,,2371,4228,4,1,95,1,
2024|2371|1|0|60|1,2024|2371|4206|1|0|60|1,,2024,,2371,4206,1,0,60,1,
2024|2371|1|0|91|1,2024|2371|4206|1|0|91|1,,2024,,2371,4206,1,0,91,1,
2024|2371|1|0|10|1,2024|2371|4206|1|0|10|1,,2024,,2371,4206,1,0,10,1,
2024|2371|3|0|91|1,2024|2371|4206|3|0|91|1,,2024,,2371,4206,3,0,91,1,
2024|2371|3|0|10|7,2024|2371|4206|3|0|10|7,,2024,,2371,4206,3,0,10,7,
2024|2371|1|0|91|1,2024|2371|4202|1|0|91|1,,2024,,2371,4202,1,0,91,1,
2024|2371|1|0|60|1,2024|2371|4202|1|0|60|1,,2024,,2371,4202,1,0,60,1,
2024|2371|1|0|10|1,2024|2371|4202|1|0|10|1,,2024,,2371,4202,1,0,10,1,
2024|2371|3|0|91|1,2024|2371|4202|3|0|91|1,,2024,,2371,4202,3,0,91,1,
2024|2371|3|0|91|3,2024|2371|4202|3|0|91|3,,2024,,2371,4202,3,0,91,3,
2024|2371|3|0|24|1,2024|2371|4202|3|0|24|1,,2024,,2371,4202,3,0,24,1,
2024|2371|3|0|15|1,2024|2371|4202|3|0|15|1,,2024,,2371,4202,3,0,15,1,
2024|2371|3|0|1|1,2024|2371|4202|3|0|1|1,,2024,,2371,4202,3,0,1,1,
2024|2371|3|0|10|7,2024|2371|4202|3|0|10|7,,2024,,2371,4202,3,0,10,7,
2024|2371|4|0|24|1,2024|2371|4202|4|0|24|1,,2024,,2371,4202,4,0,24,1,
2024|2371|1|0|60|1,2024|2371|4318|1|0|60|1,,2024,,2371,4318,1,0,60,1,
2024|2371|1|0|91|1,2024|2371|4318|1|0|91|1,,2024,,2371,4318,1,0,91,1,
2024|2371|1|0|10|1,2024|2371|4318|1|0|10|1,,2024,,2371,4318,1,0,10,1,
2024|2371|3|0|91|1,2024|2371|4318|3|0|91|1,,2024,,2371,4318,3,0,91,1,
2024|2371|3|0|10|7,2024|2371|4318|3|0|10|7,,2024,,2371,4318,3,0,10,7,
2024|2371|1|0|60|1,2024|2371|4317|1|0|60|1,,2024,,2371,4317,1,0,60,1,
2024|2371|1|0|91|1,2024|2371|4317|1|0|91|1,,2024,,2371,4317,1,0,91,1,
2024|2371|1|0|10|1,2024|2371|4317|1|0|10|1,,2024,,2371,4317,1,0,10,1,
2024|2371|3|0|91|1,2024|2371|4317|3|0|91|1,,2024,,2371,4317,3,0,91,1,
2024|2371|3|0|60|1,2024|2371|4317|3|0|60|1,,2024,,2371,4317,3,0,60,1,
2024|2371|3|0|10|7,2024|2371|4317|3|0|10|7,,2024,,2371,4317,3,0,10,7,
2024|2371|1|0|60|1,2024|2371|4319|1|0|60|1,,2024,,2371,4319,1,0,60,1,
2024|2371|1|0|91|1,2024|2371|4319|1|0|91|1,,2024,,2371,4319,1,0,91,1,
2024|2371|1|0|10|1,2024|2371|4319|1|0|10|1,,2024,,2371,4319,1,0,10,1,
2024|2371|3|0|91|1,2024|2371|4319|3|0|91|1,,2024,,2371,4319,3,0,91,1,
2024|2371|3|0|10|7,2024|2371|4319|3|0|10|7,,2024,,2371,4319,3,0,10,7,
2024|2371|1|0|60|1,2024|2371|4498|1|0|60|1,,2024,,2371,4498,1,0,60,1,
2024|2371|1|0|91|1,2024|2371|4498|1|0|91|1,,2024,,2371,4498,1,0,91,1,
2024|2371|1|0|10|1,2024|2371|4498|1|0|10|1,,2024,,2371,4498,1,0,10,1,
2024|2371|3|0|91|1,2024|2371|4498|3|0|91|1,,2024,,2371,4498,3,0,91,1,
2024|2371|3|0|10|7,2024|2371|4498|3|0|10|7,,2024,,2371,4498,3,0,10,7,
2024|2371|1|0|60|1,2024|2371|4440|1|0|60|1,,2024,,2371,4440,1,0,60,1,
2024|2371|1|0|91|1,2024|2371|4440|1|0|91|1,,2024,,2371,4440,1,0,91,1,
2024|2371|1|0|10|1,2024|2371|4440|1|0|10|1,,2024,,2371,4440,1,0,10,1,
2024|2371|3|0|91|1,2024|2371|4440|3|0|91|1,,2024,,2371,4440,3,0,91,1,
2024|2371|3|0|24|1,2024|2371|4440|3|0|24|1,,2024,,2371,4440,3,0,24,1,
2024|2371|3|0|10|7,2024|2371|4440|3|0|10|7,,2024,,2371,4440,3,0,10,7,
2024|2371|4|0|24|1,2024|2371|4440|4|0|24|1,,2024,,2371,4440,4,0,24,1,
2024|2371|1|0|60|1,2024|2371|4439|1|0|60|1,,2024,,2371,4439,1,0,60,1,
2024|2371|1|0|91|1,2024|2371|4439|1|0|91|1,,2024,,2371,4439,1,0,91,1,
2024|2371|1|0|10|1,2024|2371|4439|1|0|10|1,,2024,,2371,4439,1,0,10,1,
2024|2371|3|0|10|7,2024|2371|4439|3|0|10|7,,2024,,2371,4439,3,0,10,7,
2024|2371|3|0|91|1,2024|2371|4439|3|0|91|1,,2024,,2371,4439,3,0,91,1,
2024|2371|1|0|91|9,2024|2371|7004|1|0|91|9,,2024,,2371,7004,1,0,91,9,
2024|2371|1|0|60|9,2024|2371|7004|1|0|60|9,,2024,,2371,7004,1,0,60,9,
2024|2371|3|0|91|9,2024|2371|7004|3|0|91|9,,2024,,2371,7004,3,0,91,9,
2024|2371|3|0|60|9,2024|2371|7004|3|0|60|9,,2024,,2371,7004,3,0,60,9,
2024|2371|1|0|60|1,2024|2371|2500|1|0|60|1,,2024,,2371,2500,1,0,60,1,
2024|2371|1|0|91|1,2024|2371|2500|1|0|91|1,,2024,,2371,2500,1,0,91,1,
2024|2371|1|0|10|1,2024|2371|2500|1|0|10|1,,2024,,2371,2500,1,0,10,1,
2024|2371|3|0|60|1,2024|2371|2500|3|0|60|1,,2024,,2371,2500,3,0,60,1,
2024|2371|3|0|91|1,2024|2371|2500|3|0|91|1,,2024,,2371,2500,3,0,91,1,
2024|2371|3|0|10|1,2024|2371|2500|3|0|10|1,,2024,,2371,2500,3,0,10,1,
2024|2371|3|0|10|7,2024|2371|2500|3|0|10|7,,2024,,2371,2500,3,0,10,7,
2024|2371|4|0|91|1,2024|2371|2500|4|0|91|1,,2024,,2371,2500,4,0,91,1,
2024|2371|4|0|47|1,2024|2371|2500|4|0|47|1,,2024,,2371,2500,4,0,47,1,
2024|2421|3|0|10|1,2024|2421|1027|3|0|10|1,,2024,,2421,1027,3,0,10,1,
2024|2421|3|0|71|1,2024|2421|1027|3|0|71|1,,2024,,2421,1027,3,0,71,1,
2024|2421|3|0|10|1,2024|2421|1026|3|0|10|1,,2024,,2421,1026,3,0,10,1,
2024|2421|3|0|71|1,2024|2421|1026|3|0|71|1,,2024,,2421,1026,3,0,71,1,
2024|2421|4|0|10|8,2024|2421|1026|4|0|10|8,,2024,,2421,1026,4,0,10,8,
2024|2421|1|0|10|1,2024|2421|1028|1|0|10|1,,2024,,2421,1028,1,0,10,1,
2024|2421|1|0|71|1,2024|2421|1028|1|0|71|1,,2024,,2421,1028,1,0,71,1,
2024|2421|3|0|10|7,2024|2421|1028|3|0|10|7,,2024,,2421,1028,3,0,10,7,
2024|2421|3|0|10|1,2024|2421|1028|3|0|10|1,,2024,,2421,1028,3,0,10,1,
2024|2421|3|0|10|8,2024|2421|1028|3|0|10|8,,2024,,2421,1028,3,0,10,8,
2024|2421|3|0|71|7,2024|2421|1028|3|0|71|7,,2024,,2421,1028,3,0,71,7,
2024|2421|3|0|71|1,2024|2421|1028|3|0|71|1,,2024,,2421,1028,3,0,71,1,
2024|2421|4|0|10|8,2024|2421|1028|4|0|10|8,,2024,,2421,1028,4,0,10,8,
2024|2421|3|0|10|3,2024|2421|1095|3|0|10|3,,2024,,2421,1095,3,0,10,3,
2024|2421|3|0|24|1,2024|2421|1095|3|0|24|1,,2024,,2421,1095,3,0,24,1,
2024|2421|4|0|24|1,2024|2421|1095|4|0|24|1,,2024,,2421,1095,4,0,24,1,
2024|2421|3|0|10|1,2024|2421|1025|3|0|10|1,,2024,,2421,1025,3,0,10,1,
2024|2421|3|0|10|8,2024|2421|1025|3|0|10|8,,2024,,2421,1025,3,0,10,8,
2024|2421|3|0|15|1,2024|2421|1025|3|0|15|1,,2024,,2421,1025,3,0,15,1,
2024|2421|3|0|71|1,2024|2421|1025|3|0|71|1,,2024,,2421,1025,3,0,71,1,
2024|2421|3|0|1|1,2024|2421|1025|3|0|1|1,,2024,,2421,1025,3,0,1,1,
2024|2421|3|0|10|1,2024|2421|4323|3|0|10|1,,2024,,2421,4323,3,0,10,1,
2024|2421|3|0|71|1,2024|2421|4323|3|0|71|1,,2024,,2421,4323,3,0,71,1,
2024|2421|4|0|71|1,2024|2421|4323|4|0|71|1,,2024,,2421,4323,4,0,71,1,
2024|2421|1|0|10|1,2024|2421|4325|1|0|10|1,,2024,,2421,4325,1,0,10,1,
2024|2421|1|0|71|1,2024|2421|4325|1|0|71|1,,2024,,2421,4325,1,0,71,1,
2024|2421|3|0|10|7,2024|2421|4325|3|0|10|7,,2024,,2421,4325,3,0,10,7,
2024|2421|3|0|10|1,2024|2421|4325|3|0|10|1,,2024,,2421,4325,3,0,10,1,
2024|2421|3|0|10|3,2024|2421|4325|3|0|10|3,,2024,,2421,4325,3,0,10,3,
2024|2421|3|0|24|1,2024|2421|4325|3|0|24|1,,2024,,2421,4325,3,0,24,1,
2024|2421|3|0|36|1,2024|2421|4325|3|0|36|1,,2024,,2421,4325,3,0,36,1,
2024|2421|3|0|71|7,2024|2421|4325|3|0|71|7,,2024,,2421,4325,3,0,71,7,
2024|2421|3|0|71|1,2024|2421|4325|3|0|71|1,,2024,,2421,4325,3,0,71,1,
2024|2421|4|0|10|8,2024|2421|4325|4|0|10|8,,2024,,2421,4325,4,0,10,8,
2024|2421|1|0|10|1,2024|2421|4516|1|0|10|1,,2024,,2421,4516,1,0,10,1,
2024|2421|1|0|71|1,2024|2421|4516|1|0|71|1,,2024,,2421,4516,1,0,71,1,
2024|2421|3|0|10|7,2024|2421|4516|3|0|10|7,,2024,,2421,4516,3,0,10,7,
2024|2421|3|0|71|7,2024|2421|4516|3|0|71|7,,2024,,2421,4516,3,0,71,7,
2024|2421|4|0|1|1,2024|2421|4516|4|0|1|1,,2024,,2421,4516,4,0,1,1,
2024|2421|3|0|10|1,2024|2421|4320|3|0|10|1,,2024,,2421,4320,3,0,10,1,
2024|2421|3|0|10|3,2024|2421|4320|3|0|10|3,,2024,,2421,4320,3,0,10,3,
2024|2421|3|0|71|3,2024|2421|4320|3|0|71|3,,2024,,2421,4320,3,0,71,3,
2024|2421|3|0|71|1,2024|2421|4320|3|0|71|1,,2024,,2421,4320,3,0,71,1,
2024|2421|3|0|24|1,2024|2421|4320|3|0|24|1,,2024,,2421,4320,3,0,24,1,
2024|2421|1|0|10|9,2024|2421|7004|1|0|10|9,,2024,,2421,7004,1,0,10,9,
2024|2421|3|0|10|9,2024|2421|7004|3|0|10|9,,2024,,2421,7004,3,0,10,9,
2024|2421|1|0|10|1,2024|2421|2500|1|0|10|1,,2024,,2421,2500,1,0,10,1,
2024|2421|1|0|71|1,2024|2421|2500|1|0|71|1,,2024,,2421,2500,1,0,71,1,
2024|2421|3|0|10|7,2024|2421|2500|3|0|10|7,,2024,,2421,2500,3,0,10,7,
2024|2421|3|0|10|1,2024|2421|2500|3|0|10|1,,2024,,2421,2500,3,0,10,1,
2024|2421|3|0|71|7,2024|2421|2500|3|0|71|7,,2024,,2421,2500,3,0,71,7,
2024|2421|3|0|71|1,2024|2421|2500|3|0|71|1,,2024,,2421,2500,3,0,71,1,
2024|2431|1|0|10|1,2024|2431|4446|1|0|10|1,,2024,,2431,4446,1,0,10,1,
2024|2431|3|0|10|7,2024|2431|4446|3|0|10|7,,2024,,2431,4446,3,0,10,7,
2024|2431|3|0|60|1,2024|2431|4446|3|0|60|1,,2024,,2431,4446,3,0,60,1,
2024|2431|1|0|10|1,2024|2431|4447|1|0|10|1,,2024,,2431,4447,1,0,10,1,
2024|2431|3|0|10|1,2024|2431|4447|3|0|10|1,,2024,,2431,4447,3,0,10,1,
2024|2431|3|0|10|7,2024|2431|4447|3|0|10|7,,2024,,2431,4447,3,0,10,7,
2024|2431|3|0|95|1,2024|2431|4447|3|0|95|1,,2024,,2431,4447,3,0,95,1,
2024|2431|1|0|10|9,2024|2431|7004|1|0|10|9,,2024,,2431,7004,1,0,10,9,
2024|2431|1|0|10|1,2024|2431|2500|1|0|10|1,,2024,,2431,2500,1,0,10,1,
2024|2431|3|0|10|1,2024|2431|2500|3|0|10|1,,2024,,2431,2500,3,0,10,1,
2024|2431|3|0|60|1,2024|2431|2500|3|0|60|1,,2024,,2431,2500,3,0,60,1,
2024|2431|3|0|10|7,2024|2431|2500|3|0|10|7,,2024,,2431,2500,3,0,10,7,
2024|2441|4|0|95|1,2024|2441|4469|4|0|95|1,,2024,,2441,4469,4,0,95,1,
2024|2441|1|0|59|1,2024|2441|4015|1|0|59|1,,2024,,2441,4015,1,0,59,1,
2024|2441|3|0|59|7,2024|2441|4015|3|0|59|7,,2024,,2441,4015,3,0,59,7,
2024|2441|3|0|59|1,2024|2441|4015|3|0|59|1,,2024,,2441,4015,3,0,59,1,
2024|2441|1|0|59|1,2024|2441|4013|1|0|59|1,,2024,,2441,4013,1,0,59,1,
2024|2441|3|0|59|1,2024|2441|4013|3|0|59|1,,2024,,2441,4013,3,0,59,1,
2024|2441|3|0|59|7,2024|2441|4013|3|0|59|7,,2024,,2441,4013,3,0,59,7,
2024|2441|1|0|59|1,2024|2441|4014|1|0|59|1,,2024,,2441,4014,1,0,59,1,
2024|2441|3|0|59|1,2024|2441|4014|3|0|59|1,,2024,,2441,4014,3,0,59,1,
2024|2441|3|0|59|7,2024|2441|4014|3|0|59|7,,2024,,2441,4014,3,0,59,7,
2024|2441|4|0|59|1,2024|2441|4014|4|0|59|1,,2024,,2441,4014,4,0,59,1,
2024|2441|1|0|59|9,2024|2441|7004|1|0|59|9,,2024,,2441,7004,1,0,59,9,
2024|2441|1|0|59|1,2024|2441|2500|1|0|59|1,,2024,,2441,2500,1,0,59,1,
2024|2441|3|0|59|7,2024|2441|2500|3|0|59|7,,2024,,2441,2500,3,0,59,7,
2024|2441|3|0|59|1,2024|2441|2500|3|0|59|1,,2024,,2441,2500,3,0,59,1,
2024|2461|1|0|10|1,2024|2461|4286|1|0|10|1,,2024,,2461,4286,1,0,10,1,
2024|2461|3|0|10|7,2024|2461|4286|3|0|10|7,,2024,,2461,4286,3,0,10,7,
2024|2461|3|0|10|1,2024|2461|4286|3|0|10|1,,2024,,2461,4286,3,0,10,1,
2024|2461|1|0|10|1,2024|2461|4273|1|0|10|1,,2024,,2461,4273,1,0,10,1,
2024|2461|3|0|10|1,2024|2461|4273|3|0|10|1,,2024,,2461,4273,3,0,10,1,
2024|2461|3|0|10|7,2024|2461|4273|3|0|10|7,,2024,,2461,4273,3,0,10,7,
2024|2461|3|0|60|1,2024|2461|4273|3|0|60|1,,2024,,2461,4273,3,0,60,1,
2024|2461|4|0|10|1,2024|2461|4273|4|0|10|1,,2024,,2461,4273,4,0,10,1,
2024|2461|1|1|10|1,2024|2461|4528|1|1|10|1,,2024,,2461,4528,1,1,10,1,
2024|2461|3|1|10|7,2024|2461|4528|3|1|10|7,,2024,,2461,4528,3,1,10,7,
2024|2461|3|1|32|1,2024|2461|4528|3|1|32|1,,2024,,2461,4528,3,1,32,1,
2024|2461|4|1|32|1,2024|2461|4528|4|1|32|1,,2024,,2461,4528,4,1,32,1,
2024|2461|1|0|10|9,2024|2461|7004|1|0|10|9,,2024,,2461,7004,1,0,10,9,
2024|2461|1|0|10|1,2024|2461|2500|1|0|10|1,,2024,,2461,2500,1,0,10,1,
2024|2461|3|0|10|1,2024|2461|2500|3|0|10|1,,2024,,2461,2500,3,0,10,1,
2024|2461|3|0|10|7,2024|2461|2500|3|0|10|7,,2024,,2461,2500,3,0,10,7,
2024|3041|1|0|67|1,2024|3041|4235|1|0|67|1,,2024,,3041,4235,1,0,67,1,
2024|3041|1|0|60|1,2024|3041|4235|1|0|60|1,,2024,,3041,4235,1,0,60,1,
2024|3041|1|0|60|9,2024|3041|4235|1|0|60|9,,2024,,3041,4235,1,0,60,9,
2024|3041|1|0|10|1,2024|3041|4235|1|0|10|1,,2024,,3041,4235,1,0,10,1,
2024|3041|3|0|10|1,2024|3041|4235|3|0|10|1,,2024,,3041,4235,3,0,10,1,
2024|3041|3|0|60|1,2024|3041|4235|3|0|60|1,,2024,,3041,4235,3,0,60,1,
2024|3041|3|0|60|3,2024|3041|4235|3|0|60|3,,2024,,3041,4235,3,0,60,3,
2024|3041|3|0|2|1,2024|3041|4235|3|0|2|1,,2024,,3041,4235,3,0,2,1,
2024|3041|3|0|24|1,2024|3041|4235|3|0|24|1,,2024,,3041,4235,3,0,24,1,
2024|3041|3|0|1|1,2024|3041|4235|3|0|1|1,,2024,,3041,4235,3,0,1,1,
2024|3041|3|0|67|1,2024|3041|4235|3|0|67|1,,2024,,3041,4235,3,0,67,1,
2024|3041|4|0|10|1,2024|3041|4235|4|0|10|1,,2024,,3041,4235,4,0,10,1,
2024|3041|4|0|60|1,2024|3041|4235|4|0|60|1,,2024,,3041,4235,4,0,60,1,
2024|3041|4|0|10|8,2024|3041|4235|4|0|10|8,,2024,,3041,4235,4,0,10,8,
2024|3041|4|0|60|3,2024|3041|4235|4|0|60|3,,2024,,3041,4235,4,0,60,3,
2024|3041|4|0|1|1,2024|3041|4235|4|0|1|1,,2024,,3041,4235,4,0,1,1,
2024|3041|4|0|24|1,2024|3041|4235|4|0|24|1,,2024,,3041,4235,4,0,24,1,
2024|3041|4|0|97|1,2024|3041|4235|4|0|97|1,,2024,,3041,4235,4,0,97,1,
2024|3041|3|0|67|1,2024|3041|1034|3|0|67|1,,2024,,3041,1034,3,0,67,1,
2024|3041|4|0|60|1,2024|3041|1034|4|0|60|1,,2024,,3041,1034,4,0,60,1,
2024|3041|3|0|15|1,2024|3041|4236|3|0|15|1,,2024,,3041,4236,3,0,15,1,
2024|3041|3|0|10|8,2024|3041|4236|3|0|10|8,,2024,,3041,4236,3,0,10,8,
2024|3041|3|0|67|1,2024|3041|4236|3|0|67|1,,2024,,3041,4236,3,0,67,1,
2024|3041|4|0|60|1,2024|3041|4236|4|0|60|1,,2024,,3041,4236,4,0,60,1,
2024|3041|4|0|15|1,2024|3041|4236|4|0|15|1,,2024,,3041,4236,4,0,15,1,
2024|3041|4|0|10|8,2024|3041|4236|4|0|10|8,,2024,,3041,4236,4,0,10,8,
2024|3041|3|0|67|1,2024|3041|1044|3|0|67|1,,2024,,3041,1044,3,0,67,1,
2024|3041|3|0|71|1,2024|3041|1045|3|0|71|1,,2024,,3041,1045,3,0,71,1,
2024|3041|3|0|67|1,2024|3041|1045|3|0|67|1,,2024,,3041,1045,3,0,67,1,
2024|3041|1|0|60|9,2024|3041|7004|1|0|60|9,,2024,,3041,7004,1,0,60,9,
2024|3041|1|0|67|1,2024|3041|2500|1|0|67|1,,2024,,3041,2500,1,0,67,1,
2024|3041|1|0|10|1,2024|3041|2500|1|0|10|1,,2024,,3041,2500,1,0,10,1,
2024|3041|1|0|60|1,2024|3041|2500|1|0|60|1,,2024,,3041,2500,1,0,60,1,
2024|3041|3|0|67|1,2024|3041|2500|3|0|67|1,,2024,,3041,2500,3,0,67,1,
2024|3051|3|0|10|1,2024|3051|4370|3|0|10|1,,2024,,3051,4370,3,0,10,1,
2024|3051|3|0|10|1,2024|3051|4371|3|0|10|1,,2024,,3051,4371,3,0,10,1,
2024|3051|1|0|10|1,2024|3051|4016|1|0|10|1,,2024,,3051,4016,1,0,10,1,
2024|3051|3|0|60|1,2024|3051|4016|3|0|60|1,,2024,,3051,4016,3,0,60,1,
2024|3051|3|0|10|1,2024|3051|4016|3|0|10|1,,2024,,3051,4016,3,0,10,1,
2024|3051|4|0|10|1,2024|3051|4016|4|0|10|1,,2024,,3051,4016,4,0,10,1,
2024|3051|1|0|10|1,2024|3051|4023|1|0|10|1,,2024,,3051,4023,1,0,10,1,
2024|3051|3|0|60|1,2024|3051|4023|3|0|60|1,,2024,,3051,4023,3,0,60,1,
2024|3051|1|0|10|1,2024|3051|4020|1|0|10|1,,2024,,3051,4020,1,0,10,1,
2024|3051|3|0|60|1,2024|3051|4020|3|0|60|1,,2024,,3051,4020,3,0,60,1,
2024|3051|1|0|10|1,2024|3051|4021|1|0|10|1,,2024,,3051,4021,1,0,10,1,
2024|3051|3|0|60|1,2024|3051|4021|3|0|60|1,,2024,,3051,4021,3,0,60,1,
2024|3051|1|0|10|1,2024|3051|4022|1|0|10|1,,2024,,3051,4022,1,0,10,1,
2024|3051|3|0|60|1,2024|3051|4022|3|0|60|1,,2024,,3051,4022,3,0,60,1,
2024|3051|1|0|10|1,2024|3051|4019|1|0|10|1,,2024,,3051,4019,1,0,10,1,
2024|3051|3|0|60|1,2024|3051|4019|3|0|60|1,,2024,,3051,4019,3,0,60,1,
2024|3051|1|0|10|1,2024|3051|4018|1|0|10|1,,2024,,3051,4018,1,0,10,1,
2024|3051|3|0|10|8,2024|3051|4018|3|0|10|8,,2024,,3051,4018,3,0,10,8,
2024|3051|3|0|10|3,2024|3051|4018|3|0|10|3,,2024,,3051,4018,3,0,10,3,
2024|3051|3|0|10|1,2024|3051|4018|3|0|10|1,,2024,,3051,4018,3,0,10,1,
2024|3051|3|0|60|1,2024|3051|4018|3|0|60|1,,2024,,3051,4018,3,0,60,1,
2024|3051|3|0|60|3,2024|3051|4018|3|0|60|3,,2024,,3051,4018,3,0,60,3,
2024|3051|3|0|1|1,2024|3051|4018|3|0|1|1,,2024,,3051,4018,3,0,1,1,
2024|3051|3|0|70|1,2024|3051|4018|3|0|70|1,,2024,,3051,4018,3,0,70,1,
2024|3051|3|0|59|1,2024|3051|4018|3|0|59|1,,2024,,3051,4018,3,0,59,1,
2024|3051|3|0|24|1,2024|3051|4018|3|0|24|1,,2024,,3051,4018,3,0,24,1,
2024|3051|4|0|97|1,2024|3051|4018|4|0|97|1,,2024,,3051,4018,4,0,97,1,
2024|3051|4|0|10|8,2024|3051|4018|4|0|10|8,,2024,,3051,4018,4,0,10,8,
2024|3051|4|0|10|3,2024|3051|4018|4|0|10|3,,2024,,3051,4018,4,0,10,3,
2024|3051|4|0|15|1,2024|3051|4018|4|0|15|1,,2024,,3051,4018,4,0,15,1,
2024|3051|4|0|60|1,2024|3051|4018|4|0|60|1,,2024,,3051,4018,4,0,60,1,
2024|3051|4|0|70|1,2024|3051|4018|4|0|70|1,,2024,,3051,4018,4,0,70,1,
2024|3051|4|0|59|1,2024|3051|4018|4|0|59|1,,2024,,3051,4018,4,0,59,1,
2024|3051|4|0|47|1,2024|3051|4018|4|0|47|1,,2024,,3051,4018,4,0,47,1,
2024|3051|4|0|1|1,2024|3051|4018|4|0|1|1,,2024,,3051,4018,4,0,1,1,
2024|3051|4|0|24|1,2024|3051|4018|4|0|24|1,,2024,,3051,4018,4,0,24,1,
2024|3051|1|0|10|9,2024|3051|7004|1|0|10|9,,2024,,3051,7004,1,0,10,9,
2024|3051|3|0|10|9,2024|3051|7004|3|0|10|9,,2024,,3051,7004,3,0,10,9,
2024|3051|1|0|10|1,2024|3051|2500|1|0|10|1,,2024,,3051,2500,1,0,10,1,
2024|3051|3|0|60|1,2024|3051|2500|3|0|60|1,,2024,,3051,2500,3,0,60,1,
2024|3051|3|0|10|1,2024|3051|2500|3|0|10|1,,2024,,3051,2500,3,0,10,1,
2024|3151|3|0|10|1,2024|3151|4333|3|0|10|1,,2024,,3151,4333,3,0,10,1,
2024|3151|1|0|10|1,2024|3151|4295|1|0|10|1,,2024,,3151,4295,1,0,10,1,
2024|3151|3|0|10|1,2024|3151|4295|3|0|10|1,,2024,,3151,4295,3,0,10,1,
2024|3151|3|0|10|1,2024|3151|4296|3|0|10|1,,2024,,3151,4296,3,0,10,1,
2024|3151|1|0|10|1,2024|3151|4294|1|0|10|1,,2024,,3151,4294,1,0,10,1,
2024|3151|3|0|60|1,2024|3151|4294|3|0|60|1,,2024,,3151,4294,3,0,60,1,
2024|3151|3|0|10|1,2024|3151|4294|3|0|10|1,,2024,,3151,4294,3,0,10,1,
2024|3151|4|0|10|1,2024|3151|4294|4|0|10|1,,2024,,3151,4294,4,0,10,1,
2024|3151|3|0|60|1,2024|3151|4297|3|0|60|1,,2024,,3151,4297,3,0,60,1,
2024|3151|3|0|10|1,2024|3151|4297|3|0|10|1,,2024,,3151,4297,3,0,10,1,
2024|3151|1|0|10|1,2024|3151|4315|1|0|10|1,,2024,,3151,4315,1,0,10,1,
2024|3151|3|0|60|1,2024|3151|4315|3|0|60|1,,2024,,3151,4315,3,0,60,1,
2024|3151|3|0|10|1,2024|3151|4315|3|0|10|1,,2024,,3151,4315,3,0,10,1,
2024|3151|4|0|10|1,2024|3151|4315|4|0|10|1,,2024,,3151,4315,4,0,10,1,
2024|3151|3|0|10|1,2024|3151|2052|3|0|10|1,,2024,,3151,2052,3,0,10,1,
2024|3151|1|0|10|1,2024|3151|4316|1|0|10|1,,2024,,3151,4316,1,0,10,1,
2024|3151|3|0|60|1,2024|3151|4316|3|0|60|1,,2024,,3151,4316,3,0,60,1,
2024|3151|3|0|10|1,2024|3151|4316|3|0|10|1,,2024,,3151,4316,3,0,10,1,
2024|3151|4|0|10|1,2024|3151|4316|4|0|10|1,,2024,,3151,4316,4,0,10,1,
2024|3151|3|0|10|9,2024|3151|7004|3|0|10|9,,2024,,3151,7004,3,0,10,9,
2024|3151|1|0|10|1,2024|3151|2500|1|0|10|1,,2024,,3151,2500,1,0,10,1,
2024|3151|3|0|10|1,2024|3151|2500|3|0|10|1,,2024,,3151,2500,3,0,10,1,
2024|3151|3|0|60|1,2024|3151|2500|3|0|60|1,,2024,,3151,2500,3,0,60,1,
2024|3151|4|0|10|1,2024|3151|2500|4|0|10|1,,2024,,3151,2500,4,0,10,1,
2024|4031|3|0|77|1,2024|4031|2109|3|0|77|1,,2024,,4031,2109,3,0,77,1,
2024|4031|3|0|60|1,2024|4031|2055|3|0|60|1,,2024,,4031,2055,3,0,60,1,
2024|4031|3|0|60|7,2024|4031|2055|3|0|60|7,,2024,,4031,2055,3,0,60,7,
2024|4031|3|0|77|1,2024|4031|2025|3|0|77|1,,2024,,4031,2025,3,0,77,1,
2024|4031|4|0|77|1,2024|4031|2025|4|0|77|1,,2024,,4031,2025,4,0,77,1,
2024|4031|3|0|77|1,2024|4031|2091|3|0|77|1,,2024,,4031,2091,3,0,77,1,
2024|4031|4|0|60|8,2024|4031|2091|4|0|60|8,,2024,,4031,2091,4,0,60,8,
2024|4031|4|0|60|1,2024|4031|2091|4|0|60|1,,2024,,4031,2091,4,0,60,1,
2024|4031|4|0|77|1,2024|4031|2091|4|0|77|1,,2024,,4031,2091,4,0,77,1,
2024|4031|3|0|24|1,2024|4031|4395|3|0|24|1,,2024,,4031,4395,3,0,24,1,
2024|4031|3|0|60|2,2024|4031|4395|3|0|60|2,,2024,,4031,4395,3,0,60,2,
2024|4031|3|0|70|1,2024|4031|4395|3|0|70|1,,2024,,4031,4395,3,0,70,1,
2024|4031|3|0|61|1,2024|4031|4395|3|0|61|1,,2024,,4031,4395,3,0,61,1,
2024|4031|3|0|77|1,2024|4031|4395|3|0|77|1,,2024,,4031,4395,3,0,77,1,
2024|4031|3|0|60|1,2024|4031|4395|3|0|60|1,,2024,,4031,4395,3,0,60,1,
2024|4031|4|0|47|1,2024|4031|4395|4|0|47|1,,2024,,4031,4395,4,0,47,1,
2024|4031|4|0|77|1,2024|4031|4395|4|0|77|1,,2024,,4031,4395,4,0,77,1,
2024|4031|4|0|60|1,2024|4031|4395|4|0|60|1,,2024,,4031,4395,4,0,60,1,
2024|4091|3|0|45|1,2024|4091|4411|3|0|45|1,,2024,,4091,4411,3,0,45,1,
2024|4101|3|0|60|1,2024|4101|4427|3|0|60|1,,2024,,4101,4427,3,0,60,1,
2024|4101|3|0|60|1,2024|4101|2075|3|0|60|1,,2024,,4101,2075,3,0,60,1,
2024|4101|5|0|60|1,2024|4101|2075|5|0|60|1,,2024,,4101,2075,5,0,60,1,
2024|4111|5|0|60|1,2024|4111|4043|5|0|60|1,,2024,,4111,4043,5,0,60,1,
2024|4111|5|0|60|1,2024|4111|4041|5|0|60|1,,2024,,4111,4041,5,0,60,1,
2024|4111|5|0|60|1,2024|4111|4042|5|0|60|1,,2024,,4111,4042,5,0,60,1,
2024|4121|3|0|60|1,2024|4121|4539|3|0|60|1,,2024,,4121,4539,3,0,60,1,
2024|4121|5|0|60|1,2024|4121|4084|5|0|60|1,,2024,,4121,4084,5,0,60,1,
2024|4141|3|0|10|3,2024|4141|1046|3|0|10|3,,2024,,4141,1046,3,0,10,3,
2024|4141|3|0|57|1,2024|4141|1046|3|0|57|1,,2024,,4141,1046,3,0,57,1,
2024|4141|3|0|39|1,2024|4141|1046|3|0|39|1,,2024,,4141,1046,3,0,39,1,
2024|4141|4|0|57|1,2024|4141|1046|4|0|57|1,,2024,,4141,1046,4,0,57,1,
2024|4141|4|0|39|1,2024|4141|1046|4|0|39|1,,2024,,4141,1046,4,0,39,1,
2024|4151|3|0|10|1,2024|4151|4497|3|0|10|1,,2024,,4151,4497,3,0,10,1,
2024|4171|3|1|60|1,2024|4171|4401|3|1|60|1,,2024,,4171,4401,3,1,60,1,
2024|4171|3|1|60|1,2024|4171|4402|3|1|60|1,,2024,,4171,4402,3,1,60,1,
2024|4251|3|0|71|1,2024|4251|2074|3|0|71|1,,2024,,4251,2074,3,0,71,1,
2024|4251|4|0|10|8,2024|4251|2074|4|0|10|8,,2024,,4251,2074,4,0,10,8,
2024|4251|4|0|6|1,2024|4251|2074|4|0|6|1,,2024,,4251,2074,4,0,6,1,
2024|4251|4|0|5|1,2024|4251|2074|4|0|5|1,,2024,,4251,2074,4,0,5,1,
2024|4251|3|0|56|1,2024|4251|4435|3|0|56|1,,2024,,4251,4435,3,0,56,1,
2024|4251|3|0|71|1,2024|4251|4435|3|0|71|1,,2024,,4251,4435,3,0,71,1,
2024|4251|3|0|71|1,2024|4251|4434|3|0|71|1,,2024,,4251,4434,3,0,71,1,
2024|4251|3|0|10|1,2024|4251|4434|3|0|10|1,,2024,,4251,4434,3,0,10,1,
2024|4251|3|0|56|1,2024|4251|4434|3|0|56|1,,2024,,4251,4434,3,0,56,1,
2024|4251|4|0|71|1,2024|4251|4434|4|0|71|1,,2024,,4251,4434,4,0,71,1,
2024|4251|3|0|10|1,2024|4251|4433|3|0|10|1,,2024,,4251,4433,3,0,10,1,
2024|4251|3|0|56|1,2024|4251|4433|3|0|56|1,,2024,,4251,4433,3,0,56,1,
2024|4251|3|0|71|1,2024|4251|4433|3|0|71|1,,2024,,4251,4433,3,0,71,1,
2024|4251|4|0|56|1,2024|4251|4433|4|0|56|1,,2024,,4251,4433,4,0,56,1,
2024|4251|4|0|71|1,2024|4251|4433|4|0|71|1,,2024,,4251,4433,4,0,71,1,
2024|4251|4|0|10|1,2024|4251|4433|4|0|10|1,,2024,,4251,4433,4,0,10,1,
2024|4251|3|0|56|1,2024|4251|4430|3|0|56|1,,2024,,4251,4430,3,0,56,1,
2024|4251|3|0|10|1,2024|4251|4430|3|0|10|1,,2024,,4251,4430,3,0,10,1,
2024|4251|3|0|71|1,2024|4251|4430|3|0|71|1,,2024,,4251,4430,3,0,71,1,
2024|4251|3|0|10|1,2024|4251|4429|3|0|10|1,,2024,,4251,4429,3,0,10,1,
2024|4251|3|0|56|1,2024|4251|4429|3|0|56|1,,2024,,4251,4429,3,0,56,1,
2024|4251|3|0|71|1,2024|4251|4429|3|0|71|1,,2024,,4251,4429,3,0,71,1,
2024|4251|4|0|71|1,2024|4251|4429|4|0|71|1,,2024,,4251,4429,4,0,71,1,
2024|4251|4|0|56|1,2024|4251|4429|4|0|56|1,,2024,,4251,4429,4,0,56,1,
2024|4251|3|0|10|8,2024|4251|4025|3|0|10|8,,2024,,4251,4025,3,0,10,8,
2024|4251|4|0|10|1,2024|4251|4025|4|0|10|1,,2024,,4251,4025,4,0,10,1,
2024|4251|4|0|60|2,2024|4251|4025|4|0|60|2,,2024,,4251,4025,4,0,60,2,
2024|4251|3|0|10|1,2024|4251|4431|3|0|10|1,,2024,,4251,4431,3,0,10,1,
2024|4251|3|0|71|1,2024|4251|4431|3|0|71|1,,2024,,4251,4431,3,0,71,1,
2024|4251|3|0|71|1,2024|4251|1096|3|0|71|1,,2024,,4251,1096,3,0,71,1,
2024|4251|3|0|10|1,2024|4251|1096|3|0|10|1,,2024,,4251,1096,3,0,10,1,
2024|4251|4|0|71|1,2024|4251|1096|4|0|71|1,,2024,,4251,1096,4,0,71,1,
2024|4291|3|0|10|8,2024|4291|4123|3|0|10|8,,2024,,4291,4123,3,0,10,8,
2024|4291|4|0|46|1,2024|4291|4123|4|0|46|1,,2024,,4291,4123,4,0,46,1,
2024|4291|4|0|10|1,2024|4291|4123|4|0|10|1,,2024,,4291,4123,4,0,10,1,
2024|4291|4|0|10|8,2024|4291|4123|4|0|10|8,,2024,,4291,4123,4,0,10,8,
2024|4291|3|1|10|1,2024|4291|1020|3|1|10|1,,2024,,4291,1020,3,1,10,1,
2024|4291|4|1|95|1,2024|4291|1020|4|1|95|1,,2024,,4291,1020,4,1,95,1,
2024|4291|3|0|10|8,2024|4291|4122|3|0|10|8,,2024,,4291,4122,3,0,10,8,
2024|4291|3|0|10|1,2024|4291|4122|3|0|10|1,,2024,,4291,4122,3,0,10,1,
2024|4291|1|0|10|1,2024|4291|4121|1|0|10|1,,2024,,4291,4121,1,0,10,1,
2024|4291|1|0|57|1,2024|4291|4121|1|0|57|1,,2024,,4291,4121,1,0,57,1,
2024|4291|3|0|10|4,2024|4291|4121|3|0|10|4,,2024,,4291,4121,3,0,10,4,
2024|4291|3|0|92|1,2024|4291|4121|3|0|92|1,,2024,,4291,4121,3,0,92,1,
2024|4291|3|0|10|7,2024|4291|4121|3|0|10|7,,2024,,4291,4121,3,0,10,7,
2024|4291|3|0|10|1,2024|4291|4121|3|0|10|1,,2024,,4291,4121,3,0,10,1,
2024|4291|3|0|24|1,2024|4291|4121|3|0|24|1,,2024,,4291,4121,3,0,24,1,
2024|4291|3|0|63|1,2024|4291|4121|3|0|63|1,,2024,,4291,4121,3,0,63,1,
2024|4291|3|0|10|8,2024|4291|4121|3|0|10|8,,2024,,4291,4121,3,0,10,8,
2024|4291|3|0|62|1,2024|4291|4121|3|0|62|1,,2024,,4291,4121,3,0,62,1,
2024|4291|4|0|93|1,2024|4291|4121|4|0|93|1,,2024,,4291,4121,4,0,93,1,
2024|4291|4|0|64|1,2024|4291|4121|4|0|64|1,,2024,,4291,4121,4,0,64,1,
2024|4291|4|0|65|1,2024|4291|4121|4|0|65|1,,2024,,4291,4121,4,0,65,1,
2024|4291|4|0|10|8,2024|4291|4121|4|0|10|8,,2024,,4291,4121,4,0,10,8,
2024|4291|3|0|10|1,2024|4291|2026|3|0|10|1,,2024,,4291,2026,3,0,10,1,
2024|4291|3|0|92|1,2024|4291|2026|3|0|92|1,,2024,,4291,2026,3,0,92,1,
2024|4291|3|0|10|1,2024|4291|4458|3|0|10|1,,2024,,4291,4458,3,0,10,1,
2024|4291|4|0|10|1,2024|4291|4458|4|0|10|1,,2024,,4291,4458,4,0,10,1,
2024|4291|1|0|57|1,2024|4291|2027|1|0|57|1,,2024,,4291,2027,1,0,57,1,
2024|4291|1|0|10|1,2024|4291|2027|1|0|10|1,,2024,,4291,2027,1,0,10,1,
2024|4291|1|0|95|1,2024|4291|2027|1|0|95|1,,2024,,4291,2027,1,0,95,1,
2024|4291|3|0|10|7,2024|4291|2027|3|0|10|7,,2024,,4291,2027,3,0,10,7,
2024|4291|3|0|95|7,2024|4291|2027|3|0|95|7,,2024,,4291,2027,3,0,95,7,
2024|4291|3|0|92|1,2024|4291|2023|3|0|92|1,,2024,,4291,2023,3,0,92,1,
2024|4291|3|0|10|1,2024|4291|2023|3|0|10|1,,2024,,4291,2023,3,0,10,1,
2024|4291|4|0|10|1,2024|4291|2023|4|0|10|1,,2024,,4291,2023,4,0,10,1,
2024|4291|1|0|10|1,2024|4291|2024|1|0|10|1,,2024,,4291,2024,1,0,10,1,
2024|4291|1|0|57|1,2024|4291|2024|1|0|57|1,,2024,,4291,2024,1,0,57,1,
2024|4291|3|0|10|7,2024|4291|2024|3|0|10|7,,2024,,4291,2024,3,0,10,7,
2024|4291|3|0|10|1,2024|4291|2024|3|0|10|1,,2024,,4291,2024,3,0,10,1,
2024|4291|3|0|92|1,2024|4291|2024|3|0|92|1,,2024,,4291,2024,3,0,92,1,
2024|4291|4|0|10|1,2024|4291|2024|4|0|10|1,,2024,,4291,2024,4,0,10,1,
2024|4291|3|0|10|1,2024|4291|1022|3|0|10|1,,2024,,4291,1022,3,0,10,1,
2024|4291|3|0|10|1,2024|4291|4126|3|0|10|1,,2024,,4291,4126,3,0,10,1,
2024|4291|3|0|10|8,2024|4291|4126|3|0|10|8,,2024,,4291,4126,3,0,10,8,
2024|4291|3|0|92|1,2024|4291|4126|3|0|92|1,,2024,,4291,4126,3,0,92,1,
2024|4291|4|0|10|8,2024|4291|4126|4|0|10|8,,2024,,4291,4126,4,0,10,8,
2024|4291|4|0|10|1,2024|4291|4126|4|0|10|1,,2024,,4291,4126,4,0,10,1,
2024|4291|3|0|10|1,2024|4291|4127|3|0|10|1,,2024,,4291,4127,3,0,10,1,
2024|4291|3|0|10|8,2024|4291|4127|3|0|10|8,,2024,,4291,4127,3,0,10,8,
2024|4291|4|0|10|1,2024|4291|4127|4|0|10|1,,2024,,4291,4127,4,0,10,1,
2024|4291|4|0|64|1,2024|4291|4127|4|0|64|1,,2024,,4291,4127,4,0,64,1,
2024|4291|4|0|65|1,2024|4291|4127|4|0|65|1,,2024,,4291,4127,4,0,65,1,
2024|4291|4|0|10|8,2024|4291|4127|4|0|10|8,,2024,,4291,4127,4,0,10,8,
2024|4291|1|0|57|1,2024|4291|4125|1|0|57|1,,2024,,4291,4125,1,0,57,1,
2024|4291|1|0|10|1,2024|4291|4125|1|0|10|1,,2024,,4291,4125,1,0,10,1,
2024|4291|3|0|10|8,2024|4291|4125|3|0|10|8,,2024,,4291,4125,3,0,10,8,
2024|4291|3|0|10|1,2024|4291|4125|3|0|10|1,,2024,,4291,4125,3,0,10,1,
2024|4291|3|0|10|7,2024|4291|4125|3|0|10|7,,2024,,4291,4125,3,0,10,7,
2024|4291|3|0|71|1,2024|4291|4125|3|0|71|1,,2024,,4291,4125,3,0,71,1,
2024|4291|3|0|10|1,2024|4291|4132|3|0|10|1,,2024,,4291,4132,3,0,10,1,
2024|4291|3|0|10|8,2024|4291|4130|3|0|10|8,,2024,,4291,4130,3,0,10,8,
2024|4291|3|0|10|1,2024|4291|4130|3|0|10|1,,2024,,4291,4130,3,0,10,1,
2024|4291|3|0|24|1,2024|4291|4130|3|0|24|1,,2024,,4291,4130,3,0,24,1,
2024|4291|3|0|71|1,2024|4291|4130|3|0|71|1,,2024,,4291,4130,3,0,71,1,
2024|4291|4|0|10|8,2024|4291|4130|4|0|10|8,,2024,,4291,4130,4,0,10,8,
2024|4291|4|0|10|1,2024|4291|4130|4|0|10|1,,2024,,4291,4130,4,0,10,1,
2024|4291|4|0|64|1,2024|4291|4130|4|0|64|1,,2024,,4291,4130,4,0,64,1,
2024|4291|3|0|62|1,2024|4291|4129|3|0|62|1,,2024,,4291,4129,3,0,62,1,
2024|4291|3|0|10|8,2024|4291|4129|3|0|10|8,,2024,,4291,4129,3,0,10,8,
2024|4291|3|0|10|1,2024|4291|4129|3|0|10|1,,2024,,4291,4129,3,0,10,1,
2024|4291|3|0|92|1,2024|4291|4129|3|0|92|1,,2024,,4291,4129,3,0,92,1,
2024|4291|4|0|93|1,2024|4291|4129|4|0|93|1,,2024,,4291,4129,4,0,93,1,
2024|4291|4|0|10|1,2024|4291|4129|4|0|10|1,,2024,,4291,4129,4,0,10,1,
2024|4291|4|0|10|8,2024|4291|4129|4|0|10|8,,2024,,4291,4129,4,0,10,8,
2024|4291|1|0|57|1,2024|4291|4131|1|0|57|1,,2024,,4291,4131,1,0,57,1,
2024|4291|1|0|10|1,2024|4291|4131|1|0|10|1,,2024,,4291,4131,1,0,10,1,
2024|4291|3|0|24|1,2024|4291|4131|3|0|24|1,,2024,,4291,4131,3,0,24,1,
2024|4291|3|0|10|8,2024|4291|4131|3|0|10|8,,2024,,4291,4131,3,0,10,8,
2024|4291|3|0|10|1,2024|4291|4131|3|0|10|1,,2024,,4291,4131,3,0,10,1,
2024|4291|3|0|10|7,2024|4291|4131|3|0|10|7,,2024,,4291,4131,3,0,10,7,
2024|4291|3|0|63|1,2024|4291|4131|3|0|63|1,,2024,,4291,4131,3,0,63,1,
2024|4291|3|0|62|1,2024|4291|4131|3|0|62|1,,2024,,4291,4131,3,0,62,1,
2024|4291|3|0|92|1,2024|4291|4131|3|0|92|1,,2024,,4291,4131,3,0,92,1,
2024|4291|4|0|93|1,2024|4291|4131|4|0|93|1,,2024,,4291,4131,4,0,93,1,
2024|4291|4|0|10|1,2024|4291|4131|4|0|10|1,,2024,,4291,4131,4,0,10,1,
2024|4291|4|0|10|8,2024|4291|4131|4|0|10|8,,2024,,4291,4131,4,0,10,8,
2024|4291|4|0|1|1,2024|4291|4131|4|0|1|1,,2024,,4291,4131,4,0,1,1,
2024|4291|4|0|65|1,2024|4291|4131|4|0|65|1,,2024,,4291,4131,4,0,65,1,
2024|4291|4|0|64|1,2024|4291|4131|4|0|64|1,,2024,,4291,4131,4,0,64,1,
2024|4291|1|0|57|1,2024|4291|4134|1|0|57|1,,2024,,4291,4134,1,0,57,1,
2024|4291|1|0|10|1,2024|4291|4134|1|0|10|1,,2024,,4291,4134,1,0,10,1,
2024|4291|3|0|10|1,2024|4291|4134|3|0|10|1,,2024,,4291,4134,3,0,10,1,
2024|4291|3|0|10|7,2024|4291|4134|3|0|10|7,,2024,,4291,4134,3,0,10,7,
2024|4291|4|0|10|1,2024|4291|4134|4|0|10|1,,2024,,4291,4134,4,0,10,1,
2024|4291|1|0|57|1,2024|4291|4137|1|0|57|1,,2024,,4291,4137,1,0,57,1,
2024|4291|1|0|10|1,2024|4291|4137|1|0|10|1,,2024,,4291,4137,1,0,10,1,
2024|4291|3|0|10|1,2024|4291|4137|3|0|10|1,,2024,,4291,4137,3,0,10,1,
2024|4291|3|0|63|1,2024|4291|4137|3|0|63|1,,2024,,4291,4137,3,0,63,1,
2024|4291|3|0|10|7,2024|4291|4137|3|0|10|7,,2024,,4291,4137,3,0,10,7,
2024|4291|3|0|62|1,2024|4291|4137|3|0|62|1,,2024,,4291,4137,3,0,62,1,
2024|4291|3|0|92|1,2024|4291|4137|3|0|92|1,,2024,,4291,4137,3,0,92,1,
2024|4291|4|0|93|1,2024|4291|4137|4|0|93|1,,2024,,4291,4137,4,0,93,1,
2024|4291|4|0|10|1,2024|4291|4137|4|0|10|1,,2024,,4291,4137,4,0,10,1,
2024|4291|1|0|10|1,2024|4291|4135|1|0|10|1,,2024,,4291,4135,1,0,10,1,
2024|4291|1|0|57|1,2024|4291|4135|1|0|57|1,,2024,,4291,4135,1,0,57,1,
2024|4291|3|0|10|1,2024|4291|4135|3|0|10|1,,2024,,4291,4135,3,0,10,1,
2024|4291|3|0|10|7,2024|4291|4135|3|0|10|7,,2024,,4291,4135,3,0,10,7,
2024|4291|4|0|10|1,2024|4291|4135|4|0|10|1,,2024,,4291,4135,4,0,10,1,
2024|4291|4|0|71|1,2024|4291|4135|4|0|71|1,,2024,,4291,4135,4,0,71,1,
2024|4291|4|0|10|8,2024|4291|4135|4|0|10|8,,2024,,4291,4135,4,0,10,8,
2024|4291|3|0|63|1,2024|4291|4136|3|0|63|1,,2024,,4291,4136,3,0,63,1,
2024|4291|3|0|93|1,2024|4291|4136|3|0|93|1,,2024,,4291,4136,3,0,93,1,
2024|4291|3|0|62|1,2024|4291|4136|3|0|62|1,,2024,,4291,4136,3,0,62,1,
2024|4291|3|0|64|1,2024|4291|4136|3|0|64|1,,2024,,4291,4136,3,0,64,1,
2024|4291|3|0|10|1,2024|4291|4136|3|0|10|1,,2024,,4291,4136,3,0,10,1,
2024|4291|3|0|37|1,2024|4291|4136|3|0|37|1,,2024,,4291,4136,3,0,37,1,
2024|4291|3|0|92|1,2024|4291|4136|3|0|92|1,,2024,,4291,4136,3,0,92,1,
2024|4291|4|0|10|8,2024|4291|4136|4|0|10|8,,2024,,4291,4136,4,0,10,8,
2024|4291|4|0|95|1,2024|4291|4136|4|0|95|1,,2024,,4291,4136,4,0,95,1,
2024|4291|1|0|57|1,2024|4291|4133|1|0|57|1,,2024,,4291,4133,1,0,57,1,
2024|4291|1|0|10|1,2024|4291|4133|1|0|10|1,,2024,,4291,4133,1,0,10,1,
2024|4291|3|0|10|1,2024|4291|4133|3|0|10|1,,2024,,4291,4133,3,0,10,1,
2024|4291|3|0|10|7,2024|4291|4133|3|0|10|7,,2024,,4291,4133,3,0,10,7,
2024|4291|4|0|10|1,2024|4291|4133|4|0|10|1,,2024,,4291,4133,4,0,10,1,
2024|4291|3|0|10|1,2024|4291|4144|3|0|10|1,,2024,,4291,4144,3,0,10,1,
2024|4291|3|0|92|1,2024|4291|4144|3|0|92|1,,2024,,4291,4144,3,0,92,1,
2024|4291|4|0|10|1,2024|4291|4144|4|0|10|1,,2024,,4291,4144,4,0,10,1,
2024|4291|3|0|10|1,2024|4291|4146|3|0|10|1,,2024,,4291,4146,3,0,10,1,
2024|4291|3|0|92|1,2024|4291|4146|3|0|92|1,,2024,,4291,4146,3,0,92,1,
2024|4291|4|0|10|1,2024|4291|4146|4|0|10|1,,2024,,4291,4146,4,0,10,1,
2024|4291|1|0|10|1,2024|4291|4147|1|0|10|1,,2024,,4291,4147,1,0,10,1,
2024|4291|1|0|57|1,2024|4291|4147|1|0|57|1,,2024,,4291,4147,1,0,57,1,
2024|4291|3|0|29|1,2024|4291|4147|3|0|29|1,,2024,,4291,4147,3,0,29,1,
2024|4291|3|0|10|1,2024|4291|4147|3|0|10|1,,2024,,4291,4147,3,0,10,1,
2024|4291|3|0|10|7,2024|4291|4147|3|0|10|7,,2024,,4291,4147,3,0,10,7,
2024|4291|3|0|92|1,2024|4291|4147|3|0|92|1,,2024,,4291,4147,3,0,92,1,
2024|4291|4|0|93|1,2024|4291|4147|4|0|93|1,,2024,,4291,4147,4,0,93,1,
2024|4291|4|0|10|1,2024|4291|4147|4|0|10|1,,2024,,4291,4147,4,0,10,1,
2024|4291|3|0|92|1,2024|4291|1021|3|0|92|1,,2024,,4291,1021,3,0,92,1,
2024|4291|3|0|10|1,2024|4291|1021|3|0|10|1,,2024,,4291,1021,3,0,10,1,
2024|4291|4|0|10|1,2024|4291|1021|4|0|10|1,,2024,,4291,1021,4,0,10,1,
2024|4291|4|0|10|8,2024|4291|1021|4|0|10|8,,2024,,4291,1021,4,0,10,8,
2024|4291|1|0|57|1,2024|4291|4143|1|0|57|1,,2024,,4291,4143,1,0,57,1,
2024|4291|1|0|10|1,2024|4291|4143|1|0|10|1,,2024,,4291,4143,1,0,10,1,
2024|4291|3|0|10|8,2024|4291|4143|3|0|10|8,,2024,,4291,4143,3,0,10,8,
2024|4291|3|0|10|1,2024|4291|4143|3|0|10|1,,2024,,4291,4143,3,0,10,1,
2024|4291|3|0|10|7,2024|4291|4143|3|0|10|7,,2024,,4291,4143,3,0,10,7,
2024|4291|3|0|60|1,2024|4291|4143|3|0|60|1,,2024,,4291,4143,3,0,60,1,
2024|4291|3|0|92|1,2024|4291|4143|3|0|92|1,,2024,,4291,4143,3,0,92,1,
2024|4291|4|0|10|1,2024|4291|4143|4|0|10|1,,2024,,4291,4143,4,0,10,1,
2024|4291|4|0|93|1,2024|4291|4143|4|0|93|1,,2024,,4291,4143,4,0,93,1,
2024|4291|1|0|57|1,2024|4291|4145|1|0|57|1,,2024,,4291,4145,1,0,57,1,
2024|4291|1|0|10|1,2024|4291|4145|1|0|10|1,,2024,,4291,4145,1,0,10,1,
2024|4291|3|0|10|1,2024|4291|4145|3|0|10|1,,2024,,4291,4145,3,0,10,1,
2024|4291|3|0|10|7,2024|4291|4145|3|0|10|7,,2024,,4291,4145,3,0,10,7,
2024|4291|3|0|92|1,2024|4291|4145|3|0|92|1,,2024,,4291,4145,3,0,92,1,
2024|4291|4|0|10|8,2024|4291|4145|4|0|10|8,,2024,,4291,4145,4,0,10,8,
2024|4291|4|0|10|1,2024|4291|4145|4|0|10|1,,2024,,4291,4145,4,0,10,1,
2024|4291|1|0|57|1,2024|4291|4149|1|0|57|1,,2024,,4291,4149,1,0,57,1,
2024|4291|1|0|10|1,2024|4291|4149|1|0|10|1,,2024,,4291,4149,1,0,10,1,
2024|4291|3|0|10|1,2024|4291|4149|3|0|10|1,,2024,,4291,4149,3,0,10,1,
2024|4291|3|0|10|7,2024|4291|4149|3|0|10|7,,2024,,4291,4149,3,0,10,7,
2024|4291|4|0|10|8,2024|4291|4149|4|0|10|8,,2024,,4291,4149,4,0,10,8,
2024|4291|4|0|93|1,2024|4291|4149|4|0|93|1,,2024,,4291,4149,4,0,93,1,
2024|4291|4|0|10|1,2024|4291|4149|4|0|10|1,,2024,,4291,4149,4,0,10,1,
2024|4291|3|0|55|1,2024|4291|4148|3|0|55|1,,2024,,4291,4148,3,0,55,1,
2024|4291|3|0|10|1,2024|4291|4148|3|0|10|1,,2024,,4291,4148,3,0,10,1,
2024|4291|3|0|92|1,2024|4291|4148|3|0|92|1,,2024,,4291,4148,3,0,92,1,
2024|4291|3|0|10|1,2024|4291|2137|3|0|10|1,,2024,,4291,2137,3,0,10,1,
2024|4291|3|0|10|1,2024|4291|2115|3|0|10|1,,2024,,4291,2115,3,0,10,1,
2024|4291|3|0|10|1,2024|4291|2110|3|0|10|1,,2024,,4291,2110,3,0,10,1,
2024|4291|3|0|10|1,2024|4291|2112|3|0|10|1,,2024,,4291,2112,3,0,10,1,
2024|4291|3|0|10|1,2024|4291|2135|3|0|10|1,,2024,,4291,2135,3,0,10,1,
2024|4291|3|0|10|1,2024|4291|2136|3|0|10|1,,2024,,4291,2136,3,0,10,1,
2024|4291|3|0|10|1,2024|4291|2111|3|0|10|1,,2024,,4291,2111,3,0,10,1,
2024|4291|1|0|10|1,2024|4291|2500|1|0|10|1,,2024,,4291,2500,1,0,10,1,
2024|4291|3|0|93|1,2024|4291|2500|3|0|93|1,,2024,,4291,2500,3,0,93,1,
2024|4291|3|0|92|1,2024|4291|2500|3|0|92|1,,2024,,4291,2500,3,0,92,1,
2024|4291|3|0|95|1,2024|4291|2500|3|0|95|1,,2024,,4291,2500,3,0,95,1,
2024|4291|3|0|10|7,2024|4291|2500|3|0|10|7,,2024,,4291,2500,3,0,10,7,
2024|4291|3|0|10|1,2024|4291|2500|3|0|10|1,,2024,,4291,2500,3,0,10,1,
2024|4291|3|0|60|1,2024|4291|2500|3|0|60|1,,2024,,4291,2500,3,0,60,1,
2024|4291|3|0|57|1,2024|4291|2500|3|0|57|1,,2024,,4291,2500,3,0,57,1,
2024|4291|4|0|93|1,2024|4291|2500|4|0|93|1,,2024,,4291,2500,4,0,93,1,
2024|4291|4|0|10|1,2024|4291|2500|4|0|10|1,,2024,,4291,2500,4,0,10,1,
2024|4291|4|0|10|8,2024|4291|2500|4|0|10|8,,2024,,4291,2500,4,0,10,8,
2024|4321|3|0|10|1,2024|4321|4436|3|0|10|1,,2024,,4321,4436,3,0,10,1,
2024|4331|3|0|10|1,2024|4331|4529|3|0|10|1,,2024,,4331,4529,3,0,10,1,
2024|4331|3|0|10|1,2024|4331|4518|3|0|10|1,,2024,,4331,4518,3,0,10,1,
2024|4331|3|0|59|1,2024|4331|4518|3|0|59|1,,2024,,4331,4518,3,0,59,1,
2024|4331|3|0|10|1,2024|4331|4471|3|0|10|1,,2024,,4331,4471,3,0,10,1,
2024|4331|3|0|9|1,2024|4331|4471|3|0|9|1,,2024,,4331,4471,3,0,9,1,
2024|4331|3|0|59|1,2024|4331|4471|3|0|59|1,,2024,,4331,4471,3,0,59,1,
2024|4341|4|0|31|1,2024|4341|4258|4|0|31|1,,2024,,4341,4258,4,0,31,1,
2024|4341|3|0|31|1,2024|4341|4064|3|0|31|1,,2024,,4341,4064,3,0,31,1,
2024|4341|3|0|31|1,2024|4341|4151|3|0|31|1,,2024,,4341,4151,3,0,31,1,
2024|4341|3|0|31|1,2024|4341|4260|3|0|31|1,,2024,,4341,4260,3,0,31,1,
2024|4341|4|0|31|1,2024|4341|4260|4|0|31|1,,2024,,4341,4260,4,0,31,1,
2024|4341|4|0|31|1,2024|4341|4264|4|0|31|1,,2024,,4341,4264,4,0,31,1,
2024|4341|3|0|31|1,2024|4341|4259|3|0|31|1,,2024,,4341,4259,3,0,31,1,
2024|4341|4|0|31|1,2024|4341|4259|4|0|31|1,,2024,,4341,4259,4,0,31,1,
2024|4341|3|0|31|1,2024|4341|4263|3|0|31|1,,2024,,4341,4263,3,0,31,1,
2024|4341|3|0|31|1,2024|4341|2500|3|0|31|1,,2024,,4341,2500,3,0,31,1,
2024|4341|4|0|31|1,2024|4341|2500|4|0|31|1,,2024,,4341,2500,4,0,31,1,
2024|4381|3|0|83|1,2024|4381|4211|3|0|83|1,,2024,,4381,4211,3,0,83,1,
2024|4381|4|0|83|1,2024|4381|4211|4|0|83|1,,2024,,4381,4211,4,0,83,1,
2024|4381|3|0|83|1,2024|4381|4209|3|0|83|1,,2024,,4381,4209,3,0,83,1,
2024|4381|4|0|83|1,2024|4381|4209|4|0|83|1,,2024,,4381,4209,4,0,83,1,
2024|4381|4|0|54|1,2024|4381|4210|4|0|54|1,,2024,,4381,4210,4,0,54,1,
2024|4381|4|0|83|1,2024|4381|4382|4|0|83|1,,2024,,4381,4382,4,0,83,1,
2024|4381|4|0|83|1,2024|4381|4201|4|0|83|1,,2024,,4381,4201,4,0,83,1,
2024|4381|4|0|83|1,2024|4381|4526|4|0|83|1,,2024,,4381,4526,4,0,83,1,
2024|4381|3|0|83|1,2024|4381|2029|3|0|83|1,,2024,,4381,2029,3,0,83,1,
2024|4381|4|0|83|1,2024|4381|2029|4|0|83|1,,2024,,4381,2029,4,0,83,1,
2024|4421|3|0|39|1,2024|4421|4179|3|0|39|1,,2024,,4421,4179,3,0,39,1,
2024|4421|4|0|39|1,2024|4421|4179|4|0|39|1,,2024,,4421,4179,4,0,39,1,
2024|4441|3|0|60|1,2024|4441|1009|3|0|60|1,,2024,,4441,1009,3,0,60,1,
2024|4441|4|0|47|1,2024|4441|1009|4|0|47|1,,2024,,4441,1009,4,0,47,1,
2024|4441|4|0|60|1,2024|4441|1009|4|0|60|1,,2024,,4441,1009,4,0,60,1,
2024|4451|3|0|60|1,2024|4451|4256|3|0|60|1,,2024,,4451,4256,3,0,60,1,
2024|4451|4|0|47|1,2024|4451|4256|4|0|47|1,,2024,,4451,4256,4,0,47,1,
2024|4451|4|0|60|1,2024|4451|4256|4|0|60|1,,2024,,4451,4256,4,0,60,1,
2024|4491|3|1|59|1,2024|4491|4360|3|1|59|1,,2024,,4491,4360,3,1,59,1,
2024|4491|4|1|59|1,2024|4491|4360|4|1|59|1,,2024,,4491,4360,4,1,59,1,
2024|4541|3|0|60|1,2024|4541|4349|3|0|60|1,,2024,,4541,4349,3,0,60,1,
2024|4551|3|0|60|1,2024|4551|4404|3|0|60|1,,2024,,4551,4404,3,0,60,1,
2024|4551|3|0|10|1,2024|4551|4404|3|0|10|1,,2024,,4551,4404,3,0,10,1,
2024|4551|3|0|60|9,2024|4551|7004|3|0|60|9,,2024,,4551,7004,3,0,60,9,
2024|4601|3|0|45|1,2024|4601|4180|3|0|45|1,,2024,,4601,4180,3,0,45,1,
2024|4611|3|0|60|1,2024|4611|2056|3|0|60|1,,2024,,4611,2056,3,0,60,1,
2024|4611|4|0|60|1,2024|4611|2056|4|0|60|1,,2024,,4611,2056,4,0,60,1,
2024|4621|5|0|60|1,2024|4621|4444|5|0|60|1,,2024,,4621,4444,5,0,60,1,
2024|4631|5|0|10|1,2024|4631|4224|5|0|10|1,,2024,,4631,4224,5,0,10,1,
2024|4631|5|0|10|1,2024|4631|4334|5|0|10|1,,2024,,4631,4334,5,0,10,1,
2024|4631|5|0|10|1,2024|4631|4225|5|0|10|1,,2024,,4631,4225,5,0,10,1,
2024|4631|5|0|60|2,2024|4631|4221|5|0|60|2,,2024,,4631,4221,5,0,60,2,
2024|4631|5|0|10|1,2024|4631|4226|5|0|10|1,,2024,,4631,4226,5,0,10,1,
2024|4631|5|0|10|1,2024|4631|4227|5|0|10|1,,2024,,4631,4227,5,0,10,1,
2024|4631|3|0|10|1,2024|4631|4213|3|0|10|1,,2024,,4631,4213,3,0,10,1,
2024|4631|3|0|59|2,2024|4631|4213|3|0|59|2,,2024,,4631,4213,3,0,59,2,
2024|4631|3|0|10|1,2024|4631|4219|3|0|10|1,,2024,,4631,4219,3,0,10,1,
2024|4631|5|0|10|1,2024|4631|4216|5|0|10|1,,2024,,4631,4216,5,0,10,1,
2024|4631|3|0|10|1,2024|4631|4217|3|0|10|1,,2024,,4631,4217,3,0,10,1,
2024|4631|3|0|10|1,2024|4631|4218|3|0|10|1,,2024,,4631,4218,3,0,10,1,
2024|4631|5|0|10|1,2024|4631|4214|5|0|10|1,,2024,,4631,4214,5,0,10,1,
2024|4631|5|0|95|1,2024|4631|4220|5|0|95|1,,2024,,4631,4220,5,0,95,1,
2024|4631|5|0|60|2,2024|4631|4223|5|0|60|2,,2024,,4631,4223,5,0,60,2,
2024|4631|5|0|10|1,2024|4631|4223|5|0|10|1,,2024,,4631,4223,5,0,10,1,
2024|4631|3|0|10|1,2024|4631|4215|3|0|10|1,,2024,,4631,4215,3,0,10,1,
2024|4631|5|0|10|1,2024|4631|4215|5|0|10|1,,2024,,4631,4215,5,0,10,1,
2024|4641|3|0|10|1,2024|4641|4432|3|0|10|1,,2024,,4641,4432,3,0,10,1,
2024|4651|3|0|10|1,2024|4651|4502|3|0|10|1,,2024,,4651,4502,3,0,10,1,
2024|4651|3|0|10|1,2024|4651|7038|3|0|10|1,,2024,,4651,7038,3,0,10,1,
2024|4661|3|0|60|1,2024|4661|4541|3|0|60|1,,2024,,4661,4541,3,0,60,1,
2024|4671|3|0|10|1,2024|4671|4549|3|0|10|1,,2024,,4671,4549,3,0,10,1,
2024|4691|3|0|57|1,2024|4691|2071|3|0|57|1,,2024,,4691,2071,3,0,57,1,
2024|4691|4|0|57|1,2024|4691|2071|4|0|57|1,,2024,,4691,2071,4,0,57,1,
2024|4701|3|0|10|3,2024|4701|4152|3|0|10|3,,2024,,4701,4152,3,0,10,3,
2024|4701|3|0|57|1,2024|4701|4152|3|0|57|1,,2024,,4701,4152,3,0,57,1,
2024|4701|3|1|60|1,2024|4701|4159|3|1|60|1,,2024,,4701,4159,3,1,60,1,
2024|4701|3|1|10|3,2024|4701|4159|3|1|10|3,,2024,,4701,4159,3,1,10,3,
2024|4701|3|1|57|1,2024|4701|4159|3|1|57|1,,2024,,4701,4159,3,1,57,1,
2024|4711|1|0|10|1,2024|4711|7009|1|0|10|1,,2024,,4711,7009,1,0,10,1,
2024|4711|1|0|10|1,2024|4711|7015|1|0|10|1,,2024,,4711,7015,1,0,10,1,
2024|4711|1|0|10|1,2024|4711|7027|1|0|10|1,,2024,,4711,7027,1,0,10,1,
2024|4711|1|0|10|1,2024|4711|7034|1|0|10|1,,2024,,4711,7034,1,0,10,1,
2024|4711|1|0|10|1,2024|4711|7031|1|0|10|1,,2024,,4711,7031,1,0,10,1,
2024|4711|1|0|10|1,2024|4711|7105|1|0|10|1,,2024,,4711,7105,1,0,10,1,
2024|4711|1|0|10|1,2024|4711|7028|1|0|10|1,,2024,,4711,7028,1,0,10,1,
2024|4711|1|0|10|1,2024|4711|7033|1|0|10|1,,2024,,4711,7033,1,0,10,1,
2024|4711|1|0|10|1,2024|4711|7039|1|0|10|1,,2024,,4711,7039,1,0,10,1,
2024|4711|1|0|10|1,2024|4711|7032|1|0|10|1,,2024,,4711,7032,1,0,10,1,
2024|4711|1|0|10|1,2024|4711|7011|1|0|10|1,,2024,,4711,7011,1,0,10,1,
2024|4711|1|0|10|1,2024|4711|7065|1|0|10|1,,2024,,4711,7065,1,0,10,1,
2024|4711|1|0|10|1,2024|4711|7005|1|0|10|1,,2024,,4711,7005,1,0,10,1,
2024|4711|1|0|10|1,2024|4711|7040|1|0|10|1,,2024,,4711,7040,1,0,10,1,
2024|4711|1|0|10|1,2024|4711|7094|1|0|10|1,,2024,,4711,7094,1,0,10,1,
2024|4711|1|0|10|1,2024|4711|7055|1|0|10|1,,2024,,4711,7055,1,0,10,1,
2024|4711|1|0|10|1,2024|4711|7063|1|0|10|1,,2024,,4711,7063,1,0,10,1,
2024|4711|1|0|10|1,2024|4711|7586|1|0|10|1,,2024,,4711,7586,1,0,10,1,
2024|4711|1|0|43|1,2024|4711|7022|1|0|43|1,,2024,,4711,7022,1,0,43,1,
2024|4711|1|0|60|2,2024|4711|7022|1|0|60|2,,2024,,4711,7022,1,0,60,2,
2024|4711|1|0|42|1,2024|4711|7022|1|0|42|1,,2024,,4711,7022,1,0,42,1,
2024|4711|1|0|10|1,2024|4711|7012|1|0|10|1,,2024,,4711,7012,1,0,10,1,
2024|4711|1|0|10|1,2024|4711|7089|1|0|10|1,,2024,,4711,7089,1,0,10,1,
2024|4711|1|0|10|1,2024|4711|7044|1|0|10|1,,2024,,4711,7044,1,0,10,1,
2024|4711|1|0|43|1,2024|4711|7617|1|0|43|1,,2024,,4711,7617,1,0,43,1,
2024|4711|1|0|42|1,2024|4711|7617|1|0|42|1,,2024,,4711,7617,1,0,42,1,
2024|4711|1|0|60|2,2024|4711|7617|1|0|60|2,,2024,,4711,7617,1,0,60,2,
2024|4711|1|0|10|1,2024|4711|7939|1|0|10|1,,2024,,4711,7939,1,0,10,1,
2024|4711|1|0|42|1,2024|4711|7840|1|0|42|1,,2024,,4711,7840,1,0,42,1,
2024|4711|1|0|43|1,2024|4711|7840|1|0|43|1,,2024,,4711,7840,1,0,43,1,
2024|4711|1|0|60|2,2024|4711|7840|1|0|60|2,,2024,,4711,7840,1,0,60,2,
2024|4711|1|0|10|1,2024|4711|7091|1|0|10|1,,2024,,4711,7091,1,0,10,1,
2024|4711|1|0|10|1,2024|4711|7484|1|0|10|1,,2024,,4711,7484,1,0,10,1,
2024|4711|1|0|10|1,2024|4711|7017|1|0|10|1,,2024,,4711,7017,1,0,10,1,
2024|4711|1|0|10|1,2024|4711|7061|1|0|10|1,,2024,,4711,7061,1,0,10,1,
2024|4711|1|0|10|1,2024|4711|7104|1|0|10|1,,2024,,4711,7104,1,0,10,1,
2024|4711|1|0|10|1,2024|4711|7096|1|0|10|1,,2024,,4711,7096,1,0,10,1,
2024|4711|1|0|60|2,2024|4711|7529|1|0|60|2,,2024,,4711,7529,1,0,60,2,
2024|4711|1|0|43|1,2024|4711|7529|1|0|43|1,,2024,,4711,7529,1,0,43,1,
2024|4711|1|0|42|1,2024|4711|7529|1|0|42|1,,2024,,4711,7529,1,0,42,1,
2024|4711|1|0|10|1,2024|4711|7047|1|0|10|1,,2024,,4711,7047,1,0,10,1,
2024|4711|1|0|10|1,2024|4711|7059|1|0|10|1,,2024,,4711,7059,1,0,10,1,
2024|4711|1|0|43|1,2024|4711|7428|1|0|43|1,,2024,,4711,7428,1,0,43,1,
2024|4711|1|0|52|2,2024|4711|7428|1|0|52|2,,2024,,4711,7428,1,0,52,2,
2024|4711|1|0|42|1,2024|4711|7428|1|0|42|1,,2024,,4711,7428,1,0,42,1,
2024|4711|1|0|10|1,2024|4711|7064|1|0|10|1,,2024,,4711,7064,1,0,10,1,
2024|4711|1|0|10|1,2024|4711|7060|1|0|10|1,,2024,,4711,7060,1,0,10,1,
2024|4711|1|0|10|1,2024|4711|7058|1|0|10|1,,2024,,4711,7058,1,0,10,1,
2024|4711|1|0|60|2,2024|4711|7312|1|0|60|2,,2024,,4711,7312,1,0,60,2,
2024|4711|1|0|10|1,2024|4711|7722|1|0|10|1,,2024,,4711,7722,1,0,10,1,
2024|4711|1|0|10|1,2024|4711|7056|1|0|10|1,,2024,,4711,7056,1,0,10,1,
2024|4711|1|0|60|2,2024|4711|7209|1|0|60|2,,2024,,4711,7209,1,0,60,2,
2024|4711|1|0|10|1,2024|4711|7473|1|0|10|1,,2024,,4711,7473,1,0,10,1,
2024|4711|3|0|10|1,2024|4711|7016|3|0|10|1,,2024,,4711,7016,3,0,10,1,
2024|4711|1|0|10|1,2024|4711|7046|1|0|10|1,,2024,,4711,7046,1,0,10,1,
2024|4711|1|0|10|1,2024|4711|7052|1|0|10|1,,2024,,4711,7052,1,0,10,1,
2024|4711|1|0|10|1,2024|4711|7088|1|0|10|1,,2024,,4711,7088,1,0,10,1,
2024|4711|1|0|10|1,2024|4711|7051|1|0|10|1,,2024,,4711,7051,1,0,10,1,
2024|4711|1|0|10|1,2024|4711|7014|1|0|10|1,,2024,,4711,7014,1,0,10,1,
2024|4711|1|0|10|1,2024|4711|7018|1|0|10|1,,2024,,4711,7018,1,0,10,1,
2024|4711|1|0|10|1,2024|4711|7023|1|0|10|1,,2024,,4711,7023,1,0,10,1,
2024|4711|1|0|61|1,2024|4711|7023|1|0|61|1,,2024,,4711,7023,1,0,61,1,
2024|4711|1|0|10|1,2024|4711|7049|1|0|10|1,,2024,,4711,7049,1,0,10,1,
2024|4711|1|0|10|1,2024|4711|7725|1|0|10|1,,2024,,4711,7725,1,0,10,1,
2024|4711|1|0|10|1,2024|4711|7205|1|0|10|1,,2024,,4711,7205,1,0,10,1,
2024|4711|1|0|10|1,2024|4711|7225|1|0|10|1,,2024,,4711,7225,1,0,10,1,
2024|4711|1|0|60|2,2024|4711|7225|1|0|60|2,,2024,,4711,7225,1,0,60,2,
2024|4711|1|0|10|1,2024|4711|7959|1|0|10|1,,2024,,4711,7959,1,0,10,1,
2024|4711|1|0|10|9,2024|4711|7004|1|0|10|9,,2024,,4711,7004,1,0,10,9,
2024|4711|1|0|60|9,2024|4711|7004|1|0|60|9,,2024,,4711,7004,1,0,60,9,
2024|4711|1|0|10|1,2024|4711|7037|1|0|10|1,,2024,,4711,7037,1,0,10,1,
2024|4711|1|0|43|1,2024|4711|7037|1|0|43|1,,2024,,4711,7037,1,0,43,1,
2024|4711|1|0|10|1,2024|4711|7048|1|0|10|1,,2024,,4711,7048,1,0,10,1,
2024|4711|1|0|10|1,2024|4711|7008|1|0|10|1,,2024,,4711,7008,1,0,10,1,
2024|4711|1|0|42|1,2024|4711|7008|1|0|42|1,,2024,,4711,7008,1,0,42,1,
2024|4711|1|0|44|1,2024|4711|7957|1|0|44|1,,2024,,4711,7957,1,0,44,1,
2024|4711|1|0|15|1,2024|4711|7957|1|0|15|1,,2024,,4711,7957,1,0,15,1,
2024|4711|1|0|60|1,2024|4711|7957|1|0|60|1,,2024,,4711,7957,1,0,60,1,
2024|4711|1|0|43|1,2024|4711|7957|1|0|43|1,,2024,,4711,7957,1,0,43,1,
2024|4711|1|0|42|1,2024|4711|7957|1|0|42|1,,2024,,4711,7957,1,0,42,1,
2024|4711|1|0|10|1,2024|4711|7957|1|0|10|1,,2024,,4711,7957,1,0,10,1,
2024|4721|3|0|10|1,2024|4721|7001|3|0|10|1,,2024,,4721,7001,3,0,10,1,
2026|4291|3|0|10|1,2026|4291|2136|3|0|10|1,3|2026|4291|2136|3|0|10|1|4104,2026,3,4291,2136,3,0,10,1,4104
2026|2121|1|0|50|1,2026|2121|7002|1|0|50|1,4|2026|2121|7002|1|0|50|1|308,2026,4,2121,7002,1,0,50,1,308
2026|4291|3|0|10|1,2026|4291|2136|3|0|10|1,5|2026|4291|2136|3|0|10|1|4104,2026,5,4291,2136,3,0,10,1,4104
2026|2121|1|0|50|1,2026|2121|7002|1|0|50|1,1|2026|2121|7002|1|0|50|1|308,2026,1,2121,7002,1,0,50,1,308
2026|2121|1|0|50|1,2026|2121|7002|1|0|50|1,2|2026|2121|7002|1|0|50|1|308,2026,2,2121,7002,1,0,50,1,308
2026|2121|1|0|50|1,2026|2121|7002|1|0|50|1,3|2026|2121|7002|1|0|50|1|308,2026,3,2121,7002,1,0,50,1,308
2026|4291|3|0|10|1,2026|4291|4136|3|0|10|1,4|2026|4291|4136|3|0|10|1|3929,2026,4,4291,4136,3,0,10,1,3929
2026|1441|1|0|10|1,2026|1441|4193|1|0|10|1,4|2026|1441|4193|1|0|10|1|1199,2026,4,1441,4193,1,0,10,1,1199
2026|1511|1|0|10|1,2026|1511|2417|1|0|10|1,1|2026|1511|2417|1|0|10|1|1103,2026,1,1511,2417,1,0,10,1,1103
2026|4291|3|0|10|1,2026|4291|4136|3|0|10|1,2|2026|4291|4136|3|0|10|1|3929,2026,2,4291,4136,3,0,10,1,3929
2026|1251|4|0|48|0,2026|1251|4365|4|0|48|0,3|2026|1251|4365|4|0|48|0|5203,2026,3,1251,4365,4,0,48,0,5203
2026|2311|1|0|10|1,2026|2311|2417|1|0|10|1,1|2026|2311|2417|1|0|10|1|1121,2026,1,2311,2417,1,0,10,1,1121
2026|1481|3|0|38|1,2026|1481|4168|3|0|38|1,2|2026|1481|4168|3|0|38|1|3999,2026,2,1481,4168,3,0,38,1,3999
2026|4291|1|0|10|1,2026|4291|2417|1|0|10|1,4|2026|4291|2417|1|0|10|1|1103,2026,4,4291,2417,1,0,10,1,1103
2026|4291|1|0|10|1,2026|4291|2417|1|0|10|1,3|2026|4291|2417|1|0|10|1|1103,2026,3,4291,2417,1,0,10,1,1103
2026|4291|1|0|10|1,2026|4291|2417|1|0|10|1,2|2026|4291|2417|1|0|10|1|1103,2026,2,4291,2417,1,0,10,1,1103
2026|4291|1|0|10|1,2026|4291|2417|1|0|10|1,1|2026|4291|2417|1|0|10|1|1103,2026,1,4291,2417,1,0,10,1,1103
2026|2011|3|0|50|1,2026|2011|2500|3|0|50|1,4|2026|2011|2500|3|0|50|1|4710,2026,4,2011,2500,3,0,50,1,4710
2026|1401|3|0|10|1,2026|1401|4142|3|0|10|1,3|2026|1401|4142|3|0|10|1|3026,2026,3,1401,4142,3,0,10,1,3026
2026|1401|1|0|10|1,2026|1401|4119|1|0|10|1,3|2026|1401|4119|1|0|10|1|1201,2026,3,1401,4119,1,0,10,1,1201
2026|4631|3|0|10|1,2026|4631|4218|3|0|10|1,4|2026|4631|4218|3|0|10|1|8301,2026,4,4631,4218,3,0,10,1,8301
2026|1401|1|0|10|1,2026|1401|4119|1|0|10|1,1|2026|1401|4119|1|0|10|1|1201,2026,1,1401,4119,1,0,10,1,1201
2026|1401|1|0|10|1,2026|1401|4119|1|0|10|1,2|2026|1401|4119|1|0|10|1|1201,2026,2,1401,4119,1,0,10,1,1201
2026|1481|3|0|71|1,2026|1481|2079|3|0|71|1,3|2026|1481|2079|3|0|71|1|8502,2026,3,1481,2079,3,0,71,1,8502
2026|1451|3|0|10|7,2026|1451|4353|3|0|10|7,4|2026|1451|4353|3|0|10|7|1901,2026,4,1451,4353,3,0,10,7,1901
2026|1451|3|0|10|7,2026|1451|4353|3|0|10|7,1|2026|1451|4353|3|0|10|7|1901,2026,1,1451,4353,3,0,10,7,1901
2026|1711|3|0|10|1,2026|1711|2001|3|0|10|1,1|2026|1711|2001|3|0|10|1|3909,2026,1,1711,2001,3,0,10,1,3909
2026|4031|3|0|77|1,2026|4031|2109|3|0|77|1,2|2026|4031|2109|3|0|77|1|1401,2026,2,4031,2109,3,0,77,1,1401
2026|4291|3|0|10|1,2026|4291|2024|3|0|10|1,3|2026|4291|2024|3|0|10|1|3704,2026,3,4291,2024,3,0,10,1,3704
2026|4291|3|0|10|1,2026|4291|4121|3|0|10|1,1|2026|4291|4121|3|0|10|1|4101,2026,1,4291,4121,3,0,10,1,4101
2026|1011|1|0|10|1,2026|1011|4239|1|0|10|1,3|2026|1011|4239|1|0|10|1|1144,2026,3,1011,4239,1,0,10,1,1144
2026|1011|1|0|10|1,2026|1011|4239|1|0|10|1,4|2026|1011|4239|1|0|10|1|1144,2026,4,1011,4239,1,0,10,1,1144
2026|1011|1|0|10|1,2026|1011|4239|1|0|10|1,2|2026|1011|4239|1|0|10|1|1144,2026,2,1011,4239,1,0,10,1,1144
2026|1011|1|0|10|1,2026|1011|4239|1|0|10|1,1|2026|1011|4239|1|0|10|1|1144,2026,1,1011,4239,1,0,10,1,1144
2026|4631|3|0|10|1,2026|4631|4218|3|0|10|1,2|2026|4631|4218|3|0|10|1|8301,2026,2,4631,4218,3,0,10,1,8301
2026|4631|3|0|10|1,2026|4631|4218|3|0|10|1,3|2026|4631|4218|3|0|10|1|8301,2026,3,4631,4218,3,0,10,1,8301
2026|1261|3|0|10|1,2026|1261|2095|3|0|10|1,3|2026|1261|2095|3|0|10|1|3953,2026,3,1261,2095,3,0,10,1,3953
2026|2181|3|0|10|1,2026|2181|4423|3|0|10|1,1|2026|2181|4423|3|0|10|1|3946,2026,1,2181,4423,3,0,10,1,3946
2026|2181|3|0|10|1,2026|2181|4423|3|0|10|1,3|2026|2181|4423|3|0|10|1|3946,2026,3,2181,4423,3,0,10,1,3946
2026|1401|3|0|10|1,2026|1401|2500|3|0|10|1,1|2026|1401|2500|3|0|10|1|3704,2026,1,1401,2500,3,0,10,1,3704
2026|1301|4|0|10|3,2026|1301|1037|4|0|10|3,4|2026|1301|1037|4|0|10|3|5107,2026,4,1301,1037,4,0,10,3,5107
2026|4031|3|0|77|1,2026|4031|2109|3|0|77|1,4|2026|4031|2109|3|0|77|1|1401,2026,4,4031,2109,3,0,77,1,1401
2026|2011|3|0|50|1,2026|2011|2500|3|0|50|1,3|2026|2011|2500|3|0|50|1|4710,2026,3,2011,2500,3,0,50,1,4710
2026|2011|3|0|50|1,2026|2011|2500|3|0|50|1,1|2026|2011|2500|3|0|50|1|4710,2026,1,2011,2500,3,0,50,1,4710
2026|2011|3|0|50|1,2026|2011|2500|3|0|50|1,2|2026|2011|2500|3|0|50|1|4710,2026,2,2011,2500,3,0,50,1,4710
2026|1511|4|0|95|1,2026|1511|4060|4|0|95|1,4|2026|1511|4060|4|0|95|1|5107,2026,4,1511,4060,4,0,95,1,5107
2026|1401|1|0|10|1,2026|1401|4119|1|0|10|1,4|2026|1401|4119|1|0|10|1|1201,2026,4,1401,4119,1,0,10,1,1201
2026|2011|4|0|10|1,2026|2011|2014|4|0|10|1,4|2026|2011|2014|4|0|10|1|4009,2026,4,2011,2014,4,0,10,1,4009
2026|2301|1|0|10|1,2026|2301|2417|1|0|10|1,1|2026|2301|2417|1|0|10|1|1121,2026,1,2301,2417,1,0,10,1,1121
2026|1511|4|0|98|1,2026|1511|1006|4|0|98|1,3|2026|1511|1006|4|0|98|1|5207,2026,3,1511,1006,4,0,98,1,5207
2026|1451|3|0|60|2,2026|1451|4351|3|0|60|2,5|2026|1451|4351|3|0|60|2|4301,2026,5,1451,4351,3,0,60,2,4301
2026|4291|3|0|10|1,2026|4291|2024|3|0|10|1,1|2026|4291|2024|3|0|10|1|3704,2026,1,4291,2024,3,0,10,1,3704
2026|4031|3|0|77|1,2026|4031|2109|3|0|77|1,1|2026|4031|2109|3|0|77|1|1401,2026,1,4031,2109,3,0,77,1,1401
2026|2301|3|0|10|1,2026|2301|2500|3|0|10|1,2|2026|2301|2500|3|0|10|1|4002,2026,2,2301,2500,3,0,10,1,4002
2026|2011|4|0|10|1,2026|2011|2014|4|0|10|1,2|2026|2011|2014|4|0|10|1|4009,2026,2,2011,2014,4,0,10,1,4009
2026|2311|1|0|10|1,2026|2311|2417|1|0|10|1,4|2026|2311|2417|1|0|10|1|1121,2026,4,2311,2417,1,0,10,1,1121
2026|1081|3|0|95|1,2026|1081|1014|3|0|95|1,4|2026|1081|1014|3|0|95|1|4002,2026,4,1081,1014,3,0,95,1,4002
2026|4381|4|0|83|1,2026|4381|4201|4|0|83|1,2|2026|4381|4201|4|0|83|1|3971,2026,2,4381,4201,4,0,83,1,3971
2026|1491|4|0|15|1,2026|1491|2045|4|0|15|1,4|2026|1491|2045|4|0|15|1|4201,2026,4,1491,2045,4,0,15,1,4201
2026|1451|3|0|60|2,2026|1451|4351|3|0|60|2,2|2026|1451|4351|3|0|60|2|4301,2026,2,1451,4351,3,0,60,2,4301
2026|1261|3|0|10|1,2026|1261|2095|3|0|10|1,1|2026|1261|2095|3|0|10|1|3953,2026,1,1261,2095,3,0,10,1,3953
2026|1301|3|0|10|1,2026|1301|2500|3|0|10|1,1|2026|1301|2500|3|0|10|1|3705,2026,1,1301,2500,3,0,10,1,3705
2026|1501|3|0|10|1,2026|1501|4487|3|0|10|1,4|2026|1501|4487|3|0|10|1|4003,2026,4,1501,4487,3,0,10,1,4003
2026|2151|3|0|10|1,2026|2151|4175|3|0|10|1,1|2026|2151|4175|3|0|10|1|3922,2026,1,2151,4175,3,0,10,1,3922
2026|2351|3|0|10|1,2026|2351|4086|3|0|10|1,2|2026|2351|4086|3|0|10|1|3922,2026,2,2351,4086,3,0,10,1,3922
2026|1021|3|0|10|1,2026|1021|2009|3|0|10|1,1|2026|1021|2009|3|0|10|1|3972,2026,1,1021,2009,3,0,10,1,3972
2026|1916|2|0|10|1,2026|1916|7043|2|0|10|1,4|2026|1916|7043|2|0|10|1|2106,2026,4,1916,7043,2,0,10,1,2106
2026|1916|2|0|10|1,2026|1916|7043|2|0|10|1,1|2026|1916|7043|2|0|10|1|2106,2026,1,1916,7043,2,0,10,1,2106
2026|1401|3|1|27|1,2026|1401|1098|3|1|27|1,4|2026|1401|1098|3|1|27|1|3915,2026,4,1401,1098,3,1,27,1,3915
2026|1501|3|0|10|1,2026|1501|4487|3|0|10|1,2|2026|1501|4487|3|0|10|1|4003,2026,2,1501,4487,3,0,10,1,4003
2026|4711|1|0|10|1,2026|4711|7725|1|0|10|1,4|2026|4711|7725|1|0|10|1|1322,2026,4,4711,7725,1,0,10,1,1322
2026|1501|3|0|10|1,2026|1501|4487|3|0|10|1,3|2026|1501|4487|3|0|10|1|4003,2026,3,1501,4487,3,0,10,1,4003
2026|2301|1|0|10|1,2026|2301|2417|1|0|10|1,4|2026|2301|2417|1|0|10|1|1121,2026,4,2301,2417,1,0,10,1,1121
2026|2151|3|0|10|1,2026|2151|4175|3|0|10|1,3|2026|2151|4175|3|0|10|1|3922,2026,3,2151,4175,3,0,10,1,3922
2026|4711|1|0|10|1,2026|4711|7725|1|0|10|1,1|2026|4711|7725|1|0|10|1|1322,2026,1,4711,7725,1,0,10,1,1322
2026|2301|4|0|10|0,2026|2301|4284|4|0|10|0,4|2026|2301|4284|4|0|10|0|3999,2026,4,2301,4284,4,0,10,0,3999
2026|2301|3|0|10|1,2026|2301|2500|3|0|10|1,4|2026|2301|2500|3|0|10|1|4002,2026,4,2301,2500,3,0,10,1,4002
2026|4381|4|0|83|1,2026|4381|4201|4|0|83|1,3|2026|4381|4201|4|0|83|1|3971,2026,3,4381,4201,4,0,83,1,3971
2026|4711|1|0|10|1,2026|4711|7725|1|0|10|1,2|2026|4711|7725|1|0|10|1|1322,2026,2,4711,7725,1,0,10,1,1322
2026|2091|1|0|72|1,2026|2091|2417|1|0|72|1,1|2026|2091|2417|1|0|72|1|1121,2026,1,2091,2417,1,0,72,1,1121
2026|4711|1|0|10|1,2026|4711|7725|1|0|10|1,3|2026|4711|7725|1|0|10|1|1322,2026,3,4711,7725,1,0,10,1,1322
2026|2151|3|0|10|1,2026|2151|4175|3|0|10|1,5|2026|2151|4175|3|0|10|1|3922,2026,5,2151,4175,3,0,10,1,3922
2026|1261|4|1|10|1,2026|1261|4519|4|1|10|1,2|2026|1261|4519|4|1|10|1|5103,2026,2,1261,4519,4,1,10,1,5103
2026|2351|3|0|10|1,2026|2351|4086|3|0|10|1,3|2026|2351|4086|3|0|10|1|3922,2026,3,2351,4086,3,0,10,1,3922
2026|4291|3|0|10|1,2026|4291|2024|3|0|10|1,2|2026|4291|2024|3|0|10|1|3704,2026,2,4291,2024,3,0,10,1,3704
2026|4291|3|0|10|1,2026|4291|2024|3|0|10|1,1|2026|4291|2024|3|0|10|1|3026,2026,1,4291,2024,3,0,10,1,3026
2026|1451|3|0|10|1,2026|1451|4353|3|0|10|1,4|2026|1451|4353|3|0|10|1|3903,2026,4,1451,4353,3,0,10,1,3903
2026|2301|1|0|10|1,2026|2301|2417|1|0|10|1,2|2026|2301|2417|1|0|10|1|1121,2026,2,2301,2417,1,0,10,1,1121
2026|2301|4|0|10|0,2026|2301|4385|4|0|10|0,1|2026|2301|4385|4|0|10|0|5112,2026,1,2301,4385,4,0,10,0,5112
2026|2011|4|0|10|1,2026|2011|2014|4|0|10|1,3|2026|2011|2014|4|0|10|1|4009,2026,3,2011,2014,4,0,10,1,4009
2026|1081|3|0|10|9,2026|1081|7803|3|0|10|9,1|2026|1081|7803|3|0|10|9|9103,2026,1,1081,7803,3,0,10,9,9103
2026|1191|3|0|10|1,2026|1191|4095|3|0|10|1,1|2026|1191|4095|3|0|10|1|3704,2026,1,1191,4095,3,0,10,1,3704
2026|4291|4|0|10|1,2026|4291|2500|4|0|10|1,4|2026|4291|2500|4|0|10|1|4201,2026,4,4291,2500,4,0,10,1,4201
2026|1401|3|1|27|1,2026|1401|1098|3|1|27|1,2|2026|1401|1098|3|1|27|1|3915,2026,2,1401,1098,3,1,27,1,3915
2026|1191|3|0|10|1,2026|1191|4095|3|0|10|1,4|2026|1191|4095|3|0|10|1|3704,2026,4,1191,4095,3,0,10,1,3704
2026|2071|3|1|10|1,2026|2071|1068|3|1|10|1,1|2026|2071|1068|3|1|10|1|4301,2026,1,2071,1068,3,1,10,1,4301
2026|2351|3|0|10|1,2026|2351|4086|3|0|10|1,2|2026|2351|4086|3|0|10|1|3703,2026,2,2351,4086,3,0,10,1,3703
2026|1031|1|0|10|1,2026|1031|2053|1|0|10|1,1|2026|1031|2053|1|0|10|1|1605,2026,1,1031,2053,1,0,10,1,1605
2026|2311|1|0|10|1,2026|2311|2417|1|0|10|1,2|2026|2311|2417|1|0|10|1|1121,2026,2,2311,2417,1,0,10,1,1121
2026|2271|3|0|10|1,2026|2271|4030|3|0|10|1,2|2026|2271|4030|3|0|10|1|3703,2026,2,2271,4030,3,0,10,1,3703
2026|4291|3|0|10|1,2026|4291|2024|3|0|10|1,3|2026|4291|2024|3|0|10|1|3912,2026,3,4291,2024,3,0,10,1,3912
2026|1251|3|0|70|1,2026|1251|4374|3|0|70|1,3|2026|1251|4374|3|0|70|1|9306,2026,3,1251,4374,3,0,70,1,9306
2026|1071|3|0|10|1,2026|1071|4426|3|0|10|1,4|2026|1071|4426|3|0|10|1|3994,2026,4,1071,4426,3,0,10,1,3994
2026|2371|1|0|10|1,2026|2371|2417|1|0|10|1,3|2026|2371|2417|1|0|10|1|1123,2026,3,2371,2417,1,0,10,1,1123
2026|2371|1|0|10|1,2026|2371|2417|1|0|10|1,2|2026|2371|2417|1|0|10|1|1123,2026,2,2371,2417,1,0,10,1,1123
2026|1251|1|0|10|1,2026|1251|2500|1|0|10|1,1|2026|1251|2500|1|0|10|1|1207,2026,1,1251,2500,1,0,10,1,1207
2026|2371|1|0|10|1,2026|2371|2417|1|0|10|1,1|2026|2371|2417|1|0|10|1|1123,2026,1,2371,2417,1,0,10,1,1123
2026|2311|1|0|10|1,2026|2311|2417|1|0|10|1,3|2026|2311|2417|1|0|10|1|1121,2026,3,2311,2417,1,0,10,1,1121
2026|1481|3|0|71|1,2026|1481|4414|3|0|71|1,4|2026|1481|4414|3|0|71|1|3704,2026,4,1481,4414,3,0,71,1,3704
2026|2271|3|0|10|1,2026|2271|4034|3|0|10|1,1|2026|2271|4034|3|0|10|1|3922,2026,1,2271,4034,3,0,10,1,3922
2026|2271|3|0|10|1,2026|2271|4034|3|0|10|1,2|2026|2271|4034|3|0|10|1|3922,2026,2,2271,4034,3,0,10,1,3922
2026|2301|1|0|10|1,2026|2301|2417|1|0|10|1,3|2026|2301|2417|1|0|10|1|1121,2026,3,2301,2417,1,0,10,1,1121
2026|2351|1|0|10|1,2026|2351|2417|1|0|10|1,4|2026|2351|2417|1|0|10|1|1117,2026,4,2351,2417,1,0,10,1,1117
2026|1261|3|0|21|1,2026|1261|2101|3|0|21|1,4|2026|1261|2101|3|0|21|1|4301,2026,4,1261,2101,3,0,21,1,4301
2026|2271|3|0|10|1,2026|2271|4034|3|0|10|1,3|2026|2271|4034|3|0|10|1|3922,2026,3,2271,4034,3,0,10,1,3922
2026|2261|1|0|10|1,2026|2261|2417|1|0|10|1,4|2026|2261|2417|1|0|10|1|403,2026,4,2261,2417,1,0,10,1,403
2026|1711|1|0|10|1,2026|1711|2417|1|0|10|1,1|2026|1711|2417|1|0|10|1|1304,2026,1,1711,2417,1,0,10,1,1304
2026|2351|1|0|10|1,2026|2351|2417|1|0|10|1,2|2026|2351|2417|1|0|10|1|1117,2026,2,2351,2417,1,0,10,1,1117
2026|2351|1|0|10|1,2026|2351|2417|1|0|10|1,3|2026|2351|2417|1|0|10|1|1117,2026,3,2351,2417,1,0,10,1,1117
2026|4291|3|0|10|1,2026|4291|2024|3|0|10|1,3|2026|4291|2024|3|0|10|1|3705,2026,3,4291,2024,3,0,10,1,3705
2026|2351|1|0|10|1,2026|2351|2417|1|0|10|1,1|2026|2351|2417|1|0|10|1|1117,2026,1,2351,2417,1,0,10,1,1117
2026|4291|3|0|57|1,2026|4291|2500|3|0|57|1,1|2026|4291|2500|3|0|57|1|4101,2026,1,4291,2500,3,0,57,1,4101
2026|1261|3|0|10|1,2026|1261|4547|3|0|10|1,2|2026|1261|4547|3|0|10|1|4106,2026,2,1261,4547,3,0,10,1,4106
2026|1261|3|0|10|1,2026|1261|4547|3|0|10|1,3|2026|1261|4547|3|0|10|1|4106,2026,3,1261,4547,3,0,10,1,4106
2026|1261|3|0|10|1,2026|1261|4547|3|0|10|1,4|2026|1261|4547|3|0|10|1|4106,2026,4,1261,4547,3,0,10,1,4106
2026|1401|3|1|27|1,2026|1401|1098|3|1|27|1,3|2026|1401|1098|3|1|27|1|3915,2026,3,1401,1098,3,1,27,1,3915
2026|2351|3|0|10|1,2026|2351|4086|3|0|10|1,3|2026|2351|4086|3|0|10|1|3703,2026,3,2351,4086,3,0,10,1,3703
2026|1711|1|0|10|1,2026|1711|2417|1|0|10|1,4|2026|1711|2417|1|0|10|1|1304,2026,4,1711,2417,1,0,10,1,1304
2026|1711|1|0|10|1,2026|1711|2417|1|0|10|1,2|2026|1711|2417|1|0|10|1|1304,2026,2,1711,2417,1,0,10,1,1304
2026|1101|3|0|10|1,2026|1101|4110|3|0|10|1,3|2026|1101|4110|3|0|10|1|3704,2026,3,1101,4110,3,0,10,1,3704
2026|1511|3|0|60|2,2026|1511|4060|3|0|60|2,2|2026|1511|4060|3|0|60|2|3704,2026,2,1511,4060,3,0,60,2,3704
2026|1511|4|0|48|0,2026|1511|1051|4|0|48|0,4|2026|1511|1051|4|0|48|0|5209,2026,4,1511,1051,4,0,48,0,5209
2026|1711|1|0|10|1,2026|1711|2417|1|0|10|1,3|2026|1711|2417|1|0|10|1|1304,2026,3,1711,2417,1,0,10,1,1304
2026|2271|3|0|10|1,2026|2271|4030|3|0|10|1,4|2026|2271|4030|3|0|10|1|3703,2026,4,2271,4030,3,0,10,1,3703
2026|1541|1|0|10|1,2026|1541|2417|1|0|10|1,2|2026|1541|2417|1|0|10|1|1146,2026,2,1541,2417,1,0,10,1,1146
2026|1541|1|0|10|1,2026|1541|2417|1|0|10|1,3|2026|1541|2417|1|0|10|1|1146,2026,3,1541,2417,1,0,10,1,1146
2026|1541|1|0|10|1,2026|1541|2417|1|0|10|1,1|2026|1541|2417|1|0|10|1|1146,2026,1,1541,2417,1,0,10,1,1146
2026|2351|3|0|10|1,2026|2351|4086|3|0|10|1,4|2026|2351|4086|3|0|10|1|3703,2026,4,2351,4086,3,0,10,1,3703
2026|1511|3|0|60|2,2026|1511|4060|3|0|60|2,4|2026|1511|4060|3|0|60|2|3704,2026,4,1511,4060,3,0,60,2,3704
2026|2271|3|0|10|1,2026|2271|4030|3|0|10|1,5|2026|2271|4030|3|0|10|1|3703,2026,5,2271,4030,3,0,10,1,3703
2026|1721|1|0|10|1,2026|1721|2417|1|0|10|1,4|2026|1721|2417|1|0|10|1|1146,2026,4,1721,2417,1,0,10,1,1146
2026|1501|3|0|15|1,2026|1501|4491|3|0|15|1,2|2026|1501|4491|3|0|15|1|3991,2026,2,1501,4491,3,0,15,1,3991
2026|1511|3|0|60|2,2026|1511|4060|3|0|60|2,3|2026|1511|4060|3|0|60|2|3704,2026,3,1511,4060,3,0,60,2,3704
2026|1451|3|0|60|2,2026|1451|4348|3|0|60|2,2|2026|1451|4348|3|0|60|2|3704,2026,2,1451,4348,3,0,60,2,3704
2026|1051|3|0|10|1,2026|1051|4355|3|0|10|1,4|2026|1051|4355|3|0|10|1|3952,2026,4,1051,4355,3,0,10,1,3952
2026|2261|1|0|10|1,2026|2261|2417|1|0|10|1,1|2026|2261|2417|1|0|10|1|403,2026,1,2261,2417,1,0,10,1,403
2026|1631|1|0|10|1,2026|1631|2417|1|0|10|1,4|2026|1631|2417|1|0|10|1|1304,2026,4,1631,2417,1,0,10,1,1304
2026|2261|1|0|10|1,2026|2261|2417|1|0|10|1,2|2026|2261|2417|1|0|10|1|403,2026,2,2261,2417,1,0,10,1,403
2026|1441|1|0|10|1,2026|1441|4193|1|0|10|1,2|2026|1441|4193|1|0|10|1|1199,2026,2,1441,4193,1,0,10,1,1199
2026|1441|1|0|10|1,2026|1441|4193|1|0|10|1,3|2026|1441|4193|1|0|10|1|1199,2026,3,1441,4193,1,0,10,1,1199
2026|1541|1|0|10|1,2026|1541|2417|1|0|10|1,4|2026|1541|2417|1|0|10|1|1146,2026,4,1541,2417,1,0,10,1,1146
2026|2261|1|0|10|1,2026|2261|2417|1|0|10|1,3|2026|2261|2417|1|0|10|1|403,2026,3,2261,2417,1,0,10,1,403
2026|1441|1|0|10|1,2026|1441|4193|1|0|10|1,1|2026|1441|4193|1|0|10|1|1199,2026,1,1441,4193,1,0,10,1,1199
2026|1401|3|0|10|1,2026|1401|4115|3|0|10|1,2|2026|1401|4115|3|0|10|1|3023,2026,2,1401,4115,3,0,10,1,3023
2026|1631|1|0|10|1,2026|1631|2417|1|0|10|1,3|2026|1631|2417|1|0|10|1|1304,2026,3,1631,2417,1,0,10,1,1304
2026|1631|1|0|10|1,2026|1631|2417|1|0|10|1,2|2026|1631|2417|1|0|10|1|1304,2026,2,1631,2417,1,0,10,1,1304
2026|2271|3|0|10|1,2026|2271|4036|3|0|10|1,1|2026|2271|4036|3|0|10|1|3024,2026,1,2271,4036,3,0,10,1,3024
2026|1451|3|0|10|1,2026|1451|4353|3|0|10|1,3|2026|1451|4353|3|0|10|1|3903,2026,3,1451,4353,3,0,10,1,3903
2026|1481|3|0|71|1,2026|1481|4414|3|0|71|1,1|2026|1481|4414|3|0|71|1|3704,2026,1,1481,4414,3,0,71,1,3704
2026|2011|3|0|50|1,2026|2011|4410|3|0|50|1,1|2026|2011|4410|3|0|50|1|9108,2026,1,2011,4410,3,0,50,1,9108
2026|1501|3|0|10|1,2026|1501|4465|3|0|10|1,4|2026|1501|4465|3|0|10|1|3921,2026,4,1501,4465,3,0,10,1,3921
2026|1631|1|0|10|1,2026|1631|2417|1|0|10|1,1|2026|1631|2417|1|0|10|1|1304,2026,1,1631,2417,1,0,10,1,1304
2026|1051|3|0|10|1,2026|1051|4355|3|0|10|1,1|2026|1051|4355|3|0|10|1|3952,2026,1,1051,4355,3,0,10,1,3952
2026|2271|3|0|10|1,2026|2271|4035|3|0|10|1,1|2026|2271|4035|3|0|10|1|3012,2026,1,2271,4035,3,0,10,1,3012
2026|4291|3|0|10|1,2026|4291|2024|3|0|10|1,1|2026|4291|2024|3|0|10|1|3912,2026,1,4291,2024,3,0,10,1,3912
2026|2071|3|0|10|1,2026|2071|4387|3|0|10|1,1|2026|2071|4387|3|0|10|1|3993,2026,1,2071,4387,3,0,10,1,3993
2026|1451|3|0|10|1,2026|1451|4353|3|0|10|1,2|2026|1451|4353|3|0|10|1|3010,2026,2,1451,4353,3,0,10,1,3010
2026|1191|3|0|10|1,2026|1191|2500|3|0|10|1,1|2026|1191|2500|3|0|10|1|3704,2026,1,1191,2500,3,0,10,1,3704
2026|1261|3|0|21|1,2026|1261|2101|3|0|21|1,2|2026|1261|2101|3|0|21|1|4301,2026,2,1261,2101,3,0,21,1,4301
2026|1511|3|0|60|2,2026|1511|4060|3|0|60|2,3|2026|1511|4060|3|0|60|2|3921,2026,3,1511,4060,3,0,60,2,3921
2026|4291|3|0|10|1,2026|4291|2026|3|0|10|1,3|2026|4291|2026|3|0|10|1|3304,2026,3,4291,2026,3,0,10,1,3304
2026|4291|3|0|10|1,2026|4291|2026|3|0|10|1,4|2026|4291|2026|3|0|10|1|3304,2026,4,4291,2026,3,0,10,1,3304
2026|2271|3|0|10|1,2026|2271|4034|3|0|10|1,4|2026|2271|4034|3|0|10|1|3922,2026,4,2271,4034,3,0,10,1,3922
2026|4291|3|0|10|1,2026|4291|2024|3|0|10|1,3|2026|4291|2024|3|0|10|1|3920,2026,3,4291,2024,3,0,10,1,3920
2026|1721|1|0|10|1,2026|1721|2417|1|0|10|1,2|2026|1721|2417|1|0|10|1|1146,2026,2,1721,2417,1,0,10,1,1146
2026|1721|1|0|10|1,2026|1721|2417|1|0|10|1,3|2026|1721|2417|1|0|10|1|1146,2026,3,1721,2417,1,0,10,1,1146
2026|1721|1|0|10|1,2026|1721|2417|1|0|10|1,1|2026|1721|2417|1|0|10|1|1146,2026,1,1721,2417,1,0,10,1,1146
2026|1501|3|0|10|1,2026|1501|4452|3|0|10|1,4|2026|1501|4452|3|0|10|1|3920,2026,4,1501,4452,3,0,10,1,3920
2026|1191|1|0|15|1,2026|1191|2417|1|0|15|1,4|2026|1191|2417|1|0|15|1|1143,2026,4,1191,2417,1,0,15,1,1143
2026|1501|1|0|10|1,2026|1501|2417|1|0|10|1,4|2026|1501|2417|1|0|10|1|1119,2026,4,1501,2417,1,0,10,1,1119
2026|1451|3|0|60|2,2026|1451|4348|3|0|60|2,3|2026|1451|4348|3|0|60|2|3704,2026,3,1451,4348,3,0,60,2,3704
2026|1451|3|0|60|2,2026|1451|4348|3|0|60|2,4|2026|1451|4348|3|0|60|2|3704,2026,4,1451,4348,3,0,60,2,3704
2026|1501|3|0|10|1,2026|1501|4452|3|0|10|1,2|2026|1501|4452|3|0|10|1|3920,2026,2,1501,4452,3,0,10,1,3920
2026|1481|3|0|71|1,2026|1481|4414|3|0|71|1,2|2026|1481|4414|3|0|71|1|3704,2026,2,1481,4414,3,0,71,1,3704
2026|2271|3|0|10|1,2026|2271|4031|3|0|10|1,2|2026|2271|4031|3|0|10|1|3922,2026,2,2271,4031,3,0,10,1,3922
2026|1501|1|0|10|1,2026|1501|2417|1|0|10|1,2|2026|1501|2417|1|0|10|1|1119,2026,2,1501,2417,1,0,10,1,1119
2026|1501|1|0|10|1,2026|1501|2417|1|0|10|1,3|2026|1501|2417|1|0|10|1|1119,2026,3,1501,2417,1,0,10,1,1119
2026|1501|1|0|10|1,2026|1501|2417|1|0|10|1,1|2026|1501|2417|1|0|10|1|1119,2026,1,1501,2417,1,0,10,1,1119
2026|1501|3|0|10|1,2026|1501|4465|3|0|10|1,2|2026|1501|4465|3|0|10|1|3921,2026,2,1501,4465,3,0,10,1,3921
2026|2271|3|0|68|1,2026|2271|2500|3|0|68|1,4|2026|2271|2500|3|0|68|1|8501,2026,4,2271,2500,3,0,68,1,8501
2026|4291|3|0|10|1,2026|4291|2024|3|0|10|1,4|2026|4291|2024|3|0|10|1|3912,2026,4,4291,2024,3,0,10,1,3912
2026|1051|3|0|10|1,2026|1051|4355|3|0|10|1,3|2026|1051|4355|3|0|10|1|3952,2026,3,1051,4355,3,0,10,1,3952
2026|2251|1|0|60|1,2026|2251|2417|1|0|60|1,4|2026|2251|2417|1|0|60|1|1304,2026,4,2251,2417,1,0,60,1,1304
2026|2251|1|0|60|1,2026|2251|2417|1|0|60|1,3|2026|2251|2417|1|0|60|1|1304,2026,3,2251,2417,1,0,60,1,1304
2026|2101|3|0|72|1,2026|2101|4059|3|0|72|1,4|2026|2101|4059|3|0|72|1|3704,2026,4,2101,4059,3,0,72,1,3704
2026|1511|3|0|60|2,2026|1511|4060|3|0|60|2,4|2026|1511|4060|3|0|60|2|3921,2026,4,1511,4060,3,0,60,2,3921
2026|4451|3|0|60|1,2026|4451|4256|3|0|60|1,3|2026|4451|4256|3|0|60|1|3304,2026,3,4451,4256,3,0,60,1,3304
2026|2101|3|0|72|1,2026|2101|4059|3|0|72|1,3|2026|2101|4059|3|0|72|1|3704,2026,3,2101,4059,3,0,72,1,3704
2026|1451|3|0|60|2,2026|1451|4376|3|0|60|2,3|2026|1451|4376|3|0|60|2|3703,2026,3,1451,4376,3,0,60,2,3703
2026|2011|3|0|50|1,2026|2011|2039|3|0|50|1,2|2026|2011|2039|3|0|50|1|3704,2026,2,2011,2039,3,0,50,1,3704
2026|1101|3|0|10|1,2026|1101|4110|3|0|10|1,1|2026|1101|4110|3|0|10|1|3704,2026,1,1101,4110,3,0,10,1,3704
2026|2101|3|0|72|1,2026|2101|4059|3|0|72|1,2|2026|2101|4059|3|0|72|1|3704,2026,2,2101,4059,3,0,72,1,3704
2026|2351|3|0|10|1,2026|2351|4090|3|0|10|1,2|2026|2351|4090|3|0|10|1|1801,2026,2,2351,4090,3,0,10,1,1801
2026|4291|3|0|10|1,2026|4291|2024|3|0|10|1,2|2026|4291|2024|3|0|10|1|3705,2026,2,4291,2024,3,0,10,1,3705
2026|1511|4|0|10|3,2026|1511|4060|4|0|10|3,2|2026|1511|4060|4|0|10|3|5217,2026,2,1511,4060,4,0,10,3,5217
2026|2271|3|0|10|1,2026|2271|4030|3|0|10|1,1|2026|2271|4030|3|0|10|1|3962,2026,1,2271,4030,3,0,10,1,3962
2026|2271|3|0|10|1,2026|2271|4030|3|0|10|1,2|2026|2271|4030|3|0|10|1|3962,2026,2,2271,4030,3,0,10,1,3962
2026|2271|3|0|10|1,2026|2271|4030|3|0|10|1,3|2026|2271|4030|3|0|10|1|3962,2026,3,2271,4030,3,0,10,1,3962
2026|2271|3|0|10|1,2026|2271|4030|3|0|10|1,4|2026|2271|4030|3|0|10|1|3962,2026,4,2271,4030,3,0,10,1,3962
2026|1511|3|0|60|2,2026|1511|4060|3|0|60|2,3|2026|1511|4060|3|0|60|2|3935,2026,3,1511,4060,3,0,60,2,3935
2026|4291|3|0|10|1,2026|4291|2024|3|0|10|1,3|2026|4291|2024|3|0|10|1|1401,2026,3,4291,2024,3,0,10,1,1401
2026|2351|3|0|10|1,2026|2351|4086|3|0|10|1,4|2026|2351|4086|3|0|10|1|3969,2026,4,2351,4086,3,0,10,1,3969
2026|4291|3|0|10|1,2026|4291|2024|3|0|10|1,5|2026|4291|2024|3|0|10|1|3912,2026,5,4291,2024,3,0,10,1,3912
2026|4451|3|0|60|1,2026|4451|4256|3|0|60|1,2|2026|4451|4256|3|0|60|1|3304,2026,2,4451,4256,3,0,60,1,3304
2026|4291|3|0|10|1,2026|4291|2024|3|0|10|1,5|2026|4291|2024|3|0|10|1|1401,2026,5,4291,2024,3,0,10,1,1401
2026|1191|1|0|15|1,2026|1191|2417|1|0|15|1,3|2026|1191|2417|1|0|15|1|1143,2026,3,1191,2417,1,0,15,1,1143
2026|2101|3|0|72|1,2026|2101|4059|3|0|72|1,5|2026|2101|4059|3|0|72|1|3704,2026,5,2101,4059,3,0,72,1,3704
2026|2101|3|0|72|1,2026|2101|4059|3|0|72|1,4|2026|2101|4059|3|0|72|1|3703,2026,4,2101,4059,3,0,72,1,3703
2026|4291|3|0|10|1,2026|4291|2024|3|0|10|1,1|2026|4291|2024|3|0|10|1|3705,2026,1,4291,2024,3,0,10,1,3705
2026|2351|3|0|10|1,2026|2351|4090|3|0|10|1,4|2026|2351|4090|3|0|10|1|1801,2026,4,2351,4090,3,0,10,1,1801
2026|2101|3|0|72|1,2026|2101|2500|3|0|72|1,4|2026|2101|2500|3|0|72|1|3704,2026,4,2101,2500,3,0,72,1,3704
2026|1191|1|0|15|1,2026|1191|2417|1|0|15|1,1|2026|1191|2417|1|0|15|1|1143,2026,1,1191,2417,1,0,15,1,1143
2026|2271|1|0|10|1,2026|2271|2417|1|0|10|1,3|2026|2271|2417|1|0|10|1|1122,2026,3,2271,2417,1,0,10,1,1122
2026|2461|3|0|10|7,2026|2461|2417|3|0|10|7,3|2026|2461|2417|3|0|10|7|4601,2026,3,2461,2417,3,0,10,7,4601
2026|1441|3|0|10|1,2026|1441|4150|3|0|10|1,1|2026|1441|4150|3|0|10|1|3003,2026,1,1441,4150,3,0,10,1,3003
2026|1451|3|0|60|2,2026|1451|4376|3|0|60|2,4|2026|1451|4376|3|0|60|2|3703,2026,4,1451,4376,3,0,60,2,3703
2026|4691|3|0|57|1,2026|4691|2071|3|0|57|1,3|2026|4691|2071|3|0|57|1|3010,2026,3,4691,2071,3,0,57,1,3010
2026|2101|3|0|72|1,2026|2101|4059|3|0|72|1,5|2026|2101|4059|3|0|72|1|3703,2026,5,2101,4059,3,0,72,1,3703
2026|2101|3|0|72|1,2026|2101|4059|3|0|72|1,2|2026|2101|4059|3|0|72|1|3703,2026,2,2101,4059,3,0,72,1,3703
2026|2101|3|0|72|1,2026|2101|4059|3|0|72|1,3|2026|2101|4059|3|0|72|1|3703,2026,3,2101,4059,3,0,72,1,3703
2026|1481|3|0|71|1,2026|1481|4182|3|0|71|1,3|2026|1481|4182|3|0|71|1|3705,2026,3,1481,4182,3,0,71,1,3705
2026|1511|3|0|10|1,2026|1511|4061|3|0|10|1,4|2026|1511|4061|3|0|10|1|3921,2026,4,1511,4061,3,0,10,1,3921
2026|1481|3|0|71|1,2026|1481|4182|3|0|71|1,2|2026|1481|4182|3|0|71|1|3705,2026,2,1481,4182,3,0,71,1,3705
2026|1401|4|0|10|3,2026|1401|4115|4|0|10|3,4|2026|1401|4115|4|0|10|3|9306,2026,4,1401,4115,4,0,10,3,9306
2026|2271|1|0|10|1,2026|2271|2417|1|0|10|1,2|2026|2271|2417|1|0|10|1|1122,2026,2,2271,2417,1,0,10,1,1122
2026|2271|3|0|10|1,2026|2271|4031|3|0|10|1,1|2026|2271|4031|3|0|10|1|3904,2026,1,2271,4031,3,0,10,1,3904
2026|2101|3|0|61|1,2026|2101|4056|3|0|61|1,4|2026|2101|4056|3|0|61|1|3703,2026,4,2101,4056,3,0,61,1,3703
2026|1481|3|0|71|1,2026|1481|4204|3|0|71|1,4|2026|1481|4204|3|0|71|1|3955,2026,4,1481,4204,3,0,71,1,3955
2026|2461|3|0|10|7,2026|2461|2417|3|0|10|7,1|2026|2461|2417|3|0|10|7|4601,2026,1,2461,2417,3,0,10,7,4601
2026|4291|3|0|10|1,2026|4291|2024|3|0|10|1,1|2026|4291|2024|3|0|10|1|1401,2026,1,4291,2024,3,0,10,1,1401
2026|4291|3|0|10|1,2026|4291|4143|3|0|10|1,2|2026|4291|4143|3|0|10|1|3604,2026,2,4291,4143,3,0,10,1,3604
2026|1071|3|0|10|1,2026|1071|4426|3|0|10|1,3|2026|1071|4426|3|0|10|1|1401,2026,3,1071,4426,3,0,10,1,1401
2026|2201|3|0|10|1,2026|2201|4271|3|0|10|1,3|2026|2201|4271|3|0|10|1|1401,2026,3,2201,4271,3,0,10,1,1401
2026|4291|3|0|10|1,2026|4291|4126|3|0|10|1,4|2026|4291|4126|3|0|10|1|3604,2026,4,4291,4126,3,0,10,1,3604
2026|1501|3|0|10|1,2026|1501|4465|3|0|10|1,1|2026|1501|4465|3|0|10|1|3921,2026,1,1501,4465,3,0,10,1,3921
2026|2271|3|0|10|1,2026|2271|4036|3|0|10|1,1|2026|2271|4036|3|0|10|1|3913,2026,1,2271,4036,3,0,10,1,3913
2026|1261|3|0|10|1,2026|1261|2064|3|0|10|1,2|2026|1261|2064|3|0|10|1|3969,2026,2,1261,2064,3,0,10,1,3969
2026|2271|3|0|10|1,2026|2271|4036|3|0|10|1,2|2026|2271|4036|3|0|10|1|3913,2026,2,2271,4036,3,0,10,1,3913
2026|4291|3|0|10|1,2026|4291|2024|3|0|10|1,2|2026|4291|2024|3|0|10|1|3912,2026,2,4291,2024,3,0,10,1,3912
2026|2271|3|0|10|1,2026|2271|4036|3|0|10|1,3|2026|2271|4036|3|0|10|1|3913,2026,3,2271,4036,3,0,10,1,3913
2026|2271|3|0|10|1,2026|2271|4036|3|0|10|1,4|2026|2271|4036|3|0|10|1|3913,2026,4,2271,4036,3,0,10,1,3913
2026|2271|3|0|10|1,2026|2271|4036|3|0|10|1,5|2026|2271|4036|3|0|10|1|3913,2026,5,2271,4036,3,0,10,1,3913
2026|4451|3|0|60|1,2026|4451|4256|3|0|60|1,4|2026|4451|4256|3|0|60|1|3304,2026,4,4451,4256,3,0,60,1,3304
2026|4291|3|0|10|1,2026|4291|2024|3|0|10|1,1|2026|4291|2024|3|0|10|1|3920,2026,1,4291,2024,3,0,10,1,3920
2026|2321|3|0|10|1,2026|2321|4212|3|0|10|1,3|2026|2321|4212|3|0|10|1|4002,2026,3,2321,4212,3,0,10,1,4002
2026|2321|3|0|10|1,2026|2321|4212|3|0|10|1,4|2026|2321|4212|3|0|10|1|4002,2026,4,2321,4212,3,0,10,1,4002
2026|1451|3|0|60|2,2026|1451|4376|3|0|60|2,2|2026|1451|4376|3|0|60|2|3703,2026,2,1451,4376,3,0,60,2,3703
2026|1441|3|0|10|1,2026|1441|4150|3|0|10|1,4|2026|1441|4150|3|0|10|1|3003,2026,4,1441,4150,3,0,10,1,3003
2026|2321|3|0|10|1,2026|2321|4212|3|0|10|1,1|2026|2321|4212|3|0|10|1|4002,2026,1,2321,4212,3,0,10,1,4002
2026|2161|1|0|10|1,2026|2161|2417|1|0|10|1,4|2026|2161|2417|1|0|10|1|1305,2026,4,2161,2417,1,0,10,1,1305
2026|1261|3|0|21|1,2026|1261|2101|3|0|21|1,3|2026|1261|2101|3|0|21|1|4301,2026,3,1261,2101,3,0,21,1,4301
2026|2251|1|0|60|1,2026|2251|2417|1|0|60|1,1|2026|2251|2417|1|0|60|1|1304,2026,1,2251,2417,1,0,60,1,1304
2026|2351|3|0|10|1,2026|2351|4086|3|0|10|1,2|2026|2351|4086|3|0|10|1|3030,2026,2,2351,4086,3,0,10,1,3030
2026|2161|1|0|10|1,2026|2161|2417|1|0|10|1,3|2026|2161|2417|1|0|10|1|1305,2026,3,2161,2417,1,0,10,1,1305
2026|2351|3|0|10|1,2026|2351|4088|3|0|10|1,4|2026|2351|4088|3|0|10|1|1801,2026,4,2351,4088,3,0,10,1,1801
2026|2321|3|0|10|1,2026|2321|4237|3|0|10|1,1|2026|2321|4237|3|0|10|1|3921,2026,1,2321,4237,3,0,10,1,3921
2026|1261|4|1|10|1,2026|1261|4519|4|1|10|1,5|2026|1261|4519|4|1|10|1|5103,2026,5,1261,4519,4,1,10,1,5103
2026|2161|1|0|10|1,2026|2161|2417|1|0|10|1,2|2026|2161|2417|1|0|10|1|1305,2026,2,2161,2417,1,0,10,1,1305
2026|1511|3|0|10|1,2026|1511|4061|3|0|10|1,3|2026|1511|4061|3|0|10|1|3921,2026,3,1511,4061,3,0,10,1,3921
2026|2151|1|0|10|1,2026|2151|4093|1|0|10|1,4|2026|2151|4093|1|0|10|1|1101,2026,4,2151,4093,1,0,10,1,1101
2026|2011|3|0|50|1,2026|2011|2039|3|0|50|1,3|2026|2011|2039|3|0|50|1|3704,2026,3,2011,2039,3,0,50,1,3704
2026|2011|3|0|50|1,2026|2011|2039|3|0|50|1,4|2026|2011|2039|3|0|50|1|3704,2026,4,2011,2039,3,0,50,1,3704
2026|2461|3|0|10|7,2026|2461|2417|3|0|10|7,4|2026|2461|2417|3|0|10|7|4601,2026,4,2461,2417,3,0,10,7,4601
2026|2301|4|0|10|0,2026|2301|4284|4|0|10|0,3|2026|2301|4284|4|0|10|0|3999,2026,3,2301,4284,4,0,10,0,3999
2026|1451|3|0|60|2,2026|1451|4344|3|0|60|2,3|2026|1451|4344|3|0|60|2|1401,2026,3,1451,4344,3,0,60,2,1401
2026|2481|1|0|10|1,2026|2481|4491|1|0|10|1,4|2026|2481|4491|1|0|10|1|1321,2026,4,2481,4491,1,0,10,1,1321
2026|2251|1|0|60|1,2026|2251|2417|1|0|60|1,2|2026|2251|2417|1|0|60|1|1304,2026,2,2251,2417,1,0,60,1,1304
2026|1451|3|1|60|2,2026|1451|4441|3|1|60|2,3|2026|1451|4441|3|1|60|2|3959,2026,3,1451,4441,3,1,60,2,3959
2026|2161|1|0|10|1,2026|2161|2417|1|0|10|1,1|2026|2161|2417|1|0|10|1|1305,2026,1,2161,2417,1,0,10,1,1305
2026|2461|3|0|10|7,2026|2461|2417|3|0|10|7,2|2026|2461|2417|3|0|10|7|4601,2026,2,2461,2417,3,0,10,7,4601
2026|4291|3|0|10|1,2026|4291|2024|3|0|10|1,4|2026|4291|2024|3|0|10|1|1401,2026,4,4291,2024,3,0,10,1,1401
2026|2271|3|0|10|1,2026|2271|2500|3|0|10|1,4|2026|2271|2500|3|0|10|1|3702,2026,4,2271,2500,3,0,10,1,3702
2026|2151|1|0|10|1,2026|2151|4093|1|0|10|1,3|2026|2151|4093|1|0|10|1|1101,2026,3,2151,4093,1,0,10,1,1101
2026|2151|1|0|10|1,2026|2151|4093|1|0|10|1,2|2026|2151|4093|1|0|10|1|1101,2026,2,2151,4093,1,0,10,1,1101
2026|2301|3|0|10|1,2026|2301|4293|3|0|10|1,3|2026|2301|4293|3|0|10|1|3969,2026,3,2301,4293,3,0,10,1,3969
2026|2071|3|0|10|1,2026|2071|4048|3|0|10|1,1|2026|2071|4048|3|0|10|1|4301,2026,1,2071,4048,3,0,10,1,4301
2026|1481|3|0|71|1,2026|1481|4204|3|0|71|1,2|2026|1481|4204|3|0|71|1|3955,2026,2,1481,4204,3,0,71,1,3955
2026|4251|3|0|71|1,2026|4251|4433|3|0|71|1,5|2026|4251|4433|3|0|71|1|3304,2026,5,4251,4433,3,0,71,1,3304
2026|2091|3|0|72|1,2026|2091|2500|3|0|72|1,2|2026|2091|2500|3|0|72|1|3611,2026,2,2091,2500,3,0,72,1,3611
2026|2091|3|0|72|1,2026|2091|2500|3|0|72|1,3|2026|2091|2500|3|0|72|1|3611,2026,3,2091,2500,3,0,72,1,3611
2026|2091|3|0|72|1,2026|2091|2500|3|0|72|1,4|2026|2091|2500|3|0|72|1|3611,2026,4,2091,2500,3,0,72,1,3611
2026|2351|3|0|10|1,2026|2351|4090|3|0|10|1,3|2026|2351|4090|3|0|10|1|1801,2026,3,2351,4090,3,0,10,1,1801
2026|2301|4|0|10|0,2026|2301|4284|4|0|10|0,2|2026|2301|4284|4|0|10|0|3999,2026,2,2301,4284,4,0,10,0,3999
2026|1221|1|0|10|1,2026|1221|2417|1|0|10|1,1|2026|1221|2417|1|0|10|1|1144,2026,1,1221,2417,1,0,10,1,1144
2026|1511|3|0|60|2,2026|1511|4060|3|0|60|2,3|2026|1511|4060|3|0|60|2|3969,2026,3,1511,4060,3,0,60,2,3969
2026|2151|1|0|10|1,2026|2151|4093|1|0|10|1,1|2026|2151|4093|1|0|10|1|1101,2026,1,2151,4093,1,0,10,1,1101
2026|1071|3|0|10|1,2026|1071|4426|3|0|10|1,2|2026|1071|4426|3|0|10|1|1401,2026,2,1071,4426,3,0,10,1,1401
2026|1521|3|0|10|1,2026|1521|4309|3|0|10|1,4|2026|1521|4309|3|0|10|1|4003,2026,4,1521,4309,3,0,10,1,4003
2026|4291|3|0|10|1,2026|4291|2024|3|0|10|1,4|2026|4291|2024|3|0|10|1|3920,2026,4,4291,2024,3,0,10,1,3920
2026|2271|3|0|10|1,2026|2271|4030|3|0|10|1,2|2026|2271|4030|3|0|10|1|4904,2026,2,2271,4030,3,0,10,1,4904
2026|1221|1|0|10|1,2026|1221|2417|1|0|10|1,4|2026|1221|2417|1|0|10|1|1144,2026,4,1221,2417,1,0,10,1,1144
2026|2351|3|0|10|1,2026|2351|4087|3|0|10|1,4|2026|2351|4087|3|0|10|1|1801,2026,4,2351,4087,3,0,10,1,1801
2026|1071|3|0|10|1,2026|1071|4426|3|0|10|1,4|2026|1071|4426|3|0|10|1|1401,2026,4,1071,4426,3,0,10,1,1401
2026|2301|3|0|10|1,2026|2301|4293|3|0|10|1,2|2026|2301|4293|3|0|10|1|3705,2026,2,2301,4293,3,0,10,1,3705
2026|1221|1|0|10|1,2026|1221|2417|1|0|10|1,2|2026|1221|2417|1|0|10|1|1144,2026,2,1221,2417,1,0,10,1,1144
2026|2011|3|0|50|1,2026|2011|2039|3|0|50|1,1|2026|2011|2039|3|0|50|1|3704,2026,1,2011,2039,3,0,50,1,3704
2026|2101|3|0|61|1,2026|2101|4056|3|0|61|1,2|2026|2101|4056|3|0|61|1|3703,2026,2,2101,4056,3,0,61,1,3703
2026|2101|3|0|61|1,2026|2101|4056|3|0|61|1,3|2026|2101|4056|3|0|61|1|3703,2026,3,2101,4056,3,0,61,1,3703
2026|2101|3|0|72|1,2026|2101|2500|3|0|72|1,3|2026|2101|2500|3|0|72|1|3704,2026,3,2101,2500,3,0,72,1,3704
2026|1231|1|1|71|1,2026|1231|4363|1|1|71|1,4|2026|1231|4363|1|1|71|1|1146,2026,4,1231,4363,1,1,71,1,1146
2026|1511|3|0|10|1,2026|1511|4066|3|0|10|1,4|2026|1511|4066|3|0|10|1|3904,2026,4,1511,4066,3,0,10,1,3904
2026|1221|1|0|10|1,2026|1221|2417|1|0|10|1,3|2026|1221|2417|1|0|10|1|1144,2026,3,1221,2417,1,0,10,1,1144
2026|1481|3|0|71|1,2026|1481|4154|3|0|71|1,2|2026|1481|4154|3|0|71|1|3704,2026,2,1481,4154,3,0,71,1,3704
2026|1481|3|0|71|1,2026|1481|4154|3|0|71|1,3|2026|1481|4154|3|0|71|1|3704,2026,3,1481,4154,3,0,71,1,3704
2026|2271|1|0|10|1,2026|2271|2417|1|0|10|1,1|2026|2271|2417|1|0|10|1|1122,2026,1,2271,2417,1,0,10,1,1122
2026|2351|3|0|10|1,2026|2351|4086|3|0|10|1,2|2026|2351|4086|3|0|10|1|3969,2026,2,2351,4086,3,0,10,1,3969
2026|2271|3|0|10|1,2026|2271|4030|3|0|10|1,1|2026|2271|4030|3|0|10|1|3608,2026,1,2271,4030,3,0,10,1,3608
2026|1261|3|0|21|1,2026|1261|2101|3|0|21|1,1|2026|1261|2101|3|0|21|1|4301,2026,1,1261,2101,3,0,21,1,4301
2026|4551|3|0|10|1,2026|4551|4404|3|0|10|1,2|2026|4551|4404|3|0|10|1|811,2026,2,4551,4404,3,0,10,1,811
2026|2011|3|0|50|1,2026|2011|4230|3|0|50|1,4|2026|2011|4230|3|0|50|1|3921,2026,4,2011,4230,3,0,50,1,3921
2026|1191|3|0|10|1,2026|1191|4079|3|0|10|1,2|2026|1191|4079|3|0|10|1|3969,2026,2,1191,4079,3,0,10,1,3969
2026|1511|3|0|10|1,2026|1511|4061|3|0|10|1,2|2026|1511|4061|3|0|10|1|3921,2026,2,1511,4061,3,0,10,1,3921
2026|2471|1|0|10|1,2026|2471|2417|1|0|10|1,4|2026|2471|2417|1|0|10|1|1304,2026,4,2471,2417,1,0,10,1,1304
2026|4251|3|0|71|1,2026|4251|4433|3|0|71|1,1|2026|4251|4433|3|0|71|1|3304,2026,1,4251,4433,3,0,71,1,3304
2026|1071|3|0|10|1,2026|1071|4426|3|0|10|1,1|2026|1071|4426|3|0|10|1|1401,2026,1,1071,4426,3,0,10,1,1401
2026|1231|1|1|71|1,2026|1231|4363|1|1|71|1,1|2026|1231|4363|1|1|71|1|1146,2026,1,1231,4363,1,1,71,1,1146
2026|1231|1|1|71|1,2026|1231|4363|1|1|71|1,2|2026|1231|4363|1|1|71|1|1146,2026,2,1231,4363,1,1,71,1,1146
2026|1231|1|1|71|1,2026|1231|4363|1|1|71|1,3|2026|1231|4363|1|1|71|1|1146,2026,3,1231,4363,1,1,71,1,1146
2026|2351|3|0|10|1,2026|2351|4087|3|0|10|1,1|2026|2351|4087|3|0|10|1|3304,2026,1,2351,4087,3,0,10,1,3304
2026|1261|3|0|10|1,2026|1261|2064|3|0|10|1,1|2026|1261|2064|3|0|10|1|1401,2026,1,1261,2064,3,0,10,1,1401
2026|2201|3|0|10|1,2026|2201|4271|3|0|10|1,1|2026|2201|4271|3|0|10|1|1401,2026,1,2201,4271,3,0,10,1,1401
2026|1721|3|0|10|1,2026|1721|2500|3|0|10|1,2|2026|1721|2500|3|0|10|1|3304,2026,2,1721,2500,3,0,10,1,3304
2026|4291|3|0|10|1,2026|4291|4126|3|0|10|1,2|2026|4291|4126|3|0|10|1|3604,2026,2,4291,4126,3,0,10,1,3604
2026|1261|3|0|10|1,2026|1261|2064|3|0|10|1,3|2026|1261|2064|3|0|10|1|1401,2026,3,1261,2064,3,0,10,1,1401
2026|1191|3|0|29|1,2026|1191|4082|3|0|29|1,5|2026|1191|4082|3|0|29|1|3701,2026,5,1191,4082,3,0,29,1,3701
2026|2271|3|0|10|1,2026|2271|2500|3|0|10|1,1|2026|2271|2500|3|0|10|1|3913,2026,1,2271,2500,3,0,10,1,3913
2026|2271|3|0|10|1,2026|2271|2500|3|0|10|1,2|2026|2271|2500|3|0|10|1|3913,2026,2,2271,2500,3,0,10,1,3913
2026|1481|3|0|71|1,2026|1481|4182|3|0|71|1,4|2026|1481|4182|3|0|71|1|3705,2026,4,1481,4182,3,0,71,1,3705
2026|2041|1|0|60|1,2026|2041|2417|1|0|60|1,4|2026|2041|2417|1|0|60|1|1117,2026,4,2041,2417,1,0,60,1,1117
2026|2471|1|0|10|1,2026|2471|2417|1|0|10|1,2|2026|2471|2417|1|0|10|1|1304,2026,2,2471,2417,1,0,10,1,1304
2026|1721|3|0|10|1,2026|1721|2500|3|0|10|1,3|2026|1721|2500|3|0|10|1|3304,2026,3,1721,2500,3,0,10,1,3304
2026|1221|3|0|32|1,2026|1221|1073|3|0|32|1,4|2026|1221|1073|3|0|32|1|1401,2026,4,1221,1073,3,0,32,1,1401
2026|2271|3|0|10|1,2026|2271|4030|3|0|10|1,1|2026|2271|4030|3|0|10|1|3010,2026,1,2271,4030,3,0,10,1,3010
2026|1371|4|0|9|1,2026|1371|2500|4|0|9|1,3|2026|1371|2500|4|0|9|1|5225,2026,3,1371,2500,4,0,9,1,5225
2026|2471|1|0|10|1,2026|2471|2417|1|0|10|1,1|2026|2471|2417|1|0|10|1|1304,2026,1,2471,2417,1,0,10,1,1304
2026|2471|1|0|10|1,2026|2471|2417|1|0|10|1,3|2026|2471|2417|1|0|10|1|1304,2026,3,2471,2417,1,0,10,1,1304
2026|2071|3|0|10|1,2026|2071|4048|3|0|10|1,1|2026|2071|4048|3|0|10|1|1801,2026,1,2071,4048,3,0,10,1,1801
2026|2351|3|0|10|1,2026|2351|4088|3|0|10|1,2|2026|2351|4088|3|0|10|1|1801,2026,2,2351,4088,3,0,10,1,1801
2026|2071|3|0|10|1,2026|2071|4048|3|0|10|1,3|2026|2071|4048|3|0|10|1|1801,2026,3,2071,4048,3,0,10,1,1801
2026|2071|3|0|10|1,2026|2071|4048|3|0|10|1,4|2026|2071|4048|3|0|10|1|1801,2026,4,2071,4048,3,0,10,1,1801
2026|1371|3|0|72|1,2026|1371|4028|3|0|72|1,3|2026|1371|4028|3|0|72|1|1401,2026,3,1371,4028,3,0,72,1,1401
2026|1071|3|0|10|1,2026|1071|4426|3|0|10|1,5|2026|1071|4426|3|0|10|1|1401,2026,5,1071,4426,3,0,10,1,1401
2026|2271|3|0|10|1,2026|2271|4030|3|0|10|1,3|2026|2271|4030|3|0|10|1|4904,2026,3,2271,4030,3,0,10,1,4904
2026|2041|1|0|60|1,2026|2041|2417|1|0|60|1,1|2026|2041|2417|1|0|60|1|1117,2026,1,2041,2417,1,0,60,1,1117
2026|2041|1|0|60|1,2026|2041|2417|1|0|60|1,2|2026|2041|2417|1|0|60|1|1117,2026,2,2041,2417,1,0,60,1,1117
2026|2041|1|0|60|1,2026|2041|2417|1|0|60|1,3|2026|2041|2417|1|0|60|1|1117,2026,3,2041,2417,1,0,60,1,1117
2026|2271|3|0|68|1,2026|2271|2500|3|0|68|1,2|2026|2271|2500|3|0|68|1|1401,2026,2,2271,2500,3,0,68,1,1401
2026|2271|3|0|10|1,2026|2271|4030|3|0|10|1,4|2026|2271|4030|3|0|10|1|4904,2026,4,2271,4030,3,0,10,1,4904
2026|1251|1|0|10|1,2026|1251|2500|1|0|10|1,4|2026|1251|2500|1|0|10|1|1207,2026,4,1251,2500,1,0,10,1,1207
2026|2171|3|0|10|1,2026|2171|2500|3|0|10|1,4|2026|2171|2500|3|0|10|1|4003,2026,4,2171,2500,3,0,10,1,4003
2026|2091|3|0|72|1,2026|2091|2500|3|0|72|1,2|2026|2091|2500|3|0|72|1|3703,2026,2,2091,2500,3,0,72,1,3703
2026|2351|3|0|10|1,2026|2351|4087|3|0|10|1,2|2026|2351|4087|3|0|10|1|1801,2026,2,2351,4087,3,0,10,1,1801
2026|1511|3|0|60|2,2026|1511|4060|3|0|60|2,4|2026|1511|4060|3|0|60|2|3611,2026,4,1511,4060,3,0,60,2,3611
2026|1511|3|0|60|2,2026|1511|4060|3|0|60|2,4|2026|1511|4060|3|0|60|2|3969,2026,4,1511,4060,3,0,60,2,3969
2026|2371|3|0|91|1,2026|2371|4202|3|0|91|1,3|2026|2371|4202|3|0|91|1|1401,2026,3,2371,4202,3,0,91,1,1401
2026|2271|3|0|10|1,2026|2271|4030|3|0|10|1,1|2026|2271|4030|3|0|10|1|4904,2026,1,2271,4030,3,0,10,1,4904
2026|2271|1|0|10|1,2026|2271|2417|1|0|10|1,4|2026|2271|2417|1|0|10|1|1122,2026,4,2271,2417,1,0,10,1,1122
2026|2091|3|0|72|1,2026|2091|2500|3|0|72|1,4|2026|2091|2500|3|0|72|1|3703,2026,4,2091,2500,3,0,72,1,3703
2026|4291|3|0|10|1,2026|4291|2024|3|0|10|1,2|2026|4291|2024|3|0|10|1|1401,2026,2,4291,2024,3,0,10,1,1401
2026|1711|3|0|10|1,2026|1711|2001|3|0|10|1,2|2026|1711|2001|3|0|10|1|3952,2026,2,1711,2001,3,0,10,1,3952
2026|2271|3|0|10|1,2026|2271|4031|3|0|10|1,1|2026|2271|4031|3|0|10|1|3929,2026,1,2271,4031,3,0,10,1,3929
2026|1451|3|1|60|2,2026|1451|4441|3|1|60|2,2|2026|1451|4441|3|1|60|2|3959,2026,2,1451,4441,3,1,60,2,3959
2026|2271|3|0|10|1,2026|2271|2500|3|0|10|1,2|2026|2271|2500|3|0|10|1|3702,2026,2,2271,2500,3,0,10,1,3702
2026|1251|3|0|60|2,2026|1251|4374|3|0|60|2,2|2026|1251|4374|3|0|60|2|3701,2026,2,1251,4374,3,0,60,2,3701
2026|1251|3|0|60|2,2026|1251|4374|3|0|60|2,3|2026|1251|4374|3|0|60|2|3701,2026,3,1251,4374,3,0,60,2,3701
2026|1251|3|0|60|2,2026|1251|4374|3|0|60|2,4|2026|1251|4374|3|0|60|2|3701,2026,4,1251,4374,3,0,60,2,3701
2026|2061|1|0|10|1,2026|2061|2417|1|0|10|1,4|2026|2061|2417|1|0|10|1|701,2026,4,2061,2417,1,0,10,1,701
2026|2301|4|0|10|1,2026|2301|2500|4|0|10|1,4|2026|2301|2500|4|0|10|1|9202,2026,4,2301,2500,4,0,10,1,9202
2026|2271|3|0|10|1,2026|2271|2500|3|0|10|1,1|2026|2271|2500|3|0|10|1|3304,2026,1,2271,2500,3,0,10,1,3304
2026|4291|3|0|92|1,2026|4291|4143|3|0|92|1,3|2026|4291|4143|3|0|92|1|3631,2026,3,4291,4143,3,0,92,1,3631
2026|1511|3|0|60|2,2026|1511|4060|3|0|60|2,2|2026|1511|4060|3|0|60|2|3611,2026,2,1511,4060,3,0,60,2,3611
2026|1511|3|0|60|2,2026|1511|4060|3|0|60|2,3|2026|1511|4060|3|0|60|2|3611,2026,3,1511,4060,3,0,60,2,3611
2026|1511|3|0|60|2,2026|1511|4060|3|0|60|2,5|2026|1511|4060|3|0|60|2|3969,2026,5,1511,4060,3,0,60,2,3969
2026|2211|1|0|10|1,2026|2211|2417|1|0|10|1,4|2026|2211|2417|1|0|10|1|1321,2026,4,2211,2417,1,0,10,1,1321
2026|2101|3|0|72|1,2026|2101|2500|3|0|72|1,2|2026|2101|2500|3|0|72|1|3704,2026,2,2101,2500,3,0,72,1,3704
2026|2301|3|0|10|1,2026|2301|4293|3|0|10|1,2|2026|2301|4293|3|0|10|1|3704,2026,2,2301,4293,3,0,10,1,3704
2026|2321|3|0|10|1,2026|2321|4222|3|0|10|1,3|2026|2321|4222|3|0|10|1|3612,2026,3,2321,4222,3,0,10,1,3612
2026|1191|3|0|10|1,2026|1191|4082|3|0|10|1,1|2026|1191|4082|3|0|10|1|3920,2026,1,1191,4082,3,0,10,1,3920
2026|2351|3|0|10|1,2026|2351|4087|3|0|10|1,4|2026|2351|4087|3|0|10|1|3304,2026,4,2351,4087,3,0,10,1,3304
2026|2211|1|0|10|1,2026|2211|2417|1|0|10|1,2|2026|2211|2417|1|0|10|1|1321,2026,2,2211,2417,1,0,10,1,1321
2026|2301|3|0|10|1,2026|2301|4293|3|0|10|1,2|2026|2301|4293|3|0|10|1|3921,2026,2,2301,4293,3,0,10,1,3921
2026|2211|1|0|10|1,2026|2211|2417|1|0|10|1,3|2026|2211|2417|1|0|10|1|1321,2026,3,2211,2417,1,0,10,1,1321
2026|2351|3|0|10|1,2026|2351|2500|3|0|10|1,2|2026|2351|2500|3|0|10|1|1801,2026,2,2351,2500,3,0,10,1,1801
2026|2351|3|0|10|1,2026|2351|4088|3|0|10|1,3|2026|2351|4088|3|0|10|1|1801,2026,3,2351,4088,3,0,10,1,1801
2026|4341|3|0|31|1,2026|4341|4263|3|0|31|1,4|2026|4341|4263|3|0|31|1|3604,2026,4,4341,4263,3,0,31,1,3604
2026|1261|3|0|10|1,2026|1261|2064|3|0|10|1,1|2026|1261|2064|3|0|10|1|3969,2026,1,1261,2064,3,0,10,1,3969
2026|2211|1|0|10|1,2026|2211|2417|1|0|10|1,1|2026|2211|2417|1|0|10|1|1321,2026,1,2211,2417,1,0,10,1,1321
2026|2371|3|0|91|1,2026|2371|4317|3|0|91|1,4|2026|2371|4317|3|0|91|1|3906,2026,4,2371,4317,3,0,91,1,3906
2026|2101|3|0|72|1,2026|2101|2500|3|0|72|1,5|2026|2101|2500|3|0|72|1|3704,2026,5,2101,2500,3,0,72,1,3704
2026|2091|3|0|72|1,2026|2091|2500|3|0|72|1,5|2026|2091|2500|3|0|72|1|3705,2026,5,2091,2500,3,0,72,1,3705
2026|2301|3|0|10|1,2026|2301|2500|3|0|10|1,4|2026|2301|2500|3|0|10|1|3969,2026,4,2301,2500,3,0,10,1,3969
2026|4291|3|0|10|1,2026|4291|2024|3|0|10|1,3|2026|4291|2024|3|0|10|1|3919,2026,3,4291,2024,3,0,10,1,3919
2026|4291|3|0|92|1,2026|4291|4121|3|0|92|1,3|2026|4291|4121|3|0|92|1|3921,2026,3,4291,4121,3,0,92,1,3921
2026|2321|3|0|10|1,2026|2321|4212|3|0|10|1,2|2026|2321|4212|3|0|10|1|3921,2026,2,2321,4212,3,0,10,1,3921
2026|1191|3|0|10|1,2026|1191|2019|3|0|10|1,4|2026|1191|2019|3|0|10|1|9399,2026,4,1191,2019,3,0,10,1,9399
2026|1521|3|0|10|1,2026|1521|4309|3|0|10|1,1|2026|1521|4309|3|0|10|1|4003,2026,1,1521,4309,3,0,10,1,4003
2026|1521|3|0|10|1,2026|1521|4309|3|0|10|1,2|2026|1521|4309|3|0|10|1|4003,2026,2,1521,4309,3,0,10,1,4003
2026|1521|3|0|10|1,2026|1521|4309|3|0|10|1,3|2026|1521|4309|3|0|10|1|4003,2026,3,1521,4309,3,0,10,1,4003
2026|2061|1|0|10|1,2026|2061|2417|1|0|10|1,1|2026|2061|2417|1|0|10|1|701,2026,1,2061,2417,1,0,10,1,701
2026|1231|3|0|10|1,2026|1231|2500|3|0|10|1,1|2026|1231|2500|3|0|10|1|3704,2026,1,1231,2500,3,0,10,1,3704
2026|2271|3|0|10|1,2026|2271|4034|3|0|10|1,1|2026|2271|4034|3|0|10|1|3919,2026,1,2271,4034,3,0,10,1,3919
2026|2271|3|0|10|1,2026|2271|4034|3|0|10|1,2|2026|2271|4034|3|0|10|1|3919,2026,2,2271,4034,3,0,10,1,3919
2026|2271|3|0|10|1,2026|2271|4034|3|0|10|1,4|2026|2271|4034|3|0|10|1|3919,2026,4,2271,4034,3,0,10,1,3919
2026|2271|3|0|10|1,2026|2271|4034|3|0|10|1,3|2026|2271|4034|3|0|10|1|3919,2026,3,2271,4034,3,0,10,1,3919
2026|1451|3|0|10|1,2026|1451|4353|3|0|10|1,2|2026|1451|4353|3|0|10|1|3705,2026,2,1451,4353,3,0,10,1,3705
2026|2061|1|0|10|1,2026|2061|2417|1|0|10|1,2|2026|2061|2417|1|0|10|1|701,2026,2,2061,2417,1,0,10,1,701
2026|2061|1|0|10|1,2026|2061|2417|1|0|10|1,3|2026|2061|2417|1|0|10|1|701,2026,3,2061,2417,1,0,10,1,701
2026|1191|3|0|10|1,2026|1191|4079|3|0|10|1,3|2026|1191|4079|3|0|10|1|3969,2026,3,1191,4079,3,0,10,1,3969
2026|1191|3|0|10|1,2026|1191|4079|3|0|10|1,4|2026|1191|4079|3|0|10|1|3969,2026,4,1191,4079,3,0,10,1,3969
2026|2371|3|0|91|1,2026|2371|2500|3|0|91|1,2|2026|2371|2500|3|0|91|1|4005,2026,2,2371,2500,3,0,91,1,4005
2026|2011|3|0|50|1,2026|2011|2039|3|0|50|1,4|2026|2011|2039|3|0|50|1|3611,2026,4,2011,2039,3,0,50,1,3611
2026|1451|3|0|60|2,2026|1451|4344|3|0|60|2,2|2026|1451|4344|3|0|60|2|1401,2026,2,1451,4344,3,0,60,2,1401
2026|2091|3|0|72|1,2026|2091|2500|3|0|72|1,1|2026|2091|2500|3|0|72|1|3705,2026,1,2091,2500,3,0,72,1,3705
2026|2091|3|0|72|1,2026|2091|2500|3|0|72|1,4|2026|2091|2500|3|0|72|1|3705,2026,4,2091,2500,3,0,72,1,3705
2026|1221|3|0|32|1,2026|1221|1073|3|0|32|1,1|2026|1221|1073|3|0|32|1|1401,2026,1,1221,1073,3,0,32,1,1401
2026|1371|3|0|72|1,2026|1371|4028|3|0|72|1,1|2026|1371|4028|3|0|72|1|1401,2026,1,1371,4028,3,0,72,1,1401
2026|1221|3|0|32|1,2026|1221|1073|3|0|32|1,2|2026|1221|1073|3|0|32|1|1401,2026,2,1221,1073,3,0,32,1,1401
2026|4341|3|0|31|1,2026|4341|4263|3|0|31|1,3|2026|4341|4263|3|0|31|1|3604,2026,3,4341,4263,3,0,31,1,3604
2026|1711|3|0|10|1,2026|1711|2001|3|0|10|1,3|2026|1711|2001|3|0|10|1|3952,2026,3,1711,2001,3,0,10,1,3952
2026|2271|3|0|10|1,2026|2271|4031|3|0|10|1,3|2026|2271|4031|3|0|10|1|3929,2026,3,2271,4031,3,0,10,1,3929
2026|2271|3|0|10|1,2026|2271|4031|3|0|10|1,4|2026|2271|4031|3|0|10|1|3929,2026,4,2271,4031,3,0,10,1,3929
2026|2271|3|0|10|1,2026|2271|4031|3|0|10|1,5|2026|2271|4031|3|0|10|1|3929,2026,5,2271,4031,3,0,10,1,3929
2026|1191|3|0|29|1,2026|1191|4082|3|0|29|1,1|2026|1191|4082|3|0|29|1|3701,2026,1,1191,4082,3,0,29,1,3701
2026|1191|3|0|29|1,2026|1191|4082|3|0|29|1,2|2026|1191|4082|3|0|29|1|3701,2026,2,1191,4082,3,0,29,1,3701
2026|1191|3|0|29|1,2026|1191|4082|3|0|29|1,3|2026|1191|4082|3|0|29|1|3701,2026,3,1191,4082,3,0,29,1,3701
2026|2271|3|0|10|1,2026|2271|2500|3|0|10|1,5|2026|2271|2500|3|0|10|1|3913,2026,5,2271,2500,3,0,10,1,3913
2026|2091|3|0|72|1,2026|2091|2500|3|0|72|1,2|2026|2091|2500|3|0|72|1|3705,2026,2,2091,2500,3,0,72,1,3705
2026|2371|3|0|91|1,2026|2371|4317|3|0|91|1,2|2026|2371|4317|3|0|91|1|3906,2026,2,2371,4317,3,0,91,1,3906
2026|2271|3|0|10|1,2026|2271|2500|3|0|10|1,1|2026|2271|2500|3|0|10|1|3702,2026,1,2271,2500,3,0,10,1,3702
2026|2091|3|0|72|1,2026|2091|2500|3|0|72|1,3|2026|2091|2500|3|0|72|1|3705,2026,3,2091,2500,3,0,72,1,3705
2026|1251|3|0|60|2,2026|1251|4365|3|0|60|2,2|2026|1251|4365|3|0|60|2|3611,2026,2,1251,4365,3,0,60,2,3611
2026|1251|3|0|60|2,2026|1251|4365|3|0|60|2,3|2026|1251|4365|3|0|60|2|3611,2026,3,1251,4365,3,0,60,2,3611
2026|1251|3|0|60|2,2026|1251|4365|3|0|60|2,4|2026|1251|4365|3|0|60|2|3611,2026,4,1251,4365,3,0,60,2,3611
2026|2251|3|0|60|1,2026|2251|4051|3|0|60|1,4|2026|2251|4051|3|0|60|1|3931,2026,4,2251,4051,3,0,60,1,3931
2026|2271|3|0|10|1,2026|2271|4032|3|0|10|1,1|2026|2271|4032|3|0|10|1|3919,2026,1,2271,4032,3,0,10,1,3919
2026|2271|3|0|10|1,2026|2271|4032|3|0|10|1,2|2026|2271|4032|3|0|10|1|3919,2026,2,2271,4032,3,0,10,1,3919
2026|2271|3|0|10|1,2026|2271|4032|3|0|10|1,3|2026|2271|4032|3|0|10|1|3919,2026,3,2271,4032,3,0,10,1,3919
2026|2271|3|0|10|1,2026|2271|4032|3|0|10|1,4|2026|2271|4032|3|0|10|1|3919,2026,4,2271,4032,3,0,10,1,3919
2026|2271|3|0|10|1,2026|2271|4032|3|0|10|1,5|2026|2271|4032|3|0|10|1|3919,2026,5,2271,4032,3,0,10,1,3919
2026|2271|3|0|10|1,2026|2271|2500|3|0|10|1,3|2026|2271|2500|3|0|10|1|3702,2026,3,2271,2500,3,0,10,1,3702
2026|2091|3|0|72|1,2026|2091|2500|3|0|72|1,3|2026|2091|2500|3|0|72|1|3703,2026,3,2091,2500,3,0,72,1,3703
2026|2301|3|0|10|1,2026|2301|4293|3|0|10|1,3|2026|2301|4293|3|0|10|1|1401,2026,3,2301,4293,3,0,10,1,1401
2026|2301|3|0|10|9,2026|2301|7004|3|0|10|9,1|2026|2301|7004|3|0|10|9|9103,2026,1,2301,7004,3,0,10,9,9103
2026|2301|3|0|10|1,2026|2301|4293|3|0|10|1,4|2026|2301|4293|3|0|10|1|3921,2026,4,2301,4293,3,0,10,1,3921
2026|2011|3|0|50|1,2026|2011|2039|3|0|50|1,2|2026|2011|2039|3|0|50|1|3705,2026,2,2011,2039,3,0,50,1,3705
2026|2011|4|0|50|1,2026|2011|4231|4|0|50|1,1|2026|2011|4231|4|0|50|1|5214,2026,1,2011,4231,4,0,50,1,5214
2026|2301|3|0|10|1,2026|2301|4530|3|0|10|1,2|2026|2301|4530|3|0|10|1|1401,2026,2,2301,4530,3,0,10,1,1401
2026|1711|3|0|10|1,2026|1711|2001|3|0|10|1,5|2026|1711|2001|3|0|10|1|3952,2026,5,1711,2001,3,0,10,1,3952
2026|4451|3|0|60|1,2026|4451|4256|3|0|60|1,1|2026|4451|4256|3|0|60|1|3304,2026,1,4451,4256,3,0,60,1,3304
2026|4711|1|0|10|1,2026|4711|7017|1|0|10|1,4|2026|4711|7017|1|0|10|1|1322,2026,4,4711,7017,1,0,10,1,1322
2026|1261|3|0|10|1,2026|1261|2064|3|0|10|1,1|2026|1261|2064|3|0|10|1|4707,2026,1,1261,2064,3,0,10,1,4707
2026|4291|3|0|10|1,2026|4291|4148|3|0|10|1,2|2026|4291|4148|3|0|10|1|4101,2026,2,4291,4148,3,0,10,1,4101
2026|2371|3|0|91|1,2026|2371|4440|3|0|91|1,4|2026|2371|4440|3|0|91|1|1401,2026,4,2371,4440,3,0,91,1,1401
2026|2101|3|0|72|1,2026|2101|2500|3|0|72|1,2|2026|2101|2500|3|0|72|1|3703,2026,2,2101,2500,3,0,72,1,3703
2026|2101|3|0|72|1,2026|2101|2500|3|0|72|1,3|2026|2101|2500|3|0|72|1|3703,2026,3,2101,2500,3,0,72,1,3703
2026|2101|3|0|72|1,2026|2101|2500|3|0|72|1,4|2026|2101|2500|3|0|72|1|3703,2026,4,2101,2500,3,0,72,1,3703
2026|4711|1|0|10|1,2026|4711|7017|1|0|10|1,1|2026|4711|7017|1|0|10|1|1322,2026,1,4711,7017,1,0,10,1,1322
2026|4711|1|0|10|1,2026|4711|7017|1|0|10|1,2|2026|4711|7017|1|0|10|1|1322,2026,2,4711,7017,1,0,10,1,1322
2026|4711|1|0|10|1,2026|4711|7017|1|0|10|1,3|2026|4711|7017|1|0|10|1|1322,2026,3,4711,7017,1,0,10,1,1322
2026|2351|3|0|10|1,2026|2351|4087|3|0|10|1,3|2026|2351|4087|3|0|10|1|1801,2026,3,2351,4087,3,0,10,1,1801
2026|1261|3|0|10|1,2026|1261|2128|3|0|10|1,1|2026|1261|2128|3|0|10|1|3604,2026,1,1261,2128,3,0,10,1,3604
2026|4291|3|0|10|1,2026|4291|2024|3|0|10|1,1|2026|4291|2024|3|0|10|1|3919,2026,1,4291,2024,3,0,10,1,3919
2026|2351|3|0|10|1,2026|2351|4086|3|0|10|1,2|2026|2351|4086|3|0|10|1|3921,2026,2,2351,4086,3,0,10,1,3921
2026|4451|3|0|60|1,2026|4451|4256|3|0|60|1,2|2026|4451|4256|3|0|60|1|3601,2026,2,4451,4256,3,0,60,1,3601
2026|2301|3|0|10|1,2026|2301|4293|3|0|10|1,5|2026|2301|4293|3|0|10|1|3705,2026,5,2301,4293,3,0,10,1,3705
2026|1511|3|0|60|2,2026|1511|4065|3|0|60|2,3|2026|1511|4065|3|0|60|2|1401,2026,3,1511,4065,3,0,60,2,1401
2026|4291|3|0|10|1,2026|4291|4458|3|0|10|1,2|2026|4291|4458|3|0|10|1|3919,2026,2,4291,4458,3,0,10,1,3919
2026|1451|3|0|60|2,2026|1451|4438|3|0|60|2,2|2026|1451|4438|3|0|60|2|3705,2026,2,1451,4438,3,0,60,2,3705
2026|2011|3|0|50|1,2026|2011|4230|3|0|50|1,1|2026|2011|4230|3|0|50|1|3921,2026,1,2011,4230,3,0,50,1,3921
2026|2011|3|0|50|1,2026|2011|4230|3|0|50|1,2|2026|2011|4230|3|0|50|1|3921,2026,2,2011,4230,3,0,50,1,3921
2026|2011|3|0|50|1,2026|2011|4230|3|0|50|1,3|2026|2011|4230|3|0|50|1|3921,2026,3,2011,4230,3,0,50,1,3921
2026|1101|1|0|10|1,2026|1101|2417|1|0|10|1,4|2026|1101|2417|1|0|10|1|1144,2026,4,1101,2417,1,0,10,1,1144
2026|2371|3|0|91|1,2026|2371|2500|3|0|91|1,4|2026|2371|2500|3|0|91|1|4005,2026,4,2371,2500,3,0,91,1,4005
2026|4251|3|0|71|1,2026|4251|4433|3|0|71|1,3|2026|4251|4433|3|0|71|1|3304,2026,3,4251,4433,3,0,71,1,3304
2026|2271|3|0|10|1,2026|2271|4036|3|0|10|1,3|2026|2271|4036|3|0|10|1|3024,2026,3,2271,4036,3,0,10,1,3024
2026|2011|3|0|50|1,2026|2011|2039|3|0|50|1,2|2026|2011|2039|3|0|50|1|3611,2026,2,2011,2039,3,0,50,1,3611
2026|4291|3|0|10|1,2026|4291|2024|3|0|10|1,1|2026|4291|2024|3|0|10|1|3960,2026,1,4291,2024,3,0,10,1,3960
2026|1711|3|0|10|1,2026|1711|2001|3|0|10|1,1|2026|1711|2001|3|0|10|1|3952,2026,1,1711,2001,3,0,10,1,3952
2026|2101|3|0|72|1,2026|2101|2500|3|0|72|1,2|2026|2101|2500|3|0|72|1|3913,2026,2,2101,2500,3,0,72,1,3913
2026|1101|1|0|10|1,2026|1101|2417|1|0|10|1,1|2026|1101|2417|1|0|10|1|1144,2026,1,1101,2417,1,0,10,1,1144
2026|1101|1|0|10|1,2026|1101|2417|1|0|10|1,3|2026|1101|2417|1|0|10|1|1144,2026,3,1101,2417,1,0,10,1,1144
2026|1101|1|0|10|1,2026|1101|2417|1|0|10|1,2|2026|1101|2417|1|0|10|1|1144,2026,2,1101,2417,1,0,10,1,1144
2026|2481|1|0|10|1,2026|2481|4491|1|0|10|1,3|2026|2481|4491|1|0|10|1|1321,2026,3,2481,4491,1,0,10,1,1321
2026|2301|3|0|10|1,2026|2301|4293|3|0|10|1,5|2026|2301|4293|3|0|10|1|4707,2026,5,2301,4293,3,0,10,1,4707
2026|2301|3|0|10|1,2026|2301|4293|3|0|10|1,5|2026|2301|4293|3|0|10|1|3921,2026,5,2301,4293,3,0,10,1,3921
2026|1511|3|0|60|2,2026|1511|4060|3|0|60|2,4|2026|1511|4060|3|0|60|2|3937,2026,4,1511,4060,3,0,60,2,3937
2026|1511|3|0|60|2,2026|1511|4060|3|0|60|2,2|2026|1511|4060|3|0|60|2|3937,2026,2,1511,4060,3,0,60,2,3937
2026|2351|3|0|10|1,2026|2351|2500|3|0|10|1,4|2026|2351|2500|3|0|10|1|1801,2026,4,2351,2500,3,0,10,1,1801
2026|2351|3|0|10|1,2026|2351|2500|3|0|10|1,5|2026|2351|2500|3|0|10|1|1801,2026,5,2351,2500,3,0,10,1,1801
2026|1191|3|0|10|1,2026|1191|4107|3|0|10|1,2|2026|1191|4107|3|0|10|1|1401,2026,2,1191,4107,3,0,10,1,1401
2026|1371|3|0|72|1,2026|1371|4028|3|0|72|1,2|2026|1371|4028|3|0|72|1|1401,2026,2,1371,4028,3,0,72,1,1401
2026|2351|3|0|10|1,2026|2351|2500|3|0|10|1,2|2026|2351|2500|3|0|10|1|1401,2026,2,2351,2500,3,0,10,1,1401
2026|1221|3|0|32|1,2026|1221|1073|3|0|32|1,3|2026|1221|1073|3|0|32|1|1401,2026,3,1221,1073,3,0,32,1,1401
2026|4291|3|0|10|1,2026|4291|2024|3|0|10|1,2|2026|4291|2024|3|0|10|1|3919,2026,2,4291,2024,3,0,10,1,3919
2026|4291|3|0|10|1,2026|4291|4133|3|0|10|1,1|2026|4291|4133|3|0|10|1|9108,2026,1,4291,4133,3,0,10,1,9108
2026|2261|1|0|10|1,2026|2261|2417|1|0|10|1,5|2026|2261|2417|1|0|10|1|403,2026,5,2261,2417,1,0,10,1,403
2026|4291|3|0|92|1,2026|4291|4121|3|0|92|1,5|2026|4291|4121|3|0|92|1|3921,2026,5,4291,4121,3,0,92,1,3921
2026|2371|3|0|91|1,2026|2371|2500|3|0|91|1,3|2026|2371|2500|3|0|91|1|4005,2026,3,2371,2500,3,0,91,1,4005
2026|1711|3|0|10|1,2026|1711|2001|3|0|10|1,4|2026|1711|2001|3|0|10|1|3952,2026,4,1711,2001,3,0,10,1,3952
2026|2351|3|0|10|1,2026|2351|4086|3|0|10|1,5|2026|2351|4086|3|0|10|1|3959,2026,5,2351,4086,3,0,10,1,3959
2026|1191|3|0|10|1,2026|1191|4082|3|0|10|1,1|2026|1191|4082|3|0|10|1|3611,2026,1,1191,4082,3,0,10,1,3611
2026|1191|3|0|10|1,2026|1191|4082|3|0|10|1,2|2026|1191|4082|3|0|10|1|3611,2026,2,1191,4082,3,0,10,1,3611
2026|1191|3|0|10|1,2026|1191|4082|3|0|10|1,3|2026|1191|4082|3|0|10|1|3611,2026,3,1191,4082,3,0,10,1,3611
2026|2301|3|0|10|1,2026|2301|2500|3|0|10|1,1|2026|2301|2500|3|0|10|1|3969,2026,1,2301,2500,3,0,10,1,3969
2026|2301|3|0|10|1,2026|2301|2500|3|0|10|1,2|2026|2301|2500|3|0|10|1|3969,2026,2,2301,2500,3,0,10,1,3969
2026|2301|3|0|10|1,2026|2301|2500|3|0|10|1,3|2026|2301|2500|3|0|10|1|3969,2026,3,2301,2500,3,0,10,1,3969
2026|1511|3|0|60|2,2026|1511|4060|3|0|60|2,5|2026|1511|4060|3|0|60|2|3611,2026,5,1511,4060,3,0,60,2,3611
2026|4291|3|0|10|1,2026|4291|2024|3|0|10|1,4|2026|4291|2024|3|0|10|1|3960,2026,4,4291,2024,3,0,10,1,3960
2026|2011|1|0|60|9,2026|2011|7004|1|0|60|9,2|2026|2011|7004|1|0|60|9|9103,2026,2,2011,7004,1,0,60,9,9103
2026|2321|3|0|10|1,2026|2321|4212|3|0|10|1,2|2026|2321|4212|3|0|10|1|3903,2026,2,2321,4212,3,0,10,1,3903
2026|1191|3|0|10|1,2026|1191|4082|3|0|10|1,4|2026|1191|4082|3|0|10|1|3937,2026,4,1191,4082,3,0,10,1,3937
2026|1191|3|0|10|1,2026|1191|4082|3|0|10|1,5|2026|1191|4082|3|0|10|1|3937,2026,5,1191,4082,3,0,10,1,3937
2026|2321|3|0|10|1,2026|2321|4212|3|0|10|1,2|2026|2321|4212|3|0|10|1|1401,2026,2,2321,4212,3,0,10,1,1401
2026|2371|3|0|91|1,2026|2371|4440|3|0|91|1,3|2026|2371|4440|3|0|91|1|1401,2026,3,2371,4440,3,0,91,1,1401
2026|2101|3|0|72|1,2026|2101|2500|3|0|72|1,5|2026|2101|2500|3|0|72|1|3913,2026,5,2101,2500,3,0,72,1,3913
2026|1191|3|0|10|1,2026|1191|4082|3|0|10|1,1|2026|1191|4082|3|0|10|1|3705,2026,1,1191,4082,3,0,10,1,3705
2026|1191|3|0|10|1,2026|1191|4082|3|0|10|1,2|2026|1191|4082|3|0|10|1|3705,2026,2,1191,4082,3,0,10,1,3705
2026|1191|3|0|10|1,2026|1191|4082|3|0|10|1,3|2026|1191|4082|3|0|10|1|3705,2026,3,1191,4082,3,0,10,1,3705
2026|1191|3|0|10|1,2026|1191|4082|3|0|10|1,4|2026|1191|4082|3|0|10|1|3705,2026,4,1191,4082,3,0,10,1,3705
2026|1081|3|0|10|1,2026|1081|2500|3|0|10|1,4|2026|1081|2500|3|0|10|1|3912,2026,4,1081,2500,3,0,10,1,3912
2026|2011|3|0|50|1,2026|2011|2039|3|0|50|1,1|2026|2011|2039|3|0|50|1|3705,2026,1,2011,2039,3,0,50,1,3705
2026|1251|3|0|60|2,2026|1251|4365|3|0|60|2,2|2026|1251|4365|3|0|60|2|3903,2026,2,1251,4365,3,0,60,2,3903
2026|1191|3|0|29|1,2026|1191|4082|3|0|29|1,4|2026|1191|4082|3|0|29|1|3701,2026,4,1191,4082,3,0,29,1,3701
2026|2101|3|0|72|1,2026|2101|2500|3|0|72|1,5|2026|2101|2500|3|0|72|1|3703,2026,5,2101,2500,3,0,72,1,3703
2026|2301|3|0|10|1,2026|2301|4293|3|0|10|1,2|2026|2301|4293|3|0|10|1|4707,2026,2,2301,4293,3,0,10,1,4707
2026|2011|3|0|50|1,2026|2011|2039|3|0|50|1,4|2026|2011|2039|3|0|50|1|3705,2026,4,2011,2039,3,0,50,1,3705
2026|2011|3|0|50|1,2026|2011|2039|3|0|50|1,3|2026|2011|2039|3|0|50|1|3705,2026,3,2011,2039,3,0,50,1,3705
2026|2311|3|0|10|1,2026|2311|4001|3|0|10|1,1|2026|2311|4001|3|0|10|1|4002,2026,1,2311,4001,3,0,10,1,4002
2026|4441|3|0|60|1,2026|4441|1009|3|0|60|1,1|2026|4441|1009|3|0|60|1|3625,2026,1,4441,1009,3,0,60,1,3625
2026|2301|3|0|10|1,2026|2301|4293|3|0|10|1,2|2026|2301|4293|3|0|10|1|3969,2026,2,2301,4293,3,0,10,1,3969
2026|4451|3|0|60|1,2026|4451|4256|3|0|60|1,3|2026|4451|4256|3|0|60|1|3601,2026,3,4451,4256,3,0,60,1,3601
2026|1511|3|0|10|1,2026|1511|2008|3|0|10|1,2|2026|1511|2008|3|0|10|1|4005,2026,2,1511,2008,3,0,10,1,4005
2026|2371|3|1|95|1,2026|2371|4228|3|1|95|1,4|2026|2371|4228|3|1|95|1|1401,2026,4,2371,4228,3,1,95,1,1401
2026|2371|3|0|91|1,2026|2371|4317|3|0|91|1,3|2026|2371|4317|3|0|91|1|3906,2026,3,2371,4317,3,0,91,1,3906
2026|1191|3|0|10|1,2026|1191|4082|3|0|10|1,1|2026|1191|4082|3|0|10|1|3937,2026,1,1191,4082,3,0,10,1,3937
2026|1191|3|0|10|1,2026|1191|4082|3|0|10|1,2|2026|1191|4082|3|0|10|1|3937,2026,2,1191,4082,3,0,10,1,3937
2026|1191|3|0|10|1,2026|1191|4082|3|0|10|1,3|2026|1191|4082|3|0|10|1|3937,2026,3,1191,4082,3,0,10,1,3937
2026|2351|3|0|10|1,2026|2351|4086|3|0|10|1,2|2026|2351|4086|3|0|10|1|1401,2026,2,2351,4086,3,0,10,1,1401
2026|1481|3|0|71|1,2026|1481|2033|3|0|71|1,3|2026|1481|2033|3|0|71|1|3304,2026,3,1481,2033,3,0,71,1,3304
2026|2351|3|0|24|1,2026|2351|4086|3|0|24|1,3|2026|2351|4086|3|0|24|1|3604,2026,3,2351,4086,3,0,24,1,3604
2026|1401|3|0|10|1,2026|1401|4113|3|0|10|1,2|2026|1401|4113|3|0|10|1|4005,2026,2,1401,4113,3,0,10,1,4005
2026|1251|3|0|60|2,2026|1251|4365|3|0|60|2,2|2026|1251|4365|3|0|60|2|1501,2026,2,1251,4365,3,0,60,2,1501
2026|4451|3|0|60|1,2026|4451|4256|3|0|60|1,4|2026|4451|4256|3|0|60|1|3601,2026,4,4451,4256,3,0,60,1,3601
2026|2351|3|0|10|1,2026|2351|4086|3|0|10|1,2|2026|2351|4086|3|0|10|1|3959,2026,2,2351,4086,3,0,10,1,3959
2026|2101|3|0|72|1,2026|2101|2500|3|0|72|1,3|2026|2101|2500|3|0|72|1|3912,2026,3,2101,2500,3,0,72,1,3912
2026|2371|3|0|91|1,2026|2371|2500|3|0|91|1,2|2026|2371|2500|3|0|91|1|3912,2026,2,2371,2500,3,0,91,1,3912
2026|2101|3|0|72|1,2026|2101|2500|3|0|72|1,4|2026|2101|2500|3|0|72|1|3912,2026,4,2101,2500,3,0,72,1,3912
2026|2301|3|0|10|1,2026|2301|4293|3|0|10|1,4|2026|2301|4293|3|0|10|1|3969,2026,4,2301,4293,3,0,10,1,3969
2026|2101|3|0|72|1,2026|2101|4055|3|0|72|1,2|2026|2101|4055|3|0|72|1|3920,2026,2,2101,4055,3,0,72,1,3920
2026|2101|3|0|72|1,2026|2101|4055|3|0|72|1,3|2026|2101|4055|3|0|72|1|3920,2026,3,2101,4055,3,0,72,1,3920
2026|2101|3|0|72|1,2026|2101|4055|3|0|72|1,4|2026|2101|4055|3|0|72|1|3920,2026,4,2101,4055,3,0,72,1,3920
2026|2421|3|0|71|1,2026|2421|2500|3|0|71|1,4|2026|2421|2500|3|0|71|1|4005,2026,4,2421,2500,3,0,71,1,4005
2026|2011|3|0|50|1,2026|2011|2039|3|0|50|1,3|2026|2011|2039|3|0|50|1|3611,2026,3,2011,2039,3,0,50,1,3611
2026|1491|3|0|10|1,2026|1491|2051|3|0|10|1,2|2026|1491|2051|3|0|10|1|3952,2026,2,1491,2051,3,0,10,1,3952
2026|1501|3|0|10|1,2026|1501|4476|3|0|10|1,4|2026|1501|4476|3|0|10|1|3912,2026,4,1501,4476,3,0,10,1,3912
2026|2011|3|0|50|1,2026|2011|4229|3|0|50|1,5|2026|2011|4229|3|0|50|1|3961,2026,5,2011,4229,3,0,50,1,3961
2026|2251|3|0|60|1,2026|2251|4051|3|0|60|1,1|2026|2251|4051|3|0|60|1|3931,2026,1,2251,4051,3,0,60,1,3931
2026|1491|3|0|10|1,2026|1491|2051|3|0|10|1,3|2026|1491|2051|3|0|10|1|3952,2026,3,1491,2051,3,0,10,1,3952
2026|2101|3|0|72|1,2026|2101|2500|3|0|72|1,2|2026|2101|2500|3|0|72|1|3912,2026,2,2101,2500,3,0,72,1,3912
2026|2271|3|0|10|1,2026|2271|4029|3|0|10|1,1|2026|2271|4029|3|0|10|1|1501,2026,1,2271,4029,3,0,10,1,1501
2026|2301|3|0|10|1,2026|2301|4530|3|0|10|1,4|2026|2301|4530|3|0|10|1|1401,2026,4,2301,4530,3,0,10,1,1401
2026|2251|3|0|60|1,2026|2251|4051|3|0|60|1,2|2026|2251|4051|3|0|60|1|3931,2026,2,2251,4051,3,0,60,1,3931
2026|2371|3|0|91|1,2026|2371|2500|3|0|91|1,4|2026|2371|2500|3|0|91|1|3912,2026,4,2371,2500,3,0,91,1,3912
2026|2121|3|0|49|1,2026|2121|4010|3|0|49|1,2|2026|2121|4010|3|0|49|1|805,2026,2,2121,4010,3,0,49,1,805
2026|2251|3|0|60|1,2026|2251|4051|3|0|60|1,3|2026|2251|4051|3|0|60|1|3931,2026,3,2251,4051,3,0,60,1,3931
2026|1491|3|0|10|1,2026|1491|2051|3|0|10|1,1|2026|1491|2051|3|0|10|1|3952,2026,1,1491,2051,3,0,10,1,3952
2026|1491|3|0|10|1,2026|1491|2051|3|0|10|1,4|2026|1491|2051|3|0|10|1|3952,2026,4,1491,2051,3,0,10,1,3952
2026|1441|3|0|10|1,2026|1441|4150|3|0|10|1,1|2026|1441|4150|3|0|10|1|3612,2026,1,1441,4150,3,0,10,1,3612
2026|2371|3|0|91|1,2026|2371|2500|3|0|91|1,3|2026|2371|2500|3|0|91|1|3912,2026,3,2371,2500,3,0,91,1,3912
2026|2301|3|0|10|1,2026|2301|4293|3|0|10|1,3|2026|2301|4293|3|0|10|1|3705,2026,3,2301,4293,3,0,10,1,3705
2026|2371|3|0|91|1,2026|2371|2500|3|0|91|1,4|2026|2371|2500|3|0|91|1|3915,2026,4,2371,2500,3,0,91,1,3915
2026|2301|3|0|10|1,2026|2301|4293|3|0|10|1,3|2026|2301|4293|3|0|10|1|3972,2026,3,2301,4293,3,0,10,1,3972
2026|2371|3|0|91|1,2026|2371|2500|3|0|91|1,4|2026|2371|2500|3|0|91|1|3913,2026,4,2371,2500,3,0,91,1,3913
2026|1481|3|0|71|1,2026|1481|4414|3|0|71|1,3|2026|1481|4414|3|0|71|1|3704,2026,3,1481,4414,3,0,71,1,3704
2026|2371|3|0|91|1,2026|2371|2500|3|0|91|1,3|2026|2371|2500|3|0|91|1|1401,2026,3,2371,2500,3,0,91,1,1401
2026|2091|3|0|72|1,2026|2091|2500|3|0|72|1,2|2026|2091|2500|3|0|72|1|3931,2026,2,2091,2500,3,0,72,1,3931
2026|2091|3|0|72|1,2026|2091|2500|3|0|72|1,3|2026|2091|2500|3|0|72|1|3931,2026,3,2091,2500,3,0,72,1,3931
2026|1501|3|0|10|1,2026|1501|4476|3|0|10|1,2|2026|1501|4476|3|0|10|1|3912,2026,2,1501,4476,3,0,10,1,3912
2026|2091|3|0|72|1,2026|2091|2500|3|0|72|1,4|2026|2091|2500|3|0|72|1|3931,2026,4,2091,2500,3,0,72,1,3931
2026|1191|3|0|10|1,2026|1191|4081|3|0|10|1,2|2026|1191|4081|3|0|10|1|3105,2026,2,1191,4081,3,0,10,1,3105
2026|2371|3|0|91|1,2026|2371|2500|3|0|91|1,3|2026|2371|2500|3|0|91|1|3962,2026,3,2371,2500,3,0,91,1,3962
2026|1511|3|0|60|2,2026|1511|4060|3|0|60|2,3|2026|1511|4060|3|0|60|2|3937,2026,3,1511,4060,3,0,60,2,3937
2026|2431|1|0|10|1,2026|2431|2417|1|0|10|1,1|2026|2431|2417|1|0|10|1|9201,2026,1,2431,2417,1,0,10,1,9201
2026|2371|3|0|91|1,2026|2371|2500|3|0|91|1,2|2026|2371|2500|3|0|91|1|3962,2026,2,2371,2500,3,0,91,1,3962
2026|1721|3|0|10|1,2026|1721|2500|3|0|10|1,1|2026|1721|2500|3|0|10|1|3304,2026,1,1721,2500,3,0,10,1,3304
2026|2241|3|0|72|1,2026|2241|4187|3|0|72|1,1|2026|2241|4187|3|0|72|1|3987,2026,1,2241,4187,3,0,72,1,3987
2026|1511|3|0|60|2,2026|1511|4060|3|0|60|2,3|2026|1511|4060|3|0|60|2|3913,2026,3,1511,4060,3,0,60,2,3913
2026|4711|1|0|10|9,2026|4711|7004|1|0|10|9,2|2026|4711|7004|1|0|10|9|9103,2026,2,4711,7004,1,0,10,9,9103
2026|2351|3|0|10|1,2026|2351|4086|3|0|10|1,3|2026|2351|4086|3|0|10|1|3959,2026,3,2351,4086,3,0,10,1,3959
2026|4291|3|0|92|1,2026|4291|4147|3|0|92|1,3|2026|4291|4147|3|0|92|1|3013,2026,3,4291,4147,3,0,92,1,3013
2026|2271|3|0|10|1,2026|2271|2500|3|0|10|1,1|2026|2271|2500|3|0|10|1|4005,2026,1,2271,2500,3,0,10,1,4005
2026|2271|3|0|10|1,2026|2271|2500|3|0|10|1,2|2026|2271|2500|3|0|10|1|4005,2026,2,2271,2500,3,0,10,1,4005
2026|2271|3|0|10|1,2026|2271|2500|3|0|10|1,3|2026|2271|2500|3|0|10|1|4005,2026,3,2271,2500,3,0,10,1,4005
2026|2271|3|0|10|1,2026|2271|2500|3|0|10|1,4|2026|2271|2500|3|0|10|1|4005,2026,4,2271,2500,3,0,10,1,4005
2026|2331|3|0|73|1,2026|2331|4024|3|0|73|1,3|2026|2331|4024|3|0|73|1|3969,2026,3,2331,4024,3,0,73,1,3969
2026|2101|3|0|72|1,2026|2101|2500|3|0|72|1,1|2026|2101|2500|3|0|72|1|3925,2026,1,2101,2500,3,0,72,1,3925
2026|2101|3|0|72|1,2026|2101|2500|3|0|72|1,4|2026|2101|2500|3|0|72|1|3913,2026,4,2101,2500,3,0,72,1,3913
2026|1191|3|0|10|1,2026|1191|4082|3|0|10|1,4|2026|1191|4082|3|0|10|1|3921,2026,4,1191,4082,3,0,10,1,3921
2026|2011|3|0|50|1,2026|2011|4229|3|0|50|1,1|2026|2011|4229|3|0|50|1|3961,2026,1,2011,4229,3,0,50,1,3961
2026|2011|3|0|50|1,2026|2011|4229|3|0|50|1,2|2026|2011|4229|3|0|50|1|3961,2026,2,2011,4229,3,0,50,1,3961
2026|2011|3|0|50|1,2026|2011|4229|3|0|50|1,3|2026|2011|4229|3|0|50|1|3961,2026,3,2011,4229,3,0,50,1,3961
2026|2371|3|0|91|1,2026|2371|4206|3|0|91|1,4|2026|2371|4206|3|0|91|1|1401,2026,4,2371,4206,3,0,91,1,1401
2026|2371|1|0|10|1,2026|2371|2417|1|0|10|1,4|2026|2371|2417|1|0|10|1|1123,2026,4,2371,2417,1,0,10,1,1123
2026|1191|3|0|10|1,2026|1191|4083|3|0|10|1,1|2026|1191|4083|3|0|10|1|3921,2026,1,1191,4083,3,0,10,1,3921
2026|1191|3|0|10|1,2026|1191|4082|3|0|10|1,2|2026|1191|4082|3|0|10|1|3921,2026,2,1191,4082,3,0,10,1,3921
2026|1191|3|0|10|1,2026|1191|4082|3|0|10|1,3|2026|1191|4082|3|0|10|1|3921,2026,3,1191,4082,3,0,10,1,3921
2026|2091|3|0|72|1,2026|2091|2500|3|0|72|1,2|2026|2091|2500|3|0|72|1|3921,2026,2,2091,2500,3,0,72,1,3921
2026|2091|3|0|72|1,2026|2091|2500|3|0|72|1,3|2026|2091|2500|3|0|72|1|3921,2026,3,2091,2500,3,0,72,1,3921
2026|2091|3|0|72|1,2026|2091|2500|3|0|72|1,4|2026|2091|2500|3|0|72|1|3921,2026,4,2091,2500,3,0,72,1,3921
2026|2281|3|0|10|1,2026|2281|4300|3|0|10|1,3|2026|2281|4300|3|0|10|1|3931,2026,3,2281,4300,3,0,10,1,3931
2026|2281|3|0|10|1,2026|2281|4300|3|0|10|1,4|2026|2281|4300|3|0|10|1|3931,2026,4,2281,4300,3,0,10,1,3931
2026|1081|3|0|10|1,2026|1081|2500|3|0|10|1,1|2026|1081|2500|3|0|10|1|3912,2026,1,1081,2500,3,0,10,1,3912
2026|1081|3|0|10|1,2026|1081|2500|3|0|10|1,2|2026|1081|2500|3|0|10|1|3912,2026,2,1081,2500,3,0,10,1,3912
2026|2371|3|0|91|1,2026|2371|2500|3|0|91|1,2|2026|2371|2500|3|0|91|1|3913,2026,2,2371,2500,3,0,91,1,3913
2026|1081|3|0|10|1,2026|1081|2500|3|0|10|1,3|2026|1081|2500|3|0|10|1|3912,2026,3,1081,2500,3,0,10,1,3912
2026|1491|1|0|10|1,2026|1491|2417|1|0|10|1,4|2026|1491|2417|1|0|10|1|1123,2026,4,1491,2417,1,0,10,1,1123
2026|2101|3|0|72|1,2026|2101|4055|3|0|72|1,4|2026|2101|4055|3|0|72|1|3912,2026,4,2101,4055,3,0,72,1,3912
2026|2011|3|0|50|1,2026|2011|2039|3|0|50|1,5|2026|2011|2039|3|0|50|1|3913,2026,5,2011,2039,3,0,50,1,3913
2026|1261|3|0|10|1,2026|1261|2129|3|0|10|1,3|2026|1261|2129|3|0|10|1|3302,2026,3,1261,2129,3,0,10,1,3302
2026|1491|1|0|10|1,2026|1491|2417|1|0|10|1,1|2026|1491|2417|1|0|10|1|1123,2026,1,1491,2417,1,0,10,1,1123
2026|1491|1|0|10|1,2026|1491|2417|1|0|10|1,2|2026|1491|2417|1|0|10|1|1123,2026,2,1491,2417,1,0,10,1,1123
2026|1491|1|0|10|1,2026|1491|2417|1|0|10|1,3|2026|1491|2417|1|0|10|1|1123,2026,3,1491,2417,1,0,10,1,1123
2026|2301|3|0|10|1,2026|2301|4293|3|0|10|1,4|2026|2301|4293|3|0|10|1|1401,2026,4,2301,4293,3,0,10,1,1401
2026|1501|3|0|10|1,2026|1501|4453|3|0|10|1,3|2026|1501|4453|3|0|10|1|3302,2026,3,1501,4453,3,0,10,1,3302
2026|2101|3|0|72|1,2026|2101|4055|3|0|72|1,2|2026|2101|4055|3|0|72|1|3912,2026,2,2101,4055,3,0,72,1,3912
2026|1091|3|0|10|1,2026|1091|2009|3|0|10|1,1|2026|1091|2009|3|0|10|1|3612,2026,1,1091,2009,3,0,10,1,3612
2026|2371|3|0|91|1,2026|2371|2500|3|0|91|1,4|2026|2371|2500|3|0|91|1|3919,2026,4,2371,2500,3,0,91,1,3919
2026|2371|3|0|91|1,2026|2371|2500|3|0|91|1,2|2026|2371|2500|3|0|91|1|3915,2026,2,2371,2500,3,0,91,1,3915
2026|1501|3|0|10|1,2026|1501|4486|3|0|10|1,4|2026|1501|4486|3|0|10|1|4703,2026,4,1501,4486,3,0,10,1,4703
2026|1441|3|0|10|1,2026|1441|2068|3|0|10|1,4|2026|1441|2068|3|0|10|1|3948,2026,4,1441,2068,3,0,10,1,3948
2026|1261|3|1|10|1,2026|1261|2099|3|1|10|1,1|2026|1261|2099|3|1|10|1|3302,2026,1,1261,2099,3,1,10,1,3302
2026|2371|3|0|91|1,2026|2371|4319|3|0|91|1,4|2026|2371|4319|3|0|91|1|1401,2026,4,2371,4319,3,0,91,1,1401
2026|2371|3|0|91|1,2026|2371|2500|3|0|91|1,2|2026|2371|2500|3|0|91|1|3301,2026,2,2371,2500,3,0,91,1,3301
2026|2101|3|0|72|1,2026|2101|4055|3|0|72|1,3|2026|2101|4055|3|0|72|1|3912,2026,3,2101,4055,3,0,72,1,3912
2026|1261|3|0|24|1,2026|1261|2127|3|0|24|1,2|2026|1261|2127|3|0|24|1|1401,2026,2,1261,2127,3,0,24,1,1401
2026|2421|3|0|71|1,2026|2421|2500|3|0|71|1,1|2026|2421|2500|3|0|71|1|4005,2026,1,2421,2500,3,0,71,1,4005
2026|2421|3|0|71|1,2026|2421|2500|3|0|71|1,2|2026|2421|2500|3|0|71|1|4005,2026,2,2421,2500,3,0,71,1,4005
2026|2421|3|0|71|1,2026|2421|2500|3|0|71|1,3|2026|2421|2500|3|0|71|1|4005,2026,3,2421,2500,3,0,71,1,4005
2026|1191|3|0|10|1,2026|1191|4082|3|0|10|1,2|2026|1191|4082|3|0|10|1|3913,2026,2,1191,4082,3,0,10,1,3913
2026|4291|3|0|10|1,2026|4291|4147|3|0|10|1,2|2026|4291|4147|3|0|10|1|9399,2026,2,4291,4147,3,0,10,1,9399
2026|1481|3|0|71|1,2026|1481|2500|3|0|71|1,1|2026|1481|2500|3|0|71|1|4707,2026,1,1481,2500,3,0,71,1,4707
2026|1501|3|0|10|1,2026|1501|4476|3|0|10|1,1|2026|1501|4476|3|0|10|1|3912,2026,1,1501,4476,3,0,10,1,3912
2026|1081|3|0|10|9,2026|1081|7803|3|0|10|9,2|2026|1081|7803|3|0|10|9|9116,2026,2,1081,7803,3,0,10,9,9116
2026|1271|3|0|10|1,2026|1271|4322|3|0|10|1,1|2026|1271|4322|3|0|10|1|4002,2026,1,1271,4322,3,0,10,1,4002
2026|2101|3|0|72|1,2026|2101|4091|3|0|72|1,2|2026|2101|4091|3|0|72|1|1501,2026,2,2101,4091,3,0,72,1,1501
2026|1371|3|0|9|1,2026|1371|4038|3|0|9|1,4|2026|1371|4038|3|0|9|1|3705,2026,4,1371,4038,3,0,9,1,3705
2026|1191|3|0|10|1,2026|1191|2007|3|0|10|1,1|2026|1191|2007|3|0|10|1|4004,2026,1,1191,2007,3,0,10,1,4004
2026|1191|3|0|10|1,2026|1191|2007|3|0|10|1,2|2026|1191|2007|3|0|10|1|4004,2026,2,1191,2007,3,0,10,1,4004
2026|1191|3|0|10|1,2026|1191|2007|3|0|10|1,3|2026|1191|2007|3|0|10|1|4004,2026,3,1191,2007,3,0,10,1,4004
2026|1191|3|0|10|1,2026|1191|2007|3|0|10|1,5|2026|1191|2007|3|0|10|1|4004,2026,5,1191,2007,3,0,10,1,4004
2026|1261|3|0|10|1,2026|1261|2129|3|0|10|1,4|2026|1261|2129|3|0|10|1|3302,2026,4,1261,2129,3,0,10,1,3302
2026|4291|3|0|10|1,2026|4291|2024|3|0|10|1,3|2026|4291|2024|3|0|10|1|3913,2026,3,4291,2024,3,0,10,1,3913
2026|2101|3|0|72|1,2026|2101|4059|3|0|72|1,4|2026|2101|4059|3|0|72|1|3926,2026,4,2101,4059,3,0,72,1,3926
2026|1371|3|0|9|1,2026|1371|4038|3|0|9|1,2|2026|1371|4038|3|0|9|1|3705,2026,2,1371,4038,3,0,9,1,3705
2026|2371|3|0|91|1,2026|2371|2500|3|0|91|1,2|2026|2371|2500|3|0|91|1|3919,2026,2,2371,2500,3,0,91,1,3919
2026|1251|3|0|60|2,2026|1251|4365|3|0|60|2,3|2026|1251|4365|3|0|60|2|1501,2026,3,1251,4365,3,0,60,2,1501
2026|2321|3|0|10|1,2026|2321|4212|3|0|10|1,1|2026|2321|4212|3|0|10|1|3921,2026,1,2321,4212,3,0,10,1,3921
2026|2321|3|0|10|1,2026|2321|4212|3|0|10|1,3|2026|2321|4212|3|0|10|1|3921,2026,3,2321,4212,3,0,10,1,3921
2026|2321|3|0|10|1,2026|2321|4212|3|0|10|1,4|2026|2321|4212|3|0|10|1|3921,2026,4,2321,4212,3,0,10,1,3921
2026|2371|3|0|91|1,2026|2371|4202|3|0|91|1,2|2026|2371|4202|3|0|91|1|1401,2026,2,2371,4202,3,0,91,1,1401
2026|1191|3|0|10|1,2026|1191|4083|3|0|10|1,4|2026|1191|4083|3|0|10|1|3921,2026,4,1191,4083,3,0,10,1,3921
2026|1371|3|0|9|1,2026|1371|4038|3|0|9|1,5|2026|1371|4038|3|0|9|1|3705,2026,5,1371,4038,3,0,9,1,3705
2026|1191|3|0|10|1,2026|1191|2007|3|0|10|1,4|2026|1191|2007|3|0|10|1|4004,2026,4,1191,2007,3,0,10,1,4004
2026|1191|3|0|10|1,2026|1191|4083|3|0|10|1,3|2026|1191|4083|3|0|10|1|3921,2026,3,1191,4083,3,0,10,1,3921
2026|2011|3|0|50|1,2026|2011|2039|3|0|50|1,3|2026|2011|2039|3|0|50|1|3612,2026,3,2011,2039,3,0,50,1,3612
2026|2281|3|0|10|1,2026|2281|4300|3|0|10|1,1|2026|2281|4300|3|0|10|1|3931,2026,1,2281,4300,3,0,10,1,3931
2026|2331|3|0|73|1,2026|2331|4024|3|0|73|1,1|2026|2331|4024|3|0|73|1|3969,2026,1,2331,4024,3,0,73,1,3969
2026|1501|3|0|10|1,2026|1501|4473|3|0|10|1,4|2026|1501|4473|3|0|10|1|3302,2026,4,1501,4473,3,0,10,1,3302
2026|2271|3|0|10|1,2026|2271|4030|3|0|10|1,1|2026|2271|4030|3|0|10|1|3008,2026,1,2271,4030,3,0,10,1,3008
2026|1401|3|0|10|1,2026|1401|4115|3|0|10|1,2|2026|1401|4115|3|0|10|1|1501,2026,2,1401,4115,3,0,10,1,1501
2026|1371|3|0|9|1,2026|1371|4038|3|0|9|1,3|2026|1371|4038|3|0|9|1|3705,2026,3,1371,4038,3,0,9,1,3705
2026|1401|3|0|10|1,2026|1401|4114|3|0|10|1,2|2026|1401|4114|3|0|10|1|1501,2026,2,1401,4114,3,0,10,1,1501
2026|1251|3|0|60|2,2026|1251|4374|3|0|60|2,1|2026|1251|4374|3|0|60|2|1501,2026,1,1251,4374,3,0,60,2,1501
2026|1451|3|0|60|2,2026|1451|4438|3|0|60|2,3|2026|1451|4438|3|0|60|2|3705,2026,3,1451,4438,3,0,60,2,3705
2026|1916|2|0|10|1,2026|1916|7043|2|0|10|1,3|2026|1916|7043|2|0|10|1|2106,2026,3,1916,7043,2,0,10,1,2106
2026|1441|3|0|10|1,2026|1441|4150|3|0|10|1,1|2026|1441|4150|3|0|10|1|3026,2026,1,1441,4150,3,0,10,1,3026
2026|2121|3|0|50|1,2026|2121|4008|3|0|50|1,1|2026|2121|4008|3|0|50|1|9313,2026,1,2121,4008,3,0,50,1,9313
2026|2271|3|0|10|1,2026|2271|4030|3|0|10|1,3|2026|2271|4030|3|0|10|1|3608,2026,3,2271,4030,3,0,10,1,3608
2026|1511|3|0|10|1,2026|1511|2008|3|0|10|1,3|2026|1511|2008|3|0|10|1|3961,2026,3,1511,2008,3,0,10,1,3961
2026|2301|3|0|10|1,2026|2301|4293|3|0|10|1,2|2026|2301|4293|3|0|10|1|1401,2026,2,2301,4293,3,0,10,1,1401
2026|1501|3|0|10|1,2026|1501|4486|3|0|10|1,1|2026|1501|4486|3|0|10|1|4703,2026,1,1501,4486,3,0,10,1,4703
2026|1501|3|0|10|1,2026|1501|4486|3|0|10|1,2|2026|1501|4486|3|0|10|1|4703,2026,2,1501,4486,3,0,10,1,4703
2026|1481|3|0|71|1,2026|1481|4184|3|0|71|1,2|2026|1481|4184|3|0|71|1|3302,2026,2,1481,4184,3,0,71,1,3302
2026|2301|3|0|10|1,2026|2301|4293|3|0|10|1,2|2026|2301|4293|3|0|10|1|3972,2026,2,2301,4293,3,0,10,1,3972
2026|2371|3|0|91|1,2026|2371|2500|3|0|91|1,3|2026|2371|2500|3|0|91|1|3913,2026,3,2371,2500,3,0,91,1,3913
2026|1271|3|0|10|1,2026|1271|4322|3|0|10|1,3|2026|1271|4322|3|0|10|1|4002,2026,3,1271,4322,3,0,10,1,4002
2026|1191|3|0|10|1,2026|1191|4082|3|0|10|1,1|2026|1191|4082|3|0|10|1|3913,2026,1,1191,4082,3,0,10,1,3913
2026|4291|3|0|10|1,2026|4291|4147|3|0|10|1,4|2026|4291|4147|3|0|10|1|3302,2026,4,4291,4147,3,0,10,1,3302
2026|2371|3|0|91|1,2026|2371|4202|3|0|91|1,4|2026|2371|4202|3|0|91|1|1401,2026,4,2371,4202,3,0,91,1,1401
2026|2441|1|0|59|1,2026|2441|2417|1|0|59|1,1|2026|2441|2417|1|0|59|1|9201,2026,1,2441,2417,1,0,59,1,9201
2026|2371|3|0|91|1,2026|2371|2500|3|0|91|1,3|2026|2371|2500|3|0|91|1|3919,2026,3,2371,2500,3,0,91,1,3919
2026|1261|3|0|10|1,2026|1261|2064|3|0|10|1,1|2026|1261|2064|3|0|10|1|3302,2026,1,1261,2064,3,0,10,1,3302
2026|4291|3|0|10|1,2026|4291|2024|3|0|10|1,1|2026|4291|2024|3|0|10|1|3926,2026,1,4291,2024,3,0,10,1,3926
2026|2321|3|0|10|1,2026|2321|4212|3|0|10|1,2|2026|2321|4212|3|0|10|1|3612,2026,2,2321,4212,3,0,10,1,3612
2026|4291|3|0|10|1,2026|4291|2500|3|0|10|1,3|2026|4291|2500|3|0|10|1|3302,2026,3,4291,2500,3,0,10,1,3302
2026|1251|3|0|60|2,2026|1251|2060|3|0|60|2,2|2026|1251|2060|3|0|60|2|3926,2026,2,1251,2060,3,0,60,2,3926
2026|4291|3|0|10|1,2026|4291|2024|3|0|10|1,1|2026|4291|2024|3|0|10|1|3913,2026,1,4291,2024,3,0,10,1,3913
2026|2011|3|0|50|1,2026|2011|2039|3|0|50|1,2|2026|2011|2039|3|0|50|1|3913,2026,2,2011,2039,3,0,50,1,3913
2026|2011|3|0|50|1,2026|2011|2039|3|0|50|1,3|2026|2011|2039|3|0|50|1|3913,2026,3,2011,2039,3,0,50,1,3913
2026|4291|3|0|10|1,2026|4291|2500|3|0|10|1,4|2026|4291|2500|3|0|10|1|3302,2026,4,4291,2500,3,0,10,1,3302
2026|4291|3|0|10|1,2026|4291|2024|3|0|10|1,2|2026|4291|2024|3|0|10|1|3302,2026,2,4291,2024,3,0,10,1,3302
2026|1511|3|0|10|7,2026|1511|7010|3|0|10|7,2|2026|1511|7010|3|0|10|7|802,2026,2,1511,7010,3,0,10,7,802
2026|2321|3|0|10|1,2026|2321|4212|3|0|10|1,3|2026|2321|4212|3|0|10|1|3612,2026,3,2321,4212,3,0,10,1,3612
2026|1501|3|0|10|1,2026|1501|4476|3|0|10|1,2|2026|1501|4476|3|0|10|1|3612,2026,2,1501,4476,3,0,10,1,3612
2026|2371|3|0|91|1,2026|2371|4319|3|0|91|1,3|2026|2371|4319|3|0|91|1|1401,2026,3,2371,4319,3,0,91,1,1401
2026|2331|3|0|73|1,2026|2331|4024|3|0|73|1,2|2026|2331|4024|3|0|73|1|3969,2026,2,2331,4024,3,0,73,1,3969
2026|1481|1|1|71|1,2026|1481|4158|1|1|71|1,4|2026|1481|4158|1|1|71|1|1119,2026,4,1481,4158,1,1,71,1,1119
2026|1261|3|1|10|1,2026|1261|2099|3|1|10|1,1|2026|1261|2099|3|1|10|1|3301,2026,1,1261,2099,3,1,10,1,3301
2026|2301|3|0|10|1,2026|2301|4162|3|0|10|1,2|2026|2301|4162|3|0|10|1|3302,2026,2,2301,4162,3,0,10,1,3302
2026|4291|3|0|10|1,2026|4291|2500|3|0|10|1,2|2026|4291|2500|3|0|10|1|3302,2026,2,4291,2500,3,0,10,1,3302
2026|1261|3|0|10|1,2026|1261|2128|3|0|10|1,3|2026|1261|2128|3|0|10|1|3302,2026,3,1261,2128,3,0,10,1,3302
2026|4291|3|0|10|1,2026|4291|4147|3|0|10|1,3|2026|4291|4147|3|0|10|1|3302,2026,3,4291,4147,3,0,10,1,3302
2026|1401|3|0|10|1,2026|1401|4115|3|0|10|1,3|2026|1401|4115|3|0|10|1|1501,2026,3,1401,4115,3,0,10,1,1501
2026|2091|3|0|72|1,2026|2091|2500|3|0|72|1,2|2026|2091|2500|3|0|72|1|3918,2026,2,2091,2500,3,0,72,1,3918
2026|1481|1|1|71|1,2026|1481|4158|1|1|71|1,1|2026|1481|4158|1|1|71|1|1119,2026,1,1481,4158,1,1,71,1,1119
2026|1481|1|1|71|1,2026|1481|4158|1|1|71|1,2|2026|1481|4158|1|1|71|1|1119,2026,2,1481,4158,1,1,71,1,1119
2026|1481|1|1|71|1,2026|1481|4158|1|1|71|1,3|2026|1481|4158|1|1|71|1|1119,2026,3,1481,4158,1,1,71,1,1119
2026|2091|3|0|72|1,2026|2091|2500|3|0|72|1,2|2026|2091|2500|3|0|72|1|3027,2026,2,2091,2500,3,0,72,1,3027
2026|1301|3|0|10|1,2026|1301|2500|3|0|10|1,4|2026|1301|2500|3|0|10|1|3705,2026,4,1301,2500,3,0,10,1,3705
2026|1631|3|0|10|1,2026|1631|2500|3|0|10|1,3|2026|1631|2500|3|0|10|1|3926,2026,3,1631,2500,3,0,10,1,3926
2026|2301|3|0|10|1,2026|2301|4293|3|0|10|1,4|2026|2301|4293|3|0|10|1|3705,2026,4,2301,4293,3,0,10,1,3705
2026|2371|3|0|91|1,2026|2371|2500|3|0|91|1,3|2026|2371|2500|3|0|91|1|3302,2026,3,2371,2500,3,0,91,1,3302
2026|1251|3|0|60|2,2026|1251|4365|3|0|60|2,1|2026|1251|4365|3|0|60|2|1501,2026,1,1251,4365,3,0,60,2,1501
2026|2101|3|0|72|1,2026|2101|4059|3|0|72|1,2|2026|2101|4059|3|0|72|1|3926,2026,2,2101,4059,3,0,72,1,3926
2026|1191|3|0|10|1,2026|1191|4082|3|0|10|1,3|2026|1191|4082|3|0|10|1|3913,2026,3,1191,4082,3,0,10,1,3913
2026|2371|3|0|91|1,2026|2371|2500|3|0|91|1,3|2026|2371|2500|3|0|91|1|3915,2026,3,2371,2500,3,0,91,1,3915
2026|1511|3|0|60|2,2026|1511|4060|3|0|60|2,4|2026|1511|4060|3|0|60|2|3913,2026,4,1511,4060,3,0,60,2,3913
2026|1441|3|0|10|1,2026|1441|4150|3|0|10|1,1|2026|1441|4150|3|0|10|1|3913,2026,1,1441,4150,3,0,10,1,3913
2026|1441|3|0|10|1,2026|1441|4150|3|0|10|1,2|2026|1441|4150|3|0|10|1|3913,2026,2,1441,4150,3,0,10,1,3913
2026|1441|3|0|10|1,2026|1441|4150|3|0|10|1,4|2026|1441|4150|3|0|10|1|3913,2026,4,1441,4150,3,0,10,1,3913
2026|1401|3|0|10|1,2026|1401|4115|3|0|10|1,1|2026|1401|4115|3|0|10|1|1501,2026,1,1401,4115,3,0,10,1,1501
2026|2301|3|0|10|1,2026|2301|4293|3|0|10|1,3|2026|2301|4293|3|0|10|1|3926,2026,3,2301,4293,3,0,10,1,3926
2026|4751|3|0|59|1,2026|4751|2073|3|0|59|1,4|2026|4751|2073|3|0|59|1|3019,2026,4,4751,2073,3,0,59,1,3019
2026|4291|3|0|10|1,2026|4291|4143|3|0|10|1,3|2026|4291|4143|3|0|10|1|3302,2026,3,4291,4143,3,0,10,1,3302
2026|2101|3|0|72|1,2026|2101|2500|3|0|72|1,3|2026|2101|2500|3|0|72|1|3913,2026,3,2101,2500,3,0,72,1,3913
2026|2301|3|0|10|1,2026|2301|4293|3|0|10|1,3|2026|2301|4293|3|0|10|1|3302,2026,3,2301,4293,3,0,10,1,3302
2026|1441|3|0|10|1,2026|1441|4150|3|0|10|1,5|2026|1441|4150|3|0|10|1|3913,2026,5,1441,4150,3,0,10,1,3913
2026|1371|3|0|72|1,2026|1371|4038|3|0|72|1,2|2026|1371|4038|3|0|72|1|3913,2026,2,1371,4038,3,0,72,1,3913
2026|2371|3|0|91|1,2026|2371|2500|3|0|91|1,4|2026|2371|2500|3|0|91|1|3918,2026,4,2371,2500,3,0,91,1,3918
2026|2011|3|0|50|1,2026|2011|2039|3|0|50|1,3|2026|2011|2039|3|0|50|1|3926,2026,3,2011,2039,3,0,50,1,3926
2026|1251|3|0|60|2,2026|1251|4365|3|0|60|2,2|2026|1251|4365|3|0|60|2|3926,2026,2,1251,4365,3,0,60,2,3926
2026|2271|3|0|10|1,2026|2271|4030|3|0|10|1,2|2026|2271|4030|3|0|10|1|3017,2026,2,2271,4030,3,0,10,1,3017
2026|2301|3|0|10|1,2026|2301|4293|3|0|10|1,2|2026|2301|4293|3|0|10|1|3926,2026,2,2301,4293,3,0,10,1,3926
2026|2481|3|0|15|1,2026|2481|4491|3|0|15|1,4|2026|2481|4491|3|0|15|1|3991,2026,4,2481,4491,3,0,15,1,3991
2026|1401|3|0|10|1,2026|1401|4115|3|0|10|1,4|2026|1401|4115|3|0|10|1|1501,2026,4,1401,4115,3,0,10,1,1501
2026|2301|3|0|10|1,2026|2301|4293|3|0|10|1,4|2026|2301|4293|3|0|10|1|3926,2026,4,2301,4293,3,0,10,1,3926
2026|1251|3|0|60|2,2026|1251|4365|3|0|60|2,3|2026|1251|4365|3|0|60|2|3926,2026,3,1251,4365,3,0,60,2,3926
2026|2321|3|0|10|1,2026|2321|4212|3|0|10|1,2|2026|2321|4212|3|0|10|1|4002,2026,2,2321,4212,3,0,10,1,4002
2026|2371|3|0|91|1,2026|2371|2500|3|0|91|1,2|2026|2371|2500|3|0|91|1|3926,2026,2,2371,2500,3,0,91,1,3926
2026|1371|3|0|72|1,2026|1371|4038|3|0|72|1,2|2026|1371|4038|3|0|72|1|1314,2026,2,1371,4038,3,0,72,1,1314
2026|2171|3|0|10|1,2026|2171|2500|3|0|10|1,1|2026|2171|2500|3|0|10|1|4003,2026,1,2171,2500,3,0,10,1,4003
2026|1261|3|0|23|7,2026|1261|2086|3|0|23|7,1|2026|1261|2086|3|0|23|7|810,2026,1,1261,2086,3,0,23,7,810
2026|4291|3|0|10|1,2026|4291|2024|3|0|10|1,2|2026|4291|2024|3|0|10|1|3920,2026,2,4291,2024,3,0,10,1,3920
2026|1501|3|0|10|1,2026|1501|4452|3|0|10|1,3|2026|1501|4452|3|0|10|1|3920,2026,3,1501,4452,3,0,10,1,3920
2026|1191|3|0|10|1,2026|1191|4082|3|0|10|1,4|2026|1191|4082|3|0|10|1|3611,2026,4,1191,4082,3,0,10,1,3611
2026|1511|3|0|60|2,2026|1511|4060|3|0|60|2,5|2026|1511|4060|3|0|60|2|3937,2026,5,1511,4060,3,0,60,2,3937
2026|2011|3|0|50|1,2026|2011|2039|3|0|50|1,5|2026|2011|2039|3|0|50|1|3611,2026,5,2011,2039,3,0,50,1,3611
2026|4291|3|0|10|1,2026|4291|2024|3|0|10|1,5|2026|4291|2024|3|0|10|1|3920,2026,5,4291,2024,3,0,10,1,3920
2026|2351|3|0|10|1,2026|2351|4087|3|0|10|1,5|2026|2351|4087|3|0|10|1|1801,2026,5,2351,4087,3,0,10,1,1801
2026|1261|3|0|10|1,2026|1261|2095|3|0|10|1,4|2026|1261|2095|3|0|10|1|3953,2026,4,1261,2095,3,0,10,1,3953
2026|2011|4|0|50|1,2026|2011|4231|4|0|50|1,3|2026|2011|4231|4|0|50|1|5214,2026,3,2011,4231,4,0,50,1,5214
2026|1371|4|0|9|1,2026|1371|2500|4|0|9|1,4|2026|1371|2500|4|0|9|1|5225,2026,4,1371,2500,4,0,9,1,5225
2026|2071|3|0|10|1,2026|2071|4387|3|0|10|1,2|2026|2071|4387|3|0|10|1|3993,2026,2,2071,4387,3,0,10,1,3993
2026|2271|3|0|10|1,2026|2271|4031|3|0|10|1,2|2026|2271|4031|3|0|10|1|3904,2026,2,2271,4031,3,0,10,1,3904
2026|4291|3|0|10|1,2026|4291|4121|3|0|10|1,2|2026|4291|4121|3|0|10|1|4101,2026,2,4291,4121,3,0,10,1,4101
2026|4291|3|0|10|1,2026|4291|2024|3|0|10|1,2|2026|4291|2024|3|0|10|1|3960,2026,2,4291,2024,3,0,10,1,3960
2026|4291|3|0|10|1,2026|4291|2024|3|0|10|1,3|2026|4291|2024|3|0|10|1|3960,2026,3,4291,2024,3,0,10,1,3960
2026|1451|3|1|60|2,2026|1451|4441|3|1|60|2,4|2026|1451|4441|3|1|60|2|3959,2026,4,1451,4441,3,1,60,2,3959
2026|2351|3|0|10|1,2026|2351|4086|3|0|10|1,4|2026|2351|4086|3|0|10|1|3959,2026,4,2351,4086,3,0,10,1,3959
2026|1251|3|0|60|2,2026|1251|4374|3|0|60|2,2|2026|1251|4374|3|0|60|2|1501,2026,2,1251,4374,3,0,60,2,1501
2026|1261|3|0|10|1,2026|1261|2064|3|0|10|1,2|2026|1261|2064|3|0|10|1|1401,2026,2,1261,2064,3,0,10,1,1401
2026|1261|3|1|10|1,2026|1261|2099|3|1|10|1,2|2026|1261|2099|3|1|10|1|3301,2026,2,1261,2099,3,1,10,1,3301
2026|2201|3|0|10|1,2026|2201|4271|3|0|10|1,2|2026|2201|4271|3|0|10|1|1401,2026,2,2201,4271,3,0,10,1,1401
2026|2271|3|0|10|1,2026|2271|4029|3|0|10|1,2|2026|2271|4029|3|0|10|1|1501,2026,2,2271,4029,3,0,10,1,1501
2026|2271|3|0|10|1,2026|2271|2500|3|0|10|1,2|2026|2271|2500|3|0|10|1|3304,2026,2,2271,2500,3,0,10,1,3304
2026|1261|3|0|10|1,2026|1261|2128|3|0|10|1,3|2026|1261|2128|3|0|10|1|3604,2026,3,1261,2128,3,0,10,1,3604
2026|2351|3|0|10|1,2026|2351|2500|3|0|10|1,3|2026|2351|2500|3|0|10|1|1401,2026,3,2351,2500,3,0,10,1,1401
2026|4291|3|0|10|1,2026|4291|4126|3|0|10|1,3|2026|4291|4126|3|0|10|1|3604,2026,3,4291,4126,3,0,10,1,3604
2026|4291|3|0|10|1,2026|4291|4143|3|0|10|1,3|2026|4291|4143|3|0|10|1|3604,2026,3,4291,4143,3,0,10,1,3604
2026|1261|3|0|10|1,2026|1261|2064|3|0|10|1,4|2026|1261|2064|3|0|10|1|1401,2026,4,1261,2064,3,0,10,1,1401
2026|1451|3|0|60|2,2026|1451|4344|3|0|60|2,4|2026|1451|4344|3|0|60|2|1401,2026,4,1451,4344,3,0,60,2,1401
2026|4251|3|0|71|1,2026|4251|4433|3|0|71|1,4|2026|4251|4433|3|0|71|1|3304,2026,4,4251,4433,3,0,71,1,3304
2026|1221|3|0|32|1,2026|1221|1073|3|0|32|1,5|2026|1221|1073|3|0|32|1|1401,2026,5,1221,1073,3,0,32,1,1401
2026|1261|3|0|10|1,2026|1261|2129|3|0|10|1,5|2026|1261|2129|3|0|10|1|3302,2026,5,1261,2129,3,0,10,1,3302
2026|2301|3|0|10|1,2026|2301|4293|3|0|10|1,5|2026|2301|4293|3|0|10|1|1401,2026,5,2301,4293,3,0,10,1,1401
2026|2371|3|0|91|1,2026|2371|4440|3|0|91|1,5|2026|2371|4440|3|0|91|1|1401,2026,5,2371,4440,3,0,91,1,1401
2026|4291|3|0|10|1,2026|4291|2026|3|0|10|1,5|2026|4291|2026|3|0|10|1|3304,2026,5,4291,2026,3,0,10,1,3304
2026|1251|3|0|60|2,2026|1251|2060|3|0|60|2,3|2026|1251|2060|3|0|60|2|3926,2026,3,1251,2060,3,0,60,2,3926
2026|1251|3|0|60|2,2026|1251|2060|3|0|60|2,5|2026|1251|2060|3|0|60|2|3926,2026,5,1251,2060,3,0,60,2,3926
2026|1401|3|0|10|1,2026|1401|4115|3|0|10|1,3|2026|1401|4115|3|0|10|1|3023,2026,3,1401,4115,3,0,10,1,3023
2026|2091|3|0|72|1,2026|2091|2500|3|0|72|1,3|2026|2091|2500|3|0|72|1|3918,2026,3,2091,2500,3,0,72,1,3918
2026|4291|3|0|10|1,2026|4291|2024|3|0|10|1,3|2026|4291|2024|3|0|10|1|3026,2026,3,4291,2024,3,0,10,1,3026
2026|1401|3|0|10|1,2026|1401|4115|3|0|10|1,4|2026|1401|4115|3|0|10|1|3023,2026,4,1401,4115,3,0,10,1,3023
2026|1191|3|0|10|1,2026|1191|4083|3|0|10|1,2|2026|1191|4083|3|0|10|1|3921,2026,2,1191,4083,3,0,10,1,3921
2026|2301|3|0|10|1,2026|2301|4293|3|0|10|1,3|2026|2301|4293|3|0|10|1|3921,2026,3,2301,4293,3,0,10,1,3921
2026|2321|3|0|10|1,2026|2321|4237|3|0|10|1,3|2026|2321|4237|3|0|10|1|3921,2026,3,2321,4237,3,0,10,1,3921
2026|2351|3|0|10|1,2026|2351|4086|3|0|10|1,3|2026|2351|4086|3|0|10|1|3921,2026,3,2351,4086,3,0,10,1,3921
2026|4291|3|0|10|1,2026|4291|2024|3|0|10|1,4|2026|4291|2024|3|0|10|1|3919,2026,4,4291,2024,3,0,10,1,3919
2026|1501|3|0|10|1,2026|1501|4465|3|0|10|1,5|2026|1501|4465|3|0|10|1|3921,2026,5,1501,4465,3,0,10,1,3921
2026|2371|3|0|91|1,2026|2371|2500|3|0|91|1,5|2026|2371|2500|3|0|91|1|3919,2026,5,2371,2500,3,0,91,1,3919
2026|4291|4|0|10|1,2026|4291|2500|4|0|10|1,5|2026|4291|2500|4|0|10|1|4201,2026,5,4291,2500,4,0,10,1,4201
2026|2271|3|0|10|1,2026|2271|4036|3|0|10|1,2|2026|2271|4036|3|0|10|1|3024,2026,2,2271,4036,3,0,10,1,3024
2026|2271|3|0|10|1,2026|2271|4030|3|0|10|1,3|2026|2271|4030|3|0|10|1|3008,2026,3,2271,4030,3,0,10,1,3008
2026|2271|3|0|10|1,2026|2271|4030|3|0|10|1,3|2026|2271|4030|3|0|10|1|3017,2026,3,2271,4030,3,0,10,1,3017
2026|4291|3|0|92|1,2026|4291|4147|3|0|92|1,4|2026|4291|4147|3|0|92|1|3013,2026,4,4291,4147,3,0,92,1,3013
2026|2301|4|0|10|0,2026|2301|4385|4|0|10|0,2|2026|2301|4385|4|0|10|0|5112,2026,2,2301,4385,4,0,10,0,5112
2026|1481|3|0|71|1,2026|1481|2500|3|0|71|1,2|2026|1481|2500|3|0|71|1|4707,2026,2,1481,2500,3,0,71,1,4707
2026|1501|3|0|10|1,2026|1501|4486|3|0|10|1,3|2026|1501|4486|3|0|10|1|4703,2026,3,1501,4486,3,0,10,1,4703
2026|2011|4|0|10|1,2026|2011|2014|4|0|10|1,5|2026|2011|2014|4|0|10|1|4009,2026,5,2011,2014,4,0,10,1,4009
2026|1711|3|0|10|1,2026|1711|2001|3|0|10|1,3|2026|1711|2001|3|0|10|1|3909,2026,3,1711,2001,3,0,10,1,3909
2026|1711|3|0|10|1,2026|1711|2001|3|0|10|1,4|2026|1711|2001|3|0|10|1|3909,2026,4,1711,2001,3,0,10,1,3909
2026|1711|3|0|10|1,2026|1711|2001|3|0|10|1,5|2026|1711|2001|3|0|10|1|3909,2026,5,1711,2001,3,0,10,1,3909
2026|2151|3|0|10|1,2026|2151|4175|3|0|10|1,2|2026|2151|4175|3|0|10|1|3922,2026,2,2151,4175,3,0,10,1,3922
2026|2351|3|0|10|1,2026|2351|4086|3|0|10|1,4|2026|2351|4086|3|0|10|1|3922,2026,4,2351,4086,3,0,10,1,3922
2026|2271|3|0|10|1,2026|2271|4034|3|0|10|1,5|2026|2271|4034|3|0|10|1|3922,2026,5,2271,4034,3,0,10,1,3922
2026|2271|3|0|10|1,2026|2271|4030|3|0|10|1,2|2026|2271|4030|3|0|10|1|3010,2026,2,2271,4030,3,0,10,1,3010
2026|2271|3|0|10|1,2026|2271|4035|3|0|10|1,2|2026|2271|4035|3|0|10|1|3012,2026,2,2271,4035,3,0,10,1,3012
2026|2271|3|0|10|1,2026|2271|4031|3|0|10|1,2|2026|2271|4031|3|0|10|1|3929,2026,2,2271,4031,3,0,10,1,3929
2026|2271|3|0|10|1,2026|2271|4030|3|0|10|1,3|2026|2271|4030|3|0|10|1|3010,2026,3,2271,4030,3,0,10,1,3010
2026|2271|3|0|10|1,2026|2271|4035|3|0|10|1,3|2026|2271|4035|3|0|10|1|3012,2026,3,2271,4035,3,0,10,1,3012
2026|4291|3|0|10|1,2026|4291|4136|3|0|10|1,3|2026|4291|4136|3|0|10|1|3929,2026,3,4291,4136,3,0,10,1,3929
2026|2301|3|0|10|1,2026|2301|2500|3|0|10|1,3|2026|2301|2500|3|0|10|1|4002,2026,3,2301,2500,3,0,10,1,4002
2026|2311|3|0|10|1,2026|2311|4001|3|0|10|1,3|2026|2311|4001|3|0|10|1|4002,2026,3,2311,4001,3,0,10,1,4002
2026|2371|3|0|91|1,2026|2371|2500|3|0|91|1,4|2026|2371|2500|3|0|91|1|3962,2026,4,2371,2500,3,0,91,1,3962
2026|4381|4|0|83|1,2026|4381|4201|4|0|83|1,4|2026|4381|4201|4|0|83|1|3971,2026,4,4381,4201,4,0,83,1,3971
2026|2271|3|0|10|1,2026|2271|4030|3|0|10|1,5|2026|2271|4030|3|0|10|1|3962,2026,5,2271,4030,3,0,10,1,3962
2026|2281|3|0|10|1,2026|2281|4300|3|0|10|1,2|2026|2281|4300|3|0|10|1|3931,2026,2,2281,4300,3,0,10,1,3931
2026|2071|3|0|10|1,2026|2071|4048|3|0|10|1,2|2026|2071|4048|3|0|10|1|4301,2026,2,2071,4048,3,0,10,1,4301
2026|2071|3|1|10|1,2026|2071|1068|3|1|10|1,2|2026|2071|1068|3|1|10|1|4301,2026,2,2071,1068,3,1,10,1,4301
2026|1511|3|0|10|1,2026|1511|2008|3|0|10|1,4|2026|1511|2008|3|0|10|1|3961,2026,4,1511,2008,3,0,10,1,3961
2026|2011|3|0|50|1,2026|2011|4229|3|0|50|1,4|2026|2011|4229|3|0|50|1|3961,2026,4,2011,4229,3,0,50,1,3961
2026|1101|3|0|10|1,2026|1101|4110|3|0|10|1,2|2026|1101|4110|3|0|10|1|3704,2026,2,1101,4110,3,0,10,1,3704
2026|1191|3|0|10|1,2026|1191|4095|3|0|10|1,2|2026|1191|4095|3|0|10|1|3704,2026,2,1191,4095,3,0,10,1,3704
2026|1231|3|0|10|1,2026|1231|2500|3|0|10|1,2|2026|1231|2500|3|0|10|1|3704,2026,2,1231,2500,3,0,10,1,3704
2026|1301|3|0|10|1,2026|1301|2500|3|0|10|1,2|2026|1301|2500|3|0|10|1|3705,2026,2,1301,2500,3,0,10,1,3705
2026|1401|3|0|10|1,2026|1401|2500|3|0|10|1,2|2026|1401|2500|3|0|10|1|3704,2026,2,1401,2500,3,0,10,1,3704
2026|1191|3|0|10|1,2026|1191|4095|3|0|10|1,3|2026|1191|4095|3|0|10|1|3704,2026,3,1191,4095,3,0,10,1,3704
2026|2271|3|0|10|1,2026|2271|4030|3|0|10|1,3|2026|2271|4030|3|0|10|1|3703,2026,3,2271,4030,3,0,10,1,3703
2026|1101|3|0|10|1,2026|1101|4110|3|0|10|1,4|2026|1101|4110|3|0|10|1|3704,2026,4,1101,4110,3,0,10,1,3704
2026|1481|3|0|71|1,2026|1481|4154|3|0|71|1,4|2026|1481|4154|3|0|71|1|3704,2026,4,1481,4154,3,0,71,1,3704
2026|4291|3|0|10|1,2026|4291|2024|3|0|10|1,4|2026|4291|2024|3|0|10|1|3704,2026,4,4291,2024,3,0,10,1,3704
2026|4291|3|0|10|1,2026|4291|2024|3|0|10|1,4|2026|4291|2024|3|0|10|1|3705,2026,4,4291,2024,3,0,10,1,3705
2026|1511|3|0|60|2,2026|1511|4060|3|0|60|2,5|2026|1511|4060|3|0|60|2|3704,2026,5,1511,4060,3,0,60,2,3704
2026|2011|3|0|50|1,2026|2011|2039|3|0|50|1,5|2026|2011|2039|3|0|50|1|3705,2026,5,2011,2039,3,0,50,1,3705
2026|2011|3|0|50|1,2026|2011|2039|3|0|50|1,5|2026|2011|2039|3|0|50|1|3704,2026,5,2011,2039,3,0,50,1,3704
2026|2351|3|0|10|1,2026|2351|4086|3|0|10|1,5|2026|2351|4086|3|0|10|1|3703,2026,5,2351,4086,3,0,10,1,3703
2026|2181|3|0|10|1,2026|2181|4423|3|0|10|1,2|2026|2181|4423|3|0|10|1|3946,2026,2,2181,4423,3,0,10,1,3946
2026|2181|3|0|10|1,2026|2181|4423|3|0|10|1,4|2026|2181|4423|3|0|10|1|3946,2026,4,2181,4423,3,0,10,1,3946
2026|4291|3|0|10|1,2026|4291|2024|3|0|10|1,2|2026|4291|2024|3|0|10|1|3913,2026,2,4291,2024,3,0,10,1,3913
2026|1261|3|0|10|1,2026|1261|2064|3|0|10|1,3|2026|1261|2064|3|0|10|1|3969,2026,3,1261,2064,3,0,10,1,3969
2026|1501|3|0|10|1,2026|1501|4476|3|0|10|1,3|2026|1501|4476|3|0|10|1|3912,2026,3,1501,4476,3,0,10,1,3912
2026|2271|3|0|10|1,2026|2271|2500|3|0|10|1,3|2026|2271|2500|3|0|10|1|3913,2026,3,2271,2500,3,0,10,1,3913
2026|2351|3|0|10|1,2026|2351|4086|3|0|10|1,3|2026|2351|4086|3|0|10|1|3969,2026,3,2351,4086,3,0,10,1,3969
2026|1191|3|0|10|1,2026|1191|4082|3|0|10|1,4|2026|1191|4082|3|0|10|1|3913,2026,4,1191,4082,3,0,10,1,3913
2026|1261|3|0|10|1,2026|1261|2064|3|0|10|1,4|2026|1261|2064|3|0|10|1|3969,2026,4,1261,2064,3,0,10,1,3969
2026|2011|3|0|50|1,2026|2011|2039|3|0|50|1,4|2026|2011|2039|3|0|50|1|3913,2026,4,2011,2039,3,0,50,1,3913
2026|2271|3|0|10|1,2026|2271|2500|3|0|10|1,4|2026|2271|2500|3|0|10|1|3913,2026,4,2271,2500,3,0,10,1,3913
2026|2301|3|0|10|1,2026|2301|4293|3|0|10|1,4|2026|2301|4293|3|0|10|1|3972,2026,4,2301,4293,3,0,10,1,3972
2026|4291|3|0|10|1,2026|4291|2024|3|0|10|1,4|2026|4291|2024|3|0|10|1|3913,2026,4,4291,2024,3,0,10,1,3913
2026|2101|3|0|72|1,2026|2101|2500|3|0|72|1,5|2026|2101|2500|3|0|72|1|3912,2026,5,2101,2500,3,0,72,1,3912
2026|2301|3|0|10|1,2026|2301|4293|3|0|10|1,5|2026|2301|4293|3|0|10|1|3972,2026,5,2301,4293,3,0,10,1,3972
2026|2371|3|0|91|1,2026|2371|2500|3|0|91|1,5|2026|2371|2500|3|0|91|1|3913,2026,5,2371,2500,3,0,91,1,3913
2026|1021|3|0|10|1,2026|1021|2009|3|0|10|1,2|2026|1021|2009|3|0|10|1|3972,2026,2,1021,2009,3,0,10,1,3972
2026|1051|3|0|10|1,2026|1051|4355|3|0|10|1,2|2026|1051|4355|3|0|10|1|3952,2026,2,1051,4355,3,0,10,1,3952
2026|1441|3|0|10|1,2026|1441|4150|3|0|10|1,2|2026|1441|4150|3|0|10|1|3026,2026,2,1441,4150,3,0,10,1,3026
2026|1916|2|0|10|1,2026|1916|7043|2|0|10|1,2|2026|1916|7043|2|0|10|1|2106,2026,2,1916,7043,2,0,10,1,2106
2026|1021|3|0|10|1,2026|1021|2009|3|0|10|1,3|2026|1021|2009|3|0|10|1|3972,2026,3,1021,2009,3,0,10,1,3972
2026|1441|3|0|10|1,2026|1441|4150|3|0|10|1,3|2026|1441|4150|3|0|10|1|3913,2026,3,1441,4150,3,0,10,1,3913
2026|1441|3|0|10|1,2026|1441|4150|3|0|10|1,3|2026|1441|4150|3|0|10|1|3003,2026,3,1441,4150,3,0,10,1,3003
2026|1021|3|0|10|1,2026|1021|2009|3|0|10|1,4|2026|1021|2009|3|0|10|1|3972,2026,4,1021,2009,3,0,10,1,3972
2026|1051|3|0|10|1,2026|1051|4355|3|0|10|1,5|2026|1051|4355|3|0|10|1|3952,2026,5,1051,4355,3,0,10,1,3952
2026|4031|3|0|77|1,2026|4031|2109|3|0|77|1,5|2026|4031|2109|3|0|77|1|1401,2026,5,4031,2109,3,0,77,1,1401
2026|4441|3|0|60|1,2026|4441|1009|3|0|60|1,5|2026|4441|1009|3|0|60|1|3625,2026,5,4441,1009,3,0,60,1,3625
2026|4451|3|0|60|1,2026|4451|4256|3|0|60|1,5|2026|4451|4256|3|0|60|1|3601,2026,5,4451,4256,3,0,60,1,3601
2026|2301|3|0|10|1,2026|2301|4162|3|0|10|1,3|2026|2301|4162|3|0|10|1|3302,2026,3,2301,4162,3,0,10,1,3302
2026|2321|3|0|10|1,2026|2321|4222|3|0|10|1,4|2026|2321|4222|3|0|10|1|3612,2026,4,2321,4222,3,0,10,1,3612
2026|1481|3|0|71|1,2026|1481|4184|3|0|71|1,3|2026|1481|4184|3|0|71|1|3302,2026,3,1481,4184,3,0,71,1,3302
2026|1261|3|1|10|1,2026|1261|2099|3|1|10|1,2|2026|1261|2099|3|1|10|1|3302,2026,2,1261,2099,3,1,10,1,3302
2026|1091|3|0|10|1,2026|1091|2009|3|0|10|1,4|2026|1091|2009|3|0|10|1|3612,2026,4,1091,2009,3,0,10,1,3612
2026|2271|3|0|68|1,2026|2271|2500|3|0|68|1,4|2026|2271|2500|3|0|68|1|1401,2026,4,2271,2500,3,0,68,1,1401
2026|1371|3|0|72|1,2026|1371|4028|3|0|72|1,4|2026|1371|4028|3|0|72|1|1401,2026,4,1371,4028,3,0,72,1,1401
2026|2201|3|0|10|1,2026|2201|4271|3|0|10|1,4|2026|2201|4271|3|0|10|1|1401,2026,4,2201,4271,3,0,10,1,1401
2026|2301|4|0|10|0,2026|2301|4385|4|0|10|0,4|2026|2301|4385|4|0|10|0|5112,2026,4,2301,4385,4,0,10,0,5112
2026|4291|3|0|10|1,2026|4291|4143|3|0|10|1,4|2026|4291|4143|3|0|10|1|3604,2026,4,4291,4143,3,0,10,1,3604
2026|2271|3|0|10|1,2026|2271|4030|3|0|10|1,2|2026|2271|4030|3|0|10|1|3608,2026,2,2271,4030,3,0,10,1,3608
2026|2271|3|0|10|1,2026|2271|4030|3|0|10|1,5|2026|2271|4030|3|0|10|1|4904,2026,5,2271,4030,3,0,10,1,4904
2026|4031|3|0|77|1,2026|4031|2109|3|0|77|1,3|2026|4031|2109|3|0|77|1|1401,2026,3,4031,2109,3,0,77,1,1401
2026|1191|3|0|10|1,2026|1191|4082|3|0|10|1,2|2026|1191|4082|3|0|10|1|3920,2026,2,1191,4082,3,0,10,1,3920
2026|2271|3|0|10|1,2026|2271|2500|3|0|10|1,3|2026|2271|2500|3|0|10|1|3304,2026,3,2271,2500,3,0,10,1,3304
2026|1401|3|0|10|1,2026|1401|2500|3|0|10|1,3|2026|1401|2500|3|0|10|1|3704,2026,3,1401,2500,3,0,10,1,3704
2026|4691|3|0|57|1,2026|4691|2071|3|0|57|1,4|2026|4691|2071|3|0|57|1|3010,2026,4,4691,2071,3,0,57,1,3010
2026|2301|4|0|10|0,2026|2301|4385|4|0|10|0,3|2026|2301|4385|4|0|10|0|5112,2026,3,2301,4385,4,0,10,0,5112
2026|1251|3|0|70|1,2026|1251|4374|3|0|70|1,4|2026|1251|4374|3|0|70|1|9306,2026,4,1251,4374,3,0,70,1,9306
2026|1261|4|1|10|1,2026|1261|4519|4|1|10|1,4|2026|1261|4519|4|1|10|1|5103,2026,4,1261,4519,4,1,10,1,5103
2026|4291|3|0|10|1,2026|4291|4121|3|0|10|1,3|2026|4291|4121|3|0|10|1|4101,2026,3,4291,4121,3,0,10,1,4101
